timestamp,building_id,energy,predicted_energy,absolute_error
2017-08-09 04:00:00,B002,215.0,216.4282444079278,1.4282444079277923
2017-08-09 04:00:00,B003,52.2202,52.248948194798665,0.028748194798666304
2017-08-09 04:00:00,B001,40.0,42.02019228544962,2.0201922854496175
2017-08-09 05:00:00,B003,52.1267,51.752306037504255,0.37439396249574486
2017-08-09 05:00:00,B002,215.0,214.87890296804045,0.12109703195955035
2017-08-09 05:00:00,B001,41.5,40.40503808848364,1.0949619115163571
2017-08-09 06:00:00,B001,41.75,41.95034697948306,0.2003469794830579
2017-08-09 06:00:00,B003,56.4387,54.62285764861095,1.815842351389044
2017-08-09 06:00:00,B002,212.5,215.06748660804962,2.56748660804962
2017-08-09 07:00:00,B002,222.5,218.39191214993025,4.108087850069751
2017-08-09 07:00:00,B001,43.75,42.29093597617329,1.4590640238267127
2017-08-09 07:00:00,B003,64.0952,63.38278447236369,0.7124155276363169
2017-08-09 08:00:00,B003,70.6577,71.67247784311377,1.0147778431137624
2017-08-09 08:00:00,B002,225.5,237.3103968525481,11.81039685254811
2017-08-09 08:00:00,B001,43.25,44.85322856638789,1.603228566387891
2017-08-09 09:00:00,B003,83.9077,89.85645636854493,5.94875636854492
2017-08-09 09:00:00,B001,57.25,56.370514073485346,0.8794859265146542
2017-08-09 09:00:00,B002,260.5,251.80780580413023,8.692194195869774
2017-08-09 10:00:00,B003,92.3767,97.32880757526668,4.95210757526668
2017-08-09 10:00:00,B001,81.5,74.53629384217224,6.963706157827758
2017-08-09 10:00:00,B002,271.0,287.02486508563766,16.024865085637657
2017-08-09 11:00:00,B003,99.4387,102.94027121190476,3.5015712119047606
2017-08-09 11:00:00,B002,268.5,284.3143987579322,15.814398757932224
2017-08-09 11:00:00,B001,84.0,86.93247676272958,2.9324767627295785
2017-08-09 12:00:00,B002,281.0,282.9187109456599,1.9187109456598819
2017-08-09 12:00:00,B003,101.3142,106.03137288245344,4.71717288245344
2017-08-09 12:00:00,B001,84.25,88.88696685343919,4.636966853439191
2017-08-09 13:00:00,B003,104.9077,103.68847273053095,1.2192272694690587
2017-08-09 13:00:00,B001,81.5,87.0087436950065,5.508743695006501
2017-08-09 13:00:00,B002,297.5,286.9934220045118,10.506577995488215
2017-08-09 14:00:00,B001,83.5,82.67216812698413,0.8278318730158674
2017-08-09 14:00:00,B003,104.9387,104.26198788623107,0.6767121137689287
2017-08-09 14:00:00,B002,279.0,303.6193800112261,24.6193800112261
2017-08-09 15:00:00,B001,86.25,85.04313587343361,1.206864126566387
2017-08-09 15:00:00,B002,325.0,285.1082940078361,39.89170599216391
2017-08-09 15:00:00,B003,110.7827,104.57577865588195,6.206921344118058
2017-08-09 16:00:00,B002,312.0,308.7906236062276,3.209376393772402
2017-08-09 16:00:00,B003,108.7202,114.92475949876078,6.204559498760773
2017-08-09 16:00:00,B001,86.0,90.01097883164984,4.010978831649837
2017-08-09 17:00:00,B003,103.1892,105.19274029920635,2.0035402992063496
2017-08-09 17:00:00,B002,279.0,304.46458843253953,25.46458843253953
2017-08-09 17:00:00,B001,87.25,85.27377989100529,1.9762201089947098
2017-08-09 18:00:00,B003,87.6577,87.45495422894135,0.20274577105865887
2017-08-09 18:00:00,B002,260.0,258.57960968618977,1.4203903138102305
2017-08-09 18:00:00,B001,83.0,72.3167488651595,10.683251134840503
2017-08-09 19:00:00,B002,240.5,244.0161962742014,3.5161962742014055
2017-08-09 19:00:00,B003,77.3452,77.07973405857021,0.2654659414297953
2017-08-09 19:00:00,B001,63.0,68.69876174233825,5.698761742338249
2017-08-09 20:00:00,B002,231.0,234.4370525157099,3.437052515709894
2017-08-09 20:00:00,B001,43.75,53.85244830877119,10.102448308771187
2017-08-09 20:00:00,B003,68.9387,68.10478643037968,0.8339135696203215
2017-08-09 21:00:00,B001,42.5,42.134907532631416,0.3650924673685836
2017-08-09 21:00:00,B003,59.9392,62.1942593454827,2.2550593454826995
2017-08-09 21:00:00,B002,226.0,227.4159376121407,1.4159376121407092
2017-08-09 22:00:00,B002,227.0,221.59831160006283,5.401688399937171
2017-08-09 22:00:00,B003,56.8137,57.45507706488233,0.6413770648823345
2017-08-09 22:00:00,B001,39.75,42.50311561031814,2.7531156103181402
2017-08-09 23:00:00,B001,38.25,40.48110336852702,2.231103368527023
2017-08-09 23:00:00,B003,54.5327,54.587442260808274,0.05474226080827549
2017-08-09 23:00:00,B002,224.5,223.72731972302103,0.7726802769789742
2017-08-10 00:00:00,B003,53.2512,53.21876158394679,0.03243841605321052
2017-08-10 00:00:00,B002,246.5,222.72018042733131,23.779819572668686
2017-08-10 00:00:00,B001,40.75,39.29169476595881,1.458305234041191
2017-08-10 01:00:00,B002,222.0,230.75706324996048,8.757063249960481
2017-08-10 01:00:00,B003,53.5017,52.25635055459854,1.2453494454014589
2017-08-10 01:00:00,B001,39.75,40.88160717972033,1.1316071797203335
2017-08-10 02:00:00,B002,222.0,218.6200067856983,3.3799932143016918
2017-08-10 02:00:00,B003,52.8137,53.4390475088877,0.6253475088876996
2017-08-10 02:00:00,B001,38.75,40.222646953315774,1.472646953315774
2017-08-10 03:00:00,B003,53.3142,52.28231723670757,1.0318827632924297
2017-08-10 03:00:00,B001,40.0,39.38958642343377,0.6104135765662306
2017-08-10 03:00:00,B002,224.5,219.56063892702144,4.939361072978556
2017-08-10 04:00:00,B001,38.25,40.25110033143711,2.001100331437108
2017-08-10 04:00:00,B002,226.5,223.39564123298285,3.104358767017146
2017-08-10 04:00:00,B003,53.0952,52.5022560955063,0.5929439044937013
2017-08-10 05:00:00,B002,222.5,224.63842318342867,2.138423183428671
2017-08-10 05:00:00,B003,52.7827,52.479181788338025,0.3035182116619737
2017-08-10 05:00:00,B001,40.0,38.91804618680763,1.0819538131923707
2017-08-10 06:00:00,B001,40.5,40.78557395840308,0.2855739584030772
2017-08-10 06:00:00,B003,57.0952,55.527846628444316,1.5673533715556829
2017-08-10 06:00:00,B002,226.5,223.70484577281115,2.7951542271888457
2017-08-10 07:00:00,B003,67.6577,67.24586829755798,0.41183170244202927
2017-08-10 07:00:00,B001,42.0,41.6337690088751,0.3662309911249011
2017-08-10 07:00:00,B002,232.0,231.09978257944823,0.900217420551769
2017-08-10 08:00:00,B003,73.3452,72.39787995012391,0.9473200498760974
2017-08-10 08:00:00,B001,41.75,43.807791527678724,2.0577915276787238
2017-08-10 08:00:00,B002,238.0,238.6606689049577,0.6606689049577028
2017-08-10 09:00:00,B001,59.75,54.819779888333095,4.930220111666905
2017-08-10 09:00:00,B002,267.0,259.57636687567424,7.423633124325761
2017-08-10 09:00:00,B003,87.7512,85.38841571817578,2.3627842818242186
2017-08-10 10:00:00,B002,274.5,287.7810239468423,13.28102394684231
2017-08-10 10:00:00,B003,92.6267,100.30504983097114,7.678349830971143
2017-08-10 10:00:00,B001,79.25,77.21652892790217,2.033471072097825
2017-08-10 11:00:00,B002,283.5,292.158617077896,8.658617077895997
2017-08-10 11:00:00,B003,100.2512,103.12201084761904,2.8708108476190404
2017-08-10 11:00:00,B001,80.75,84.80024415164753,4.050244151647533
2017-08-10 12:00:00,B002,300.5,293.13533816464496,7.364661835355037
2017-08-10 12:00:00,B003,101.1892,103.17847979490253,1.9892797949025294
2017-08-10 12:00:00,B001,83.0,85.20385205820106,2.203852058201065
2017-08-10 13:00:00,B001,89.75,85.07503490899799,4.674965091002008
2017-08-10 13:00:00,B003,105.2202,103.20244004983124,2.0177599501687666
2017-08-10 13:00:00,B002,302.0,315.93306713121655,13.933067131216546
2017-08-10 14:00:00,B001,86.75,91.1838466672293,4.433846667229304
2017-08-10 14:00:00,B003,106.1887,105.01965443438289,1.169045565617111
2017-08-10 14:00:00,B002,305.0,313.24550020966984,8.245500209669842
2017-08-10 15:00:00,B001,88.5,87.8120601863639,0.6879398136361061
2017-08-10 15:00:00,B003,104.7202,109.07560757951148,4.355407579511478
2017-08-10 15:00:00,B002,353.5,317.7884440158573,35.711555984142706
2017-08-10 16:00:00,B003,104.1267,105.57431956127476,1.447619561274763
2017-08-10 16:00:00,B002,358.5,343.61693891771324,14.883061082286758
2017-08-10 16:00:00,B001,90.25,90.03637757895156,0.21362242104844142
2017-08-10 17:00:00,B001,91.0,86.3130659941799,4.686934005820106
2017-08-10 17:00:00,B003,100.3452,94.3083397531275,6.036860246872507
2017-08-10 17:00:00,B002,349.5,339.42205390370367,10.07794609629633
2017-08-10 18:00:00,B002,332.5,324.3191427809524,8.180857219047596
2017-08-10 18:00:00,B001,78.75,79.45403755070612,0.7040375507061185
2017-08-10 18:00:00,B003,86.0327,87.53610577117519,1.5034057711751814
2017-08-10 19:00:00,B001,65.25,63.116943598138846,2.133056401861154
2017-08-10 19:00:00,B003,75.4077,75.86652870107902,0.45882870107901397
2017-08-10 19:00:00,B002,327.0,319.6490974958123,7.3509025041876725
2017-08-10 20:00:00,B002,313.5,309.80030171046025,3.6996982895397537
2017-08-10 20:00:00,B001,45.5,52.5556518389349,7.0556518389348994
2017-08-10 20:00:00,B003,71.5327,65.96371652009644,5.568983479903565
2017-08-10 21:00:00,B001,42.75,44.99487563182501,2.2448756318250105
2017-08-10 21:00:00,B002,312.0,292.9784527035576,19.021547296442407
2017-08-10 21:00:00,B003,65.4702,63.96342363455103,1.506776365448978
2017-08-10 22:00:00,B001,41.25,41.376079550960675,0.12607955096067514
2017-08-10 22:00:00,B003,58.3452,58.457484071261774,0.11228407126177586
2017-08-10 22:00:00,B002,291.5,291.48327395514485,0.016726044855147393
2017-08-10 23:00:00,B003,54.5952,55.03915440622063,0.44395440622063376
2017-08-10 23:00:00,B001,42.0,39.45556802988414,2.544431970115859
2017-08-10 23:00:00,B002,274.5,279.52590265397316,5.025902653973162
2017-08-11 00:00:00,B003,54.3452,53.17310991978509,1.1720900802149075
2017-08-11 00:00:00,B002,235.0,250.4159875862573,15.415987586257302
2017-08-11 00:00:00,B001,41.0,42.13692083340602,1.1369208334060232
2017-08-11 01:00:00,B003,52.6262,53.373789270450594,0.7475892704505966
2017-08-11 01:00:00,B001,41.5,40.20579191916926,1.2942080808307423
2017-08-11 01:00:00,B002,229.0,235.52049428396234,6.520494283962336
2017-08-11 02:00:00,B001,41.25,41.056586397495835,0.19341360250416528
2017-08-11 02:00:00,B002,225.0,224.9752703722994,0.024729627700594392
2017-08-11 02:00:00,B003,52.2517,52.15762616993643,0.0940738300635715
2017-08-11 03:00:00,B002,233.5,224.23458307439694,9.265416925603063
2017-08-11 03:00:00,B003,52.3452,51.515069878033735,0.8301301219662633
2017-08-11 03:00:00,B001,41.5,40.63018106088412,0.8698189391158806
2017-08-11 04:00:00,B003,51.2202,51.61805302224815,0.39785302224814956
2017-08-11 04:00:00,B002,226.0,233.7845138175625,7.784513817562498
2017-08-11 04:00:00,B001,40.75,40.64494173942038,0.10505826057961798
2017-08-11 05:00:00,B001,41.75,40.66817830344429,1.081821696555707
2017-08-11 05:00:00,B002,227.0,224.40554438550438,2.5944556144956152
2017-08-11 05:00:00,B003,50.8137,51.41919872340759,0.6054987234075924
2017-08-11 06:00:00,B001,41.25,41.67569470460965,0.4256947046096471
2017-08-11 06:00:00,B002,232.0,227.02017548150616,4.979824518493842
2017-08-11 06:00:00,B003,55.8452,52.45580429317625,3.3893957068237484
2017-08-11 07:00:00,B001,42.5,41.67284036802168,0.8271596319783185
2017-08-11 07:00:00,B003,66.5642,61.45873253140662,5.105467468593382
2017-08-11 07:00:00,B002,232.5,234.27718520359198,1.7771852035919835
2017-08-11 08:00:00,B001,44.0,43.71378552944304,0.28621447055696336
2017-08-11 08:00:00,B003,73.1577,72.02757614750925,1.1301238524907546
2017-08-11 08:00:00,B002,234.0,240.0182252506578,6.0182252506577925
2017-08-11 09:00:00,B002,242.0,255.9875490670995,13.987549067099508
2017-08-11 09:00:00,B001,58.0,56.36411146064385,1.6358885393561522
2017-08-11 09:00:00,B003,86.5952,87.2922340367034,0.6970340367033998
2017-08-11 10:00:00,B003,94.5327,99.08850873277693,4.555808732776924
2017-08-11 10:00:00,B002,259.0,271.63667101400563,12.636671014005628
2017-08-11 10:00:00,B001,76.0,72.43236402078378,3.56763597921622
2017-08-11 11:00:00,B003,101.0952,104.28000344603177,3.184803446031765
2017-08-11 11:00:00,B001,78.5,82.26894958327367,3.768949583273667
2017-08-11 11:00:00,B002,276.0,292.01748760044967,16.01748760044967
2017-08-11 12:00:00,B002,308.5,297.63081629599867,10.86918370400133
2017-08-11 12:00:00,B001,84.25,80.69467697603508,3.5553230239649167
2017-08-11 12:00:00,B003,100.1577,103.05679646744692,2.8990964674469097
2017-08-11 13:00:00,B003,101.1887,103.17659383164225,1.9878938316422534
2017-08-11 13:00:00,B001,86.25,86.58434195326369,0.33434195326368865
2017-08-11 13:00:00,B002,353.0,319.53875299020115,33.46124700979885
2017-08-11 14:00:00,B003,101.1577,103.03465405916049,1.8769540591604823
2017-08-11 14:00:00,B002,357.5,353.72077412698405,3.779225873015946
2017-08-11 14:00:00,B001,89.25,88.26465782035766,0.9853421796423447
2017-08-11 15:00:00,B001,88.5,91.40565570254599,2.9056557025459853
2017-08-11 15:00:00,B003,102.4392,104.4882331024038,2.049033102403797
2017-08-11 15:00:00,B002,359.0,346.589066074074,12.410933925925974
2017-08-11 16:00:00,B001,90.75,90.59597375234024,0.1540262476597576
2017-08-11 16:00:00,B003,99.9387,104.38453961548221,4.445839615482214
2017-08-11 16:00:00,B002,315.5,355.88828300529104,40.38828300529104
2017-08-11 17:00:00,B002,306.5,304.90740956850567,1.5925904314943296
2017-08-11 17:00:00,B001,83.0,87.43617840740741,4.436178407407411
2017-08-11 17:00:00,B003,94.5952,98.02934662139378,3.4341466213937792
2017-08-11 18:00:00,B001,68.5,72.47087610982085,3.97087610982085
2017-08-11 18:00:00,B003,87.7202,82.73343700606418,4.986762993935827
2017-08-11 18:00:00,B002,259.0,289.72685726291076,30.726857262910755
2017-08-11 19:00:00,B002,237.5,249.6056859052383,12.105685905238289
2017-08-11 19:00:00,B003,76.7202,76.96804454239283,0.24784454239282638
2017-08-11 19:00:00,B001,54.0,61.89399546616954,7.893995466169542
2017-08-11 20:00:00,B002,234.0,230.37897632784356,3.62102367215644
2017-08-11 20:00:00,B001,54.5,49.663069961055186,4.836930038944814
2017-08-11 20:00:00,B003,71.7202,72.13240670676097,0.41220670676096915
2017-08-11 21:00:00,B003,67.8767,64.92259223429285,2.9541077657071497
2017-08-11 21:00:00,B001,44.25,49.52778990868518,5.277789908685179
2017-08-11 21:00:00,B002,234.5,224.63924906130643,9.86075093869357
2017-08-11 22:00:00,B001,41.0,42.733836649519255,1.7338366495192545
2017-08-11 22:00:00,B003,61.3137,61.487223824827765,0.17352382482776818
2017-08-11 22:00:00,B002,227.0,227.51827429300067,0.5182742930006725
2017-08-11 23:00:00,B002,218.0,223.84420292180502,5.844202921805021
2017-08-11 23:00:00,B001,41.0,41.17133427480826,0.17133427480825958
2017-08-11 23:00:00,B003,57.4392,55.364776144427815,2.074423855572185
2017-08-12 00:00:00,B003,55.2202,54.235799079012445,0.9844009209875537
2017-08-12 00:00:00,B002,220.0,221.81534839175845,1.815348391758448
2017-08-12 00:00:00,B001,40.5,41.769104366155624,1.2691043661556236
2017-08-12 01:00:00,B003,55.2517,54.28878848573479,0.9629115142652083
2017-08-12 01:00:00,B001,40.0,40.79302819764857,0.7930281976485674
2017-08-12 01:00:00,B002,220.5,220.3459067159603,0.15409328403970335
2017-08-12 02:00:00,B002,222.5,219.48720118157885,3.012798818421146
2017-08-12 02:00:00,B001,40.0,40.44181984532388,0.4418198453238773
2017-08-12 02:00:00,B003,54.2202,54.455794039866994,0.23559403986699579
2017-08-12 03:00:00,B003,53.8137,52.99762914850841,0.8160708514915882
2017-08-12 03:00:00,B002,224.5,222.7184853706005,1.7815146293995099
2017-08-12 03:00:00,B001,39.75,40.432673658673984,0.6826736586739841
2017-08-12 04:00:00,B003,54.1577,52.92286605992815,1.2348339400718515
2017-08-12 04:00:00,B001,40.0,40.27725676482564,0.277256764825637
2017-08-12 04:00:00,B002,223.0,223.03623753763392,0.03623753763392301
2017-08-12 05:00:00,B002,217.0,223.3486509363621,6.348650936362105
2017-08-12 05:00:00,B003,53.7517,53.1298360956414,0.6218639043585981
2017-08-12 05:00:00,B001,39.5,40.43889829791636,0.93889829791636
2017-08-12 06:00:00,B002,218.0,216.1438128001189,1.8561871998811057
2017-08-12 06:00:00,B003,53.7202,54.70184142996836,0.9816414299683629
2017-08-12 06:00:00,B001,39.0,40.427274247374186,1.4272742473741857
2017-08-12 07:00:00,B002,220.5,217.36728550511828,3.132714494881725
2017-08-12 07:00:00,B003,55.3762,55.31240474930636,0.06379525069363723
2017-08-12 07:00:00,B001,40.0,40.11372135090701,0.11372135090700652
2017-08-12 08:00:00,B002,223.5,220.50879798451584,2.9912020154841628
2017-08-12 08:00:00,B003,57.6267,57.18828552467226,0.4384144753277397
2017-08-12 08:00:00,B001,38.5,40.66924445237649,2.169244452376489
2017-08-12 09:00:00,B003,60.5327,58.303365076867074,2.2293349231329245
2017-08-12 09:00:00,B001,44.25,39.971610762465986,4.2783892375340145
2017-08-12 09:00:00,B002,225.0,227.72583969663208,2.725839696632079
2017-08-12 10:00:00,B003,59.8452,62.3172026811256,2.472002681125602
2017-08-12 10:00:00,B001,47.5,45.48388972115617,2.0161102788438328
2017-08-12 10:00:00,B002,228.5,234.198821051508,5.698821051507991
2017-08-12 11:00:00,B002,237.0,235.53466475300073,1.465335246999274
2017-08-12 11:00:00,B003,60.8137,62.33420655264138,1.5205065526413861
2017-08-12 11:00:00,B001,48.25,49.55499734553269,1.3049973455326906
2017-08-12 12:00:00,B002,240.5,243.0839284370753,2.5839284370752864
2017-08-12 12:00:00,B003,61.5017,63.9097326639025,2.408032663902503
2017-08-12 12:00:00,B001,48.0,50.018758624881166,2.0187586248811655
2017-08-12 13:00:00,B002,245.5,243.26210493980466,2.237895060195342
2017-08-12 13:00:00,B001,47.75,48.89455483722855,1.1445548372285472
2017-08-12 13:00:00,B003,61.2202,63.35234336911826,2.1321433691182605
2017-08-12 14:00:00,B001,49.25,48.41357781162663,0.8364221883733691
2017-08-12 14:00:00,B003,62.0327,62.53420781774373,0.5015078177437289
2017-08-12 14:00:00,B002,249.0,252.36474928104852,3.3647492810485176
2017-08-12 15:00:00,B001,49.25,50.46265313956658,1.2126531395665765
2017-08-12 15:00:00,B003,61.5327,62.80563361010702,1.2729336101070245
2017-08-12 15:00:00,B002,260.0,250.2254919757575,9.774508024242493
2017-08-12 16:00:00,B001,50.75,50.04983704476539,0.7001629552346103
2017-08-12 16:00:00,B003,62.8137,62.30902396684684,0.5046760331531601
2017-08-12 16:00:00,B002,254.5,266.94934217881035,12.449342178810355
2017-08-12 17:00:00,B002,256.5,252.24626879330103,4.253731206698973
2017-08-12 17:00:00,B003,62.7517,62.75659490490221,0.004894904902208452
2017-08-12 17:00:00,B001,46.25,49.89831722321936,3.648317223219358
2017-08-12 18:00:00,B002,266.0,248.15348826340065,17.846511736599354
2017-08-12 18:00:00,B003,63.7512,61.48087227524018,2.2703277247598166
2017-08-12 18:00:00,B001,48.0,47.570996454559186,0.4290035454408141
2017-08-12 19:00:00,B002,287.5,253.48684861436422,34.01315138563578
2017-08-12 19:00:00,B001,44.25,46.66056022120564,2.4105602212056425
2017-08-12 19:00:00,B003,61.0017,62.06820301376457,1.0665030137645672
2017-08-12 20:00:00,B001,38.5,43.61548589709902,5.1154858970990205
2017-08-12 20:00:00,B002,278.5,271.1458917268903,7.354108273109716
2017-08-12 20:00:00,B003,59.5327,59.73632746248653,0.20362746248652996
2017-08-12 21:00:00,B001,39.25,39.498656856134296,0.24865685613429633
2017-08-12 21:00:00,B003,59.5952,57.38058381014222,2.2146161898577787
2017-08-12 21:00:00,B002,282.5,262.12692717049174,20.37307282950826
2017-08-12 22:00:00,B001,39.5,39.74753635373863,0.24753635373863148
2017-08-12 22:00:00,B003,59.6577,57.4504017267718,2.207298273228197
2017-08-12 22:00:00,B002,249.5,272.47277950976934,22.97277950976934
2017-08-12 23:00:00,B001,38.0,39.98736297273978,1.9873629727397812
2017-08-12 23:00:00,B003,57.6262,57.199135208393784,0.42706479160621313
2017-08-12 23:00:00,B002,234.5,235.53026744152234,1.0302674415223407
2017-08-13 00:00:00,B001,38.0,41.03029365429132,3.03029365429132
2017-08-13 00:00:00,B003,55.3137,55.384367325484504,0.07066732548450716
2017-08-13 00:00:00,B002,242.5,228.4827150794098,14.017284920590214
2017-08-13 01:00:00,B001,38.0,40.90084275369467,2.9008427536946684
2017-08-13 01:00:00,B003,55.1267,54.76110153735137,0.3655984626486273
2017-08-13 01:00:00,B002,224.5,233.86227286844547,9.362272868445473
2017-08-13 02:00:00,B003,55.1577,54.20175283800171,0.9559471619982887
2017-08-13 02:00:00,B001,38.25,38.705632608493666,0.4556326084936657
2017-08-13 02:00:00,B002,239.0,222.29984766284832,16.70015233715168
2017-08-13 03:00:00,B003,55.4702,54.48023166803471,0.9899683319652866
2017-08-13 03:00:00,B001,38.0,38.6527718901938,0.6527718901937973
2017-08-13 03:00:00,B002,250.0,235.05290314085696,14.947096859143045
2017-08-13 04:00:00,B003,55.2512,54.80923722847957,0.44196277152042995
2017-08-13 04:00:00,B001,38.0,38.5296072324144,0.5296072324143992
2017-08-13 04:00:00,B002,241.5,244.28989226864073,2.7898922686407275
2017-08-13 05:00:00,B002,238.5,238.17283856009206,0.32716143990793967
2017-08-13 05:00:00,B003,54.5327,54.56172689795372,0.029026897953720265
2017-08-13 05:00:00,B001,37.75,38.533442983835116,0.7834429838351156
2017-08-13 06:00:00,B002,239.5,235.99138863235956,3.508611367640441
2017-08-13 06:00:00,B001,37.75,38.67295144662816,0.9229514466281614
2017-08-13 06:00:00,B003,54.5327,55.20828872307149,0.6755887230714919
2017-08-13 07:00:00,B001,37.5,38.65392028794846,1.1539202879484591
2017-08-13 07:00:00,B003,55.0952,55.26152429536585,0.1663242953658539
2017-08-13 07:00:00,B002,233.0,236.74938365603967,3.7493836560396687
2017-08-13 08:00:00,B001,38.5,38.15564781643971,0.3443521835602894
2017-08-13 08:00:00,B003,54.3142,56.38506690728682,2.0708669072868204
2017-08-13 08:00:00,B002,243.0,235.10659706191305,7.89340293808695
2017-08-13 09:00:00,B001,38.75,39.68628168583302,0.9362816858330234
2017-08-13 09:00:00,B003,56.2827,56.03697924384898,0.24572075615101596
2017-08-13 09:00:00,B002,247.0,248.7710357167303,1.771035716730296
2017-08-13 10:00:00,B002,274.0,254.13814071853403,19.861859281465968
2017-08-13 10:00:00,B001,41.25,40.43746856473704,0.8125314352629616
2017-08-13 10:00:00,B003,56.4387,57.77958779885506,1.3408877988550643
2017-08-13 11:00:00,B002,288.0,291.46872279443664,3.468722794436644
2017-08-13 11:00:00,B003,57.3142,58.30633985590916,0.9921398559091585
2017-08-13 11:00:00,B001,40.0,42.71234214402178,2.7123421440217825
2017-08-13 12:00:00,B003,58.7202,59.47705470342749,0.7568547034274928
2017-08-13 12:00:00,B001,41.5,42.694105011570265,1.1941050115702652
2017-08-13 12:00:00,B002,312.0,305.4268444559885,6.573155544011513
2017-08-13 13:00:00,B001,42.75,43.277278557627426,0.5272785576274259
2017-08-13 13:00:00,B002,298.5,322.35777846762096,23.85777846762096
2017-08-13 13:00:00,B003,59.3137,59.87587213813543,0.5621721381354305
2017-08-13 14:00:00,B001,42.75,46.648454043208396,3.898454043208396
2017-08-13 14:00:00,B002,292.5,302.66937384802657,10.169373848026567
2017-08-13 14:00:00,B003,60.1577,60.61336656806119,0.45566656806119
2017-08-13 15:00:00,B002,295.5,306.8322616568288,11.332261656828791
2017-08-13 15:00:00,B003,60.1892,60.78501851524666,0.5958185152466626
2017-08-13 15:00:00,B001,43.75,45.62609957596983,1.8760995759698318
2017-08-13 16:00:00,B001,43.0,44.534275117913594,1.5342751179135945
2017-08-13 16:00:00,B002,294.5,303.6324584801092,9.132458480109221
2017-08-13 16:00:00,B003,61.6577,60.91158160646598,0.7461183935340188
2017-08-13 17:00:00,B002,279.0,294.6649897669046,15.664989766904625
2017-08-13 17:00:00,B001,44.25,44.08242052741231,0.1675794725876898
2017-08-13 17:00:00,B003,60.0012,61.91231382295206,1.9111138229520606
2017-08-13 18:00:00,B002,285.0,270.06451657089946,14.935483429100543
2017-08-13 18:00:00,B001,42.0,43.76185897521276,1.7618589752127605
2017-08-13 18:00:00,B003,61.2517,58.277290176554814,2.9744098234451855
2017-08-13 19:00:00,B001,42.5,42.00540143211917,0.49459856788082845
2017-08-13 19:00:00,B003,58.5327,61.10328613798548,2.5705861379854795
2017-08-13 19:00:00,B002,278.0,278.68481308294633,0.6848130829463344
2017-08-13 20:00:00,B002,278.5,272.55519915381996,5.944800846180044
2017-08-13 20:00:00,B001,41.0,40.79009973137103,0.20990026862897082
2017-08-13 20:00:00,B003,57.6577,58.096085109251085,0.43838510925108665
2017-08-13 21:00:00,B002,289.0,268.5911901969052,20.40880980309481
2017-08-13 21:00:00,B001,38.5,40.086862280720055,1.5868622807200552
2017-08-13 21:00:00,B003,57.2512,56.46277551363699,0.7884244863630059
2017-08-13 22:00:00,B003,56.6892,55.52576007997918,1.1634399200208208
2017-08-13 22:00:00,B001,39.0,39.14877519052003,0.14877519052002697
2017-08-13 22:00:00,B002,279.5,280.87261820590766,1.3726182059076564
2017-08-13 23:00:00,B001,39.0,38.82260768708386,0.17739231291614033
2017-08-13 23:00:00,B002,278.5,259.97933364441496,18.520666355585035
2017-08-13 23:00:00,B003,56.1577,55.28103201561246,0.876667984387538
2017-08-14 00:00:00,B003,55.6892,54.76652269942423,0.9226773005757707
2017-08-14 00:00:00,B001,40.25,39.678262493480084,0.5717375065199164
2017-08-14 00:00:00,B002,257.0,247.5228387161744,9.477161283825609
2017-08-14 01:00:00,B002,273.0,257.91869595244395,15.081304047556046
2017-08-14 01:00:00,B003,55.5637,55.329235546096996,0.2344644539030014
2017-08-14 01:00:00,B001,38.5,39.88407962184219,1.38407962184219
2017-08-14 02:00:00,B001,39.0,38.47008463669489,0.5299153633051077
2017-08-14 02:00:00,B002,261.0,263.74684352544307,2.7468435254430688
2017-08-14 02:00:00,B003,54.9077,55.14610533827085,0.23840533827085153
2017-08-14 03:00:00,B002,246.5,255.57713533697543,9.07713533697543
2017-08-14 03:00:00,B003,54.6267,53.86950020569051,0.7571997943094928
2017-08-14 03:00:00,B001,38.5,38.83349154175705,0.33349154175704854
2017-08-14 04:00:00,B003,54.1577,53.53983933695151,0.6178606630484893
2017-08-14 04:00:00,B001,38.5,38.46551681847322,0.03448318152678098
2017-08-14 04:00:00,B002,251.5,244.41719794169398,7.082802058306015
2017-08-14 05:00:00,B001,38.5,38.38579032157013,0.11420967842987295
2017-08-14 05:00:00,B003,54.7202,53.38241953834093,1.3377804616590652
2017-08-14 05:00:00,B002,242.5,247.65338638985645,5.1533863898564505
2017-08-14 06:00:00,B001,40.25,38.58729100314888,1.6627089968511228
2017-08-14 06:00:00,B003,59.2512,59.23797441745784,0.013225582542155223
2017-08-14 06:00:00,B002,243.0,243.74982111103043,0.7498211110304283
2017-08-14 07:00:00,B001,42.0,40.7853412769856,1.2146587230144021
2017-08-14 07:00:00,B003,69.0017,70.28761265472858,1.2859126547285769
2017-08-14 07:00:00,B002,256.0,245.89938782057777,10.100612179422228
2017-08-14 08:00:00,B001,43.25,43.5042346536718,0.2542346536718014
2017-08-14 08:00:00,B003,77.4077,74.39656198490094,3.011138015099064
2017-08-14 08:00:00,B002,256.0,260.99287883015865,4.992878830158645
2017-08-14 09:00:00,B002,286.5,279.61611361261174,6.883886387388259
2017-08-14 09:00:00,B003,89.0327,88.60869484920637,0.4240051507936329
2017-08-14 09:00:00,B001,60.75,55.43081786365487,5.319182136345127
2017-08-14 10:00:00,B003,96.4077,102.54631026400455,6.138610264004541
2017-08-14 10:00:00,B002,274.0,299.0160556596352,25.016055659635185
2017-08-14 10:00:00,B001,81.0,72.6522605873016,8.347739412698402
2017-08-14 11:00:00,B003,102.2202,106.57053847128928,4.350338471289277
2017-08-14 11:00:00,B002,307.5,301.6360521289588,5.863947871041205
2017-08-14 11:00:00,B001,84.0,86.37367351031749,2.373673510317488
2017-08-14 12:00:00,B003,106.0012,103.98622453580056,2.0149754641994377
2017-08-14 12:00:00,B002,343.5,317.11891188430883,26.38108811569117
2017-08-14 12:00:00,B001,88.25,88.38495650360748,0.13495650360748357
2017-08-14 13:00:00,B003,106.8142,108.7557390831664,1.9415390831664041
2017-08-14 13:00:00,B001,89.25,89.72042410507315,0.4704241050731497
2017-08-14 13:00:00,B002,344.0,345.2592113659287,1.2592113659287065
2017-08-14 14:00:00,B002,344.0,349.51491177553396,5.51491177553396
2017-08-14 14:00:00,B003,110.0012,108.38706039794779,1.6141396020522052
2017-08-14 14:00:00,B001,92.0,91.10546666168688,0.8945333383131242
2017-08-14 15:00:00,B003,107.7827,110.46969611315726,2.6869961131572495
2017-08-14 15:00:00,B001,92.75,92.8480360793651,0.09803607936510161
2017-08-14 15:00:00,B002,360.5,347.91467795556525,12.585322044434747
2017-08-14 16:00:00,B003,108.2517,108.77950952472482,0.527809524724816
2017-08-14 16:00:00,B001,96.25,93.81396967032971,2.436030329670288
2017-08-14 16:00:00,B002,348.5,360.4846038370927,11.98460383709272
2017-08-14 17:00:00,B002,351.5,336.96816286402117,14.531837135978833
2017-08-14 17:00:00,B001,88.25,86.96411284444444,1.2858871555555567
2017-08-14 17:00:00,B003,105.7827,103.2013332746904,2.581366725309607
2017-08-14 18:00:00,B002,324.5,328.0366666031747,3.5366666031746945
2017-08-14 18:00:00,B001,61.75,73.56903854761906,11.819038547619058
2017-08-14 18:00:00,B003,92.2202,89.12966946075763,3.09053053924238
2017-08-14 19:00:00,B002,313.0,306.45710303668085,6.542896963319151
2017-08-14 19:00:00,B001,44.25,52.50893024819416,8.258930248194162
2017-08-14 19:00:00,B003,77.6887,80.06246675688664,2.3737667568866385
2017-08-14 20:00:00,B001,44.75,42.9414928819549,1.8085071180450996
2017-08-14 20:00:00,B003,71.5952,71.12912675959099,0.4660732404090169
2017-08-14 20:00:00,B002,307.0,295.072171805316,11.927828194684025
2017-08-14 21:00:00,B003,62.0327,64.78503932412055,2.7523393241205483
2017-08-14 21:00:00,B002,303.5,287.9780826413204,15.521917358679616
2017-08-14 21:00:00,B001,41.5,43.48800652719815,1.9880065271981522
2017-08-14 22:00:00,B002,289.5,288.56679572063496,0.933204279365043
2017-08-14 22:00:00,B001,43.25,41.74636698943184,1.5036330105681586
2017-08-14 22:00:00,B003,58.1267,58.38666269202001,0.2599626920200109
2017-08-14 23:00:00,B002,265.5,280.46226997532335,14.962269975323352
2017-08-14 23:00:00,B003,56.5012,55.868221596859534,0.6329784031404628
2017-08-14 23:00:00,B001,41.5,43.00459717866119,1.504597178661193
2017-08-15 00:00:00,B002,277.5,251.03057964437463,26.469420355625374
2017-08-15 00:00:00,B003,55.0017,54.49728803637965,0.504411963620349
2017-08-15 00:00:00,B001,41.0,41.48753490337476,0.48753490337475824
2017-08-15 01:00:00,B003,54.4077,53.95487534267247,0.4528246573275254
2017-08-15 01:00:00,B002,237.0,267.758333225241,30.758333225241017
2017-08-15 01:00:00,B001,41.5,40.46245123916963,1.0375487608303686
2017-08-15 02:00:00,B001,41.0,41.347713802104714,0.3477138021047139
2017-08-15 02:00:00,B002,235.0,232.7818827203181,2.2181172796819055
2017-08-15 02:00:00,B003,54.3767,53.46973934099079,0.9069606590092079
2017-08-15 03:00:00,B001,42.0,40.846425678938196,1.1535743210618037
2017-08-15 03:00:00,B002,229.0,235.48513353367127,6.485133533671274
2017-08-15 03:00:00,B003,53.8762,53.50966539509171,0.3665346049082885
2017-08-15 04:00:00,B003,53.6577,53.2627005252504,0.3949994747495964
2017-08-15 04:00:00,B002,233.0,226.87203156715452,6.127968432845478
2017-08-15 04:00:00,B001,41.0,41.82750753953504,0.8275075395350413
2017-08-15 05:00:00,B001,40.5,40.77983568839726,0.279835688397263
2017-08-15 05:00:00,B002,230.0,230.9339040741191,0.9339040741191127
2017-08-15 05:00:00,B003,53.6267,53.2655096597028,0.361190340297199
2017-08-15 06:00:00,B001,44.0,41.58049058623427,2.4195094137657307
2017-08-15 06:00:00,B003,57.6887,57.78622734326999,0.09752734326999501
2017-08-15 06:00:00,B002,230.0,229.88368174311364,0.116318256886359
2017-08-15 07:00:00,B002,241.0,234.46106715674202,6.538932843257982
2017-08-15 07:00:00,B001,44.25,44.73888063941729,0.4888806394172889
2017-08-15 07:00:00,B003,67.1892,70.1828363865739,2.993636386573897
2017-08-15 08:00:00,B002,246.0,245.33757788566245,0.662422114337545
2017-08-15 08:00:00,B001,45.25,44.78596163879953,0.4640383612004726
2017-08-15 08:00:00,B003,76.0012,75.51587318114048,0.48532681885951945
2017-08-15 09:00:00,B002,268.5,280.0798164523451,11.579816452345085
2017-08-15 09:00:00,B001,67.75,57.32985753268802,10.420142467311983
2017-08-15 09:00:00,B003,89.9077,89.53589520916596,0.37180479083404805
2017-08-15 10:00:00,B001,83.25,76.74423859767188,6.505761402328119
2017-08-15 10:00:00,B003,96.5017,104.95275532183003,8.451055321830026
2017-08-15 10:00:00,B002,285.0,292.46209342516244,7.462093425162436
2017-08-15 11:00:00,B002,288.0,305.7499841705616,17.749984170561618
2017-08-15 11:00:00,B003,104.9387,107.29087808830747,2.3521780883074683
2017-08-15 11:00:00,B001,88.25,90.61646203492063,2.3664620349206302
2017-08-15 12:00:00,B003,106.5952,106.24088544655501,0.3543145534449934
2017-08-15 12:00:00,B001,91.75,92.76507778592934,1.0150777859293356
2017-08-15 12:00:00,B002,315.5,314.25304297950936,1.2469570204906404
2017-08-15 13:00:00,B003,110.1892,109.99512206141893,0.19407793858107425
2017-08-15 13:00:00,B002,326.0,329.0553464433882,3.0553464433882027
2017-08-15 13:00:00,B001,99.25,93.18425392857141,6.065746071428592
2017-08-15 14:00:00,B003,110.5637,110.34873255267587,0.21496744732412765
2017-08-15 14:00:00,B001,100.25,100.58350503466673,0.33350503466672876
2017-08-15 14:00:00,B002,322.5,335.37537279382195,12.875372793821953
2017-08-15 15:00:00,B001,99.0,103.41676052173905,4.41676052173905
2017-08-15 15:00:00,B003,114.3452,112.89924138126872,1.4459586187312823
2017-08-15 15:00:00,B002,356.0,334.80098713652075,21.199012863479254
2017-08-15 16:00:00,B003,110.9702,115.63518861628911,4.664988616289108
2017-08-15 16:00:00,B002,333.5,348.1514753157363,14.65147531573632
2017-08-15 16:00:00,B001,101.25,101.11550389035727,0.13449610964272551
2017-08-15 17:00:00,B001,95.75,97.46394487314815,1.7139448731481508
2017-08-15 17:00:00,B003,104.5642,106.93500878722566,2.3708087872256556
2017-08-15 17:00:00,B002,358.5,328.10199726527185,30.398002734728152
2017-08-15 18:00:00,B001,83.0,80.46336066552593,2.5366393344740743
2017-08-15 18:00:00,B003,93.6577,90.31156705214043,3.346132947859573
2017-08-15 18:00:00,B002,347.0,336.17305246031754,10.826947539682465
2017-08-15 19:00:00,B003,79.0952,79.41996976804587,0.32476976804586855
2017-08-15 19:00:00,B001,69.25,68.49531639105122,0.7546836089487812
2017-08-15 19:00:00,B002,321.0,330.6435196594518,9.643519659451783
2017-08-15 20:00:00,B002,320.0,307.51419094119206,12.485809058807945
2017-08-15 20:00:00,B001,48.75,53.01652595185185,4.266525951851847
2017-08-15 20:00:00,B003,73.0637,70.8198448446308,2.2438551553692037
2017-08-15 21:00:00,B001,43.5,45.97141117383709,2.4714111738370903
2017-08-15 21:00:00,B002,323.5,305.96921015824915,17.530789841750845
2017-08-15 21:00:00,B003,63.8452,65.02526657770909,1.1800665777090913
2017-08-15 22:00:00,B002,322.0,303.178669957672,18.821330042327986
2017-08-15 22:00:00,B003,58.5327,59.90669788638647,1.3739978863864692
2017-08-15 22:00:00,B001,43.75,42.91686867114792,0.8331313288520832
2017-08-15 23:00:00,B003,56.0327,56.05830809650569,0.0256080965056924
2017-08-15 23:00:00,B002,319.0,300.52845548677243,18.47154451322757
2017-08-15 23:00:00,B001,40.25,42.56748810408022,2.317488104080219
2017-08-16 00:00:00,B001,40.75,42.171147395018025,1.421147395018025
2017-08-16 00:00:00,B003,50.6414,54.434049107493436,3.792649107493439
2017-08-16 00:00:00,B002,286.5,299.76568350606055,13.265683506060554
2017-08-16 01:00:00,B003,49.1724,49.8016452567173,0.6292452567172973
2017-08-16 01:00:00,B001,40.75,40.97338610467926,0.2233861046792569
2017-08-16 01:00:00,B002,311.0,280.2756120846561,30.724387915343925
2017-08-16 02:00:00,B003,44.4375,49.26826711145108,4.830767111451081
2017-08-16 02:00:00,B001,39.5,40.86050971115175,1.3605097111517495
2017-08-16 02:00:00,B002,308.5,291.12722817777774,17.372771822222262
2017-08-16 03:00:00,B001,39.75,39.986125454247784,0.23612545424778375
2017-08-16 03:00:00,B003,44.219,44.61912860427641,0.4001286042764107
2017-08-16 03:00:00,B002,298.0,288.8192041502647,9.180795849735318
2017-08-16 04:00:00,B001,40.25,40.20712662362445,0.04287337637555311
2017-08-16 04:00:00,B003,44.53100000000001,44.44996030170456,0.08103969829545576
2017-08-16 04:00:00,B002,276.5,285.7287916756726,9.228791675672596
2017-08-16 05:00:00,B002,257.5,265.0005068725774,7.500506872577375
2017-08-16 05:00:00,B001,39.75,40.75015484257319,1.0001548425731883
2017-08-16 05:00:00,B003,45.1875,44.57976043272169,0.6077395672783084
2017-08-16 06:00:00,B002,265.0,252.5361858071944,12.463814192805586
2017-08-16 06:00:00,B001,41.5,40.54419554443079,0.9558044555692078
2017-08-16 06:00:00,B003,51.5,49.89293605265227,1.6070639473477328
2017-08-16 07:00:00,B002,268.0,263.32180103543266,4.678198964567343
2017-08-16 07:00:00,B001,42.5,42.05530736564041,0.4446926343595905
2017-08-16 07:00:00,B003,62.875,65.40615569429549,2.5311556942954923
2017-08-16 08:00:00,B002,267.0,274.07511189597074,7.0751118959707355
2017-08-16 08:00:00,B001,47.25,44.00841382874015,3.241586171259847
2017-08-16 08:00:00,B003,63.1875,71.36654243062144,8.179042430621436
2017-08-16 09:00:00,B002,290.5,299.23920754940724,8.73920754940724
2017-08-16 09:00:00,B003,92.375,83.12398837828282,9.251011621717183
2017-08-16 09:00:00,B001,63.0,61.01021125141096,1.9897887485890422
2017-08-16 10:00:00,B003,105.2815,104.86009280801794,0.42140719198205545
2017-08-16 10:00:00,B002,287.0,321.26687591005305,34.266875910053045
2017-08-16 10:00:00,B001,80.5,78.54651774391535,1.953482256084655
2017-08-16 11:00:00,B002,290.5,316.02885820731126,25.52885820731126
2017-08-16 11:00:00,B001,88.25,90.6089026841763,2.3589026841763
2017-08-16 11:00:00,B003,117.0935,116.28512865190804,0.808371348091967
2017-08-16 12:00:00,B002,316.5,322.2348230261439,5.734823026143886
2017-08-16 12:00:00,B001,92.5,92.56623187635881,0.06623187635881322
2017-08-16 12:00:00,B003,123.719,120.16901739284086,3.549982607159137
2017-08-16 13:00:00,B001,93.25,92.80850005457876,0.44149994542124205
2017-08-16 13:00:00,B002,308.5,339.5736020778414,31.07360207784137
2017-08-16 13:00:00,B003,127.5625,125.1532219192228,2.4092780807771987
2017-08-16 14:00:00,B001,93.25,94.57524670885908,1.3252467088590834
2017-08-16 14:00:00,B002,333.0,320.78200487605085,12.217995123949152
2017-08-16 14:00:00,B003,127.6875,127.6149756938543,0.07252430614569505
2017-08-16 15:00:00,B002,368.5,345.21105914818025,23.288940851819746
2017-08-16 15:00:00,B001,96.0,94.52364581834217,1.4763541816578254
2017-08-16 15:00:00,B003,132.656,127.10598372916495,5.550016270835059
2017-08-16 16:00:00,B002,352.5,363.28362947936506,10.78362947936506
2017-08-16 16:00:00,B001,97.5,95.95141784026191,1.548582159738089
2017-08-16 16:00:00,B003,126.6875,129.98024148386247,3.2927414838624713
2017-08-16 17:00:00,B003,123.125,119.83637811640212,3.2886218835978838
2017-08-16 17:00:00,B002,355.0,341.165633515873,13.834366484126974
2017-08-16 17:00:00,B001,91.0,89.499272152381,1.5007278476190038
2017-08-16 18:00:00,B001,80.25,78.85945237986284,1.3905476201371556
2017-08-16 18:00:00,B003,98.594,102.49386705343909,3.8998670534390953
2017-08-16 18:00:00,B002,342.0,331.37161495238087,10.628385047619133
2017-08-16 19:00:00,B003,78.5625,83.7504355514308,5.187935551430797
2017-08-16 19:00:00,B002,321.5,328.3707497460317,6.87074974603172
2017-08-16 19:00:00,B001,68.25,67.26484960619561,0.9851503938043891
2017-08-16 20:00:00,B002,276.0,305.31957915848966,29.31957915848966
2017-08-16 20:00:00,B001,58.5,52.94399727917265,5.556002720827351
2017-08-16 20:00:00,B003,68.7185,72.17179153651219,3.4532915365121823
2017-08-16 21:00:00,B001,49.5,51.141843251703996,1.641843251703996
2017-08-16 21:00:00,B002,264.5,266.8388943729052,2.3388943729052016
2017-08-16 21:00:00,B003,65.625,63.12015259531762,2.50484740468238
2017-08-16 22:00:00,B002,252.5,254.0854468359866,1.5854468359866019
2017-08-16 22:00:00,B001,45.25,47.1375931819751,1.8875931819750988
2017-08-16 22:00:00,B003,57.094,59.964588430290014,2.870588430290013
2017-08-16 23:00:00,B002,249.0,242.97436345018102,6.025636549818984
2017-08-16 23:00:00,B001,41.0,43.9049078923344,2.9049078923344
2017-08-16 23:00:00,B003,48.8435,54.79031776349454,5.946817763494543
2017-08-17 00:00:00,B003,46.0107,49.06941806025831,3.0587180602583075
2017-08-17 00:00:00,B002,243.5,236.73953214340023,6.7604678565997744
2017-08-17 00:00:00,B001,41.75,41.80926068947746,0.05926068947746188
2017-08-17 01:00:00,B001,40.75,41.12093939032659,0.3709393903265905
2017-08-17 01:00:00,B002,253.0,247.70423385382085,5.295766146179147
2017-08-17 01:00:00,B003,45.9685,45.67139731700678,0.29710268299321996
2017-08-17 02:00:00,B003,45.8125,45.141274045921705,0.6712259540782952
2017-08-17 02:00:00,B002,247.5,248.1553646289688,0.6553646289688118
2017-08-17 02:00:00,B001,41.5,39.99063762285365,1.5093623771463527
2017-08-17 03:00:00,B003,44.875,45.385445184134966,0.5104451841349658
2017-08-17 03:00:00,B001,39.75,40.95341911662587,1.2034191166258665
2017-08-17 03:00:00,B002,250.5,244.18692260811648,6.313077391883525
2017-08-17 04:00:00,B003,43.344,44.26395067917126,0.919950679171258
2017-08-17 04:00:00,B001,40.25,39.60813010122095,0.6418698987790492
2017-08-17 04:00:00,B002,250.0,249.5004852262929,0.49951477370709085
2017-08-17 05:00:00,B002,247.5,247.4964204749683,0.003579525031710773
2017-08-17 05:00:00,B003,43.3125,43.366036479647654,0.05353647964765429
2017-08-17 05:00:00,B001,41.5,40.1087699695531,1.3912300304468985
2017-08-17 06:00:00,B003,47.7185,48.0160290661728,0.2975290661727996
2017-08-17 06:00:00,B001,42.5,41.81396608789256,0.6860339121074404
2017-08-17 06:00:00,B002,248.0,248.4311448469676,0.43114484696761224
2017-08-17 07:00:00,B001,46.75,43.44594393106935,3.304056068930649
2017-08-17 07:00:00,B003,60.4065,62.21340290866409,1.8069029086640853
2017-08-17 07:00:00,B002,261.5,252.080114637286,9.419885362714012
2017-08-17 08:00:00,B001,44.25,46.97312652295417,2.7231265229541677
2017-08-17 08:00:00,B003,65.0625,68.57636179268897,3.513861792688971
2017-08-17 08:00:00,B002,263.5,267.0117667562018,3.51176675620178
2017-08-17 09:00:00,B001,62.25,57.24656395324849,5.00343604675151
2017-08-17 09:00:00,B003,96.1875,88.13855406666661,8.048945933333385
2017-08-17 09:00:00,B002,290.0,289.06278278371326,0.93721721628674
2017-08-17 10:00:00,B001,88.25,76.24005015163618,12.009949848363817
2017-08-17 10:00:00,B002,295.0,304.4338694667261,9.433869466726094
2017-08-17 10:00:00,B003,108.0625,110.2755031477196,2.213003147719604
2017-08-17 11:00:00,B002,299.0,311.9981351848259,12.998135184825912
2017-08-17 11:00:00,B001,97.5,95.60629829170642,1.8937017082935768
2017-08-17 11:00:00,B003,120.25,120.32641851406925,0.07641851406924616
2017-08-17 12:00:00,B002,312.5,313.35916198037523,0.8591619803752337
2017-08-17 12:00:00,B001,103.0,102.61487372898256,0.385126271017441
2017-08-17 12:00:00,B003,123.1875,122.51502341643459,0.6724765835654125
2017-08-17 13:00:00,B003,127.031,124.65310720734655,2.377892792653455
2017-08-17 13:00:00,B002,315.0,330.118999447603,15.118999447603017
2017-08-17 13:00:00,B001,104.0,103.93274115865671,0.06725884134328908
2017-08-17 14:00:00,B002,310.0,330.172732522147,20.172732522146987
2017-08-17 14:00:00,B003,136.719,128.2841710837773,8.434828916222699
2017-08-17 14:00:00,B001,103.0,103.37956307072491,0.37956307072491313
2017-08-17 15:00:00,B002,292.0,327.95838347534715,35.95838347534715
2017-08-17 15:00:00,B003,142.5,138.74983804838803,3.7501619516119717
2017-08-17 15:00:00,B001,102.5,106.14266428604053,3.642664286040528
2017-08-17 16:00:00,B003,141.625,142.10233956313664,0.4773395631366384
2017-08-17 16:00:00,B001,103.0,105.28922305593161,2.2892230559316147
2017-08-17 16:00:00,B002,332.0,311.82088928138523,20.179110718614766
2017-08-17 17:00:00,B003,132.531,128.53278778306878,3.998212216931222
2017-08-17 17:00:00,B002,286.0,324.9547414550265,38.95474145502652
2017-08-17 17:00:00,B001,95.75,99.35252776891532,3.602527768915323
2017-08-17 18:00:00,B003,97.625,106.98007537037039,9.355075370370386
2017-08-17 18:00:00,B002,266.5,278.375466764606,11.875466764606017
2017-08-17 18:00:00,B001,84.0,79.27247235370295,4.727527646297048
2017-08-17 19:00:00,B001,71.25,69.92488282852136,1.325117171478638
2017-08-17 19:00:00,B003,84.875,82.18320215349517,2.6917978465048265
2017-08-17 19:00:00,B002,265.5,255.05969654656835,10.440303453431653
2017-08-17 20:00:00,B003,72.5,74.74089627139004,2.240896271390042
2017-08-17 20:00:00,B002,266.5,255.55737420321077,10.94262579678923
2017-08-17 20:00:00,B001,57.25,57.56305745785707,0.3130574578570702
2017-08-17 21:00:00,B003,59.2815,64.18838291969034,4.906882919690339
2017-08-17 21:00:00,B001,41.25,49.76811595324957,8.51811595324957
2017-08-17 21:00:00,B002,259.5,253.26106196268162,6.238938037318377
2017-08-17 22:00:00,B003,52.3435,57.11594800576787,4.77244800576787
2017-08-17 22:00:00,B001,41.0,41.37197672958813,0.3719767295881269
2017-08-17 22:00:00,B002,255.5,246.64075831863354,8.859241681366456
2017-08-17 23:00:00,B003,46.7815,49.37768326705659,2.5961832670565883
2017-08-17 23:00:00,B002,248.5,243.53831621874352,4.9616837812564825
2017-08-17 23:00:00,B001,41.5,41.15224674549055,0.34775325450944905
2017-08-18 00:00:00,B003,47.3228,45.63501232031813,1.6877876796818683
2017-08-18 00:00:00,B001,41.3333,41.83538312571581,0.5020831257158065
2017-08-18 00:00:00,B002,255.8333,238.31600774134256,17.51729225865745
2017-08-18 01:00:00,B003,44.3227,47.22976494494678,2.9070649449467822
2017-08-18 01:00:00,B002,250.5,248.25343051804506,2.2465694819549356
2017-08-18 01:00:00,B001,40.0,41.438169173232964,1.4381691732329642
2017-08-18 02:00:00,B003,43.844,43.958771766403274,0.11477176640327258
2017-08-18 02:00:00,B002,246.0,248.66041380854125,2.66041380854125
2017-08-18 02:00:00,B001,42.0,40.15406763223564,1.8459323677643624
2017-08-18 03:00:00,B002,247.5,244.87659659515475,2.6234034048452486
2017-08-18 03:00:00,B003,44.3435,43.87153493175074,0.4719650682492613
2017-08-18 03:00:00,B001,40.0,41.96258431373324,1.9625843137332382
2017-08-18 04:00:00,B002,241.0,244.02333015922366,3.0233301592236614
2017-08-18 04:00:00,B003,43.4065,44.21477072753099,0.8082707275309886
2017-08-18 04:00:00,B001,40.5,40.30270091286793,0.19729908713207323
2017-08-18 05:00:00,B002,247.5,241.7763723811988,5.723627618801203
2017-08-18 05:00:00,B003,43.2185,43.395629120698544,0.17712912069854525
2017-08-18 05:00:00,B001,40.5,40.802264446500494,0.30226444650049444
2017-08-18 06:00:00,B003,46.375,47.53564022435133,1.160640224351333
2017-08-18 06:00:00,B002,242.0,246.97562380664914,4.975623806649139
2017-08-18 06:00:00,B001,42.25,41.09737470608219,1.1526252939178079
2017-08-18 07:00:00,B001,42.75,42.98480038681468,0.2348003868146833
2017-08-18 07:00:00,B002,244.5,244.65658506285524,0.15658506285524254
2017-08-18 07:00:00,B003,64.3125,55.28118177571939,9.03131822428061
2017-08-18 08:00:00,B003,68.719,70.49245420027603,1.773454200276035
2017-08-18 08:00:00,B002,250.5,252.71326662380946,2.21326662380946
2017-08-18 08:00:00,B001,42.25,44.229973039025666,1.9799730390256656
2017-08-18 09:00:00,B001,58.0,57.27356510502878,0.72643489497122
2017-08-18 09:00:00,B002,248.5,280.72250247327986,32.22250247327986
2017-08-18 09:00:00,B003,93.8435,90.13968416187448,3.7038158381255215
2017-08-18 10:00:00,B001,78.0,74.14840496127944,3.8515950387205606
2017-08-18 10:00:00,B003,108.344,109.19877481229912,0.8547748122991266
2017-08-18 10:00:00,B002,289.0,274.41296683333326,14.587033166666743
2017-08-18 11:00:00,B002,287.0,315.43941362637366,28.439413626373664
2017-08-18 11:00:00,B003,119.656,120.78420501010105,1.1282050101010412
2017-08-18 11:00:00,B001,85.25,90.59348840845838,5.343488408458384
2017-08-18 12:00:00,B002,329.0,311.7639134269842,17.236086573015825
2017-08-18 12:00:00,B003,123.6875,121.61119491750105,2.0763050824989477
2017-08-18 12:00:00,B001,86.5,91.46738865238092,4.967388652380919
2017-08-18 13:00:00,B003,123.875,124.93661012962819,1.0616101296281926
2017-08-18 13:00:00,B001,86.25,88.60464522474744,2.3546452247474434
2017-08-18 13:00:00,B002,320.5,337.9351695239544,17.435169523954414
2017-08-18 14:00:00,B002,325.0,329.29183159276016,4.291831592760161
2017-08-18 14:00:00,B003,122.625,125.26818965455223,2.6431896545522306
2017-08-18 14:00:00,B001,89.5,88.8010212829485,0.6989787170515029
2017-08-18 15:00:00,B003,120.344,124.78704601804678,4.443046018046786
2017-08-18 15:00:00,B002,303.0,327.508396730882,24.508396730881998
2017-08-18 15:00:00,B001,87.75,92.80755841391219,5.05755841391219
2017-08-18 16:00:00,B003,118.9685,120.8889941500429,1.9204941500428987
2017-08-18 16:00:00,B002,285.5,309.9996344825954,24.49963448259541
2017-08-18 16:00:00,B001,90.5,89.26060563822098,1.23939436177902
2017-08-18 17:00:00,B001,84.25,86.93056771693121,2.6805677169312077
2017-08-18 17:00:00,B002,284.0,283.17310399999997,0.8268960000000334
2017-08-18 17:00:00,B003,108.0,112.12248632380955,4.122486323809554
2017-08-18 18:00:00,B001,64.5,71.87809896923078,7.378098969230777
2017-08-18 18:00:00,B002,321.0,270.65164327426504,50.34835672573496
2017-08-18 18:00:00,B003,90.5315,93.32819811894386,2.7966981189438656
2017-08-18 19:00:00,B003,75.406,78.8823031834671,3.4763031834670954
2017-08-18 19:00:00,B002,294.0,306.43461794700494,12.434617947004938
2017-08-18 19:00:00,B001,47.25,59.93747855937637,12.687478559376373
2017-08-18 20:00:00,B001,44.75,45.94451698413524,1.194516984135241
2017-08-18 20:00:00,B003,68.2815,71.57537742381881,3.293877423818813
2017-08-18 20:00:00,B002,260.5,281.66773827962817,21.167738279628168
2017-08-18 21:00:00,B001,43.5,43.36266727827038,0.13733272172962074
2017-08-18 21:00:00,B003,63.28100000000001,62.91484673225388,0.3661532677461352
2017-08-18 21:00:00,B002,252.0,248.30305573164122,3.696944268358777
2017-08-18 22:00:00,B003,54.0315,54.68413512821814,0.6526351282181366
2017-08-18 22:00:00,B002,250.5,244.73626580912082,5.763734190879177
2017-08-18 22:00:00,B001,41.5,42.113114246847026,0.6131142468470259
2017-08-18 23:00:00,B002,260.0,246.79718733455402,13.202812665445975
2017-08-18 23:00:00,B003,49.875,49.66386452593656,0.2111354740634397
2017-08-18 23:00:00,B001,41.5,41.62962068613407,0.12962068613406785
2017-08-19 00:00:00,B002,268.0,248.56499592917675,19.435004070823254
2017-08-19 00:00:00,B001,40.4167,41.536495089639196,1.1197950896391973
2017-08-19 00:00:00,B003,48.5312,47.92904699495819,0.6021530050418065
2017-08-19 01:00:00,B002,255.3333,259.2560250543028,3.9227250543028163
2017-08-19 01:00:00,B001,40.3333,40.52520862465688,0.1919086246568753
2017-08-19 01:00:00,B003,48.8437,47.60466768903003,1.239032310969968
2017-08-19 02:00:00,B002,235.0,248.02368382356005,13.023683823560049
2017-08-19 02:00:00,B001,40.75,40.40471554118044,0.34528445881956316
2017-08-19 02:00:00,B003,48.0315,47.350847415846665,0.6806525841533357
2017-08-19 03:00:00,B001,41.75,40.707121528705976,1.0428784712940242
2017-08-19 03:00:00,B003,48.53100000000001,47.303423224719495,1.227576775280518
2017-08-19 03:00:00,B002,233.5,236.25631936280774,2.7563193628077443
2017-08-19 04:00:00,B003,47.75,48.065022748593556,0.31502274859355595
2017-08-19 04:00:00,B001,41.5,41.37211774282339,0.1278822571766085
2017-08-19 04:00:00,B002,229.0,232.6093545592558,3.6093545592557916
2017-08-19 05:00:00,B002,225.0,225.88396455841848,0.8839645584184836
2017-08-19 05:00:00,B001,41.25,41.247722125440724,0.002277874559275972
2017-08-19 05:00:00,B003,48.094,47.36301640659024,0.7309835934097606
2017-08-19 06:00:00,B002,229.5,226.04633538949457,3.4536646105054274
2017-08-19 06:00:00,B003,48.3435,49.245454703023846,0.9019547030238471
2017-08-19 06:00:00,B001,40.75,40.971016280555,0.22101628055499845
2017-08-19 07:00:00,B001,40.5,41.215849239916885,0.715849239916885
2017-08-19 07:00:00,B002,229.5,228.78398217775955,0.7160178222404454
2017-08-19 07:00:00,B003,48.219,50.75575611123352,2.5367561112335153
2017-08-19 08:00:00,B003,49.78100000000001,50.684579781914486,0.9035797819144733
2017-08-19 08:00:00,B002,232.0,233.28204904471758,1.2820490447175814
2017-08-19 08:00:00,B001,41.0,41.497434236492715,0.49743423649271534
2017-08-19 09:00:00,B002,242.0,236.46094499236833,5.539055007631674
2017-08-19 09:00:00,B003,66.9065,53.99088132224652,12.915618677753471
2017-08-19 09:00:00,B001,46.0,42.196668017719446,3.803331982280554
2017-08-19 10:00:00,B001,45.75,47.717627850849155,1.967627850849155
2017-08-19 10:00:00,B002,244.0,246.24694139365073,2.2469413936507294
2017-08-19 10:00:00,B003,64.5625,69.3752412479029,4.812741247902906
2017-08-19 11:00:00,B001,48.75,47.79468941005685,0.9553105899431529
2017-08-19 11:00:00,B002,265.5,251.99741043814336,13.502589561856638
2017-08-19 11:00:00,B003,64.656,67.25294955939621,2.596949559396208
2017-08-19 12:00:00,B001,51.5,50.93070317272087,0.5692968272791319
2017-08-19 12:00:00,B002,287.0,290.21242932178933,3.2124293217893296
2017-08-19 12:00:00,B003,66.875,65.84692885953767,1.0280711404623304
2017-08-19 13:00:00,B003,71.0,66.49671459492774,4.503285405072262
2017-08-19 13:00:00,B002,297.5,305.1838461238094,7.683846123809417
2017-08-19 13:00:00,B001,53.25,51.810092597633954,1.439907402366046
2017-08-19 14:00:00,B002,312.0,310.6879321702743,1.31206782972572
2017-08-19 14:00:00,B001,54.5,55.25492696632848,0.7549269663284832
2017-08-19 14:00:00,B003,70.6565,74.05783994640453,3.4013399464045335
2017-08-19 15:00:00,B003,72.0625,74.15845469351854,2.095954693518536
2017-08-19 15:00:00,B001,52.5,56.273526664529975,3.7735266645299745
2017-08-19 15:00:00,B002,311.0,315.95977106368804,4.959771063688038
2017-08-19 16:00:00,B003,72.875,73.20402885160436,0.3290288516043631
2017-08-19 16:00:00,B001,52.75,52.16974208124359,0.5802579187564092
2017-08-19 16:00:00,B002,313.0,317.7500492066976,4.750049206697611
2017-08-19 17:00:00,B003,73.375,68.9346262098284,4.440373790171606
2017-08-19 17:00:00,B002,313.0,310.6486157488329,2.351384251167076
2017-08-19 17:00:00,B001,45.75,53.518358426809925,7.768358426809925
2017-08-19 18:00:00,B001,44.75,45.67441137450715,0.9244113745071516
2017-08-19 18:00:00,B002,308.0,304.66551195555553,3.33448804444447
2017-08-19 18:00:00,B003,67.406,65.61940086552491,1.7865991344750967
2017-08-19 19:00:00,B003,61.0,63.63218237239749,2.6321823723974873
2017-08-19 19:00:00,B002,310.5,290.0930969251562,20.406903074843797
2017-08-19 19:00:00,B001,40.75,44.171736694417625,3.421736694417625
2017-08-19 20:00:00,B003,58.9375,59.64815362651233,0.7106536265123324
2017-08-19 20:00:00,B001,41.5,41.30925485666987,0.19074514333013326
2017-08-19 20:00:00,B002,308.5,299.3172856904761,9.182714309523874
2017-08-19 21:00:00,B001,39.0,41.63899731412537,2.638997314125369
2017-08-19 21:00:00,B002,299.5,293.08522734102934,6.414772658970662
2017-08-19 21:00:00,B003,52.2815,57.65288199456255,5.371381994562547
2017-08-19 22:00:00,B001,39.0,38.81142664690396,0.1885733530960394
2017-08-19 22:00:00,B003,51.15600000000001,51.84604551784776,0.69004551784775
2017-08-19 22:00:00,B002,294.0,284.23648376094286,9.76351623905714
2017-08-19 23:00:00,B001,39.0,38.67059129193906,0.3294087080609387
2017-08-19 23:00:00,B002,296.0,284.09195970451293,11.90804029548707
2017-08-19 23:00:00,B003,48.1875,50.65439402561716,2.466894025617158
2017-08-20 00:00:00,B002,249.6667,265.8945530390604,16.227853039060392
2017-08-20 00:00:00,B003,48.125,47.81746572106725,0.3075342789327493
2017-08-20 00:00:00,B001,39.3333,39.11903804024112,0.21426195975887907
2017-08-20 01:00:00,B002,264.6667,245.49274952963358,19.173950470366407
2017-08-20 01:00:00,B003,47.9065,47.492980173249165,0.41351982675083576
2017-08-20 01:00:00,B001,38.0833,39.387866119987905,1.3045661199879035
2017-08-20 02:00:00,B002,244.5,256.98743276020207,12.487432760202068
2017-08-20 02:00:00,B001,38.75,38.35283443088409,0.39716556911591283
2017-08-20 02:00:00,B003,46.8125,47.43165834851396,0.6191583485139631
2017-08-20 03:00:00,B003,47.125,46.15087735085515,0.9741226491448529
2017-08-20 03:00:00,B002,233.5,241.36398250211084,7.863982502110844
2017-08-20 03:00:00,B001,39.0,38.58774903540721,0.4122509645927934
2017-08-20 04:00:00,B003,46.5935,46.74787124595104,0.15437124595104024
2017-08-20 04:00:00,B001,38.25,38.77517824304023,0.5251782430402301
2017-08-20 04:00:00,B002,239.5,232.4116672930751,7.088332706924888
2017-08-20 05:00:00,B003,45.844,45.99291933055644,0.14891933055643847
2017-08-20 05:00:00,B001,38.5,38.374940429120876,0.12505957087912378
2017-08-20 05:00:00,B002,237.0,236.7765979826138,0.22340201738620635
2017-08-20 06:00:00,B002,233.0,236.2439574169772,3.243957416977196
2017-08-20 06:00:00,B001,38.5,38.54992070757029,0.04992070757028699
2017-08-20 06:00:00,B003,46.15600000000001,46.386658030970274,0.23065803097026105
2017-08-20 07:00:00,B002,233.5,233.37507451398454,0.1249254860154565
2017-08-20 07:00:00,B001,38.0,38.43572023442497,0.43572023442497
2017-08-20 07:00:00,B003,46.0625,46.81748527362869,0.7549852736286908
2017-08-20 08:00:00,B002,239.0,236.72177501587115,2.2782249841288547
2017-08-20 08:00:00,B001,38.0,38.59442316454829,0.5944231645482887
2017-08-20 08:00:00,B003,47.4065,47.274867680380524,0.1316323196194773
2017-08-20 09:00:00,B001,39.0,39.17622012136419,0.17622012136418874
2017-08-20 09:00:00,B003,61.375,53.8385581286261,7.536441871373903
2017-08-20 09:00:00,B002,241.0,245.46438770105814,4.464387701058143
2017-08-20 10:00:00,B003,64.281,63.53040122911528,0.7505987708847286
2017-08-20 10:00:00,B001,39.75,40.38924459799595,0.6392445979959476
2017-08-20 10:00:00,B002,242.5,251.88050154444437,9.380501544444371
2017-08-20 11:00:00,B002,258.0,254.37111940238097,3.6288805976190304
2017-08-20 11:00:00,B003,67.6565,66.62985853066037,1.0266414693396229
2017-08-20 11:00:00,B001,41.0,42.24884803848425,1.2488480384842475
2017-08-20 12:00:00,B001,43.0,43.3444008300731,0.3444008300730985
2017-08-20 12:00:00,B002,291.5,275.89151442857144,15.60848557142856
2017-08-20 12:00:00,B003,67.3435,66.94454760331594,0.39895239668406646
2017-08-20 13:00:00,B003,65.594,66.20117268144836,0.6071726814483611
2017-08-20 13:00:00,B001,41.25,45.089484563278695,3.8394845632786954
2017-08-20 13:00:00,B002,304.5,309.3731046878307,4.873104687830676
2017-08-20 14:00:00,B003,65.375,66.23002199717902,0.8550219971790227
2017-08-20 14:00:00,B001,41.5,42.754753616956485,1.254753616956485
2017-08-20 14:00:00,B002,308.5,311.79785415244373,3.2978541524437333
2017-08-20 15:00:00,B001,42.25,43.396943993876754,1.1469439938767536
2017-08-20 15:00:00,B002,305.5,313.00180187969494,7.501801879694938
2017-08-20 15:00:00,B003,68.625,66.27369340160877,2.3513065983912327
2017-08-20 16:00:00,B003,68.5625,69.49704267195763,0.9345426719576295
2017-08-20 16:00:00,B001,43.0,44.12022527741179,1.120225277411791
2017-08-20 16:00:00,B002,309.0,309.91001353868,0.9100135386800048
2017-08-20 17:00:00,B002,306.5,298.48641537989414,8.01358462010586
2017-08-20 17:00:00,B003,67.906,69.33261808692815,1.4266180869281442
2017-08-20 17:00:00,B001,39.5,43.60845604297389,4.108456042973891
2017-08-20 18:00:00,B002,300.0,293.8212961378547,6.178703862145312
2017-08-20 18:00:00,B003,60.719,64.9511248789382,4.232124878938201
2017-08-20 18:00:00,B001,41.5,39.81195010718511,1.6880498928148882
2017-08-20 19:00:00,B003,60.75,59.215314974166795,1.5346850258332054
2017-08-20 19:00:00,B001,40.25,41.210781987201045,0.9607819872010452
2017-08-20 19:00:00,B002,271.0,286.3816016613046,15.381601661304614
2017-08-20 20:00:00,B001,40.25,39.99797483893536,0.2520251610646369
2017-08-20 20:00:00,B003,57.8125,58.80127219635748,0.9887721963574805
2017-08-20 20:00:00,B002,239.5,257.6973156599118,18.197315659911794
2017-08-20 21:00:00,B003,52.9685,54.83733221391309,1.8688322139130946
2017-08-20 21:00:00,B001,39.25,39.29161073425887,0.04161073425886741
2017-08-20 21:00:00,B002,223.5,234.86804785952705,11.368047859527053
2017-08-20 22:00:00,B001,39.5,39.32161679265534,0.17838320734465896
2017-08-20 22:00:00,B003,52.25,51.808614318591154,0.44138568140884615
2017-08-20 22:00:00,B002,223.0,217.87319468333334,5.126805316666662
2017-08-20 23:00:00,B001,40.75,39.28484029215491,1.465159707845089
2017-08-20 23:00:00,B003,49.4065,50.59944836214378,1.192948362143781
2017-08-20 23:00:00,B002,222.0,217.1624718690476,4.837528130952393
2017-08-21 00:00:00,B001,39.8333,40.065494143606905,0.23219414360690394
2017-08-21 00:00:00,B002,241.6667,232.7212933981664,8.945406601833582
2017-08-21 00:00:00,B003,46.2188,48.860440595661196,2.641640595661194
2017-08-21 01:00:00,B002,228.0,239.76415956813216,11.764159568132158
2017-08-21 01:00:00,B001,39.5,39.125827900505534,0.3741720994944657
2017-08-21 01:00:00,B003,47.40600000000001,45.77873917522448,1.627260824775533
2017-08-21 02:00:00,B001,39.75,39.325318742496805,0.4246812575031953
2017-08-21 02:00:00,B002,237.0,222.01822432548386,14.981775674516143
2017-08-21 02:00:00,B003,47.4375,46.006611435138325,1.4308885648616751
2017-08-21 03:00:00,B001,41.0,39.55848513806928,1.4415148619307203
2017-08-21 03:00:00,B002,231.5,237.80767901087253,6.307679010872533
2017-08-21 03:00:00,B003,46.875,46.750107381046725,0.1248926189532753
2017-08-21 04:00:00,B001,42.25,39.75131143241171,2.498688567588289
2017-08-21 04:00:00,B002,228.0,231.34453466021242,3.3445346602124175
2017-08-21 04:00:00,B003,46.344,46.36758380508847,0.02358380508847091
2017-08-21 05:00:00,B002,230.5,224.14294772343584,6.357052276564161
2017-08-21 05:00:00,B003,46.4685,45.67411023688245,0.7943897631175503
2017-08-21 05:00:00,B001,41.75,41.130989728946375,0.6190102710536252
2017-08-21 06:00:00,B003,50.6875,48.89866030257927,1.7888396974207268
2017-08-21 06:00:00,B002,238.0,228.69117100981393,9.308828990186072
2017-08-21 06:00:00,B001,45.0,41.3895569242057,3.6104430757943007
2017-08-21 07:00:00,B002,237.5,239.2180452259971,1.7180452259970878
2017-08-21 07:00:00,B001,47.5,44.49039120829726,3.009608791702739
2017-08-21 07:00:00,B003,57.9375,60.22082135384495,2.283321353844947
2017-08-21 08:00:00,B001,43.5,49.31704302385143,5.817043023851433
2017-08-21 08:00:00,B003,64.1565,69.57394640202052,5.417446402020531
2017-08-21 08:00:00,B002,247.0,241.90897489702562,5.091025102974385
2017-08-21 09:00:00,B001,57.25,54.01742706180074,3.2325729381992616
2017-08-21 09:00:00,B003,94.875,77.25081981861365,17.62418018138635
2017-08-21 09:00:00,B002,250.5,267.61472326715995,17.114723267159945
2017-08-21 10:00:00,B001,72.5,73.14470918888887,0.6447091888888679
2017-08-21 10:00:00,B003,109.5935,110.41820780748526,0.8247078074852539
2017-08-21 10:00:00,B002,315.5,275.1494088056907,40.35059119430929
2017-08-21 11:00:00,B003,114.094,122.30111910233283,8.20711910233284
2017-08-21 11:00:00,B002,329.5,319.9418607865821,9.558139213417917
2017-08-21 11:00:00,B001,75.25,81.50086896622282,6.250868966222825
2017-08-21 12:00:00,B003,121.156,116.44505369912687,4.7109463008731325
2017-08-21 12:00:00,B001,80.25,77.02941706388889,3.2205829361111142
2017-08-21 12:00:00,B002,319.5,333.0158432539682,13.515843253968228
2017-08-21 13:00:00,B002,300.0,322.90253140368003,22.90253140368003
2017-08-21 13:00:00,B001,85.5,84.09972661904763,1.4002733809523704
2017-08-21 13:00:00,B003,123.719,122.07342075629948,1.6455792437005101
2017-08-21 14:00:00,B003,125.5,124.6043428614591,0.8956571385408978
2017-08-21 14:00:00,B001,83.5,87.59546731860202,4.095467318602019
2017-08-21 14:00:00,B002,313.0,310.0463986915769,2.953601308423117
2017-08-21 15:00:00,B002,322.5,322.3532218428011,0.1467781571989235
2017-08-21 15:00:00,B003,132.8125,124.85238098539934,7.960119014600664
2017-08-21 15:00:00,B001,84.5,85.7228773201058,1.2228773201057948
2017-08-21 16:00:00,B003,136.6875,129.76330497857145,6.924195021428545
2017-08-21 16:00:00,B002,323.0,323.74837411394634,0.7483741139463405
2017-08-21 16:00:00,B001,82.5,86.50038244611528,4.000382446115282
2017-08-21 17:00:00,B003,122.5,130.14421292063486,7.644212920634857
2017-08-21 17:00:00,B002,301.5,312.1042117978949,10.60421179789489
2017-08-21 17:00:00,B001,79.75,73.71815142063494,6.031848579365061
2017-08-21 18:00:00,B003,99.0,104.13111580238096,5.131115802380961
2017-08-21 18:00:00,B002,287.0,284.33946239899745,2.660537601002545
2017-08-21 18:00:00,B001,53.75,68.68722078151264,14.937220781512636
2017-08-21 19:00:00,B003,82.625,85.18162806930809,2.55662806930809
2017-08-21 19:00:00,B002,281.5,271.10882520801044,10.391174791989556
2017-08-21 19:00:00,B001,43.0,48.492893534887486,5.492893534887486
2017-08-21 20:00:00,B001,41.75,42.21816095037139,0.4681609503713915
2017-08-21 20:00:00,B003,66.9685,72.37284132044194,5.4043413204419295
2017-08-21 20:00:00,B002,268.0,263.6436405761288,4.356359423871197
2017-08-21 21:00:00,B002,262.5,256.97941100560496,5.520588994395041
2017-08-21 21:00:00,B003,57.875,60.37943367993243,2.5044336799324327
2017-08-21 21:00:00,B001,41.25,41.557698908146826,0.30769890814682554
2017-08-21 22:00:00,B001,40.0,41.01301999587885,1.0130199958788495
2017-08-21 22:00:00,B003,51.969,54.44910562383813,2.480105623838128
2017-08-21 22:00:00,B002,260.5,255.255090410343,5.244909589656999
2017-08-21 23:00:00,B001,41.25,40.946199178431975,0.303800821568025
2017-08-21 23:00:00,B002,259.5,251.85202938803113,7.647970611968873
2017-08-21 23:00:00,B003,49.03100000000001,50.658451993661565,1.627451993661552
2017-08-22 00:00:00,B002,251.6667,246.18237280343024,5.484327196569751
2017-08-22 00:00:00,B003,45.0417,47.684419284589005,2.642719284589006
2017-08-22 00:00:00,B001,40.25,41.61627992906249,1.3662799290624932
2017-08-22 01:00:00,B002,260.6667,249.4833704927663,11.18332950723368
2017-08-22 01:00:00,B003,43.5313,44.49934558836955,0.9680455883695487
2017-08-22 01:00:00,B001,38.8333,40.33735942485002,1.5040594248500199
2017-08-22 02:00:00,B003,43.28100000000001,44.08800705406792,0.8070070540679097
2017-08-22 02:00:00,B002,258.0,253.21020833946852,4.789791660531478
2017-08-22 02:00:00,B001,41.75,39.5283276117444,2.221672388255598
2017-08-22 03:00:00,B002,255.5,253.38866762211154,2.111332377888459
2017-08-22 03:00:00,B003,43.1565,43.513681239230976,0.3571812392309752
2017-08-22 03:00:00,B001,39.5,41.779236615539965,2.279236615539965
2017-08-22 04:00:00,B002,256.5,251.29370545655902,5.2062945434409755
2017-08-22 04:00:00,B001,40.25,39.76792582955524,0.4820741704447613
2017-08-22 04:00:00,B003,43.15600000000001,43.28617930735755,0.1301793073575368
2017-08-22 05:00:00,B002,256.0,252.0458010557974,3.954198944202602
2017-08-22 05:00:00,B003,42.7815,43.418545539050676,0.6370455390506748
2017-08-22 05:00:00,B001,41.0,40.8122482292648,0.187751770735197
2017-08-22 06:00:00,B002,257.5,251.81982012230029,5.6801798776997146
2017-08-22 06:00:00,B001,42.0,42.09811825327439,0.09811825327439294
2017-08-22 06:00:00,B003,48.0935,47.06109372169901,1.0324062783009893
2017-08-22 07:00:00,B001,43.5,43.00715914830775,0.4928408516922502
2017-08-22 07:00:00,B002,264.0,256.6093704085189,7.390629591481115
2017-08-22 07:00:00,B003,61.5315,58.52979054476897,3.0017094552310297
2017-08-22 08:00:00,B002,271.0,267.8889451217693,3.111054878230675
2017-08-22 08:00:00,B003,65.9685,69.02647106018655,3.0579710601865457
2017-08-22 08:00:00,B001,45.5,44.41391467284114,1.0860853271588624
2017-08-22 09:00:00,B003,96.125,88.15867938400483,7.966320615995173
2017-08-22 09:00:00,B001,56.5,58.995750781342956,2.495750781342956
2017-08-22 09:00:00,B002,263.5,287.3301246539136,23.830124653913572
2017-08-22 10:00:00,B001,72.0,66.6623748825469,5.337625117453101
2017-08-22 10:00:00,B002,308.0,289.8379396242394,18.162060375760575
2017-08-22 10:00:00,B003,108.1565,110.6276069111421,2.471106911142101
2017-08-22 11:00:00,B001,75.25,80.09166962688548,4.841669626885476
2017-08-22 11:00:00,B003,120.25,120.01311214285715,0.23688785714284677
2017-08-22 11:00:00,B002,316.5,325.0389540948247,8.538954094824703
2017-08-22 12:00:00,B001,82.25,77.84791759340786,4.402082406592143
2017-08-22 12:00:00,B003,123.906,123.37985744357069,0.5261425564293205
2017-08-22 12:00:00,B002,315.0,329.2006100474753,14.200610047475323
2017-08-22 13:00:00,B003,131.875,125.57023275304664,6.304767246953361
2017-08-22 13:00:00,B002,313.5,329.4582848544358,15.958284854435817
2017-08-22 13:00:00,B001,89.75,84.22372223809528,5.526277761904723
2017-08-22 14:00:00,B002,303.0,323.67947092293923,20.67947092293923
2017-08-22 14:00:00,B001,86.75,91.258328445596,4.508328445596007
2017-08-22 14:00:00,B003,134.6875,129.59001515263353,5.097484847366474
2017-08-22 15:00:00,B002,330.5,311.2577706776192,19.24222932238081
2017-08-22 15:00:00,B003,134.594,134.8943709383684,0.3003709383684168
2017-08-22 15:00:00,B001,92.0,88.44782524314574,3.5521747568542565
2017-08-22 16:00:00,B002,344.0,325.4086293800675,18.59137061993249
2017-08-22 16:00:00,B003,135.0625,135.03939340939155,0.02310659060844955
2017-08-22 16:00:00,B001,93.0,92.78044598835983,0.2195540116401702
2017-08-22 17:00:00,B002,324.0,332.0766923746033,8.076692374603283
2017-08-22 17:00:00,B003,128.0935,128.69335962962964,0.5998596296296341
2017-08-22 17:00:00,B001,87.25,87.83469215555553,0.5846921555555298
2017-08-22 18:00:00,B001,77.75,70.45943112349752,7.290568876502476
2017-08-22 18:00:00,B003,101.719,106.4485241309524,4.729524130952413
2017-08-22 18:00:00,B002,303.5,305.6232567150385,2.123256715038508
2017-08-22 19:00:00,B003,87.75,86.78867225386945,0.96132774613055
2017-08-22 19:00:00,B001,62.0,65.78942043018016,3.789420430180158
2017-08-22 19:00:00,B002,292.5,287.6865348780825,4.813465121917488
2017-08-22 20:00:00,B003,71.0625,75.22060598351182,4.158105983511817
2017-08-22 20:00:00,B001,41.25,51.8851405568783,10.635140556878298
2017-08-22 20:00:00,B002,281.0,272.91269625685015,8.087303743149846
2017-08-22 21:00:00,B001,42.0,41.67473377139023,0.3252662286097703
2017-08-22 21:00:00,B002,263.5,269.2811439649499,5.781143964949877
2017-08-22 21:00:00,B003,59.53100000000001,63.91818935112534,4.387189351125329
2017-08-22 22:00:00,B002,256.5,251.32701358202254,5.172986417977455
2017-08-22 22:00:00,B003,50.25,57.07640463551717,6.8264046355171715
2017-08-22 22:00:00,B001,39.75,41.62790199504772,1.877901995047722
2017-08-22 23:00:00,B003,47.469,49.05206447422343,1.583064474223427
2017-08-22 23:00:00,B001,41.25,40.18379273684667,1.0662072631533306
2017-08-22 23:00:00,B002,259.5,248.5691823454842,10.930817654515806
2017-08-23 00:00:00,B002,240.1667,245.74937562706745,5.582675627067459
2017-08-23 00:00:00,B001,40.0833,41.869214628514655,1.7859146285146537
2017-08-23 00:00:00,B003,47.3853,46.51093154964831,0.8743684503516889
2017-08-23 01:00:00,B002,246.5,239.10020745866058,7.399792541339423
2017-08-23 01:00:00,B001,40.1667,39.95937071806211,0.2073292819378878
2017-08-23 01:00:00,B003,45.8853,47.11573673793292,1.2304367379329193
2017-08-23 02:00:00,B001,39.25,40.63642346814447,1.3864234681444714
2017-08-23 02:00:00,B002,249.5,243.5573157340325,5.9426842659675
2017-08-23 02:00:00,B003,45.469,45.180846675142455,0.2881533248575465
2017-08-23 03:00:00,B001,40.0,40.056923698476645,0.0569236984766448
2017-08-23 03:00:00,B002,245.0,245.09675374430333,0.09675374430332795
2017-08-23 03:00:00,B003,44.90600000000001,45.108673147357855,0.20267314735784225
2017-08-23 04:00:00,B001,40.5,40.57460955234309,0.07460955234309097
2017-08-23 04:00:00,B002,242.0,243.5717308886092,1.5717308886092098
2017-08-23 04:00:00,B003,44.8125,44.26331059071932,0.5491894092806788
2017-08-23 05:00:00,B001,39.25,40.906454838341475,1.6564548383414746
2017-08-23 05:00:00,B002,240.5,239.28427915654524,1.2157208434547613
2017-08-23 05:00:00,B003,44.7815,44.268544974663996,0.5129550253360051
2017-08-23 06:00:00,B002,247.5,239.36395685098609,8.136043149013915
2017-08-23 06:00:00,B001,42.25,40.0947148277093,2.1552851722906965
2017-08-23 06:00:00,B003,49.65600000000001,49.206259500181154,0.44974049981885855
2017-08-23 07:00:00,B003,66.9065,62.11998333371105,4.7865166662889465
2017-08-23 07:00:00,B001,43.0,43.070546135655455,0.07054613565545509
2017-08-23 07:00:00,B002,251.5,251.32135737643839,0.17864262356161476
2017-08-23 08:00:00,B003,69.8125,72.07811876133609,2.2656187613360856
2017-08-23 08:00:00,B001,44.25,44.40124767671207,0.1512476767120674
2017-08-23 08:00:00,B002,253.5,260.8768123412698,7.376812341269783
2017-08-23 09:00:00,B001,59.5,57.25710868224953,2.2428913177504697
2017-08-23 09:00:00,B002,281.0,284.9935786840531,3.993578684053091
2017-08-23 09:00:00,B003,101.6875,94.94238172276565,6.745118277234354
2017-08-23 10:00:00,B002,296.0,294.43790118570604,1.562098814293961
2017-08-23 10:00:00,B003,115.031,119.70120387866035,4.670203878660345
2017-08-23 10:00:00,B001,73.0,72.59724026987453,0.4027597301254673
2017-08-23 11:00:00,B003,121.344,126.99199182539678,5.647991825396787
2017-08-23 11:00:00,B002,299.5,312.3322939459407,12.832293945940705
2017-08-23 11:00:00,B001,76.75,80.66113063027045,3.911130630270449
2017-08-23 12:00:00,B002,323.0,314.994060408412,8.005939591588003
2017-08-23 12:00:00,B001,79.75,80.34610116296221,0.5961011629622135
2017-08-23 12:00:00,B003,128.781,122.76672237153439,6.014277628465621
2017-08-23 13:00:00,B001,80.5,82.6778550952381,2.177855095238101
2017-08-23 13:00:00,B002,335.5,326.16784556564824,9.332154434351764
2017-08-23 13:00:00,B003,129.5625,130.73337626001776,1.1708762600177636
2017-08-23 14:00:00,B001,81.0,81.98828500000003,0.9882850000000332
2017-08-23 14:00:00,B002,313.5,326.5245464892251,13.024546489225088
2017-08-23 14:00:00,B003,133.7815,128.88751186663146,4.893988133368538
2017-08-23 15:00:00,B002,316.5,320.76447975609176,4.2644797560917596
2017-08-23 15:00:00,B001,86.25,83.52054544444447,2.7294545555555345
2017-08-23 15:00:00,B003,131.9375,135.38645568145142,3.448955681451423
2017-08-23 16:00:00,B001,87.25,89.83959161904758,2.5895916190475816
2017-08-23 16:00:00,B002,329.5,318.65805325571085,10.841946744289146
2017-08-23 16:00:00,B003,132.875,130.9428973209119,1.9321026790881035
2017-08-23 17:00:00,B002,313.0,321.9311306719576,8.93113067195759
2017-08-23 17:00:00,B003,130.0,126.60568820238103,3.3943117976189683
2017-08-23 17:00:00,B001,84.75,84.72196031587303,0.028039684126966335
2017-08-23 18:00:00,B001,74.0,72.49431965968805,1.5056803403119545
2017-08-23 18:00:00,B003,104.4685,106.19653969444445,1.7280396944444476
2017-08-23 18:00:00,B002,294.5,297.4005755066321,2.9005755066320944
2017-08-23 19:00:00,B003,86.5315,89.46989752532934,2.93839752532935
2017-08-23 19:00:00,B002,274.5,279.41135413116865,4.91135413116865
2017-08-23 19:00:00,B001,63.25,62.34758487963919,0.9024151203608071
2017-08-23 20:00:00,B001,48.25,51.04790715872309,2.797907158723092
2017-08-23 20:00:00,B003,71.5935,74.29768661186358,2.7041866118635767
2017-08-23 20:00:00,B002,253.0,260.5116453703471,7.5116453703470825
2017-08-23 21:00:00,B001,43.25,46.10995786961298,2.859957869612977
2017-08-23 21:00:00,B002,253.0,244.97069035755894,8.029309642441063
2017-08-23 21:00:00,B003,60.844,64.41820985192726,3.5742098519272574
2017-08-23 22:00:00,B001,42.0,42.90489988369944,0.9048998836994429
2017-08-23 22:00:00,B003,55.2185,55.77374393996397,0.5552439399639724
2017-08-23 22:00:00,B002,239.5,244.5758250980262,5.0758250980262005
2017-08-23 23:00:00,B001,44.25,41.996690065969545,2.2533099340304545
2017-08-23 23:00:00,B003,50.5625,50.018115161068394,0.5443848389316059
2017-08-23 23:00:00,B002,236.0,234.23963845193114,1.7603615480688575
2017-08-24 00:00:00,B002,222.1667,233.2452851058911,11.078585105891108
2017-08-24 00:00:00,B003,45.9376,48.45552429166939,2.517924291669388
2017-08-24 00:00:00,B001,41.5,42.43605570824897,0.936055708248972
2017-08-24 01:00:00,B001,41.9167,40.84363889719964,1.0730611028003594
2017-08-24 01:00:00,B003,45.7188,44.837461824541364,0.8813381754586374
2017-08-24 01:00:00,B002,227.6667,219.04536142106002,8.62133857893997
2017-08-24 02:00:00,B002,228.5,225.00020139014018,3.4997986098598233
2017-08-24 02:00:00,B001,41.75,41.790056950910056,0.040056950910056344
2017-08-24 02:00:00,B003,43.344,45.13700744617813,1.7930074461781302
2017-08-24 03:00:00,B001,43.25,41.0228635662194,2.2271364337806006
2017-08-24 03:00:00,B002,221.0,226.1600258418432,5.160025841843208
2017-08-24 03:00:00,B003,44.5625,43.40150891339865,1.1609910866013493
2017-08-24 04:00:00,B001,41.75,42.35381666247624,0.6038166624762411
2017-08-24 04:00:00,B002,220.0,219.96012625720687,0.039873742793133715
2017-08-24 04:00:00,B003,44.25,44.29808629154523,0.04808629154523203
2017-08-24 05:00:00,B002,217.5,219.57122667028622,2.0712266702862223
2017-08-24 05:00:00,B003,43.53100000000001,44.13730570593009,0.606305705930076
2017-08-24 05:00:00,B001,41.25,41.350487539563574,0.10048753956357359
2017-08-24 06:00:00,B002,221.5,215.534329784862,5.9656702151380046
2017-08-24 06:00:00,B003,49.344,48.42562233415862,0.9183776658413834
2017-08-24 06:00:00,B001,44.0,41.47867195215399,2.521328047846012
2017-08-24 07:00:00,B003,64.781,60.587059959553805,4.193940040446201
2017-08-24 07:00:00,B002,231.5,226.68912995696286,4.810870043037141
2017-08-24 07:00:00,B001,44.0,44.32870587302924,0.3287058730292429
2017-08-24 08:00:00,B002,231.0,240.0222246087896,9.0222246087896
2017-08-24 08:00:00,B001,44.0,44.468178923043745,0.46817892304374453
2017-08-24 08:00:00,B003,70.0315,70.54864210638814,0.5171421063881496
2017-08-24 09:00:00,B003,95.8125,94.08846518214486,1.7240348178551415
2017-08-24 09:00:00,B002,266.0,264.29011907989417,1.7098809201058316
2017-08-24 09:00:00,B001,58.5,56.82154196395786,1.6784580360421373
2017-08-24 10:00:00,B003,105.5935,111.0483258048339,5.454825804833888
2017-08-24 10:00:00,B001,69.0,71.1485147385627,2.148514738562696
2017-08-24 10:00:00,B002,268.0,287.8967591499243,19.89675914992432
2017-08-24 11:00:00,B003,117.344,116.16004154334621,1.1839584566537837
2017-08-24 11:00:00,B001,75.5,83.91533986764861,8.415339867648612
2017-08-24 11:00:00,B002,275.0,292.0930376831072,17.093037683107184
2017-08-24 12:00:00,B002,301.0,294.0983061246703,6.901693875329727
2017-08-24 12:00:00,B003,124.75,121.20712438647533,3.5428756135246715
2017-08-24 12:00:00,B001,82.0,79.2649907564095,2.735009243590497
2017-08-24 13:00:00,B002,318.0,318.58450396316834,0.5845039631683449
2017-08-24 13:00:00,B003,128.125,127.25705112794972,0.8679488720502775
2017-08-24 13:00:00,B001,81.75,85.46038602063491,3.710386020634914
2017-08-24 14:00:00,B003,129.875,128.04376790168476,1.8312320983152404
2017-08-24 14:00:00,B001,85.0,83.81922420846563,1.1807757915343728
2017-08-24 14:00:00,B002,353.5,328.6751036900604,24.824896309939618
2017-08-24 15:00:00,B003,129.906,130.84950200581562,0.9435020058156169
2017-08-24 15:00:00,B002,342.0,342.4924073710031,0.4924073710030825
2017-08-24 15:00:00,B001,84.0,88.1403445746031,4.140344574603105
2017-08-24 16:00:00,B003,128.5315,129.93788588852235,1.406385888522351
2017-08-24 16:00:00,B002,327.0,340.3399796177538,13.339979617753784
2017-08-24 16:00:00,B001,82.75,85.59432084761904,2.844320847619045
2017-08-24 17:00:00,B002,315.0,318.5643806884843,3.5643806884842775
2017-08-24 17:00:00,B003,120.2185,122.20467683333328,1.9861768333332748
2017-08-24 17:00:00,B001,81.75,74.78827382865751,6.961726171342491
2017-08-24 18:00:00,B003,98.719,103.12110761507937,4.402107615079373
2017-08-24 18:00:00,B002,290.5,293.2239305198413,2.7239305198413035
2017-08-24 18:00:00,B001,72.5,69.97541484155843,2.5245851584415675
2017-08-24 19:00:00,B001,61.25,62.2697836829126,1.0197836829126032
2017-08-24 19:00:00,B003,82.9685,84.3493819146904,1.3808819146903915
2017-08-24 19:00:00,B002,274.5,275.7853959495225,1.285395949522524
2017-08-24 20:00:00,B001,43.25,51.23394289304523,7.983942893045231
2017-08-24 20:00:00,B003,70.75,73.6619085105112,2.9119085105111964
2017-08-24 20:00:00,B002,254.5,261.3314692219743,6.8314692219743165
2017-08-24 21:00:00,B001,40.25,42.89813861944328,2.64813861944328
2017-08-24 21:00:00,B002,242.5,244.18482816995254,1.6848281699525387
2017-08-24 21:00:00,B003,59.0,63.04414206447606,4.044142064476063
2017-08-24 22:00:00,B001,42.0,40.86789724044309,1.1321027595569078
2017-08-24 22:00:00,B002,237.5,237.1568603992417,0.34313960075829186
2017-08-24 22:00:00,B003,53.4065,55.90300719525067,2.496507195250672
2017-08-24 23:00:00,B001,39.75,42.055390184006086,2.305390184006086
2017-08-24 23:00:00,B003,48.15600000000001,50.94630482128882,2.7903048212888066
2017-08-24 23:00:00,B002,224.5,235.60525328251188,11.105253282511882
2017-08-25 00:00:00,B001,41.0833,42.47086309566089,1.3875630956608873
2017-08-25 00:00:00,B003,48.7813,47.21943189159658,1.5618681084034236
2017-08-25 00:00:00,B002,228.3333,223.8953797075692,4.437920292430817
2017-08-25 01:00:00,B002,227.5,227.055655749845,0.44434425015501233
2017-08-25 01:00:00,B001,39.3333,41.132410150520236,1.7991101505202352
2017-08-25 01:00:00,B003,44.7498,48.500967085368075,3.751167085368074
2017-08-25 02:00:00,B003,44.094,44.32432586757818,0.23032586757818052
2017-08-25 02:00:00,B001,39.75,39.3837340435881,0.3662659564119011
2017-08-25 02:00:00,B002,219.5,225.78630720009514,6.286307200095138
2017-08-25 03:00:00,B003,43.875,44.02782437995772,0.15282437995772113
2017-08-25 03:00:00,B002,220.0,218.87686839551208,1.1231316044879236
2017-08-25 03:00:00,B001,41.25,40.17417879354212,1.0758212064578814
2017-08-25 04:00:00,B003,43.3125,43.89977237372327,0.5872723737232732
2017-08-25 04:00:00,B002,219.0,218.70014581797832,0.2998541820216758
2017-08-25 04:00:00,B001,40.25,41.026697672573135,0.7766976725731354
2017-08-25 05:00:00,B003,42.90600000000001,43.131457395804134,0.2254573958041206
2017-08-25 05:00:00,B001,39.75,40.60291447572928,0.8529144757292784
2017-08-25 05:00:00,B002,222.5,216.82483940774245,5.675160592257555
2017-08-25 06:00:00,B003,48.1875,46.89791058843075,1.2895894115692528
2017-08-25 06:00:00,B002,222.0,226.07140377394245,4.07140377394245
2017-08-25 06:00:00,B001,42.0,40.29040164423972,1.7095983557602779
2017-08-25 07:00:00,B003,62.969,61.72099687555829,1.2480031244417091
2017-08-25 07:00:00,B002,223.5,225.56950647658485,2.0695064765848485
2017-08-25 07:00:00,B001,43.75,42.76437446255921,0.9856255374407894
2017-08-25 08:00:00,B002,227.0,232.98236935644667,5.982369356446668
2017-08-25 08:00:00,B001,44.75,44.41517280760497,0.3348271923950321
2017-08-25 08:00:00,B003,69.3435,70.14844064843757,0.8049406484375652
2017-08-25 09:00:00,B002,252.5,253.97884922072865,1.478849220728648
2017-08-25 09:00:00,B003,95.5625,91.38136699497123,4.181133005028769
2017-08-25 09:00:00,B001,58.5,57.01021492527503,1.4897850747249706
2017-08-25 10:00:00,B001,71.25,68.87177637988572,2.3782236201142837
2017-08-25 10:00:00,B002,263.0,281.76744660288347,18.767446602883467
2017-08-25 10:00:00,B003,106.4065,110.09529069881363,3.6887906988136336
2017-08-25 11:00:00,B002,278.0,288.9045441247807,10.904544124780728
2017-08-25 11:00:00,B003,121.8125,117.11188562292773,4.70061437707227
2017-08-25 11:00:00,B001,78.75,79.61347781698173,0.8634778169817281
2017-08-25 12:00:00,B001,79.75,81.39527747526564,1.6452774752656438
2017-08-25 12:00:00,B003,124.375,123.29986393187426,1.0751360681257438
2017-08-25 12:00:00,B002,297.5,298.5230976028956,1.0230976028955752
2017-08-25 13:00:00,B001,86.0,82.46084885129488,3.539151148705116
2017-08-25 13:00:00,B003,123.4375,126.69407281376157,3.256572813761565
2017-08-25 13:00:00,B002,306.0,312.06364265677377,6.063642656773766
2017-08-25 14:00:00,B001,83.75,86.78837235081626,3.0383723508162603
2017-08-25 14:00:00,B002,293.0,312.90750317324165,19.90750317324165
2017-08-25 14:00:00,B003,130.031,125.32216124986897,4.7088387501310365
2017-08-25 15:00:00,B003,130.5625,130.88984758032154,0.3273475803215433
2017-08-25 15:00:00,B002,311.5,316.0250358468721,4.525035846872072
2017-08-25 15:00:00,B001,83.25,85.59215793756614,2.3421579375661423
2017-08-25 16:00:00,B001,82.0,84.1560892857143,2.1560892857143017
2017-08-25 16:00:00,B003,131.0,130.4418715955378,0.5581284044621952
2017-08-25 16:00:00,B002,303.0,318.6092221665184,15.609222166518407
2017-08-25 17:00:00,B001,82.0,76.38899082653307,5.611009173466925
2017-08-25 17:00:00,B003,116.219,117.191921265873,0.972921265873012
2017-08-25 17:00:00,B002,285.5,288.97150436513505,3.471504365135047
2017-08-25 18:00:00,B003,100.0625,98.6812029059829,1.3812970940170999
2017-08-25 18:00:00,B002,270.0,282.06152959313727,12.061529593137266
2017-08-25 18:00:00,B001,78.75,71.8726264784711,6.877373521528895
2017-08-25 19:00:00,B002,256.5,256.3288439826672,0.17115601733280528
2017-08-25 19:00:00,B003,85.4375,86.01753225804352,0.5800322580435164
2017-08-25 19:00:00,B001,55.25,61.250624375800705,6.0006243758007045
2017-08-25 20:00:00,B003,80.4685,75.67899154901204,4.789508450987967
2017-08-25 20:00:00,B001,51.25,48.98876385627706,2.2612361437229396
2017-08-25 20:00:00,B002,244.5,246.8560873538894,2.356087353889393
2017-08-25 21:00:00,B001,46.5,48.065651758289455,1.5656517582894551
2017-08-25 21:00:00,B003,74.9375,68.9717838264136,5.965716173586401
2017-08-25 21:00:00,B002,236.5,235.24336990159702,1.2566300984029795
2017-08-25 22:00:00,B001,44.25,45.42644015611443,1.176440156114431
2017-08-25 22:00:00,B003,66.719,62.93035901153751,3.7886409884624825
2017-08-25 22:00:00,B002,231.5,230.64494812315442,0.8550518768455788
2017-08-25 23:00:00,B001,41.5,43.1023083905487,1.6023083905487
2017-08-25 23:00:00,B003,57.3435,57.57621370002323,0.23271370002323266
2017-08-25 23:00:00,B002,233.5,225.9531167148696,7.546883285130406
2017-08-26 00:00:00,B003,51.25,52.0307985055286,0.7807985055286011
2017-08-26 00:00:00,B002,230.8333,229.486139677392,1.347160322608005
2017-08-26 00:00:00,B001,41.8333,41.97895629679752,0.1456562967975188
2017-08-26 01:00:00,B001,42.5,41.183128452796105,1.3168715472038954
2017-08-26 01:00:00,B002,227.8333,228.93487086070925,1.101570860709245
2017-08-26 01:00:00,B003,52.4375,49.730897960958345,2.7066020390416554
2017-08-26 02:00:00,B001,41.0,41.85969522978223,0.8596952297822327
2017-08-26 02:00:00,B003,51.1875,50.99592397221515,0.19157602778484772
2017-08-26 02:00:00,B002,210.5,225.04310553277048,14.543105532770483
2017-08-26 03:00:00,B003,50.875,53.04251303499493,2.1675130349949328
2017-08-26 03:00:00,B001,43.25,40.924280128519925,2.325719871480075
2017-08-26 03:00:00,B002,213.5,210.51304194875647,2.9869580512435334
2017-08-26 04:00:00,B001,41.75,42.58423021031424,0.8342302103142387
2017-08-26 04:00:00,B003,49.3125,49.45839202275087,0.14589202275087132
2017-08-26 04:00:00,B002,209.0,213.4900268289707,4.490026828970713
2017-08-26 05:00:00,B003,48.9375,48.56621650926326,0.3712834907367366
2017-08-26 05:00:00,B001,42.25,41.51896140029614,0.731038599703858
2017-08-26 05:00:00,B002,209.5,209.22620731960623,0.27379268039376825
2017-08-26 06:00:00,B003,47.2815,49.617078178253266,2.3355781782532645
2017-08-26 06:00:00,B002,209.0,210.00562620659517,1.005626206595167
2017-08-26 06:00:00,B001,42.25,41.92960307998586,0.3203969200141401
2017-08-26 07:00:00,B002,213.0,209.7146240899344,3.2853759100655964
2017-08-26 07:00:00,B003,48.5,48.777615145616046,0.2776151456160463
2017-08-26 07:00:00,B001,44.25,42.24856717321931,2.001432826780693
2017-08-26 08:00:00,B003,51.65600000000001,50.954977907246914,0.7010220927530995
2017-08-26 08:00:00,B001,43.0,44.03462514404931,1.0346251440493077
2017-08-26 08:00:00,B002,214.5,215.77052896041988,1.270528960419881
2017-08-26 09:00:00,B001,46.75,44.32691639227094,2.423083607729062
2017-08-26 09:00:00,B003,69.3125,54.6188847683179,14.693615231682102
2017-08-26 09:00:00,B002,228.5,218.68465342107854,9.815346578921464
2017-08-26 10:00:00,B001,48.75,48.31381554855638,0.43618445144362283
2017-08-26 10:00:00,B003,71.4065,73.24684679298943,1.8403467929894362
2017-08-26 10:00:00,B002,227.0,234.10918629116563,7.109186291165628
2017-08-26 11:00:00,B002,239.0,234.9482064002134,4.051793599786606
2017-08-26 11:00:00,B001,52.75,50.329099919335995,2.420900080664005
2017-08-26 11:00:00,B003,73.875,74.77178366586132,0.8967836658613209
2017-08-26 12:00:00,B002,253.0,244.62014538671997,8.379854613280031
2017-08-26 12:00:00,B001,55.75,55.67188689225959,0.07811310774040692
2017-08-26 12:00:00,B003,77.0,77.58233412393163,0.5823341239316306
2017-08-26 13:00:00,B003,75.0625,78.35483976587025,3.2923397658702527
2017-08-26 13:00:00,B002,267.0,261.3894577021163,5.610542297883683
2017-08-26 13:00:00,B001,55.75,58.39338571535451,2.643385715354512
2017-08-26 14:00:00,B003,77.281,77.11551817218972,0.1654818278102823
2017-08-26 14:00:00,B001,61.0,57.04665472734705,3.953345272652953
2017-08-26 14:00:00,B002,274.5,288.3000238095237,13.80002380952368
2017-08-26 15:00:00,B003,77.219,77.68897736192584,0.4699773619258423
2017-08-26 15:00:00,B002,271.0,286.69277157318936,15.692771573189361
2017-08-26 15:00:00,B001,60.5,59.19954158435986,1.3004584156401435
2017-08-26 16:00:00,B002,255.0,281.00170067716715,26.00170067716715
2017-08-26 16:00:00,B003,79.5935,76.5930677793855,3.000432220614499
2017-08-26 16:00:00,B001,63.0,59.03698059816811,3.963019401831893
2017-08-26 17:00:00,B002,249.5,254.9819259763685,5.481925976368501
2017-08-26 17:00:00,B003,76.719,74.85837581481896,1.8606241851810381
2017-08-26 17:00:00,B001,54.75,62.67274633364597,7.922746333645968
2017-08-26 18:00:00,B003,69.656,73.14180949031213,3.4858094903121213
2017-08-26 18:00:00,B001,53.5,50.820129159503125,2.679870840496875
2017-08-26 18:00:00,B002,251.5,246.07691324036307,5.423086759636931
2017-08-26 19:00:00,B003,66.4065,64.63348726906993,1.7730127309300627
2017-08-26 19:00:00,B001,46.75,53.45582030140432,6.705820301404323
2017-08-26 19:00:00,B002,254.0,247.00982056167365,6.990179438326351
2017-08-26 20:00:00,B002,245.0,244.6546271672682,0.34537283273181174
2017-08-26 20:00:00,B003,65.4375,63.539385970433344,1.8981140295666563
2017-08-26 20:00:00,B001,43.5,45.24992206352399,1.7499220635239894
2017-08-26 21:00:00,B001,41.75,43.12690277006205,1.3769027700620526
2017-08-26 21:00:00,B002,238.0,234.94547653242756,3.0545234675724373
2017-08-26 21:00:00,B003,57.03100000000001,61.858404623928266,4.827404623928253
2017-08-26 22:00:00,B001,42.5,41.664474742439,0.8355252575610024
2017-08-26 22:00:00,B002,240.5,233.9190661698584,6.580933830141589
2017-08-26 22:00:00,B003,54.0315,55.14975129503002,1.1182512950300207
2017-08-26 23:00:00,B001,41.25,41.66780467969326,0.41780467969326196
2017-08-26 23:00:00,B002,242.0,235.63118316158773,6.368816838412272
2017-08-26 23:00:00,B003,50.75,53.238513502989626,2.488513502989626
2017-08-27 00:00:00,B001,41.1667,41.54946711228882,0.38276711228882476
2017-08-27 00:00:00,B003,48.75,50.001396044324345,1.2513960443243448
2017-08-27 00:00:00,B002,231.8333,233.57466341636746,1.7413634163674487
2017-08-27 01:00:00,B003,50.375,49.26641899747717,1.1085810025228326
2017-08-27 01:00:00,B001,40.8333,41.12393982315071,0.29063982315070547
2017-08-27 01:00:00,B002,229.0,226.81022548488585,2.189774515114152
2017-08-27 02:00:00,B001,41.5,40.59051316445072,0.9094868355492807
2017-08-27 02:00:00,B002,218.5,224.75369359814547,6.253693598145475
2017-08-27 02:00:00,B003,49.4685,49.333006344102344,0.13549365589765472
2017-08-27 03:00:00,B002,221.0,217.87086996046904,3.1291300395309634
2017-08-27 03:00:00,B003,48.0315,49.365396644841695,1.333896644841694
2017-08-27 03:00:00,B001,40.5,41.6398072498029,1.1398072498028995
2017-08-27 04:00:00,B003,46.9685,47.67197607174155,0.703476071741548
2017-08-27 04:00:00,B002,210.5,217.87249413207113,7.372494132071125
2017-08-27 04:00:00,B001,40.0,40.5683027225521,0.5683027225520974
2017-08-27 05:00:00,B001,40.5,40.33574177607423,0.1642582239257706
2017-08-27 05:00:00,B003,46.5625,46.55858754550131,0.003912454498689044
2017-08-27 05:00:00,B002,205.0,209.8231455037361,4.8231455037361
2017-08-27 06:00:00,B001,41.0,40.58696805343387,0.41303194656612874
2017-08-27 06:00:00,B003,46.75,46.79077014600502,0.04077014600502338
2017-08-27 06:00:00,B002,206.5,203.9529902256708,2.5470097743292115
2017-08-27 07:00:00,B001,40.0,41.223424750664385,1.2234247506643854
2017-08-27 07:00:00,B003,45.75,47.55793457478761,1.807934574787609
2017-08-27 07:00:00,B002,213.0,206.10455747589808,6.895442524101924
2017-08-27 08:00:00,B002,209.0,215.6707653969401,6.670765396940112
2017-08-27 08:00:00,B001,39.75,40.524500648464176,0.7745006484641763
2017-08-27 08:00:00,B003,45.344,46.8113026096625,1.4673026096624966
2017-08-27 09:00:00,B001,42.25,41.04895907155744,1.2010409284425592
2017-08-27 09:00:00,B003,61.53100000000001,53.084430904477216,8.446569095522797
2017-08-27 09:00:00,B002,209.0,211.9748205699739,2.9748205699739003
2017-08-27 10:00:00,B002,216.5,214.82619248617434,1.6738075138256647
2017-08-27 10:00:00,B001,41.0,43.563733161864725,2.563733161864725
2017-08-27 10:00:00,B003,63.4375,63.35009771082976,0.0874022891702424
2017-08-27 11:00:00,B002,230.0,228.2869476886088,1.713052311391209
2017-08-27 11:00:00,B001,43.75,44.78257075677158,1.0325707567715767
2017-08-27 11:00:00,B003,66.8125,65.47686817768924,1.3356318223107593
2017-08-27 12:00:00,B003,68.75,66.44832768794572,2.3016723120542792
2017-08-27 12:00:00,B001,44.25,46.10482080695864,1.8548208069586423
2017-08-27 12:00:00,B002,240.5,232.0365635237361,8.463436476263894
2017-08-27 13:00:00,B003,70.1875,70.62412295555556,0.4366229555555634
2017-08-27 13:00:00,B001,45.0,45.76364005558543,0.7636400555854266
2017-08-27 13:00:00,B002,244.0,246.5548260569273,2.554826056927311
2017-08-27 14:00:00,B003,71.6875,74.07747131297856,2.3899713129785596
2017-08-27 14:00:00,B001,46.75,45.668268907521885,1.0817310924781154
2017-08-27 14:00:00,B002,227.0,253.4261083269842,26.426108326984206
2017-08-27 15:00:00,B002,238.0,234.85241019750256,3.1475898024974356
2017-08-27 15:00:00,B001,47.0,47.97032517697272,0.9703251769727217
2017-08-27 15:00:00,B003,75.344,76.21348457307816,0.869484573078168
2017-08-27 16:00:00,B001,47.75,48.876034148390815,1.126034148390815
2017-08-27 16:00:00,B003,76.8435,74.73200566717301,2.111494332826993
2017-08-27 16:00:00,B002,235.0,238.39372303298634,3.393723032986344
2017-08-27 17:00:00,B001,47.25,47.786904342742226,0.5369043427422255
2017-08-27 17:00:00,B003,77.75,74.5763217921677,3.173678207832296
2017-08-27 17:00:00,B002,247.0,233.5140738547198,13.485926145280189
2017-08-27 18:00:00,B003,67.844,64.69279601876269,3.151203981237302
2017-08-27 18:00:00,B002,244.0,242.2074275919472,1.7925724080527914
2017-08-27 18:00:00,B001,45.75,46.44885654986131,0.6988565498613113
2017-08-27 19:00:00,B002,236.5,239.42705310586652,2.92705310586652
2017-08-27 19:00:00,B003,61.75,64.23992730570426,2.4899273057042564
2017-08-27 19:00:00,B001,44.25,43.215193618729714,1.0348063812702861
2017-08-27 20:00:00,B001,44.25,43.162375016140565,1.0876249838594347
2017-08-27 20:00:00,B003,58.1875,60.55304910683429,2.365549106834287
2017-08-27 20:00:00,B002,219.5,228.25958780595408,8.759587805954084
2017-08-27 21:00:00,B003,52.78100000000001,57.021372961680704,4.240372961680691
2017-08-27 21:00:00,B002,236.0,218.05939351414293,17.940606485857074
2017-08-27 21:00:00,B001,41.0,42.691034192218474,1.6910341922184742
2017-08-27 22:00:00,B001,42.25,41.12753680745132,1.122463192548679
2017-08-27 22:00:00,B003,51.5625,52.099680784712035,0.5371807847120351
2017-08-27 22:00:00,B002,232.5,228.99256048169238,3.5074395183076206
2017-08-27 23:00:00,B002,229.5,225.48470377008306,4.015296229916942
2017-08-27 23:00:00,B001,41.5,41.774735214589754,0.2747352145897537
2017-08-27 23:00:00,B003,48.25,51.01333378582705,2.763333785827051
2017-08-28 00:00:00,B003,48.2395,49.22296046354729,0.9834604635472886
2017-08-28 00:00:00,B001,41.25,42.544809498513054,1.2948094985130538
2017-08-28 00:00:00,B002,229.5,225.55858273179203,3.941417268207971
2017-08-28 01:00:00,B003,46.2815,48.37298101784119,2.09148101784119
2017-08-28 01:00:00,B002,229.8333,225.1303708669846,4.702929133015402
2017-08-28 01:00:00,B001,39.0833,41.36433206305479,2.281032063054788
2017-08-28 02:00:00,B003,45.0,46.030437608450754,1.0304376084507538
2017-08-28 02:00:00,B002,231.0,224.86809722436854,6.13190277563146
2017-08-28 02:00:00,B001,40.75,39.270437747382275,1.4795622526177254
2017-08-28 03:00:00,B001,38.25,40.98086117262311,2.730861172623108
2017-08-28 03:00:00,B003,45.5935,44.60970149356895,0.9837985064310502
2017-08-28 03:00:00,B002,227.0,232.25155066526082,5.251550665260822
2017-08-28 04:00:00,B001,39.0,38.871038696118546,0.12896130388145366
2017-08-28 04:00:00,B003,45.5,45.30708870073148,0.19291129926852335
2017-08-28 04:00:00,B002,224.0,225.00419276484928,1.0041927648492788
2017-08-28 05:00:00,B001,40.75,39.13440279364539,1.6155972063546074
2017-08-28 05:00:00,B002,221.0,222.93209818945112,1.9320981894511249
2017-08-28 05:00:00,B003,44.344,45.24958387420931,0.9055838742093059
2017-08-28 06:00:00,B001,38.75,41.606144215136226,2.8561442151362257
2017-08-28 06:00:00,B003,44.9685,47.856957248178226,2.888457248178227
2017-08-28 06:00:00,B002,214.0,217.36501072213895,3.3650107221389476
2017-08-28 07:00:00,B003,44.9065,48.09993205097352,3.19343205097352
2017-08-28 07:00:00,B001,39.75,39.5497812208785,0.20021877912149932
2017-08-28 07:00:00,B002,216.5,218.82757676251234,2.3275767625123365
2017-08-28 08:00:00,B003,44.8435,48.45816738622105,3.6146673862210505
2017-08-28 08:00:00,B001,40.75,42.873783804232794,2.1237838042327937
2017-08-28 08:00:00,B002,217.5,221.67618565467782,4.176185654677823
2017-08-28 09:00:00,B002,230.5,253.21441333650785,22.714413336507846
2017-08-28 09:00:00,B001,53.25,56.80348157858498,3.5534815785849787
2017-08-28 09:00:00,B003,66.969,64.76499349513072,2.2040065048692696
2017-08-28 10:00:00,B001,63.25,64.36124863650791,1.1112486365079093
2017-08-28 10:00:00,B003,69.125,82.92468112334345,13.799681123343447
2017-08-28 10:00:00,B002,242.5,255.34093027638409,12.840930276384086
2017-08-28 11:00:00,B001,67.25,74.33503725396825,7.0850372539682525
2017-08-28 11:00:00,B002,250.5,268.1405283761904,17.64052837619039
2017-08-28 11:00:00,B003,70.8125,89.75426105427546,18.94176105427546
2017-08-28 12:00:00,B003,75.5625,74.68403328835981,0.8784667116401863
2017-08-28 12:00:00,B001,66.25,71.67182485608464,5.4218248560846405
2017-08-28 12:00:00,B002,260.0,281.6390785376343,21.639078537634305
2017-08-28 13:00:00,B001,67.25,71.3694594929134,4.119459492913407
2017-08-28 13:00:00,B003,76.5,79.04592818976086,2.5459281897608577
2017-08-28 13:00:00,B002,263.5,293.3771075498585,29.877107549858522
2017-08-28 14:00:00,B002,256.0,291.8024803471582,35.80248034715822
2017-08-28 14:00:00,B001,66.25,70.66282688656422,4.412826886564218
2017-08-28 14:00:00,B003,79.2185,80.62719797706242,1.4086979770624168
2017-08-28 15:00:00,B003,83.5,90.15619575132277,6.65619575132277
2017-08-28 15:00:00,B002,254.0,283.4770252667349,29.477025266734927
2017-08-28 15:00:00,B001,68.25,70.69116549132613,2.4411654913261316
2017-08-28 16:00:00,B002,256.0,263.98243657359296,7.982436573592963
2017-08-28 16:00:00,B001,70.75,71.55101092301584,0.8010109230158378
2017-08-28 16:00:00,B003,84.6565,92.75772533650793,8.101225336507937
2017-08-28 17:00:00,B002,251.0,252.71228673591264,1.7122867359126417
2017-08-28 17:00:00,B001,69.5,67.74511374744789,1.7548862525521116
2017-08-28 17:00:00,B003,84.0935,90.24983157301584,6.156331573015834
2017-08-28 18:00:00,B002,254.0,247.1542330137565,6.84576698624349
2017-08-28 18:00:00,B001,54.0,56.44503992328042,2.4450399232804187
2017-08-28 18:00:00,B003,74.0,73.22223391020324,0.7777660897967564
2017-08-28 19:00:00,B002,256.0,243.20853543843336,12.791464561566642
2017-08-28 19:00:00,B001,47.25,48.45042836666666,1.2004283666666566
2017-08-28 19:00:00,B003,66.0625,65.69755655088427,0.36494344911572796
2017-08-28 20:00:00,B003,58.0625,61.59175301737951,3.52925301737951
2017-08-28 20:00:00,B002,251.0,244.66360107623478,6.336398923765216
2017-08-28 20:00:00,B001,45.75,45.638790974929066,0.11120902507093433
2017-08-28 21:00:00,B001,44.5,44.677763688846994,0.17776368884699423
2017-08-28 21:00:00,B002,247.0,243.79056388953595,3.209436110464054
2017-08-28 21:00:00,B003,55.344,55.77880017690489,0.43480017690488637
2017-08-28 22:00:00,B001,42.25,43.701738280489565,1.4517382804895647
2017-08-28 22:00:00,B003,53.7185,53.23411546593708,0.4843845340629187
2017-08-28 22:00:00,B002,238.5,235.4514895163575,3.0485104836425023
2017-08-28 23:00:00,B001,43.5,42.35060215844505,1.1493978415549506
2017-08-28 23:00:00,B003,51.2815,49.88983745726645,1.391662542733549
2017-08-28 23:00:00,B002,221.5,234.13594738936226,12.635947389362258
2017-08-29 00:00:00,B003,54.2083,51.6557245232366,2.5525754767634012
2017-08-29 00:00:00,B002,237.8333,223.08794008959862,14.74535991040139
2017-08-29 00:00:00,B001,40.6667,43.506647065291936,2.8399470652919376
2017-08-29 01:00:00,B001,41.9167,40.34060623826678,1.576093761733219
2017-08-29 01:00:00,B002,233.6667,235.02208354559076,1.3553835455907688
2017-08-29 01:00:00,B003,48.9895,52.10769016134938,3.118190161349382
2017-08-29 02:00:00,B003,48.0,48.241620919110446,0.2416209191104457
2017-08-29 02:00:00,B002,230.5,231.9542841865574,1.4542841865574019
2017-08-29 02:00:00,B001,40.25,41.84279042869067,1.5927904286906696
2017-08-29 03:00:00,B003,45.6875,48.06519837221993,2.377698372219932
2017-08-29 03:00:00,B002,228.5,225.75196608108925,2.7480339189107497
2017-08-29 03:00:00,B001,41.25,39.91789415356488,1.3321058464351196
2017-08-29 04:00:00,B002,228.0,226.46840390221226,1.531596097787741
2017-08-29 04:00:00,B001,41.75,40.62981172251377,1.1201882774862284
2017-08-29 04:00:00,B003,44.75,45.165804656190915,0.41580465619091456
2017-08-29 05:00:00,B003,43.6875,44.2933504875319,0.6058504875319031
2017-08-29 05:00:00,B001,39.25,41.6137978829605,2.3637978829604975
2017-08-29 05:00:00,B002,223.5,226.68427801075106,3.1842780107510578
2017-08-29 06:00:00,B003,50.0,46.9386083832803,3.0613916167197033
2017-08-29 06:00:00,B002,225.5,224.07970107775066,1.4202989222493443
2017-08-29 06:00:00,B001,42.0,39.48257989376394,2.5174201062360595
2017-08-29 07:00:00,B003,65.344,55.53627585073391,9.807724149266086
2017-08-29 07:00:00,B002,231.5,230.7198436421738,0.7801563578262005
2017-08-29 07:00:00,B001,43.5,42.57165700164605,0.9283429983539477
2017-08-29 08:00:00,B003,70.0625,72.54862346932686,2.4861234693268557
2017-08-29 08:00:00,B002,222.0,241.20541051521286,19.20541051521286
2017-08-29 08:00:00,B001,45.75,44.21386305464719,1.5361369453528084
2017-08-29 09:00:00,B003,100.8125,86.00824609518756,14.804253904812441
2017-08-29 09:00:00,B001,57.75,57.97494639907896,0.2249463990789593
2017-08-29 09:00:00,B002,241.0,259.89873498551304,18.898734985513045
2017-08-29 10:00:00,B003,119.156,114.93997070744135,4.216029292558659
2017-08-29 10:00:00,B001,71.75,68.43107406644168,3.3189259335583188
2017-08-29 10:00:00,B002,328.5,260.38157341494997,68.11842658505003
2017-08-29 11:00:00,B003,125.125,133.31368359920643,8.188683599206428
2017-08-29 11:00:00,B001,81.0,76.37491422535226,4.625085774647744
2017-08-29 11:00:00,B002,296.5,342.6237254114645,46.12372541146448
2017-08-29 12:00:00,B001,95.0,85.23081783333332,9.769182166666681
2017-08-29 12:00:00,B003,131.094,128.54717846246288,2.546821537537113
2017-08-29 12:00:00,B002,350.5,312.1706324963353,38.329367503664685
2017-08-29 13:00:00,B002,302.5,349.10859004884003,46.60859004884003
2017-08-29 13:00:00,B003,136.5,131.85420353743476,4.645796462565244
2017-08-29 13:00:00,B001,92.5,95.15793813920709,2.65793813920709
2017-08-29 14:00:00,B002,313.5,313.94067906640254,0.44067906640253796
2017-08-29 14:00:00,B001,92.75,92.44931752380951,0.30068247619048805
2017-08-29 14:00:00,B003,137.625,138.83485938758656,1.2098593875865618
2017-08-29 15:00:00,B001,92.25,94.11101209157506,1.8610120915750628
2017-08-29 15:00:00,B003,141.25,139.85172810405643,1.3982718959435658
2017-08-29 15:00:00,B002,299.5,328.7878729374385,29.28787293743852
2017-08-29 16:00:00,B001,95.25,92.63537108155569,2.6146289184443106
2017-08-29 16:00:00,B002,329.0,307.1278047936508,21.872195206349204
2017-08-29 16:00:00,B003,140.4375,140.8462360935529,0.4087360935529034
2017-08-29 17:00:00,B002,319.0,315.67646967211635,3.3235303278836454
2017-08-29 17:00:00,B003,129.281,131.33368778383456,2.052687783834557
2017-08-29 17:00:00,B001,90.5,87.35272223492066,3.1472777650793375
2017-08-29 18:00:00,B002,300.5,297.5197445887445,2.9802554112554844
2017-08-29 18:00:00,B003,111.4375,107.61631573809524,3.8211842619047616
2017-08-29 18:00:00,B001,81.0,77.80380566201765,3.196194337982348
2017-08-29 19:00:00,B002,286.0,276.8176539378401,9.182346062159922
2017-08-29 19:00:00,B001,65.75,66.96036374929992,1.2103637492999155
2017-08-29 19:00:00,B003,98.3125,93.23390000873016,5.07859999126984
2017-08-29 20:00:00,B002,275.0,265.3277095264229,9.672290473577107
2017-08-29 20:00:00,B001,43.75,53.806843238335745,10.056843238335745
2017-08-29 20:00:00,B003,82.8125,85.40116736118533,2.5886673611853297
2017-08-29 21:00:00,B003,72.125,71.81078109825822,0.314218901741782
2017-08-29 21:00:00,B001,42.75,43.21490519745651,0.4649051974565097
2017-08-29 21:00:00,B002,245.5,255.47441049783544,9.974410497835436
2017-08-29 22:00:00,B001,39.5,42.511956549839354,3.011956549839354
2017-08-29 22:00:00,B002,253.5,235.76527527828503,17.73472472171497
2017-08-29 22:00:00,B003,65.0,61.65371181552508,3.346288184474922
2017-08-29 23:00:00,B001,39.75,40.12186432083927,0.371864320839272
2017-08-29 23:00:00,B003,62.1875,56.69471940126277,5.492780598737227
2017-08-29 23:00:00,B002,254.5,244.87226206063676,9.627737939363243
2017-08-30 00:00:00,B001,39.25,42.97360718098292,3.723607180982917
2017-08-30 00:00:00,B003,52.5002,56.59082197320352,4.090621973203518
2017-08-30 00:00:00,B002,238.8333,243.56099450138402,4.727694501384008
2017-08-30 01:00:00,B003,58.1873,51.09274111841317,7.094558881586828
2017-08-30 01:00:00,B001,39.25,40.2043428136804,0.9543428136803982
2017-08-30 01:00:00,B002,245.1667,233.95178890130754,11.214911098692454
2017-08-30 02:00:00,B002,235.0,239.38847047946493,4.388470479464928
2017-08-30 02:00:00,B001,40.5,39.560781252533765,0.939218747466235
2017-08-30 02:00:00,B003,55.594,57.17989740697338,1.5858974069733804
2017-08-30 03:00:00,B003,54.15600000000001,54.75306138512607,0.5970613851260538
2017-08-30 03:00:00,B001,38.5,40.875440691315404,2.3754406913154043
2017-08-30 03:00:00,B002,229.0,232.90904798805354,3.909047988053544
2017-08-30 04:00:00,B003,52.375,52.53547245783549,0.16047245783548902
2017-08-30 04:00:00,B001,40.25,38.86429648516501,1.3857035148349865
2017-08-30 04:00:00,B002,232.0,228.15921670168711,3.8407832983128856
2017-08-30 05:00:00,B002,228.5,230.8058822753274,2.3058822753274058
2017-08-30 05:00:00,B003,52.719,50.76149456755349,1.95750543244651
2017-08-30 05:00:00,B001,37.75,40.029578605642094,2.2795786056420937
2017-08-30 06:00:00,B003,55.4375,55.914957786824985,0.47745778682498496
2017-08-30 06:00:00,B002,241.5,228.91417786103878,12.58582213896122
2017-08-30 06:00:00,B001,43.25,38.54727123978684,4.702728760213162
2017-08-30 07:00:00,B003,65.656,66.652560877445,0.9965608774449919
2017-08-30 07:00:00,B001,45.5,44.496167285211904,1.0038327147880963
2017-08-30 07:00:00,B002,258.0,243.1996035915977,14.800396408402293
2017-08-30 08:00:00,B003,70.219,71.42618484502131,1.2071848450213167
2017-08-30 08:00:00,B002,263.5,261.61893841019554,1.8810615898044603
2017-08-30 08:00:00,B001,48.25,45.948454163629584,2.3015458363704155
2017-08-30 09:00:00,B003,100.5,95.2111126913862,5.288887308613795
2017-08-30 09:00:00,B001,58.0,55.86911099659707,2.1308890034029275
2017-08-30 09:00:00,B002,275.5,283.7397851476168,8.239785147616772
2017-08-30 10:00:00,B001,69.0,70.67811247995331,1.6781124799533131
2017-08-30 10:00:00,B003,113.7185,117.01079507398195,3.292295073981947
2017-08-30 10:00:00,B002,303.5,291.32824688987563,12.17175311012437
2017-08-30 11:00:00,B001,77.75,76.41051792611378,1.3394820738862165
2017-08-30 11:00:00,B003,119.219,128.55082850000002,9.331828500000029
2017-08-30 11:00:00,B002,310.0,316.2094945431206,6.209494543120627
2017-08-30 12:00:00,B002,327.5,318.92213969395164,8.577860306048365
2017-08-30 12:00:00,B003,126.5,124.83842172372852,1.6615782762714844
2017-08-30 12:00:00,B001,80.25,79.08349246951286,1.166507530487138
2017-08-30 13:00:00,B003,123.4685,130.1308262190476,6.6623262190476
2017-08-30 13:00:00,B001,81.0,74.797816404184,6.202183595815995
2017-08-30 13:00:00,B002,301.0,327.3320114138906,26.332011413890598
2017-08-30 14:00:00,B001,82.5,81.8630981111111,0.6369018888889002
2017-08-30 14:00:00,B002,295.0,313.10710712345684,18.107107123456842
2017-08-30 14:00:00,B003,125.9375,124.39699797014366,1.5405020298563414
2017-08-30 15:00:00,B001,82.5,84.45855201587301,1.9585520158730105
2017-08-30 15:00:00,B003,125.875,126.00463790677917,0.1296379067791662
2017-08-30 15:00:00,B002,307.0,301.56674346432294,5.43325653567706
2017-08-30 16:00:00,B001,82.0,84.06615303968253,2.0661530396825327
2017-08-30 16:00:00,B003,129.469,124.87788352027128,4.591116479728711
2017-08-30 16:00:00,B002,299.0,304.670762208151,5.670762208151018
2017-08-30 17:00:00,B003,126.8435,122.38027961111108,4.463220388888928
2017-08-30 17:00:00,B001,79.75,76.47352549567654,3.2764745043234598
2017-08-30 17:00:00,B002,274.5,292.60639735766097,18.106397357660967
2017-08-30 18:00:00,B003,103.1565,107.17693384126979,4.020433841269792
2017-08-30 18:00:00,B002,258.0,257.91585913953884,0.08414086046116154
2017-08-30 18:00:00,B001,71.5,74.28275607377331,2.7827560737733137
2017-08-30 19:00:00,B002,247.5,246.4364119354051,1.06358806459491
2017-08-30 19:00:00,B001,59.0,62.0071048163848,3.0071048163848033
2017-08-30 19:00:00,B003,83.6875,89.8649174772909,6.177417477290902
2017-08-30 20:00:00,B002,239.0,232.43631369848595,6.563686301514053
2017-08-30 20:00:00,B003,69.0625,74.60515303377366,5.542653033773661
2017-08-30 20:00:00,B001,52.5,53.123182198110094,0.6231821981100936
2017-08-30 21:00:00,B003,62.3125,64.05544866025396,1.7429486602539583
2017-08-30 21:00:00,B001,51.0,49.4431123188292,1.5568876811707995
2017-08-30 21:00:00,B002,237.0,229.98724424428102,7.012755755718985
2017-08-30 22:00:00,B002,227.5,231.51050827696758,4.010508276967585
2017-08-30 22:00:00,B003,53.53100000000001,58.33716396509636,4.806163965096346
2017-08-30 22:00:00,B001,39.0,47.240958171851304,8.240958171851304
2017-08-30 23:00:00,B001,39.25,39.02987246996506,0.22012753003493657
2017-08-30 23:00:00,B002,228.0,223.02604783312412,4.9739521668758755
2017-08-30 23:00:00,B003,49.5625,52.32909584555441,2.766595845554413
2017-08-31 00:00:00,B001,39.25,41.1135896299617,1.8635896299617016
2017-08-31 00:00:00,B002,250.3333,226.34004333199667,23.99325666800334
2017-08-31 00:00:00,B003,46.2188,50.06000149772922,3.841201497729216
2017-08-31 01:00:00,B001,38.25,39.033759397611405,0.783759397611405
2017-08-31 01:00:00,B002,227.6667,246.9011008107871,19.234400810787122
2017-08-31 01:00:00,B003,45.9063,45.88155225939692,0.02474774060308249
2017-08-31 02:00:00,B001,39.25,38.552678082754404,0.6973219172455956
2017-08-31 02:00:00,B002,227.0,224.9770841860739,2.0229158139260903
2017-08-31 02:00:00,B003,44.9685,45.238981650540495,0.27048165054049633
2017-08-31 03:00:00,B001,39.75,39.25112922929591,0.49887077070408736
2017-08-31 03:00:00,B002,225.5,225.82135299756894,0.32135299756893687
2017-08-31 03:00:00,B003,45.125,44.84437435576742,0.28062564423257896
2017-08-31 04:00:00,B003,44.125,45.07922203802418,0.9542220380241773
2017-08-31 04:00:00,B001,38.25,40.035521992929816,1.7855219929298158
2017-08-31 04:00:00,B002,226.0,223.85649510041446,2.143504899585537
2017-08-31 05:00:00,B003,44.125,44.3951065024693,0.27010650246929657
2017-08-31 05:00:00,B001,37.5,38.49189010217948,0.9918901021794824
2017-08-31 05:00:00,B002,229.5,228.16459910290965,1.3354008970903521
2017-08-31 06:00:00,B003,51.875,49.5154790893231,2.359520910676899
2017-08-31 06:00:00,B002,231.0,231.07365834464645,0.0736583446464465
2017-08-31 06:00:00,B001,39.25,38.58419453640624,0.6658054635937631
2017-08-31 07:00:00,B001,39.75,39.714465893684746,0.035534106315253666
2017-08-31 07:00:00,B003,66.0315,64.2567895271586,1.7747104728413916
2017-08-31 07:00:00,B002,234.0,233.53088502612013,0.46911497387986856
2017-08-31 08:00:00,B003,69.0,72.37572517129266,3.3757251712926575
2017-08-31 08:00:00,B002,242.5,241.39302459307072,1.1069754069292799
2017-08-31 08:00:00,B001,39.5,44.272508878151264,4.772508878151264
2017-08-31 09:00:00,B003,98.6875,91.35715346536104,7.330346534638963
2017-08-31 09:00:00,B002,269.0,263.81180830366674,5.188191696333263
2017-08-31 09:00:00,B001,53.5,55.45664991911263,1.9566499191126283
2017-08-31 10:00:00,B002,283.0,296.89462522576775,13.894625225767754
2017-08-31 10:00:00,B003,112.906,113.90155455340779,0.9955545534077856
2017-08-31 10:00:00,B001,62.75,66.57596723138708,3.8259672313870823
2017-08-31 11:00:00,B001,71.5,76.95774207609429,5.457742076094291
2017-08-31 11:00:00,B003,120.875,125.70597455820105,4.830974558201049
2017-08-31 11:00:00,B002,320.0,297.23643357090253,22.763566429097466
2017-08-31 12:00:00,B001,80.5,76.67276748898342,3.8272325110165752
2017-08-31 12:00:00,B002,322.0,335.14547252638516,13.145472526385163
2017-08-31 12:00:00,B003,123.6565,122.93894199149528,0.7175580085047102
2017-08-31 13:00:00,B001,81.25,83.82069462769245,2.570694627692447
2017-08-31 13:00:00,B003,124.3125,125.3400366930951,1.0275366930951009
2017-08-31 13:00:00,B002,337.0,330.3025898532952,6.697410146704783
2017-08-31 14:00:00,B002,323.5,340.61607885504645,17.116078855046453
2017-08-31 14:00:00,B003,132.4375,125.03031723623359,7.407182763766414
2017-08-31 14:00:00,B001,79.25,82.6845658356568,3.434565835656798
2017-08-31 15:00:00,B003,130.031,130.81502206897636,0.7840220689763555
2017-08-31 15:00:00,B002,352.0,331.08547746259455,20.914522537405446
2017-08-31 15:00:00,B001,84.75,81.34075819083685,3.4092418091631487
2017-08-31 16:00:00,B003,126.7815,129.38064119423555,2.599141194235557
2017-08-31 16:00:00,B002,360.0,343.20848635161144,16.79151364838856
2017-08-31 16:00:00,B001,84.25,87.89782990820106,3.647829908201061
2017-08-31 17:00:00,B003,121.2185,120.64911436507934,0.5693856349206641
2017-08-31 17:00:00,B002,352.0,341.6580370370371,10.341962962962896
2017-08-31 17:00:00,B001,80.5,80.76216976365629,0.2621697636562885
2017-08-31 18:00:00,B003,101.75,102.6497722563492,0.8997722563491948
2017-08-31 18:00:00,B001,72.0,71.05532533679653,0.9446746632034717
2017-08-31 18:00:00,B002,337.5,321.3635948701299,16.136405129870127
2017-08-31 19:00:00,B003,84.1875,85.3829316583051,1.1954316583050968
2017-08-31 19:00:00,B002,326.0,312.83641724949996,13.16358275050004
2017-08-31 19:00:00,B001,56.75,59.734288144638754,2.9842881446387537
2017-08-31 20:00:00,B002,317.5,303.6929004481444,13.807099551855572
2017-08-31 20:00:00,B003,71.2815,73.87859871750555,2.5970987175055598
2017-08-31 20:00:00,B001,41.5,52.63741020514132,11.137410205141322
2017-08-31 21:00:00,B002,304.0,295.4727611936508,8.527238806349203
2017-08-31 21:00:00,B003,61.625,64.16975547228903,2.544755472289026
2017-08-31 21:00:00,B001,40.25,41.58911785024709,1.3391178502470922
2017-08-31 22:00:00,B002,291.5,287.39530961416364,4.1046903858363635
2017-08-31 22:00:00,B001,40.25,40.264105357958606,0.01410535795860568
2017-08-31 22:00:00,B003,54.03100000000001,56.24147898937209,2.2104789893720778
2017-08-31 23:00:00,B001,38.0,40.25130675540316,2.2513067554031565
2017-08-31 23:00:00,B002,281.5,279.9067806679766,1.5932193320234092
2017-08-31 23:00:00,B003,49.9375,50.15767903365778,0.2201790336577787
2017-09-01 00:00:00,B002,277.0,250.91446092049804,26.085539079501956
2017-09-01 00:00:00,B001,39.25,38.265148060837475,0.9848519391625246
2017-09-01 00:00:00,B003,47.2083,47.17479976705191,0.0335002329480929
2017-09-01 01:00:00,B001,38.0,38.779229529041444,0.7792295290414444
2017-09-01 01:00:00,B003,46.094,47.62904638498053,1.5350463849805323
2017-09-01 01:00:00,B002,264.1667,258.47220254136425,5.6944974586357375
2017-09-01 02:00:00,B003,46.0625,45.65119127102947,0.41130872897053194
2017-09-01 02:00:00,B001,38.75,38.15321512530204,0.5967848746979598
2017-09-01 02:00:00,B002,248.5,252.97558565668476,4.475585656684757
2017-09-01 03:00:00,B001,39.5,38.39198480583691,1.1080151941630874
2017-09-01 03:00:00,B003,44.125,45.771371680799454,1.6463716807994544
2017-09-01 03:00:00,B002,243.0,243.26400627134362,0.264006271343618
2017-09-01 04:00:00,B001,39.0,39.25089686948682,0.250896869486823
2017-09-01 04:00:00,B003,45.0,44.148979297498045,0.8510207025019554
2017-09-01 04:00:00,B002,232.5,241.7825600666242,9.2825600666242
2017-09-01 05:00:00,B002,236.0,229.71457051417082,6.285429485829184
2017-09-01 05:00:00,B003,44.15600000000001,44.4298492983061,0.2738492983060894
2017-09-01 05:00:00,B001,38.5,38.86875904278815,0.36875904278814886
2017-09-01 06:00:00,B001,41.75,38.52624274995345,3.2237572500465532
2017-09-01 06:00:00,B002,242.0,232.2732215060962,9.726778493903794
2017-09-01 06:00:00,B003,51.5625,49.10604019809469,2.4564598019053108
2017-09-01 07:00:00,B002,250.5,241.17027333267504,9.329726667324962
2017-09-01 07:00:00,B001,44.25,41.93803136415984,2.3119686358401594
2017-09-01 07:00:00,B003,65.094,63.33379687048769,1.7602031295123055
2017-09-01 08:00:00,B002,259.5,258.47630975093807,1.0236902490619286
2017-09-01 08:00:00,B003,68.8125,71.52934160296091,2.716841602960912
2017-09-01 08:00:00,B001,44.25,44.441958712281284,0.19195871228128425
2017-09-01 09:00:00,B002,270.5,293.7693574683652,23.269357468365172
2017-09-01 09:00:00,B001,54.0,55.6865752048135,1.6865752048135008
2017-09-01 09:00:00,B003,96.281,90.64229462114642,5.638705378853587
2017-09-01 10:00:00,B001,70.25,65.59678781168354,4.653212188316459
2017-09-01 10:00:00,B002,300.0,296.5982393367002,3.4017606632997968
2017-09-01 10:00:00,B003,109.2815,110.8156675841751,1.5341675841751083
2017-09-01 11:00:00,B003,120.5935,121.31786994264073,0.7243699426407204
2017-09-01 11:00:00,B001,76.75,75.661607208252,1.0883927917480065
2017-09-01 11:00:00,B002,330.0,323.8298400142857,6.170159985714292
2017-09-01 12:00:00,B002,321.0,341.0270985316608,20.027098531660783
2017-09-01 12:00:00,B001,79.5,80.26400273346577,0.7640027334657731
2017-09-01 12:00:00,B003,121.1875,122.00759747853093,0.8200974785309256
2017-09-01 13:00:00,B001,78.5,83.16291169256475,4.662911692564748
2017-09-01 13:00:00,B003,126.0625,122.71376211245251,3.348737887547486
2017-09-01 13:00:00,B002,323.5,344.51943014780227,21.019430147802268
2017-09-01 14:00:00,B001,80.0,80.29295132293566,0.2929513229356644
2017-09-01 14:00:00,B002,342.5,333.19030802658983,9.309691973410168
2017-09-01 14:00:00,B003,130.094,126.84265897425537,3.2513410257446225
2017-09-01 15:00:00,B003,131.1875,130.22670021634025,0.9607997836597519
2017-09-01 15:00:00,B002,354.0,351.53046815221813,2.469531847781866
2017-09-01 15:00:00,B001,83.0,82.62097528227515,0.379024717724846
2017-09-01 16:00:00,B001,83.25,84.51325799576719,1.2632579957671908
2017-09-01 16:00:00,B002,364.0,354.9777619047619,9.022238095238095
2017-09-01 16:00:00,B003,128.8125,130.4252512472943,1.6127512472943124
2017-09-01 17:00:00,B002,342.0,355.89943138095236,13.899431380952365
2017-09-01 17:00:00,B003,116.906,114.59150919841268,2.3144908015873256
2017-09-01 17:00:00,B001,81.75,77.81567018440838,3.9343298155916244
2017-09-01 18:00:00,B002,329.0,330.4644297219817,1.4644297219816735
2017-09-01 18:00:00,B003,96.0315,102.16946067080325,6.137960670803253
2017-09-01 18:00:00,B001,57.5,71.34443506122003,13.844435061220025
2017-09-01 19:00:00,B002,319.5,313.71339917468526,5.786600825314736
2017-09-01 19:00:00,B003,75.2185,83.41033999950206,8.19183999950205
2017-09-01 19:00:00,B001,42.75,53.174961050854264,10.424961050854264
2017-09-01 20:00:00,B003,67.469,70.68772406225852,3.2187240622585307
2017-09-01 20:00:00,B001,41.25,41.832966171171414,0.5829661711714138
2017-09-01 20:00:00,B002,311.0,303.522964773917,7.4770352260829895
2017-09-01 21:00:00,B001,39.25,41.06202045678399,1.8120204567839906
2017-09-01 21:00:00,B003,61.2185,62.72926941778261,1.5107694177826119
2017-09-01 21:00:00,B002,310.0,297.87347463968246,12.126525360317544
2017-09-01 22:00:00,B002,307.5,289.4574114952381,18.04258850476191
2017-09-01 22:00:00,B003,56.875,55.672783380922446,1.2022166190775536
2017-09-01 22:00:00,B001,40.25,39.26270987375999,0.987290126240012
2017-09-01 23:00:00,B001,40.0,39.96059583605256,0.039404163947438064
2017-09-01 23:00:00,B002,302.0,285.297513636508,16.702486363492028
2017-09-01 23:00:00,B003,49.9065,52.71829916972576,2.8117991697257594
2017-09-02 00:00:00,B003,48.8333,47.865052255702345,0.9682477442976563
2017-09-02 00:00:00,B002,253.1667,280.090633520635,26.92393352063499
2017-09-02 00:00:00,B001,38.4167,40.35518847549276,1.9384884754927612
2017-09-02 01:00:00,B001,39.75,39.42769958539431,0.32230041460569225
2017-09-02 01:00:00,B002,266.3333,250.92399180095313,15.409308199046876
2017-09-02 01:00:00,B003,48.0518,47.638778549165025,0.4130214508349752
2017-09-02 02:00:00,B002,257.0,256.29688619069015,0.7031138093098548
2017-09-02 02:00:00,B001,40.0,39.731596485199795,0.2684035148002053
2017-09-02 02:00:00,B003,48.094,47.68194351154831,0.4120564884516895
2017-09-02 03:00:00,B003,47.6875,47.92049808252993,0.2329980825299316
2017-09-02 03:00:00,B002,262.0,254.37335193687036,7.626648063129636
2017-09-02 03:00:00,B001,40.75,40.42273866422866,0.32726133577133965
2017-09-02 04:00:00,B002,251.0,254.99385907339266,3.993859073392656
2017-09-02 04:00:00,B001,41.0,40.89984966645736,0.10015033354264347
2017-09-02 04:00:00,B003,47.40600000000001,47.47345865835387,0.067458658353857
2017-09-02 05:00:00,B002,244.5,248.66168980565945,4.161689805659449
2017-09-02 05:00:00,B003,47.1565,46.828977719899534,0.32752228010046736
2017-09-02 05:00:00,B001,40.0,40.94446055001555,0.944460550015549
2017-09-02 06:00:00,B002,251.0,242.02001992155425,8.979980078445749
2017-09-02 06:00:00,B001,38.5,40.57944126980928,2.07944126980928
2017-09-02 06:00:00,B003,46.9375,47.74126279314642,0.8037627931464186
2017-09-02 07:00:00,B001,38.25,38.592149260116685,0.3421492601166847
2017-09-02 07:00:00,B003,46.125,48.348903872391354,2.223903872391354
2017-09-02 07:00:00,B002,252.5,252.51728458141594,0.017284581415935918
2017-09-02 08:00:00,B001,38.5,39.06303292668797,0.563032926687967
2017-09-02 08:00:00,B003,47.8125,48.76949784409853,0.956997844098531
2017-09-02 08:00:00,B002,256.5,257.9974297433197,1.4974297433196853
2017-09-02 09:00:00,B003,62.9375,51.483668078042335,11.453831921957665
2017-09-02 09:00:00,B002,262.0,261.831793093218,0.168206906782018
2017-09-02 09:00:00,B001,45.75,39.624669125401624,6.125330874598376
2017-09-02 10:00:00,B002,266.5,274.5047350334296,8.004735033429597
2017-09-02 10:00:00,B001,49.25,48.02752039704747,1.2224796029525322
2017-09-02 10:00:00,B003,65.375,66.97781947829363,1.6028194782936254
2017-09-02 11:00:00,B002,278.5,277.96374487734494,0.5362551226550636
2017-09-02 11:00:00,B001,48.0,50.82797433901565,2.827974339015647
2017-09-02 11:00:00,B003,65.5,68.61647148535394,3.116471485353941
2017-09-02 12:00:00,B003,65.4375,66.2405833981598,0.8030833981597993
2017-09-02 12:00:00,B001,50.5,49.052426167717286,1.447573832282714
2017-09-02 12:00:00,B002,291.0,293.79979932094756,2.7997993209475567
2017-09-02 13:00:00,B003,67.3125,66.28931482336354,1.02318517663646
2017-09-02 13:00:00,B001,51.5,51.01358266559437,0.48641733440562973
2017-09-02 13:00:00,B002,306.5,316.99583339682545,10.495833396825446
2017-09-02 14:00:00,B003,67.375,66.06862171596052,1.3063782840394822
2017-09-02 14:00:00,B001,53.25,52.834798298592766,0.4152017014072342
2017-09-02 14:00:00,B002,304.5,312.4837550799134,7.983755079913408
2017-09-02 15:00:00,B003,67.0,66.33675757924487,0.6632424207551253
2017-09-02 15:00:00,B001,52.0,55.38004696665632,3.380046966656323
2017-09-02 15:00:00,B002,307.5,313.93689228308807,6.436892283088071
2017-09-02 16:00:00,B003,67.9685,66.57718895277219,1.3913110472278163
2017-09-02 16:00:00,B001,54.5,52.20923937296011,2.2907606270398873
2017-09-02 16:00:00,B002,303.0,305.33988005455296,2.339880054552964
2017-09-02 17:00:00,B001,48.5,54.920281685032705,6.420281685032705
2017-09-02 17:00:00,B002,296.5,296.24064188253965,0.2593581174603514
2017-09-02 17:00:00,B003,68.625,66.72438566657257,1.900614333427427
2017-09-02 18:00:00,B003,59.719,65.01575781880427,5.296757818804274
2017-09-02 18:00:00,B001,48.0,48.516472038075264,0.5164720380752641
2017-09-02 18:00:00,B002,293.0,287.34980246984117,5.6501975301588345
2017-09-02 19:00:00,B003,58.40600000000001,56.18566601366627,2.220333986333742
2017-09-02 19:00:00,B001,40.25,45.764660845807754,5.514660845807754
2017-09-02 19:00:00,B002,293.5,282.75795067241705,10.742049327582947
2017-09-02 20:00:00,B002,289.5,273.8692529911885,15.630747008811511
2017-09-02 20:00:00,B003,57.7815,57.149932542949244,0.6315674570507568
2017-09-02 20:00:00,B001,39.25,40.31862821430429,1.0686282143042902
2017-09-02 21:00:00,B002,296.5,271.80445607109726,24.695543928902737
2017-09-02 21:00:00,B001,37.75,39.17453252799578,1.4245325279957797
2017-09-02 21:00:00,B003,53.03100000000001,56.86970977467965,3.8387097746796357
2017-09-02 22:00:00,B001,38.25,37.94735822773464,0.3026417722653605
2017-09-02 22:00:00,B003,52.0315,52.257680785370106,0.22618078537010433
2017-09-02 22:00:00,B002,270.0,285.6732929971055,15.673292997105477
2017-09-02 23:00:00,B001,39.75,38.30614089033121,1.443859109668793
2017-09-02 23:00:00,B003,50.625,50.85619766099448,0.23119766099448213
2017-09-02 23:00:00,B002,233.0,256.7303769127281,23.730376912728104
2017-09-03 00:00:00,B001,38.75,40.65354589537919,1.9035458953791888
2017-09-03 00:00:00,B003,48.5833,49.25415696224572,0.6708569622457219
2017-09-03 00:00:00,B002,224.1667,230.39347869045096,6.2267786904509705
2017-09-03 01:00:00,B002,218.3333,225.29419903125964,6.960899031259629
2017-09-03 01:00:00,B001,39.1667,39.02256386481135,0.14413613518864565
2017-09-03 01:00:00,B003,48.8125,48.384611922030345,0.427888077969655
2017-09-03 02:00:00,B001,37.75,39.13048207393092,1.3804820739309207
2017-09-03 02:00:00,B002,213.5,219.45692095464193,5.95692095464193
2017-09-03 02:00:00,B003,47.625,48.36369314829911,0.738693148299113
2017-09-03 03:00:00,B002,218.0,214.86033112300828,3.1396688769917205
2017-09-03 03:00:00,B001,38.5,38.34256804908376,0.15743195091624074
2017-09-03 03:00:00,B003,47.25,47.52641313942573,0.27641313942572765
2017-09-03 04:00:00,B002,209.5,218.16683785945486,8.666837859454859
2017-09-03 04:00:00,B003,47.1875,46.7428592519291,0.4446407480709027
2017-09-03 04:00:00,B001,38.0,38.443163669766726,0.44316366976672583
2017-09-03 05:00:00,B002,213.5,210.4277122559092,3.0722877440908007
2017-09-03 05:00:00,B003,47.3125,46.66707679023139,0.6454232097686088
2017-09-03 05:00:00,B001,37.75,38.653870322821994,0.9038703228219944
2017-09-03 06:00:00,B002,213.5,215.29091507137045,1.7909150713704491
2017-09-03 06:00:00,B003,46.3435,47.55036761997748,1.20686761997748
2017-09-03 06:00:00,B001,38.0,38.10699770959718,0.1069977095971808
2017-09-03 07:00:00,B001,37.25,38.16998307085125,0.9199830708512522
2017-09-03 07:00:00,B003,46.719,46.65754376814659,0.061456231853412646
2017-09-03 07:00:00,B002,216.0,215.31666823425024,0.683331765749756
2017-09-03 08:00:00,B003,46.0625,47.030797420408646,0.9682974204086463
2017-09-03 08:00:00,B001,37.75,37.17659823004637,0.5734017699536267
2017-09-03 08:00:00,B002,214.0,216.18273873841818,2.1827387384181804
2017-09-03 09:00:00,B003,60.5,52.930697111913126,7.569302888086874
2017-09-03 09:00:00,B001,39.0,38.419523790740456,0.5804762092595439
2017-09-03 09:00:00,B002,216.5,216.14380228055236,0.35619771944763556
2017-09-03 10:00:00,B001,39.25,39.67489572788786,0.4248957278878578
2017-09-03 10:00:00,B003,63.2185,63.59933842427371,0.38083842427371195
2017-09-03 10:00:00,B002,219.0,221.13989794875985,2.1398979487598524
2017-09-03 11:00:00,B003,64.625,64.68275159519007,0.05775159519006934
2017-09-03 11:00:00,B001,39.25,40.83300557886028,1.5830055788602806
2017-09-03 11:00:00,B002,227.5,223.38581091123018,4.11418908876982
2017-09-03 12:00:00,B003,65.469,65.18693366008227,0.28206633991771923
2017-09-03 12:00:00,B001,39.25,40.51879137305058,1.2687913730505826
2017-09-03 12:00:00,B002,228.5,232.78971715436862,4.289717154368617
2017-09-03 13:00:00,B002,230.0,233.64109469305606,3.6410946930560613
2017-09-03 13:00:00,B003,65.75,66.09131130270241,0.34131130270240817
2017-09-03 13:00:00,B001,39.75,40.747082221709576,0.9970822217095758
2017-09-03 14:00:00,B003,67.531,66.6202344181159,0.9107655818841067
2017-09-03 14:00:00,B001,39.5,41.88829663082255,2.388296630822552
2017-09-03 14:00:00,B002,248.5,235.84087272182433,12.659127278175674
2017-09-03 15:00:00,B003,72.844,66.66554670251965,6.178453297480345
2017-09-03 15:00:00,B002,277.5,248.17884019013945,29.321159809860546
2017-09-03 15:00:00,B001,41.0,41.17620355202796,0.1762035520279568
2017-09-03 16:00:00,B002,289.0,281.2934766272274,7.706523372772608
2017-09-03 16:00:00,B003,72.531,67.98416056180442,4.54683943819559
2017-09-03 16:00:00,B001,41.75,42.50989799638848,0.7598979963884815
2017-09-03 17:00:00,B003,70.844,68.13965054632173,2.7043494536782617
2017-09-03 17:00:00,B002,287.5,281.08302193760676,6.416978062393241
2017-09-03 17:00:00,B001,41.5,41.882130843814906,0.38213084381490603
2017-09-03 18:00:00,B001,38.75,41.644323994551584,2.894323994551584
2017-09-03 18:00:00,B003,61.4685,62.11305080967381,0.6445508096738095
2017-09-03 18:00:00,B002,263.0,264.68500125735665,1.685001257356646
2017-09-03 19:00:00,B001,39.0,38.54129319613814,0.45870680386185825
2017-09-03 19:00:00,B002,224.0,252.90537517621686,28.905375176216864
2017-09-03 19:00:00,B003,57.469,60.202693622641625,2.733693622641624
2017-09-03 20:00:00,B001,39.0,38.651673579356334,0.3483264206436658
2017-09-03 20:00:00,B002,221.5,215.97461635533818,5.525383644661815
2017-09-03 20:00:00,B003,55.1875,55.74206522937321,0.5545652293732104
2017-09-03 21:00:00,B002,219.5,217.89017088393038,1.6098291160696192
2017-09-03 21:00:00,B003,51.3125,53.49626671296028,2.183766712960278
2017-09-03 21:00:00,B001,39.5,38.44398338009736,1.0560166199026426
2017-09-03 22:00:00,B001,39.5,38.8171730740759,0.6828269259240969
2017-09-03 22:00:00,B003,50.875,50.68975244682627,0.1852475531737312
2017-09-03 22:00:00,B002,221.0,218.10455613045565,2.8954438695443514
2017-09-03 23:00:00,B003,49.0625,49.330547452437564,0.268047452437564
2017-09-03 23:00:00,B001,38.0,39.343135123046345,1.3431351230463449
2017-09-03 23:00:00,B002,218.0,218.3568588450029,0.356858845002904
2017-09-04 00:00:00,B002,242.4881,224.57555101526572,17.912548984734286
2017-09-04 00:00:00,B001,46.0893,38.49825304170038,7.591046958299621
2017-09-04 00:00:00,B003,47.5417,48.48587664363895,0.9441766436389543
2017-09-04 01:00:00,B002,225.3333,232.41628856917976,7.082988569179747
2017-09-04 01:00:00,B001,38.8333,42.022807790087484,3.1895077900874824
2017-09-04 01:00:00,B003,47.4893,47.313893817263256,0.1754061827367437
2017-09-04 02:00:00,B002,230.5,223.1913601997254,7.308639800274591
2017-09-04 02:00:00,B003,46.8125,46.77637151386789,0.03612848613210673
2017-09-04 02:00:00,B001,40.25,38.4101601478318,1.839839852168197
2017-09-04 03:00:00,B002,229.0,228.24699827021638,0.7530017297836196
2017-09-04 03:00:00,B001,39.25,39.499005245525865,0.2490052455258649
2017-09-04 03:00:00,B003,46.0,45.993160711550686,0.006839288449313585
2017-09-04 04:00:00,B002,209.6548,226.82214229850254,17.167342298502547
2017-09-04 04:00:00,B001,43.506,38.903360680386115,4.6026393196138855
2017-09-04 04:00:00,B003,45.3125,45.46646125542411,0.15396125542410743
2017-09-04 05:00:00,B002,235.3095,208.06734518043834,27.242154819561677
2017-09-04 05:00:00,B003,45.719,45.55269618601923,0.1663038139807682
2017-09-04 05:00:00,B001,51.5119,42.298874143517075,9.213025856482922
2017-09-04 06:00:00,B003,51.2185,47.630766403142495,3.587733596857504
2017-09-04 06:00:00,B001,52.5119,52.67514803820679,0.16324803820679534
2017-09-04 06:00:00,B002,237.3095,233.69032711068945,3.619172889310562
2017-09-04 07:00:00,B003,66.1565,55.37519334493859,10.781306655061407
2017-09-04 07:00:00,B002,241.8095,235.7846581366307,6.024841863369318
2017-09-04 07:00:00,B001,52.0119,56.41146223462554,4.399562234625542
2017-09-04 08:00:00,B003,69.9375,73.83764918205328,3.9001491820532834
2017-09-04 08:00:00,B002,248.8095,244.68682851682354,4.122671483176475
2017-09-04 08:00:00,B001,53.0119,57.12629569613348,4.114395696133485
2017-09-04 09:00:00,B003,98.25,77.10775203745365,21.14224796254635
2017-09-04 09:00:00,B002,299.3095,268.58089250124823,30.728607498751785
2017-09-04 09:00:00,B001,64.5119,60.16201887136749,4.349881128632504
2017-09-04 10:00:00,B003,116.0625,112.46421566090724,3.598284339092757
2017-09-04 10:00:00,B002,282.3095,309.6079241376288,27.298424137628786
2017-09-04 10:00:00,B001,68.5119,73.97311356498598,5.461213564985982
2017-09-04 11:00:00,B002,323.3095,291.80422179492047,31.50527820507955
2017-09-04 11:00:00,B003,127.2185,131.10464916522372,3.8861491652237135
2017-09-04 11:00:00,B001,68.5119,75.46594236279584,6.954042362795846
2017-09-04 12:00:00,B002,292.8095,334.1192700642521,41.30977006425206
2017-09-04 12:00:00,B003,129.594,131.7962123084416,2.2022123084416023
2017-09-04 12:00:00,B001,70.5119,71.3261045046259,0.8142045046259057
2017-09-04 13:00:00,B002,313.3095,305.9206197602565,7.388880239743514
2017-09-04 13:00:00,B003,130.9685,132.0968993794262,1.1283993794261846
2017-09-04 13:00:00,B001,70.5119,71.95957642644413,1.4476764264441329
2017-09-04 14:00:00,B002,298.3095,322.6618177804719,24.35231778047188
2017-09-04 14:00:00,B001,72.0119,71.84583484553869,0.16606515446130743
2017-09-04 14:00:00,B003,129.75,129.41632382761438,0.33367617238562275
2017-09-04 15:00:00,B002,304.8095,309.2796694896133,4.4701694896132835
2017-09-04 15:00:00,B001,76.0119,72.963969262625,3.0479307373749975
2017-09-04 15:00:00,B003,131.3125,128.80833306713095,2.5041669328690546
2017-09-04 16:00:00,B001,77.0119,78.06878922397924,1.0568892239792405
2017-09-04 16:00:00,B002,288.3095,309.75394114308364,21.444441143083623
2017-09-04 16:00:00,B003,128.2815,129.0802992053601,0.7987992053600976
2017-09-04 17:00:00,B001,75.5119,66.93514763350876,8.576752366491235
2017-09-04 17:00:00,B003,122.281,122.04311998412695,0.23788001587305985
2017-09-04 17:00:00,B002,273.8095,281.68180982873236,7.872309828732341
2017-09-04 18:00:00,B003,98.625,102.53813479206349,3.913134792063488
2017-09-04 18:00:00,B001,66.0119,59.491222735543126,6.520677264456872
2017-09-04 18:00:00,B002,260.3095,264.1559357732448,3.846435773244764
2017-09-04 19:00:00,B001,54.5119,51.543807044973555,2.9680929550264423
2017-09-04 19:00:00,B002,255.8095,244.04046334100042,11.769036658999596
2017-09-04 19:00:00,B003,80.6875,85.42069954664814,4.733199546648137
2017-09-04 20:00:00,B002,266.3095,244.2829884218361,22.026511578163905
2017-09-04 20:00:00,B003,66.5625,69.05274139832153,2.4902413983215297
2017-09-04 20:00:00,B001,53.5119,49.57449239028555,3.937407609714448
2017-09-04 21:00:00,B002,270.3095,255.05393273226161,15.2555672677384
2017-09-04 21:00:00,B003,60.969,59.67035120623157,1.2986487937684288
2017-09-04 21:00:00,B001,54.0119,48.91458959258122,5.0973104074187745
2017-09-04 22:00:00,B002,269.8095,257.6058219900253,12.203678009974738
2017-09-04 22:00:00,B003,56.0935,58.005378965611634,1.9118789656116348
2017-09-04 22:00:00,B001,52.5119,48.72353975946711,3.7883602405328887
2017-09-04 23:00:00,B003,50.5,51.94480674929778,1.4448067492977827
2017-09-04 23:00:00,B001,52.0119,47.92407926926481,4.087820730735189
2017-09-04 23:00:00,B002,260.3095,257.9732415969366,2.3362584030634252
2017-09-05 00:00:00,B001,45.3393,47.00822824386767,1.6689282438676685
2017-09-05 00:00:00,B003,48.5417,49.14317695014526,0.6014769501452619
2017-09-05 00:00:00,B002,244.8214,245.19954312427012,0.3781431242701103
2017-09-05 01:00:00,B001,46.256,47.01895241264643,0.7629524126464275
2017-09-05 01:00:00,B003,46.9898,48.1805894895856,1.1907894895855975
2017-09-05 01:00:00,B002,256.1548,241.45299593106847,14.701804068931551
2017-09-05 02:00:00,B003,45.3435,46.52655615528963,1.1830561552896341
2017-09-05 02:00:00,B002,242.5,250.39256424561302,7.892564245613016
2017-09-05 02:00:00,B001,41.0,45.65695344502866,4.6569534450286625
2017-09-05 03:00:00,B001,41.5,40.52723993221158,0.9727600677884212
2017-09-05 03:00:00,B003,45.344,46.71137341993898,1.3673734199389784
2017-09-05 03:00:00,B002,250.0,241.71986756289624,8.28013243710376
2017-09-05 04:00:00,B002,245.0,239.0435827943137,5.956417205686307
2017-09-05 04:00:00,B003,44.5935,46.60298127265161,2.0094812726516125
2017-09-05 04:00:00,B001,41.25,41.940834042304374,0.690834042304374
2017-09-05 05:00:00,B001,43.5,41.62489980971588,1.8751001902841224
2017-09-05 05:00:00,B003,45.094,44.13992705946626,0.9540729405337416
2017-09-05 05:00:00,B002,244.5,242.909091106707,1.5909088932930047
2017-09-05 06:00:00,B003,52.28100000000001,50.003259194183414,2.277740805816599
2017-09-05 06:00:00,B002,248.0,244.6436340620945,3.356365937905508
2017-09-05 06:00:00,B001,42.0,44.61952337705344,2.61952337705344
2017-09-05 07:00:00,B003,65.4065,64.87183623575241,0.5346637642475827
2017-09-05 07:00:00,B001,43.25,43.13527265740402,0.11472734259597672
2017-09-05 07:00:00,B002,245.5,250.31197806050744,4.8119780605074425
2017-09-05 08:00:00,B003,68.4375,71.96200563533995,3.524505635339949
2017-09-05 08:00:00,B001,45.75,44.47989283092276,1.2701071690772423
2017-09-05 08:00:00,B002,258.0,252.31581380052918,5.684186199470815
2017-09-05 09:00:00,B001,58.25,58.685010877692974,0.4350108776929744
2017-09-05 09:00:00,B002,261.0,281.5076345252917,20.507634525291678
2017-09-05 09:00:00,B003,96.281,94.80210419022269,1.4788958097773133
2017-09-05 10:00:00,B003,109.625,112.3243919836112,2.699391983611207
2017-09-05 10:00:00,B002,268.5,284.8639277688353,16.36392776883531
2017-09-05 10:00:00,B001,73.25,71.37060384561121,1.879396154388786
2017-09-05 11:00:00,B003,132.4065,123.01516410346325,9.391335896536745
2017-09-05 11:00:00,B002,298.5,288.9699351540676,9.530064845932372
2017-09-05 11:00:00,B001,78.25,79.34677073030676,1.0967707303067584
2017-09-05 12:00:00,B003,134.125,136.00168574747482,1.8766857474748235
2017-09-05 12:00:00,B002,296.5,308.05979600078535,11.559796000785354
2017-09-05 12:00:00,B001,82.25,79.93292897761417,2.317071022385832
2017-09-05 13:00:00,B002,306.5,308.03275548036436,1.532755480364358
2017-09-05 13:00:00,B003,132.281,140.37411101494806,8.09311101494805
2017-09-05 13:00:00,B001,88.75,84.06845376666669,4.681546233333307
2017-09-05 14:00:00,B001,88.0,90.55163345877062,2.551633458770624
2017-09-05 14:00:00,B003,130.375,130.21372421324176,0.16127578675823884
2017-09-05 14:00:00,B002,293.0,311.3706620124781,18.37066201247808
2017-09-05 15:00:00,B003,131.0315,130.4269495779895,0.6045504220105045
2017-09-05 15:00:00,B001,93.75,90.19678643051665,3.553213569483347
2017-09-05 15:00:00,B002,331.5,309.51835338833706,21.98164661166294
2017-09-05 16:00:00,B003,134.4375,129.73203756228287,4.705462437717131
2017-09-05 16:00:00,B001,90.75,94.80117815034346,4.0511781503434605
2017-09-05 16:00:00,B002,314.0,337.6021028464482,23.60210284644819
2017-09-05 17:00:00,B003,122.25,128.73225544444443,6.482255444444434
2017-09-05 17:00:00,B001,85.0,83.58600929523809,1.4139907047619147
2017-09-05 17:00:00,B002,298.0,306.114245218254,8.114245218253984
2017-09-05 18:00:00,B003,102.2185,102.5759103753968,0.3574103753967961
2017-09-05 18:00:00,B001,74.5,72.56484485016836,1.935155149831644
2017-09-05 18:00:00,B002,280.0,276.0609094439035,3.9390905560965166
2017-09-05 19:00:00,B003,89.969,88.04060694943182,1.9283930505681752
2017-09-05 19:00:00,B001,59.25,60.85426760829173,1.6042676082917282
2017-09-05 19:00:00,B002,269.0,264.0628482634375,4.937151736562498
2017-09-05 20:00:00,B002,254.5,254.8966777979803,0.39667779798028846
2017-09-05 20:00:00,B001,49.5,53.47844415372511,3.978444153725107
2017-09-05 20:00:00,B003,72.0,78.17707539666543,6.17707539666543
2017-09-05 21:00:00,B002,256.0,245.96763902893665,10.032360971063355
2017-09-05 21:00:00,B001,44.0,47.85559311864832,3.855593118648322
2017-09-05 21:00:00,B003,66.9685,65.0286616284486,1.939838371551403
2017-09-05 22:00:00,B003,56.969,60.646186539133836,3.677186539133835
2017-09-05 22:00:00,B001,39.75,43.562449151454366,3.8124491514543664
2017-09-05 22:00:00,B002,247.0,243.74928570944763,3.2507142905523665
2017-09-05 23:00:00,B003,52.4685,53.03508842487774,0.5665884248777431
2017-09-05 23:00:00,B002,230.0,237.06362866508692,7.063628665086924
2017-09-05 23:00:00,B001,39.0,40.577326785956316,1.5773267859563163
2017-09-06 00:00:00,B003,51.5313,51.123813746605855,0.407486253394147
2017-09-06 00:00:00,B002,261.8333,227.07559353913405,34.75770646086596
2017-09-06 00:00:00,B001,40.5833,40.3808812058969,0.20241879410310304
2017-09-06 01:00:00,B002,226.6667,256.79587767353786,30.129177673537868
2017-09-06 01:00:00,B003,49.8958,49.600256683877134,0.2955433161228669
2017-09-06 01:00:00,B001,38.0833,40.86624792182121,2.7829479218212114
2017-09-06 02:00:00,B003,48.344,48.2701264268982,0.07387357310179965
2017-09-06 02:00:00,B001,38.0,38.383069728161566,0.3830697281615656
2017-09-06 02:00:00,B002,224.0,225.6005550644689,1.6005550644688924
2017-09-06 03:00:00,B001,40.25,38.06904107462578,2.1809589253742203
2017-09-06 03:00:00,B003,48.1875,47.894241665946424,0.2932583340535757
2017-09-06 03:00:00,B002,226.5,223.48701849760585,3.0129815023941546
2017-09-06 04:00:00,B002,227.0,224.88379077402544,2.1162092259745577
2017-09-06 04:00:00,B003,46.8125,47.910315317120926,1.0978153171209257
2017-09-06 04:00:00,B001,39.0,40.68997372883182,1.6899737288318235
2017-09-06 05:00:00,B002,235.0,225.51321335453147,9.486786645468527
2017-09-06 05:00:00,B003,46.3435,46.3304063172852,0.013093682714796273
2017-09-06 05:00:00,B001,39.0,38.71313413577319,0.2868658642268116
2017-09-06 06:00:00,B001,41.0,39.03130410596704,1.9686958940329617
2017-09-06 06:00:00,B002,230.0,234.1547256582523,4.154725658252289
2017-09-06 06:00:00,B003,51.6875,50.72070167542443,0.9667983245755707
2017-09-06 07:00:00,B001,42.25,41.844474077576976,0.4055259224230241
2017-09-06 07:00:00,B002,237.5,233.7496640740487,3.7503359259513047
2017-09-06 07:00:00,B003,68.469,64.81876886230417,3.650231137695826
2017-09-06 08:00:00,B001,42.75,44.12292735534065,1.37292735534065
2017-09-06 08:00:00,B002,232.5,242.37791440456823,9.87791440456823
2017-09-06 08:00:00,B003,70.125,73.10322372043946,2.978223720439459
2017-09-06 09:00:00,B003,94.75,91.4051695720226,3.3448304279773993
2017-09-06 09:00:00,B002,239.0,261.7093275086073,22.709327508607316
2017-09-06 09:00:00,B001,54.75,55.1135713534008,0.3635713534008005
2017-09-06 10:00:00,B002,275.5,268.98406934864767,6.515930651352335
2017-09-06 10:00:00,B001,74.0,71.14446570183229,2.8555342981677114
2017-09-06 10:00:00,B003,109.75,112.72569154689525,2.9756915468952485
2017-09-06 11:00:00,B003,114.531,121.77106002380957,7.240060023809562
2017-09-06 11:00:00,B002,285.5,289.6799180028145,4.179918002814475
2017-09-06 11:00:00,B001,75.75,79.25206553617612,3.5020655361761186
2017-09-06 12:00:00,B001,82.25,78.84562894796963,3.4043710520303705
2017-09-06 12:00:00,B002,293.0,290.97314949312147,2.0268505068785316
2017-09-06 12:00:00,B003,120.6875,117.21441498971816,3.473085010281835
2017-09-06 13:00:00,B003,122.4375,122.95528642789938,0.5177864278993809
2017-09-06 13:00:00,B001,87.5,85.2006353809524,2.2993646190475943
2017-09-06 13:00:00,B002,337.5,313.6144083472386,23.885591652761377
2017-09-06 14:00:00,B003,124.9065,123.31100109007151,1.5954989099284802
2017-09-06 14:00:00,B001,83.5,88.73427460733384,5.234274607333845
2017-09-06 14:00:00,B002,338.5,341.86607610918446,3.366076109184462
2017-09-06 15:00:00,B002,358.5,339.21551754170366,19.28448245829634
2017-09-06 15:00:00,B001,85.75,85.76412182619052,0.01412182619051805
2017-09-06 15:00:00,B003,130.4685,125.00385802029118,5.46464197970883
2017-09-06 16:00:00,B003,131.219,129.43881113132147,1.7801888686785219
2017-09-06 16:00:00,B001,83.75,88.50948876216927,4.759488762169269
2017-09-06 16:00:00,B002,346.0,344.05529187628036,1.9447081237196358
2017-09-06 17:00:00,B003,120.3435,125.59213485714288,5.248634857142875
2017-09-06 17:00:00,B001,81.5,78.47378046093907,3.026219539060932
2017-09-06 17:00:00,B002,357.5,332.91570370370357,24.58429629629643
2017-09-06 18:00:00,B003,95.469,101.82642126098902,6.357421260989028
2017-09-06 18:00:00,B001,70.75,70.47907990187592,0.2709200981240798
2017-09-06 18:00:00,B002,352.0,332.6360561904762,19.36394380952379
2017-09-06 19:00:00,B003,81.375,84.66966290331139,3.294662903311391
2017-09-06 19:00:00,B002,325.5,321.97824992063505,3.521750079364949
2017-09-06 19:00:00,B001,56.75,59.961335355147206,3.211335355147206
2017-09-06 20:00:00,B003,70.531,72.71732364770186,2.1863236477018546
2017-09-06 20:00:00,B001,54.75,52.88578955665709,1.8642104433429125
2017-09-06 20:00:00,B002,313.0,304.82241073896677,8.177589261033233
2017-09-06 21:00:00,B002,301.0,293.1365016924695,7.863498307530506
2017-09-06 21:00:00,B001,55.0,50.53841539083952,4.461584609160482
2017-09-06 21:00:00,B003,65.625,64.54494282254898,1.0800571774510246
2017-09-06 22:00:00,B002,298.5,286.06910449846845,12.430895501531552
2017-09-06 22:00:00,B001,41.75,49.22498627974988,7.474986279749878
2017-09-06 22:00:00,B003,58.9375,59.11710457522234,0.17960457522234208
2017-09-06 23:00:00,B003,55.75,55.05697242529779,0.6930275747022066
2017-09-06 23:00:00,B002,298.5,283.00931764485927,15.490682355140734
2017-09-06 23:00:00,B001,42.0,41.59173421664535,0.4082657833546506
2017-09-07 00:00:00,B002,266.8333,266.1202670843908,0.713032915609233
2017-09-07 00:00:00,B001,45.25,41.316985908925844,3.9330140910741562
2017-09-07 00:00:00,B003,50.0105,53.67857621673527,3.6680762167352725
2017-09-07 01:00:00,B002,293.1667,256.8484375711839,36.31826242881607
2017-09-07 01:00:00,B001,43.25,44.13480156787421,0.8848015678742129
2017-09-07 01:00:00,B003,52.7915,49.313143346641255,3.4783566533587447
2017-09-07 02:00:00,B003,50.969,51.978440980257126,1.009440980257125
2017-09-07 02:00:00,B002,276.0,284.20601197093913,8.20601197093913
2017-09-07 02:00:00,B001,42.5,42.79350423592707,0.29350423592706676
2017-09-07 03:00:00,B001,41.75,41.89768252248329,0.1476825224832865
2017-09-07 03:00:00,B002,268.5,266.11817768475476,2.3818223152452447
2017-09-07 03:00:00,B003,51.8125,49.497049396893274,2.3154506031067257
2017-09-07 04:00:00,B001,43.5,41.19256966869682,2.3074303313031805
2017-09-07 04:00:00,B002,267.0,264.20874549979413,2.7912545002058664
2017-09-07 04:00:00,B003,50.7185,50.35907801294368,0.3594219870563222
2017-09-07 05:00:00,B003,51.1875,49.798962885769036,1.3885371142309637
2017-09-07 05:00:00,B002,252.0,263.24004005325054,11.240040053250539
2017-09-07 05:00:00,B001,42.25,42.805357323767275,0.5553573237672751
2017-09-07 06:00:00,B001,42.75,42.471225297014314,0.27877470298568596
2017-09-07 06:00:00,B002,235.0,247.73121147744155,12.731211477441548
2017-09-07 06:00:00,B003,56.75,54.102044458609406,2.647955541390594
2017-09-07 07:00:00,B003,66.625,68.89793739078114,2.272937390781138
2017-09-07 07:00:00,B002,235.0,235.8216680763674,0.8216680763673878
2017-09-07 07:00:00,B001,44.5,43.44552783749187,1.0544721625081266
2017-09-07 08:00:00,B002,235.0,238.62457102555612,3.624571025556122
2017-09-07 08:00:00,B003,68.594,72.05982221528234,3.465822215282344
2017-09-07 08:00:00,B001,43.75,45.31056879643863,1.5605687964386306
2017-09-07 09:00:00,B001,54.75,53.65067384423257,1.0993261557674288
2017-09-07 09:00:00,B003,94.531,90.05988122242995,4.471118777570055
2017-09-07 09:00:00,B002,267.0,268.8973638832585,1.8973638832584925
2017-09-07 10:00:00,B002,267.5,292.62166799497203,25.12166799497203
2017-09-07 10:00:00,B001,76.25,70.28389454134768,5.966105458652322
2017-09-07 10:00:00,B003,105.4065,110.92010969084265,5.513609690842657
2017-09-07 11:00:00,B001,79.75,78.08178002298966,1.668219977010338
2017-09-07 11:00:00,B003,115.5935,116.70328292899205,1.109782928992047
2017-09-07 11:00:00,B002,271.0,294.42657055519607,23.426570555196065
2017-09-07 12:00:00,B001,82.75,84.26572462698411,1.5157246269841096
2017-09-07 12:00:00,B003,119.2815,119.96437349672127,0.6828734967212711
2017-09-07 12:00:00,B002,299.0,296.959086458422,2.040913541577993
2017-09-07 13:00:00,B003,127.0,121.82969293842167,5.1703070615783275
2017-09-07 13:00:00,B001,84.75,85.29665660317461,0.5466566031746112
2017-09-07 13:00:00,B002,295.0,318.66735787858846,23.66735787858846
2017-09-07 14:00:00,B003,127.9685,126.62505212802253,1.3434478719774745
2017-09-07 14:00:00,B001,86.25,87.9781636017316,1.7281636017315947
2017-09-07 14:00:00,B002,314.5,311.44573138167374,3.0542686183262617
2017-09-07 15:00:00,B002,309.5,324.96820218797257,15.468202187972565
2017-09-07 15:00:00,B003,125.6565,126.62020814575071,0.9637081457507151
2017-09-07 15:00:00,B001,90.75,88.67069619074073,2.0793038092592724
2017-09-07 16:00:00,B003,124.3125,124.40690392334312,0.09440392334312264
2017-09-07 16:00:00,B001,93.5,91.4822788038593,2.0177211961406982
2017-09-07 16:00:00,B002,314.5,318.5152835130719,4.015283513071893
2017-09-07 17:00:00,B002,303.5,308.13292064962644,4.632920649626442
2017-09-07 17:00:00,B003,118.781,117.50981241645017,1.2711875835498319
2017-09-07 17:00:00,B001,87.75,88.48449003650794,0.7344900365079354
2017-09-07 18:00:00,B002,282.0,290.3703313985552,8.370331398555209
2017-09-07 18:00:00,B003,95.9375,101.09149848277029,5.153998482770291
2017-09-07 18:00:00,B001,75.25,74.7849368635196,0.46506313648039566
2017-09-07 19:00:00,B003,79.969,83.0875617161002,3.118561716100203
2017-09-07 19:00:00,B001,62.75,61.14181556870895,1.6081844312910505
2017-09-07 19:00:00,B002,255.5,266.2569026454381,10.756902645438117
2017-09-07 20:00:00,B001,53.25,53.8137527340308,0.5637527340307997
2017-09-07 20:00:00,B003,65.2185,70.13776378026041,4.919263780260408
2017-09-07 20:00:00,B002,248.5,243.03201455534062,5.4679854446593765
2017-09-07 21:00:00,B001,44.0,49.573250319077104,5.573250319077104
2017-09-07 21:00:00,B003,60.844,60.705579516621235,0.13842048337876633
2017-09-07 21:00:00,B002,239.5,228.0991105632315,11.400889436768495
2017-09-07 22:00:00,B001,42.75,42.6963292902775,0.05367070972250332
2017-09-07 22:00:00,B003,51.6875,57.368224913353394,5.680724913353394
2017-09-07 22:00:00,B002,239.5,232.89498157977485,6.60501842022515
2017-09-07 23:00:00,B003,49.4685,49.73399951280369,0.265499512803693
2017-09-07 23:00:00,B002,239.5,231.47545965549355,8.024540344506448
2017-09-07 23:00:00,B001,46.25,42.20278769935511,4.047212300644887
2017-09-08 00:00:00,B002,231.3333,229.73278299650957,1.6005170034904381
2017-09-08 00:00:00,B003,47.6147,49.16427336154875,1.5495733615487524
2017-09-08 00:00:00,B001,45.8333,45.08544153896655,0.7478584610334522
2017-09-08 01:00:00,B002,238.1667,232.8498850902558,5.316814909744181
2017-09-08 01:00:00,B003,46.2815,47.715894769756005,1.434394769756004
2017-09-08 01:00:00,B001,43.0,45.06743992968202,2.067439929682017
2017-09-08 02:00:00,B001,45.25,42.82742288566216,2.422577114337841
2017-09-08 02:00:00,B002,238.0,234.0903184460058,3.9096815539942043
2017-09-08 02:00:00,B003,45.4375,45.32785939276303,0.10964060723696889
2017-09-08 03:00:00,B001,44.5,44.377916439241105,0.12208356075889526
2017-09-08 03:00:00,B003,43.75,45.300388584152394,1.550388584152394
2017-09-08 03:00:00,B002,237.0,235.7535309916005,1.2464690083994867
2017-09-08 04:00:00,B001,42.5,44.001560852064365,1.5015608520643653
2017-09-08 04:00:00,B002,230.5,235.4174200919909,4.917420091990891
2017-09-08 04:00:00,B003,43.65600000000001,43.75161410757805,0.09561410757803657
2017-09-08 05:00:00,B001,42.75,42.130115503234194,0.6198844967658061
2017-09-08 05:00:00,B003,44.844,43.77459878246573,1.0694012175342706
2017-09-08 05:00:00,B002,238.5,228.05899670352707,10.441003296472928
2017-09-08 06:00:00,B002,234.0,236.43798554571111,2.437985545711115
2017-09-08 06:00:00,B001,43.0,43.80898281832627,0.8089828183262711
2017-09-08 06:00:00,B003,53.1875,50.20975361796534,2.9777463820346597
2017-09-08 07:00:00,B002,240.5,235.00282105531508,5.497178944684919
2017-09-08 07:00:00,B001,43.5,44.00479664226332,0.5047966422633223
2017-09-08 07:00:00,B003,62.0935,64.76033607690367,2.666836076903671
2017-09-08 08:00:00,B003,63.969,69.14930302634454,5.180303026344539
2017-09-08 08:00:00,B002,242.5,243.7292690692981,1.2292690692981125
2017-09-08 08:00:00,B001,44.75,44.30862381250222,0.44137618749778085
2017-09-08 09:00:00,B002,254.5,267.2933522669517,12.793352266951672
2017-09-08 09:00:00,B003,97.875,85.84203701190474,12.032962988095264
2017-09-08 09:00:00,B001,62.0,54.09806510533973,7.901934894660272
2017-09-08 10:00:00,B002,259.0,278.3584361355748,19.358436135574777
2017-09-08 10:00:00,B003,108.125,112.78350000208442,4.658500002084423
2017-09-08 10:00:00,B001,77.5,72.98089086598677,4.5191091340132346
2017-09-08 11:00:00,B002,284.0,277.7891701255356,6.210829874464423
2017-09-08 11:00:00,B003,117.6875,121.05761578920155,3.3701157892015488
2017-09-08 11:00:00,B001,80.75,80.59063284672021,0.15936715327978845
2017-09-08 12:00:00,B003,119.2185,121.70522789723985,2.486727897239845
2017-09-08 12:00:00,B001,84.25,85.33297651957673,1.0829765195767322
2017-09-08 12:00:00,B002,281.5,291.65844818891566,10.158448188915656
2017-09-08 13:00:00,B003,121.5,121.98756560127659,0.4875656012765859
2017-09-08 13:00:00,B002,315.0,289.63700465244193,25.36299534755807
2017-09-08 13:00:00,B001,86.25,87.17045328239539,0.9204532823953855
2017-09-08 14:00:00,B002,293.5,312.0741366719611,18.574136671961128
2017-09-08 14:00:00,B003,117.5,122.43322119983364,4.933221199833639
2017-09-08 14:00:00,B001,84.75,89.10326489312166,4.353264893121661
2017-09-08 15:00:00,B001,87.5,88.35572991931214,0.8557299193121395
2017-09-08 15:00:00,B002,286.0,300.37748642827205,14.37748642827205
2017-09-08 15:00:00,B003,118.1875,120.1662576639654,1.9787576639653963
2017-09-08 16:00:00,B001,89.25,88.31680537010574,0.9331946298942597
2017-09-08 16:00:00,B002,308.5,290.54355289773605,17.95644710226395
2017-09-08 16:00:00,B003,116.9375,119.42624246086618,2.4887424608661775
2017-09-08 17:00:00,B001,87.0,84.32924240740742,2.6707575925925795
2017-09-08 17:00:00,B003,106.8125,108.00441287592596,1.191912875925965
2017-09-08 17:00:00,B002,287.5,288.7716691328042,1.2716691328042202
2017-09-08 18:00:00,B001,74.75,72.15649047020285,2.5935095297971458
2017-09-08 18:00:00,B003,86.375,91.5685554997808,5.1935554997808
2017-09-08 18:00:00,B002,257.0,270.6925291755707,13.692529175570712
2017-09-08 19:00:00,B001,66.5,56.49582519841269,10.004174801587311
2017-09-08 19:00:00,B003,72.5625,76.33754438066983,3.7750443806698257
2017-09-08 19:00:00,B002,244.0,246.33194085561448,2.3319408556144765
2017-09-08 20:00:00,B002,239.5,234.47458665447704,5.0254133455229635
2017-09-08 20:00:00,B001,63.25,54.37476416736413,8.875235832635873
2017-09-08 20:00:00,B003,63.625,64.38967850876514,0.7646785087651438
2017-09-08 21:00:00,B003,57.469,58.46617692916282,0.9971769291628192
2017-09-08 21:00:00,B002,230.0,232.48824124139355,2.4882412413935526
2017-09-08 21:00:00,B001,42.5,54.71701897594999,12.21701897594999
2017-09-08 22:00:00,B001,42.25,42.16616296201699,0.08383703798300957
2017-09-08 22:00:00,B003,51.28100000000001,54.30510088106605,3.0241008810660404
2017-09-08 22:00:00,B002,229.5,225.07036166022948,4.42963833977052
2017-09-08 23:00:00,B001,45.25,42.06953337919625,3.180466620803749
2017-09-08 23:00:00,B003,49.9375,49.86986953605948,0.06763046394051742
2017-09-08 23:00:00,B002,233.0,225.47787401883247,7.522125981167534
2017-09-09 00:00:00,B002,224.5,229.87335116856858,5.3733511685685755
2017-09-09 00:00:00,B001,42.0833,44.37289256834769,2.289592568347686
2017-09-09 00:00:00,B003,47.2397,48.08663841404985,0.8469384140498519
2017-09-09 01:00:00,B002,227.1667,222.593420846545,4.57327915345499
2017-09-09 01:00:00,B003,47.9272,46.82762263454916,1.0995773654508412
2017-09-09 01:00:00,B001,44.3333,41.70336715881236,2.629932841187639
2017-09-09 02:00:00,B003,46.28100000000001,47.62687517033278,1.3458751703327678
2017-09-09 02:00:00,B002,220.5,224.1555224453367,3.655522445336686
2017-09-09 02:00:00,B001,43.5,43.68702492962878,0.1870249296287767
2017-09-09 03:00:00,B002,226.5,220.42278627609747,6.077213723902531
2017-09-09 03:00:00,B001,43.25,43.660981069775524,0.4109810697755236
2017-09-09 03:00:00,B003,46.0,45.93965893371235,0.06034106628764846
2017-09-09 04:00:00,B001,41.25,42.965570464377855,1.7155704643778549
2017-09-09 04:00:00,B002,229.5,225.154715759151,4.345284240848997
2017-09-09 04:00:00,B003,43.969,45.681468817485815,1.7124688174858136
2017-09-09 05:00:00,B001,41.5,40.937947029173294,0.5620529708267057
2017-09-09 05:00:00,B002,233.5,227.57503543615113,5.924964563848874
2017-09-09 05:00:00,B003,44.5,44.023473699341004,0.47652630065899615
2017-09-09 06:00:00,B001,41.25,41.495159508548106,0.24515950854810598
2017-09-09 06:00:00,B003,43.9685,45.41420089515294,1.4457008951529389
2017-09-09 06:00:00,B002,233.0,232.4229994037192,0.5770005962808114
2017-09-09 07:00:00,B003,45.719,45.020727245906386,0.6982727540936153
2017-09-09 07:00:00,B002,228.5,232.43688665661494,3.936886656614945
2017-09-09 07:00:00,B001,41.25,41.00833770468421,0.2416622953157912
2017-09-09 08:00:00,B003,48.7185,47.02018020596037,1.6983197940396266
2017-09-09 08:00:00,B002,234.5,229.95734249094065,4.542657509059353
2017-09-09 08:00:00,B001,41.5,41.31217596353008,0.18782403646991952
2017-09-09 09:00:00,B003,65.6565,53.40364655956786,12.252853440432133
2017-09-09 09:00:00,B001,44.0,43.767396334496986,0.2326036655030137
2017-09-09 09:00:00,B002,241.5,240.23393465360064,1.2660653463993583
2017-09-09 10:00:00,B003,72.9375,68.01809117734767,4.919408822652329
2017-09-09 10:00:00,B001,47.0,45.18078362567324,1.819216374326757
2017-09-09 10:00:00,B002,244.0,249.47984713174597,5.47984713174597
2017-09-09 11:00:00,B002,263.0,254.13857901707544,8.861420982924557
2017-09-09 11:00:00,B001,47.75,48.670920428566035,0.9209204285660348
2017-09-09 11:00:00,B003,80.281,75.29835765486365,4.982642345136355
2017-09-09 12:00:00,B002,279.0,268.9946050045439,10.005394995456072
2017-09-09 12:00:00,B003,85.125,78.33796647240652,6.787033527593479
2017-09-09 12:00:00,B001,49.0,48.91588893635847,0.08411106364152943
2017-09-09 13:00:00,B001,50.5,50.911181180135635,0.4111811801356353
2017-09-09 13:00:00,B003,91.344,86.15380990357146,5.1901900964285375
2017-09-09 13:00:00,B002,285.5,286.80837487480505,1.3083748748050539
2017-09-09 14:00:00,B001,51.5,51.16846234092999,0.3315376590700083
2017-09-09 14:00:00,B002,297.0,287.59818218583354,9.401817814166463
2017-09-09 14:00:00,B003,91.6875,90.12334450317461,1.5641554968253928
2017-09-09 15:00:00,B003,89.375,90.03367890317462,0.6586789031746179
2017-09-09 15:00:00,B002,297.0,302.16314523524625,5.1631452352462475
2017-09-09 15:00:00,B001,49.5,51.13226157761038,1.6322615776103788
2017-09-09 16:00:00,B001,48.75,50.68579477496818,1.9357947749681799
2017-09-09 16:00:00,B003,84.9685,87.8301404912698,2.861640491269796
2017-09-09 16:00:00,B002,303.5,302.78566009037627,0.7143399096237317
2017-09-09 17:00:00,B003,80.0,85.28499576666665,5.284995766666654
2017-09-09 17:00:00,B002,299.5,292.84222013208006,6.657779867919942
2017-09-09 17:00:00,B001,47.25,48.804880284030865,1.5548802840308653
2017-09-09 18:00:00,B002,278.0,278.4560064107639,0.456006410763905
2017-09-09 18:00:00,B001,45.5,46.84986002492461,1.3498600249246095
2017-09-09 18:00:00,B003,64.875,73.771676878887,8.896676878887007
2017-09-09 19:00:00,B002,257.5,266.2883690844797,8.788369084479712
2017-09-09 19:00:00,B001,42.5,43.90893290348761,1.4089329034876101
2017-09-09 19:00:00,B003,55.875,63.4596501950198,7.5846501950197975
2017-09-09 20:00:00,B002,234.5,245.81663299197845,11.316632991978452
2017-09-09 20:00:00,B003,56.0,54.64259399093663,1.357406009063368
2017-09-09 20:00:00,B001,41.0,42.02487558296991,1.024875582969912
2017-09-09 21:00:00,B001,39.5,40.74321328350842,1.2432132835084175
2017-09-09 21:00:00,B003,49.7815,54.3814832150088,4.599983215008798
2017-09-09 21:00:00,B002,227.0,225.7943034372111,1.2056965627888871
2017-09-09 22:00:00,B003,48.375,49.40453488625912,1.0295348862591212
2017-09-09 22:00:00,B001,40.0,39.43082395646811,0.5691760435318898
2017-09-09 22:00:00,B002,223.5,222.12683008412762,1.3731699158723814
2017-09-09 23:00:00,B003,46.78100000000001,48.26067033617255,1.4796703361725392
2017-09-09 23:00:00,B002,225.0,218.54918390386035,6.450816096139647
2017-09-09 23:00:00,B001,40.0,40.43970305263771,0.4397030526377108
2017-09-10 00:00:00,B003,46.375,46.19502274712825,0.17997725287175115
2017-09-10 00:00:00,B002,221.0,221.8604164196721,0.8604164196721058
2017-09-10 00:00:00,B001,39.8333,41.629538834361455,1.7962388343614535
2017-09-10 01:00:00,B002,217.8333,220.49421303247388,2.6609130324738715
2017-09-10 01:00:00,B001,40.5,40.050786405531525,0.44921359446847475
2017-09-10 01:00:00,B003,45.469,46.18518449749486,0.7161844974948579
2017-09-10 02:00:00,B003,45.15600000000001,44.98906456819724,0.16693543180277004
2017-09-10 02:00:00,B001,39.25,40.53794753426255,1.2879475342625497
2017-09-10 02:00:00,B002,220.5,217.23315899879438,3.26684100120562
2017-09-10 03:00:00,B001,39.5,39.37704556085506,0.12295443914494086
2017-09-10 03:00:00,B003,46.0625,44.30962483237468,1.7528751676253194
2017-09-10 03:00:00,B002,209.5,219.54590638596207,10.04590638596207
2017-09-10 04:00:00,B001,38.5,39.35772731697584,0.8577273169758399
2017-09-10 04:00:00,B002,216.5,209.69465228825428,6.805347711745725
2017-09-10 04:00:00,B003,43.6565,45.71634035457624,2.059840354576238
2017-09-10 05:00:00,B002,219.0,215.50265712922123,3.497342870778766
2017-09-10 05:00:00,B001,41.25,38.41016995747343,2.8398300425265717
2017-09-10 05:00:00,B003,43.40600000000001,43.77999064776814,0.3739906477681245
2017-09-10 06:00:00,B003,43.6875,44.235231389557114,0.5477313895571143
2017-09-10 06:00:00,B002,217.5,217.58680900606507,0.08680900606506725
2017-09-10 06:00:00,B001,42.0,40.741200634314914,1.2587993656850855
2017-09-10 07:00:00,B003,44.4065,44.618229118581404,0.21172911858140253
2017-09-10 07:00:00,B002,219.0,217.07380158669523,1.9261984133047747
2017-09-10 07:00:00,B001,39.25,41.33662155734592,2.0866215573459215
2017-09-10 08:00:00,B003,45.1875,45.13018556973448,0.057314430265520855
2017-09-10 08:00:00,B001,40.0,39.17218344876568,0.8278165512343207
2017-09-10 08:00:00,B002,223.5,220.58628005218793,2.913719947812069
2017-09-10 09:00:00,B001,41.75,41.01658012761761,0.7334198723823917
2017-09-10 09:00:00,B002,220.5,229.19304785273727,8.693047852737266
2017-09-10 09:00:00,B003,57.2185,50.02775481938573,7.190745180614272
2017-09-10 10:00:00,B003,58.1565,60.0569506763862,1.9004506763861997
2017-09-10 10:00:00,B002,227.5,225.75283411290258,1.7471658870974238
2017-09-10 10:00:00,B001,40.5,42.71277093027553,2.212770930275532
2017-09-10 11:00:00,B001,40.0,42.40384527298432,2.40384527298432
2017-09-10 11:00:00,B002,221.5,234.48229959494486,12.982299594944863
2017-09-10 11:00:00,B003,63.4685,58.836029228337225,4.632470771662774
2017-09-10 12:00:00,B001,41.5,42.149125448632155,0.6491254486321552
2017-09-10 12:00:00,B003,64.9375,66.05970354130179,1.1222035413017863
2017-09-10 12:00:00,B002,221.0,222.56560087490755,1.5656008749075454
2017-09-10 13:00:00,B001,41.0,42.90315015439209,1.9031501543920868
2017-09-10 13:00:00,B003,64.4375,66.18419655135625,1.7466965513562513
2017-09-10 13:00:00,B002,221.0,223.3088756254012,2.308875625401214
2017-09-10 14:00:00,B003,65.094,66.24162937034515,1.1476293703451574
2017-09-10 14:00:00,B002,220.5,224.28465413429717,3.7846541342971705
2017-09-10 14:00:00,B001,42.75,42.75652967834242,0.0065296783424173555
2017-09-10 15:00:00,B003,64.031,65.91553771661347,1.8845377166134654
2017-09-10 15:00:00,B002,222.0,221.80751913064432,0.192480869355677
2017-09-10 15:00:00,B001,43.25,43.53885890049672,0.28885890049672014
2017-09-10 16:00:00,B001,43.0,43.26743544891772,0.2674354489177233
2017-09-10 16:00:00,B003,62.219,65.82983579971982,3.6108357997198155
2017-09-10 16:00:00,B002,225.5,220.9053891846359,4.594610815364092
2017-09-10 17:00:00,B003,63.3125,63.7775646967033,0.4650646967033012
2017-09-10 17:00:00,B001,40.25,43.14928517795849,2.8992851779584896
2017-09-10 17:00:00,B002,229.0,224.73857626022786,4.261423739772141
2017-09-10 18:00:00,B001,41.5,40.51062268045848,0.9893773195415179
2017-09-10 18:00:00,B003,57.5,60.97012537853919,3.470125378539187
2017-09-10 18:00:00,B002,215.5,225.2903478247856,9.790347824785613
2017-09-10 19:00:00,B001,41.0,41.130779018483196,0.13077901848319584
2017-09-10 19:00:00,B003,54.9375,54.133966252451465,0.8035337475485349
2017-09-10 19:00:00,B002,224.5,213.65229183549155,10.847708164508447
2017-09-10 20:00:00,B001,40.75,40.79940079345664,0.04940079345664117
2017-09-10 20:00:00,B003,54.5935,53.520995998545935,1.0725040014540639
2017-09-10 20:00:00,B002,218.5,220.26595302909737,1.7659530290973748
2017-09-10 21:00:00,B003,52.0,50.92475698445405,1.0752430155459507
2017-09-10 21:00:00,B002,217.0,220.15983522173445,3.159835221734454
2017-09-10 21:00:00,B001,40.5,39.89679245923214,0.6032075407678619
2017-09-10 22:00:00,B003,50.9375,50.4721468260241,0.4653531739758989
2017-09-10 22:00:00,B002,210.0,215.56677302506247,5.566773025062474
2017-09-10 22:00:00,B001,40.25,40.69372443127813,0.44372443127812744
2017-09-10 23:00:00,B003,47.7815,48.9297968561747,1.1482968561746958
2017-09-10 23:00:00,B001,40.5,40.16121190960411,0.3387880903958873
2017-09-10 23:00:00,B002,210.5,208.7094508990405,1.7905491009595096
2017-09-11 00:00:00,B002,222.5,218.74460265835467,3.7553973416453346
2017-09-11 00:00:00,B003,44.7708,47.11528439757629,2.344484397576288
2017-09-11 00:00:00,B001,42.1667,41.37946447157569,0.7872355284243113
2017-09-11 01:00:00,B001,40.3333,41.32580310286414,0.9925031028641413
2017-09-11 01:00:00,B002,224.6667,226.03821207131764,1.3715120713176532
2017-09-11 01:00:00,B003,46.3435,44.26191602213259,2.0815839778674103
2017-09-11 02:00:00,B002,236.0,225.56830388903026,10.431696110969739
2017-09-11 02:00:00,B003,45.75,46.08684133172323,0.33684133172322817
2017-09-11 02:00:00,B001,39.0,39.60218537213773,0.6021853721377326
2017-09-11 03:00:00,B001,39.75,38.84469693245435,0.9053030675456526
2017-09-11 03:00:00,B002,238.5,228.83099418834982,9.66900581165018
2017-09-11 03:00:00,B003,45.594,45.22674857882912,0.3672514211708844
2017-09-11 04:00:00,B001,41.5,39.608743023651044,1.8912569763489557
2017-09-11 04:00:00,B003,45.53100000000001,44.92939152904892,0.601608470951092
2017-09-11 04:00:00,B002,242.0,233.88931931545477,8.11068068454523
2017-09-11 05:00:00,B003,46.9065,44.93920887900503,1.9672911209949717
2017-09-11 05:00:00,B002,245.0,236.80140209458452,8.198597905415483
2017-09-11 05:00:00,B001,40.5,41.755606844263866,1.2556068442638662
2017-09-11 06:00:00,B002,242.0,236.02406494243542,5.975935057564584
2017-09-11 06:00:00,B001,43.75,41.59118665680222,2.158813343197778
2017-09-11 06:00:00,B003,49.875,49.350065340002544,0.5249346599974558
2017-09-11 07:00:00,B002,254.0,241.22132742242232,12.77867257757768
2017-09-11 07:00:00,B003,56.0,61.41457129606226,5.414571296062263
2017-09-11 07:00:00,B001,43.0,43.50321554943885,0.503215549438849
2017-09-11 08:00:00,B002,249.0,260.1234953761905,11.123495376190476
2017-09-11 08:00:00,B003,69.031,68.63529971666469,0.3957002833353158
2017-09-11 08:00:00,B001,45.75,43.737719561499176,2.0122804385008237
2017-09-11 09:00:00,B003,100.4065,89.2504207917083,11.1560792082917
2017-09-11 09:00:00,B002,272.5,273.8331505370019,1.3331505370019272
2017-09-11 09:00:00,B001,54.25,54.240001906382936,0.00999809361706383
2017-09-11 10:00:00,B001,65.25,67.78773455343915,2.537734553439151
2017-09-11 10:00:00,B002,285.0,295.42860204708995,10.428602047089953
2017-09-11 10:00:00,B003,108.625,114.9204676262485,6.295467626248495
2017-09-11 11:00:00,B001,70.75,76.08840692371615,5.33840692371615
2017-09-11 11:00:00,B002,291.0,297.50895208876386,6.508952088763863
2017-09-11 11:00:00,B003,121.8435,120.79444702549299,1.0490529745070205
2017-09-11 12:00:00,B003,122.0,123.46602381350591,1.4660238135059132
2017-09-11 12:00:00,B002,301.5,322.4213393336445,20.921339333644482
2017-09-11 12:00:00,B001,70.5,72.61840124093494,2.1184012409349435
2017-09-11 13:00:00,B001,71.75,72.40574517174569,0.6557451717456928
2017-09-11 13:00:00,B002,318.0,320.15335965160216,2.153359651602159
2017-09-11 13:00:00,B003,123.7815,123.56501022807578,0.21648977192421626
2017-09-11 14:00:00,B001,76.75,72.92554681275044,3.82445318724956
2017-09-11 14:00:00,B003,123.906,125.14463710231556,1.2386371023155505
2017-09-11 14:00:00,B002,289.5,327.6861271880358,38.18612718803581
2017-09-11 15:00:00,B002,293.0,306.5987031293733,13.598703129373291
2017-09-11 15:00:00,B001,77.0,78.60010355995807,1.6001035599580717
2017-09-11 15:00:00,B003,124.25,125.03310499823269,0.7831049982326874
2017-09-11 16:00:00,B003,120.3125,124.50990982262023,4.19740982262023
2017-09-11 16:00:00,B001,78.75,78.76507193138663,0.01507193138662899
2017-09-11 16:00:00,B002,288.0,308.86806274939875,20.868062749398746
2017-09-11 17:00:00,B002,273.5,280.35589026334765,6.855890263347646
2017-09-11 17:00:00,B003,110.6565,115.13593738015867,4.4794373801586715
2017-09-11 17:00:00,B001,76.5,71.39355707932579,5.106442920674212
2017-09-11 18:00:00,B002,258.0,258.781006496892,0.7810064968920187
2017-09-11 18:00:00,B001,60.25,60.49658229249319,0.24658229249318708
2017-09-11 18:00:00,B003,88.875,95.16132392820138,6.286323928201384
2017-09-11 19:00:00,B002,252.5,246.9643673795207,5.535632620479305
2017-09-11 19:00:00,B003,75.4685,76.40197450520542,0.9334745052054103
2017-09-11 19:00:00,B001,52.0,52.43422786844637,0.43422786844637074
2017-09-11 20:00:00,B001,49.0,48.65491414720339,0.34508585279660764
2017-09-11 20:00:00,B003,63.094,64.84942245890876,1.755422458908761
2017-09-11 20:00:00,B002,241.0,242.5292448313953,1.5292448313952889
2017-09-11 21:00:00,B002,235.0,231.76299119126298,3.2370088087370164
2017-09-11 21:00:00,B001,50.5,46.2379783133173,4.262021686682701
2017-09-11 21:00:00,B003,49.78100000000001,58.05055055151326,8.269550551513248
2017-09-11 22:00:00,B002,233.0,226.86385829860586,6.136141701394138
2017-09-11 22:00:00,B001,50.0,48.00966622743485,1.990333772565151
2017-09-11 22:00:00,B003,46.5315,49.392613285901554,2.8611132859015527
2017-09-11 23:00:00,B001,44.25,46.48980746536461,2.2398074653646134
2017-09-11 23:00:00,B002,230.0,227.4335137698264,2.5664862301736093
2017-09-11 23:00:00,B003,42.8435,45.71319707971793,2.8696970797179304
2017-09-12 00:00:00,B002,238.3333,224.87729662692544,13.456003373074566
2017-09-12 00:00:00,B003,42.5313,43.43744866892771,0.9061486689277061
2017-09-12 00:00:00,B001,44.4167,43.26728241343072,1.1494175865692782
2017-09-12 01:00:00,B002,228.8333,233.9536142762309,5.120314276230886
2017-09-12 01:00:00,B003,41.8648,42.720083895636975,0.8552838956369726
2017-09-12 01:00:00,B001,44.3333,43.450092682790356,0.8832073172096457
2017-09-12 02:00:00,B003,40.406,42.1614537310239,1.7554537310238985
2017-09-12 02:00:00,B001,41.0,43.12133187723104,2.121331877231043
2017-09-12 02:00:00,B002,228.5,224.38366035625523,4.116339643744766
2017-09-12 03:00:00,B003,40.1875,41.091270754766185,0.9037707547661853
2017-09-12 03:00:00,B001,45.25,40.945451597033,4.304548402967001
2017-09-12 03:00:00,B002,230.5,226.77507021271657,3.724929787283429
2017-09-12 04:00:00,B003,40.625,40.74457006122948,0.11957006122948144
2017-09-12 04:00:00,B001,45.75,44.16410003584068,1.5858999641593172
2017-09-12 04:00:00,B002,228.5,228.06886369826753,0.4311363017324652
2017-09-12 05:00:00,B003,40.2815,41.06141805455198,0.7799180545519775
2017-09-12 05:00:00,B001,44.75,45.07372427977575,0.32372427977575313
2017-09-12 05:00:00,B002,227.0,226.80066991682617,0.19933008317383383
2017-09-12 06:00:00,B003,44.65600000000001,41.351440513318174,3.304559486681839
2017-09-12 06:00:00,B001,46.75,44.80023496188253,1.9497650381174694
2017-09-12 06:00:00,B002,233.0,226.46387711775634,6.53612288224366
2017-09-12 07:00:00,B002,243.0,234.94877297204619,8.051227027953814
2017-09-12 07:00:00,B003,58.5625,52.41588200623833,6.146617993761673
2017-09-12 07:00:00,B001,48.0,46.69777546105184,1.3022245389481597
2017-09-12 08:00:00,B001,51.0,48.79756927244016,2.202430727559843
2017-09-12 08:00:00,B002,255.5,250.51444832477955,4.985551675220449
2017-09-12 08:00:00,B003,65.0315,68.9814151134362,3.949915113436205
2017-09-12 09:00:00,B002,286.5,286.5317314458172,0.031731445817172244
2017-09-12 09:00:00,B001,59.5,55.775236135987655,3.7247638640123455
2017-09-12 09:00:00,B003,98.531,90.80180022460321,7.729199775396793
2017-09-12 10:00:00,B003,110.6875,113.9329587557925,3.245458755792498
2017-09-12 10:00:00,B002,300.5,301.83965071702306,1.339650717023062
2017-09-12 10:00:00,B001,61.25,71.02319410246197,9.773194102461972
2017-09-12 11:00:00,B002,318.0,324.1257676877149,6.1257676877149265
2017-09-12 11:00:00,B001,66.5,70.93849834965158,4.4384983496515815
2017-09-12 11:00:00,B003,116.125,123.06568499523814,6.9406849952381435
2017-09-12 12:00:00,B002,343.5,336.27386894191903,7.226131058080966
2017-09-12 12:00:00,B001,72.5,71.60890980158733,0.8910901984126696
2017-09-12 12:00:00,B003,121.9375,119.77743660680169,2.160063393198314
2017-09-12 13:00:00,B002,358.5,344.31543581151413,14.184564188485865
2017-09-12 13:00:00,B003,125.1565,122.37651910693953,2.7799808930604684
2017-09-12 13:00:00,B001,72.0,75.77035277367449,3.770352773674489
2017-09-12 14:00:00,B003,123.5935,124.94833115519388,1.354831155193878
2017-09-12 14:00:00,B002,381.5,350.5497335757781,30.950266424221923
2017-09-12 14:00:00,B001,73.0,74.72052846407863,1.720528464078626
2017-09-12 15:00:00,B002,387.0,377.4138703102453,9.586129689754728
2017-09-12 15:00:00,B001,77.75,75.9038047286418,1.846195271358198
2017-09-12 15:00:00,B003,117.75,124.50315938397857,6.75315938397857
2017-09-12 16:00:00,B003,117.9375,119.14996537207206,1.2124653720720602
2017-09-12 16:00:00,B002,369.0,377.6594246031746,8.659424603174614
2017-09-12 16:00:00,B001,78.75,79.15992560996855,0.4099256099685533
2017-09-12 17:00:00,B002,356.0,349.0842398354979,6.915760164502103
2017-09-12 17:00:00,B001,67.0,73.77011798174603,6.770117981746026
2017-09-12 17:00:00,B003,110.1565,113.9188100828042,3.7623100828042055
2017-09-12 18:00:00,B002,341.5,326.8286962777778,14.671303722222206
2017-09-12 18:00:00,B001,57.5,59.689118554393694,2.189118554393694
2017-09-12 18:00:00,B003,87.3435,94.40866546063575,7.06516546063574
2017-09-12 19:00:00,B001,47.0,51.83200045635373,4.832000456353732
2017-09-12 19:00:00,B002,326.0,315.2057914934103,10.794208506589712
2017-09-12 19:00:00,B003,73.625,76.0254017635055,2.4004017635054993
2017-09-12 20:00:00,B002,322.5,297.2832467460317,25.216753253968307
2017-09-12 20:00:00,B001,44.75,45.657807530020754,0.9078075300207544
2017-09-12 20:00:00,B003,69.75,64.7879578849969,4.962042115003101
2017-09-12 21:00:00,B002,293.0,297.61423219576716,4.614232195767158
2017-09-12 21:00:00,B001,44.75,44.511928329174886,0.23807167082511427
2017-09-12 21:00:00,B003,55.75,59.7570485883587,4.0070485883587
2017-09-12 22:00:00,B002,253.5,282.0128175642376,28.512817564237594
2017-09-12 22:00:00,B003,48.25,49.87226116858115,1.6222611685811472
2017-09-12 22:00:00,B001,42.5,44.319268695549816,1.819268695549816
2017-09-12 23:00:00,B003,45.25,46.61746474966855,1.3674647496685495
2017-09-12 23:00:00,B001,43.5,41.968449328974586,1.531550671025414
2017-09-12 23:00:00,B002,251.0,244.36007046631124,6.639929533688758
2017-09-13 00:00:00,B003,41.646,45.196108475654874,3.5501084756548735
2017-09-13 00:00:00,B001,43.3333,43.84883415317828,0.5155341531782796
2017-09-13 00:00:00,B002,271.6667,242.3279816619817,29.338718338018282
2017-09-13 01:00:00,B003,41.5105,41.88204411402683,0.3715441140268325
2017-09-13 01:00:00,B001,43.0833,42.717518080735076,0.36578191926492565
2017-09-13 01:00:00,B002,256.0,251.67797512765566,4.322024872344343
2017-09-13 02:00:00,B003,40.4375,41.44313209066821,1.0056320906682075
2017-09-13 02:00:00,B002,252.0,251.53201388448468,0.4679861155153162
2017-09-13 02:00:00,B001,41.0,42.51338764007428,1.5133876400742778
2017-09-13 03:00:00,B003,40.0935,40.93709859026187,0.8435985902618697
2017-09-13 03:00:00,B002,251.5,249.1345416843699,2.365458315630093
2017-09-13 03:00:00,B001,43.25,41.49467628625245,1.7553237137475506
2017-09-13 04:00:00,B003,39.344,40.848530084146056,1.5045300841460545
2017-09-13 04:00:00,B001,44.0,42.855424185150916,1.1445758148490839
2017-09-13 04:00:00,B002,261.0,247.63898616414755,13.361013835852447
2017-09-13 05:00:00,B001,42.5,43.46321676459391,0.9632167645939091
2017-09-13 05:00:00,B003,39.781,40.539237146069674,0.7582371460696748
2017-09-13 05:00:00,B002,282.0,260.34713017120356,21.65286982879644
2017-09-13 06:00:00,B001,45.25,42.985680442833484,2.264319557166516
2017-09-13 06:00:00,B003,45.5315,41.80276781451458,3.72873218548542
2017-09-13 06:00:00,B002,305.0,268.39192059488533,36.608079405114665
2017-09-13 07:00:00,B001,46.25,45.385739828499986,0.864260171500014
2017-09-13 07:00:00,B002,299.5,296.33197067619056,3.168029323809435
2017-09-13 07:00:00,B003,63.9685,54.96206628137973,9.006433718620272
2017-09-13 08:00:00,B002,311.5,313.64986264444457,2.1498626444445676
2017-09-13 08:00:00,B001,47.5,47.02324813384884,0.4767518661511616
2017-09-13 08:00:00,B003,67.469,68.5318369374111,1.062836937411106
2017-09-13 09:00:00,B002,322.0,328.77568985944674,6.775689859446743
2017-09-13 09:00:00,B001,54.25,59.14517859775911,4.895178597759113
2017-09-13 09:00:00,B003,97.8435,89.88603694947095,7.957463050529057
2017-09-13 10:00:00,B003,111.344,113.39008252013974,2.0460825201397483
2017-09-13 10:00:00,B002,340.0,338.79715759873176,1.2028424012682422
2017-09-13 10:00:00,B001,60.25,64.53117687729677,4.281176877296772
2017-09-13 11:00:00,B003,118.125,122.32419432900436,4.1991943290043565
2017-09-13 11:00:00,B001,64.25,70.74017560765164,6.490175607651636
2017-09-13 11:00:00,B002,353.5,351.6329404761904,1.867059523809587
2017-09-13 12:00:00,B001,71.5,72.35828567592594,0.8582856759259414
2017-09-13 12:00:00,B003,117.5,121.68280929909538,4.182809299095382
2017-09-13 12:00:00,B002,364.5,355.68466240952387,8.815337590476133
2017-09-13 13:00:00,B001,67.0,73.25971943012605,6.259719430126054
2017-09-13 13:00:00,B003,122.8435,120.06056789646051,2.782932103539494
2017-09-13 13:00:00,B002,345.0,371.1140025693121,26.114002569312106
2017-09-13 14:00:00,B003,120.469,123.34560458412241,2.8766045841224184
2017-09-13 14:00:00,B001,70.75,72.10705707095576,1.3570570709557614
2017-09-13 14:00:00,B002,352.5,354.45661107301584,1.9566110730158357
2017-09-13 15:00:00,B002,333.5,357.2075196984126,23.707519698412625
2017-09-13 15:00:00,B003,120.2185,121.22280215784342,1.0043021578434121
2017-09-13 15:00:00,B001,70.25,74.71442317098132,4.46442317098132
2017-09-13 16:00:00,B001,71.25,74.34891335605691,3.0989133560569115
2017-09-13 16:00:00,B003,120.0625,121.13675153663029,1.0742515366302854
2017-09-13 16:00:00,B002,346.5,343.6731025978837,2.8268974021162876
2017-09-13 17:00:00,B003,112.125,115.05126825820102,2.92626825820102
2017-09-13 17:00:00,B001,68.25,65.94518975510012,2.3048102448998833
2017-09-13 17:00:00,B002,350.0,331.19762256198635,18.80237743801365
2017-09-13 18:00:00,B003,83.5625,95.73446966766163,12.171969667661628
2017-09-13 18:00:00,B001,52.5,57.82904259438338,5.329042594383381
2017-09-13 18:00:00,B002,338.5,323.54666109699207,14.953338903007932
2017-09-13 19:00:00,B003,68.9065,76.57809181295514,7.671591812955143
2017-09-13 19:00:00,B001,41.5,47.06964190245309,5.5696419024530925
2017-09-13 19:00:00,B002,325.5,320.6308946657208,4.8691053342791975
2017-09-13 20:00:00,B002,318.5,301.1435237354498,17.356476264550224
2017-09-13 20:00:00,B003,58.5625,66.02716123976373,7.464661239763728
2017-09-13 20:00:00,B001,41.5,41.961888217713515,0.46188821771351485
2017-09-13 21:00:00,B001,42.5,42.14245965127638,0.3575403487236173
2017-09-13 21:00:00,B002,311.0,298.4659116623376,12.53408833766241
2017-09-13 21:00:00,B003,53.625,55.602414478935245,1.9774144789352448
2017-09-13 22:00:00,B003,47.9375,49.37265120853436,1.4351512085343572
2017-09-13 22:00:00,B002,301.5,291.4663706824462,10.033629317553789
2017-09-13 22:00:00,B001,43.0,42.46061126547688,0.5393887345231221
2017-09-13 23:00:00,B003,44.5935,46.688170152740774,2.0946701527407754
2017-09-13 23:00:00,B001,42.5,42.863018544102964,0.36301854410296386
2017-09-13 23:00:00,B002,300.0,284.5723217655604,15.427678234439611
2017-09-14 00:00:00,B003,41.7917,43.94650487290945,2.1548048729094518
2017-09-14 00:00:00,B001,43.1667,42.37361800197697,0.7930819980230268
2017-09-14 00:00:00,B002,288.3333,267.01429286675904,21.319007133240973
2017-09-14 01:00:00,B002,288.1667,280.18493095699847,7.9817690430015205
2017-09-14 01:00:00,B003,40.198,41.6486816050939,1.450681605093898
2017-09-14 01:00:00,B001,41.5,43.356400597678785,1.8564005976787854
2017-09-14 02:00:00,B002,277.5,278.7382208253968,1.2382208253968088
2017-09-14 02:00:00,B001,40.25,41.51243059530931,1.2624305953093113
2017-09-14 02:00:00,B003,39.9685,40.49815544781992,0.5296554478199198
2017-09-14 03:00:00,B001,42.25,40.510775935654394,1.7392240643456063
2017-09-14 03:00:00,B003,40.125,40.47981940438732,0.35481940438732096
2017-09-14 03:00:00,B002,266.0,273.99981542713175,7.99981542713175
2017-09-14 04:00:00,B002,262.0,263.42673788276335,1.426737882763348
2017-09-14 04:00:00,B003,39.875,40.014611326300816,0.13961132630081607
2017-09-14 04:00:00,B001,39.25,42.47939966115031,3.2293996611503104
2017-09-14 05:00:00,B003,39.4375,40.06058780007821,0.6230878000782099
2017-09-14 05:00:00,B002,258.0,254.60699050723906,3.393009492760939
2017-09-14 05:00:00,B001,37.5,39.426785266434855,1.9267852664348553
2017-09-14 06:00:00,B003,46.9065,40.898281904194874,6.008218095805127
2017-09-14 06:00:00,B002,257.0,252.71288600506895,4.2871139949310475
2017-09-14 06:00:00,B001,43.25,38.01548119277697,5.234518807223033
2017-09-14 07:00:00,B002,261.0,256.32288735458786,4.677112645412137
2017-09-14 07:00:00,B003,59.875,58.05324221057657,1.8217577894234296
2017-09-14 07:00:00,B001,46.5,43.9541982967873,2.545801703212703
2017-09-14 08:00:00,B003,61.8435,67.868125800502,6.024625800502001
2017-09-14 08:00:00,B002,267.5,269.75728135249284,2.2572813524928392
2017-09-14 08:00:00,B001,43.25,46.82975707953264,3.5797570795326408
2017-09-14 09:00:00,B001,52.0,52.83423209090384,0.8342320909038392
2017-09-14 09:00:00,B003,92.844,85.9269130554112,6.917086944588789
2017-09-14 09:00:00,B002,309.5,292.70886969747204,16.79113030252796
2017-09-14 10:00:00,B003,109.4375,108.4397392224501,0.9977607775498996
2017-09-14 10:00:00,B002,298.0,328.0981775401877,30.09817754018769
2017-09-14 10:00:00,B001,62.25,63.242972050716965,0.9929720507169648
2017-09-14 11:00:00,B003,124.156,122.67698425505051,1.4790157449494927
2017-09-14 11:00:00,B001,65.75,69.04911793816186,3.2991179381618565
2017-09-14 11:00:00,B002,326.0,321.1554145841752,4.844585415824781
2017-09-14 12:00:00,B001,68.5,72.55165322222221,4.051653222222214
2017-09-14 12:00:00,B003,126.0,125.48753658830366,0.5124634116963449
2017-09-14 12:00:00,B002,333.0,343.870872830944,10.870872830943995
2017-09-14 13:00:00,B001,69.25,72.31226056162461,3.062260561624612
2017-09-14 13:00:00,B002,345.5,344.16344761852565,1.3365523814743483
2017-09-14 13:00:00,B003,129.1565,127.12085618354652,2.0356438164534723
2017-09-14 14:00:00,B003,127.0935,129.13971705346245,2.046217053462442
2017-09-14 14:00:00,B002,394.5,354.34249177777764,40.15750822222236
2017-09-14 14:00:00,B001,70.5,73.01410275838101,2.5141027583810143
2017-09-14 15:00:00,B003,118.969,125.76987787500053,6.800877875000538
2017-09-14 15:00:00,B002,393.5,369.1122903278498,24.38770967215021
2017-09-14 15:00:00,B001,74.5,74.04606496353264,0.45393503646735667
2017-09-14 16:00:00,B003,119.25,119.33342780288136,0.08342780288135998
2017-09-14 16:00:00,B002,362.5,371.92709575642135,9.427095756421352
2017-09-14 16:00:00,B001,76.75,76.26896334687513,0.48103665312487465
2017-09-14 17:00:00,B001,69.0,67.13964876204908,1.8603512379509226
2017-09-14 17:00:00,B003,114.25,115.35701449853293,1.1070144985329335
2017-09-14 17:00:00,B002,352.5,354.14615074430003,1.64615074430003
2017-09-14 18:00:00,B001,54.0,58.4190717668989,4.419071766898902
2017-09-14 18:00:00,B002,339.5,329.49484690793656,10.005153092063438
2017-09-14 18:00:00,B003,92.781,97.45570239999526,4.674702399995255
2017-09-14 19:00:00,B001,46.0,49.459003204521416,3.459003204521416
2017-09-14 19:00:00,B002,319.0,323.11888979307355,4.118889793073549
2017-09-14 19:00:00,B003,73.25,80.24463323570586,6.994633235705862
2017-09-14 20:00:00,B002,309.5,301.7002235308025,7.799776469197525
2017-09-14 20:00:00,B003,66.469,65.30258615600845,1.166413843991549
2017-09-14 20:00:00,B001,44.25,44.49779110836353,0.24779110836352913
2017-09-14 21:00:00,B001,43.0,43.155072536213865,0.15507253621386496
2017-09-14 21:00:00,B002,300.5,288.02528258970295,12.474717410297046
2017-09-14 21:00:00,B003,53.65600000000001,57.184420142341864,3.528420142341851
2017-09-14 22:00:00,B001,42.5,42.955523937121576,0.45552393712157624
2017-09-14 22:00:00,B002,297.0,286.0622585170388,10.9377414829612
2017-09-14 22:00:00,B003,47.125,49.51251756146903,2.387517561469032
2017-09-14 23:00:00,B003,45.7815,45.26554036816618,0.5159596318338231
2017-09-14 23:00:00,B002,287.0,284.7293302387319,2.2706697612680955
2017-09-14 23:00:00,B001,43.5,42.45230587685267,1.0476941231473305
2017-09-15 00:00:00,B002,257.5,258.88147129874227,1.3814712987422695
2017-09-15 00:00:00,B003,42.9998,44.86362911043869,1.8638291104386866
2017-09-15 00:00:00,B001,44.25,44.03829334234656,0.211706657653437
2017-09-15 01:00:00,B003,41.9377,42.515327900092934,0.577627900092935
2017-09-15 01:00:00,B002,280.6667,249.9907588889526,30.675941111047393
2017-09-15 01:00:00,B001,43.4167,43.54538291608592,0.1286829160859213
2017-09-15 02:00:00,B003,40.625,41.801577500317464,1.1765775003174639
2017-09-15 02:00:00,B002,274.5,270.2190247844156,4.280975215584419
2017-09-15 02:00:00,B001,42.75,42.721854953216976,0.028145046783023986
2017-09-15 03:00:00,B002,269.0,270.1851066096137,1.1851066096136833
2017-09-15 03:00:00,B001,44.5,42.9490170003853,1.5509829996147033
2017-09-15 03:00:00,B003,41.4685,40.59935386859263,0.8691461314073692
2017-09-15 04:00:00,B002,263.0,265.0047853978773,2.004785397877299
2017-09-15 04:00:00,B001,42.75,43.66943728987607,0.9194372898760719
2017-09-15 04:00:00,B003,41.1565,41.19872051536671,0.0422205153667079
2017-09-15 05:00:00,B003,41.40600000000001,40.094014867310534,1.311985132689479
2017-09-15 05:00:00,B001,44.0,41.86108833837135,2.138911661628647
2017-09-15 05:00:00,B002,260.5,256.6183050610137,3.8816949389863
2017-09-15 06:00:00,B003,48.469,42.699054623102505,5.769945376897496
2017-09-15 06:00:00,B002,267.0,251.12137062454417,15.87862937545583
2017-09-15 06:00:00,B001,44.5,44.15423902527321,0.3457609747267867
2017-09-15 07:00:00,B003,63.6875,58.84843008985344,4.839069910146563
2017-09-15 07:00:00,B001,44.25,45.20039381237645,0.950393812376447
2017-09-15 07:00:00,B002,273.5,266.83633747878787,6.663662521212132
2017-09-15 08:00:00,B002,269.5,282.1567557300768,12.656755730076782
2017-09-15 08:00:00,B003,65.156,66.90906980978966,1.7530698097896504
2017-09-15 08:00:00,B001,42.5,44.223722727652245,1.7237227276522447
2017-09-15 09:00:00,B003,93.9375,89.48474528597885,4.452754714021154
2017-09-15 09:00:00,B001,52.5,51.93019099463993,0.5698090053600708
2017-09-15 09:00:00,B002,279.5,287.38690525211643,7.886905252116435
2017-09-15 10:00:00,B003,101.5,108.13771088659149,6.637710886591492
2017-09-15 10:00:00,B001,60.75,63.40600740538269,2.656007405382688
2017-09-15 10:00:00,B002,341.5,293.51420023574104,47.98579976425896
2017-09-15 11:00:00,B001,63.5,70.98113835785477,7.481138357854775
2017-09-15 11:00:00,B003,110.1565,114.69756911317607,4.5410691131760785
2017-09-15 11:00:00,B002,358.0,359.123296793266,1.123296793265979
2017-09-15 12:00:00,B001,63.75,68.16709164911012,4.4170916491101195
2017-09-15 12:00:00,B003,114.75,113.48070495390068,1.269295046099316
2017-09-15 12:00:00,B002,337.5,359.17124056084657,21.67124056084657
2017-09-15 13:00:00,B002,386.0,350.94250589555537,35.05749410444463
2017-09-15 13:00:00,B003,121.125,116.80835886513677,4.316641134863232
2017-09-15 13:00:00,B001,66.5,67.58438218720538,1.084382187205378
2017-09-15 14:00:00,B001,65.5,70.66570093133427,5.165700931334271
2017-09-15 14:00:00,B003,121.281,121.58107028039835,0.3000702803983444
2017-09-15 14:00:00,B002,372.5,374.7832266929292,2.2832266929291904
2017-09-15 15:00:00,B003,120.7815,121.21751749455788,0.43601749455788763
2017-09-15 15:00:00,B002,379.0,370.52949563492075,8.47050436507925
2017-09-15 15:00:00,B001,65.5,71.07925021709846,5.579250217098462
2017-09-15 16:00:00,B003,113.031,120.36169526204331,7.330695262043307
2017-09-15 16:00:00,B001,64.25,70.45975680221335,6.209756802213349
2017-09-15 16:00:00,B002,364.5,368.3571667691198,3.8571667691197717
2017-09-15 17:00:00,B002,325.0,355.67781217392974,30.677812173929738
2017-09-15 17:00:00,B003,99.25,106.37785147751325,7.127851477513246
2017-09-15 17:00:00,B001,65.0,66.58601000434527,1.586010004345269
2017-09-15 18:00:00,B002,287.5,304.45684804761896,16.956848047618962
2017-09-15 18:00:00,B001,55.5,52.6844709871695,2.8155290128305026
2017-09-15 18:00:00,B003,83.0625,86.20116614196023,3.138666141960229
2017-09-15 19:00:00,B001,43.5,49.32838960333057,5.828389603330571
2017-09-15 19:00:00,B002,265.5,264.54215726778904,0.9578427322109633
2017-09-15 19:00:00,B003,65.0625,74.73905955730875,9.67655955730875
2017-09-15 20:00:00,B002,248.0,251.54744999716766,3.5474499971676607
2017-09-15 20:00:00,B001,44.25,43.738324187919034,0.5116758120809664
2017-09-15 20:00:00,B003,60.2815,60.6117455155627,0.33024551556270154
2017-09-15 21:00:00,B002,237.5,230.90585485412913,6.594145145870868
2017-09-15 21:00:00,B003,53.3125,55.22924073474471,1.9167407347447067
2017-09-15 21:00:00,B001,46.25,43.959302586348095,2.2906974136519054
2017-09-15 22:00:00,B001,46.5,45.15739389564977,1.3426061043502315
2017-09-15 22:00:00,B003,47.4375,49.587334376773505,2.149834376773505
2017-09-15 22:00:00,B002,249.0,234.22920051660404,14.770799483395962
2017-09-15 23:00:00,B003,44.5,45.724374741226875,1.2243747412268746
2017-09-15 23:00:00,B001,44.75,45.46010260846325,0.7101026084632522
2017-09-15 23:00:00,B002,244.5,231.9051795724515,12.594820427548512
2017-09-16 00:00:00,B001,42.3333,44.132395206149916,1.7990952061499144
2017-09-16 00:00:00,B003,44.0937,44.2406066360791,0.14690663607910182
2017-09-16 00:00:00,B002,228.1667,239.36668604612555,11.19998604612556
2017-09-16 01:00:00,B001,44.0833,42.588743047713656,1.494556952286345
2017-09-16 01:00:00,B003,43.0002,44.04761935503595,1.0474193550359487
2017-09-16 01:00:00,B002,235.8333,226.7815111870734,9.051788812926617
2017-09-16 02:00:00,B001,43.25,43.97613412799014,0.726134127990143
2017-09-16 02:00:00,B002,235.0,232.48225725541513,2.517742744584865
2017-09-16 02:00:00,B003,41.3125,42.747023204148704,1.4345232041487037
2017-09-16 03:00:00,B002,237.0,233.4164330720446,3.5835669279553883
2017-09-16 03:00:00,B003,40.406,41.41118607006708,1.005186070067083
2017-09-16 03:00:00,B001,41.25,43.37913868929729,2.1291386892972923
2017-09-16 04:00:00,B003,39.7815,40.77300630041118,0.9915063004111815
2017-09-16 04:00:00,B002,237.5,235.73784000746755,1.762159992532446
2017-09-16 04:00:00,B001,41.0,41.14057391019525,0.14057391019525056
2017-09-16 05:00:00,B003,39.7185,40.39416418311025,0.6756641831102499
2017-09-16 05:00:00,B002,229.0,238.65238257736812,9.652382577368115
2017-09-16 05:00:00,B001,40.0,40.777830725083476,0.7778307250834757
2017-09-16 06:00:00,B003,39.375,40.46714743977156,1.0921474397715585
2017-09-16 06:00:00,B001,41.25,40.33617108689023,0.9138289131097679
2017-09-16 06:00:00,B002,232.5,228.1428827299635,4.357117270036497
2017-09-16 07:00:00,B003,40.5315,40.00967027876355,0.5218297212364504
2017-09-16 07:00:00,B002,234.5,232.57825312771422,1.9217468722857802
2017-09-16 07:00:00,B001,42.5,41.28972088830046,1.210279111699542
2017-09-16 08:00:00,B001,45.25,42.504277207776234,2.7457227922237664
2017-09-16 08:00:00,B003,42.6875,42.310374091198504,0.37712590880149577
2017-09-16 08:00:00,B002,243.5,237.95936373886377,5.540636261136228
2017-09-16 09:00:00,B001,48.0,45.35685299572866,2.6431470042713414
2017-09-16 09:00:00,B002,243.5,249.4863550953344,5.986355095334403
2017-09-16 09:00:00,B003,53.0,44.923877668437164,8.076122331562836
2017-09-16 10:00:00,B001,48.5,48.91682085898887,0.41682085898887067
2017-09-16 10:00:00,B002,249.5,251.11619249639253,1.6161924963925287
2017-09-16 10:00:00,B003,55.2185,56.86951977093591,1.6510197709359105
2017-09-16 11:00:00,B002,244.5,257.7597242491583,13.259724249158296
2017-09-16 11:00:00,B003,56.5315,58.37745879201735,1.845958792017349
2017-09-16 11:00:00,B001,46.5,50.17553161279125,3.6755316127912465
2017-09-16 12:00:00,B003,58.6875,58.76654872560959,0.07904872560958864
2017-09-16 12:00:00,B001,47.75,48.58596126110791,0.8359612611079115
2017-09-16 12:00:00,B002,255.0,247.0943108835498,7.905689116450191
2017-09-16 13:00:00,B001,48.5,48.233742608879915,0.2662573911200852
2017-09-16 13:00:00,B003,57.78100000000001,60.29117911761872,2.510179117618705
2017-09-16 13:00:00,B002,257.5,260.37689469494956,2.8768946949495557
2017-09-16 14:00:00,B001,49.25,49.77514617610062,0.5251461761006198
2017-09-16 14:00:00,B003,58.875,59.101962951608485,0.2269629516084848
2017-09-16 14:00:00,B002,257.5,268.4666534010581,10.966653401058124
2017-09-16 15:00:00,B002,269.5,272.2037808735449,2.703780873544872
2017-09-16 15:00:00,B003,59.0625,59.87693185738485,0.8144318573848466
2017-09-16 15:00:00,B001,49.5,50.00554903759079,0.5055490375907894
2017-09-16 16:00:00,B001,50.75,50.03075206960301,0.719247930396989
2017-09-16 16:00:00,B002,296.0,270.0966820730158,25.903317926984187
2017-09-16 16:00:00,B003,60.0625,60.570926936817706,0.5084269368177061
2017-09-16 17:00:00,B001,48.5,48.93519161974045,0.4351916197404506
2017-09-16 17:00:00,B003,63.969,60.64538428745926,3.323615712540743
2017-09-16 17:00:00,B002,292.0,289.0194238688386,2.980576131161399
2017-09-16 18:00:00,B003,58.15600000000001,52.040537364197505,6.115462635802508
2017-09-16 18:00:00,B002,282.0,275.0016029890591,6.9983970109408915
2017-09-16 18:00:00,B001,47.5,48.523129479512,1.0231294795120007
2017-09-16 19:00:00,B003,53.5625,56.703260985521446,3.140760985521446
2017-09-16 19:00:00,B002,271.0,269.49617372965656,1.5038262703434384
2017-09-16 19:00:00,B001,43.0,45.86159448440716,2.8615944844071635
2017-09-16 20:00:00,B003,55.1565,52.253255207998606,2.903244792001395
2017-09-16 20:00:00,B002,256.0,253.9262439217763,2.0737560782237097
2017-09-16 20:00:00,B001,40.5,42.96178137631397,2.461781376313972
2017-09-16 21:00:00,B003,47.15600000000001,53.78193775387758,6.625937753877565
2017-09-16 21:00:00,B001,40.25,40.45900401696817,0.20900401696817283
2017-09-16 21:00:00,B002,241.5,245.14716715320867,3.6471671532086702
2017-09-16 22:00:00,B003,45.4065,46.47589416209243,1.0693941620924292
2017-09-16 22:00:00,B001,40.25,40.396332169326286,0.14633216932628557
2017-09-16 22:00:00,B002,238.5,240.91668246865322,2.416682468653221
2017-09-16 23:00:00,B002,233.0,238.1013025850067,5.101302585006692
2017-09-16 23:00:00,B003,45.15600000000001,46.586014959833506,1.4300149598334926
2017-09-16 23:00:00,B001,39.75,40.463181471716396,0.7131814717163962
2017-09-17 00:00:00,B002,225.0,233.87339356161596,8.873393561615956
2017-09-17 00:00:00,B003,44.9895,44.13246620933448,0.8570337906655183
2017-09-17 00:00:00,B001,41.75,42.64202510063457,0.8920251006345694
2017-09-17 01:00:00,B001,40.25,41.715410739993175,1.4654107399931746
2017-09-17 01:00:00,B002,222.8333,225.09715170892053,2.2638517089205266
2017-09-17 01:00:00,B003,44.4065,44.12303069977765,0.2834693002223503
2017-09-17 02:00:00,B002,223.0,225.31656958287806,2.31656958287806
2017-09-17 02:00:00,B003,44.03100000000001,43.560508857351145,0.4704911426488678
2017-09-17 02:00:00,B001,40.0,40.344196402020906,0.3441964020209056
2017-09-17 03:00:00,B001,40.0,40.21438536650693,0.21438536650693152
2017-09-17 03:00:00,B002,223.5,224.73815724191005,1.238157241910045
2017-09-17 03:00:00,B003,43.0315,43.26476412227473,0.2332641222747256
2017-09-17 04:00:00,B001,40.0,40.16160752887149,0.16160752887149243
2017-09-17 04:00:00,B002,221.0,224.60443746254606,3.604437462546059
2017-09-17 04:00:00,B003,42.90600000000001,42.33403719979637,0.571962800203643
2017-09-17 05:00:00,B002,219.0,221.08314611450794,2.08314611450794
2017-09-17 05:00:00,B001,39.75,40.25446272685188,0.5044627268518767
2017-09-17 05:00:00,B003,41.0,42.3119613279296,1.3119613279296019
2017-09-17 06:00:00,B002,223.5,218.3179480883555,5.182051911644493
2017-09-17 06:00:00,B003,42.7815,40.36488354613554,2.4166164538644637
2017-09-17 06:00:00,B001,39.75,39.91223466151798,0.16223466151797794
2017-09-17 07:00:00,B003,42.25,43.13834226725937,0.8883422672593682
2017-09-17 07:00:00,B001,39.25,39.87348355169484,0.6234835516948394
2017-09-17 07:00:00,B002,228.5,226.51943930898327,1.9805606910167342
2017-09-17 08:00:00,B003,41.4375,42.832326307505284,1.3948263075052836
2017-09-17 08:00:00,B001,40.75,39.124039727187146,1.6259602728128542
2017-09-17 08:00:00,B002,226.0,229.82072636911272,3.8207263691127196
2017-09-17 09:00:00,B003,50.0625,43.88402725469068,6.178472745309321
2017-09-17 09:00:00,B001,41.5,42.01856094958933,0.5185609495893289
2017-09-17 09:00:00,B002,227.5,230.69953670573886,3.199536705738865
2017-09-17 10:00:00,B003,50.03100000000001,51.85423869515494,1.8232386951549273
2017-09-17 10:00:00,B002,233.0,232.79766747497212,0.20233252502788446
2017-09-17 10:00:00,B001,41.75,42.56025765236873,0.8102576523687333
2017-09-17 11:00:00,B002,236.0,240.5659073744865,4.5659073744865
2017-09-17 11:00:00,B003,53.0625,53.682711140841896,0.6202111408418958
2017-09-17 11:00:00,B001,41.0,42.76882598081124,1.7688259808112434
2017-09-17 12:00:00,B003,54.719,55.14554798430187,0.4265479843018696
2017-09-17 12:00:00,B002,244.0,243.13624706016324,0.8637529398367576
2017-09-17 12:00:00,B001,41.25,42.18103956689967,0.9310395668996705
2017-09-17 13:00:00,B003,61.53100000000001,56.344210571344796,5.186789428655217
2017-09-17 13:00:00,B001,42.25,42.12993906851155,0.1200609314884531
2017-09-17 13:00:00,B002,243.0,250.92467052250248,7.924670522502481
2017-09-17 14:00:00,B002,264.0,247.75018374631196,16.24981625368804
2017-09-17 14:00:00,B001,41.75,44.01255671107023,2.262556711070232
2017-09-17 14:00:00,B003,62.219,62.782099542120356,0.5630995421203551
2017-09-17 15:00:00,B003,63.78100000000001,63.40316629524611,0.377833704753904
2017-09-17 15:00:00,B002,279.0,269.29155049206344,9.708449507936564
2017-09-17 15:00:00,B001,42.0,42.97799844693077,0.9779984469307692
2017-09-17 16:00:00,B003,65.719,64.96487495786462,0.7541250421353709
2017-09-17 16:00:00,B002,288.0,283.0686964711215,4.931303528878516
2017-09-17 16:00:00,B001,43.75,43.97453312176561,0.22453312176561013
2017-09-17 17:00:00,B003,65.031,65.84997466376106,0.818974663761054
2017-09-17 17:00:00,B002,293.5,282.4601391936508,11.039860806349225
2017-09-17 17:00:00,B001,47.5,43.65821229845256,3.841787701547439
2017-09-17 18:00:00,B003,56.344,59.52347629734715,3.1794762973471506
2017-09-17 18:00:00,B001,47.0,46.551513269345904,0.4484867306540963
2017-09-17 18:00:00,B002,291.0,272.0934212605139,18.90657873948612
2017-09-17 19:00:00,B003,52.40600000000001,53.71057230946571,1.3045723094656978
2017-09-17 19:00:00,B001,45.0,44.16656645458405,0.83343354541595
2017-09-17 19:00:00,B002,280.0,270.57564352258765,9.424356477412346
2017-09-17 20:00:00,B003,48.969,50.91722109773429,1.9482210977342902
2017-09-17 20:00:00,B001,40.25,42.47835752716928,2.2283575271692797
2017-09-17 20:00:00,B002,248.0,269.9732714993498,21.973271499349778
2017-09-17 21:00:00,B001,41.25,40.04326264665486,1.2067373533451402
2017-09-17 21:00:00,B003,47.40600000000001,47.39093367587635,0.015066324123665709
2017-09-17 21:00:00,B002,236.0,239.60015035703188,3.600150357031879
2017-09-17 22:00:00,B001,41.0,40.878647056369864,0.12135294363013571
2017-09-17 22:00:00,B003,46.0625,46.39598291529138,0.33348291529137697
2017-09-17 22:00:00,B002,247.0,231.4969935979409,15.5030064020591
2017-09-17 23:00:00,B001,42.75,40.68042701910563,2.069572980894371
2017-09-17 23:00:00,B003,45.219,45.26233149948831,0.0433314994883105
2017-09-17 23:00:00,B002,232.5,238.1709723476383,5.670972347638298
2017-09-18 00:00:00,B002,233.0,230.35365223739976,2.646347762600243
2017-09-18 00:00:00,B003,45.0937,44.409529991112144,0.684170008887854
2017-09-18 00:00:00,B001,46.1667,42.85748303082301,3.309216969176987
2017-09-18 01:00:00,B003,45.2085,44.537060532016135,0.6714394679838662
2017-09-18 01:00:00,B002,227.1667,233.5223231654526,6.355623165452613
2017-09-18 01:00:00,B001,43.25,42.02919290674358,1.2208070932564183
2017-09-18 02:00:00,B002,221.5,226.24536070050263,4.74536070050263
2017-09-18 02:00:00,B003,44.0625,44.34763562670768,0.2851356267076781
2017-09-18 02:00:00,B001,42.75,42.42668583668556,0.32331416331444274
2017-09-18 03:00:00,B002,220.0,221.60360518312265,1.603605183122653
2017-09-18 03:00:00,B001,42.75,42.02097792241023,0.729022077589768
2017-09-18 03:00:00,B003,44.875,43.83437111370509,1.0406288862949111
2017-09-18 04:00:00,B001,41.75,42.1193704910451,0.3693704910451032
2017-09-18 04:00:00,B003,45.15600000000001,44.2592855904374,0.8967144095626125
2017-09-18 04:00:00,B002,222.0,221.55776962013095,0.442230379869045
2017-09-18 05:00:00,B001,42.25,41.16796180144254,1.0820381985574627
2017-09-18 05:00:00,B002,223.5,221.06876012008377,2.431239879916234
2017-09-18 05:00:00,B003,45.0315,44.261771915395045,0.7697280846049566
2017-09-18 06:00:00,B001,45.25,42.90217215137908,2.3478278486209234
2017-09-18 06:00:00,B002,221.5,227.53460275106465,6.034602751064654
2017-09-18 06:00:00,B003,50.625,45.796026459378375,4.828973540621625
2017-09-18 07:00:00,B002,222.0,225.18326810756838,3.183268107568381
2017-09-18 07:00:00,B001,47.75,44.41979306477488,3.330206935225121
2017-09-18 07:00:00,B003,63.4685,56.145489925046626,7.323010074953373
2017-09-18 08:00:00,B002,228.0,226.08483530742683,1.9151646925731711
2017-09-18 08:00:00,B001,46.0,48.80210803727357,2.8021080372735696
2017-09-18 08:00:00,B003,64.625,70.00615622686824,5.381156226868242
2017-09-18 09:00:00,B002,238.0,244.07733568784795,6.077335687847949
2017-09-18 09:00:00,B001,56.0,54.64865401848886,1.3513459815111375
2017-09-18 09:00:00,B003,95.844,80.85381664761904,14.990183352380953
2017-09-18 10:00:00,B003,118.375,106.29376098455286,12.081239015447139
2017-09-18 10:00:00,B002,275.0,254.4022288954678,20.5977711045322
2017-09-18 10:00:00,B001,69.25,71.358922115873,2.108922115873
2017-09-18 11:00:00,B002,249.5,289.6134287872614,40.1134287872614
2017-09-18 11:00:00,B003,122.5935,132.98806265873017,10.394562658730166
2017-09-18 11:00:00,B001,73.5,73.83431185714157,0.3343118571415715
2017-09-18 12:00:00,B003,126.4065,123.55981161624082,2.8466883837591723
2017-09-18 12:00:00,B002,281.0,268.7064562634921,12.2935437365079
2017-09-18 12:00:00,B001,75.75,75.06998158509828,0.6800184149017241
2017-09-18 13:00:00,B003,127.875,128.55401902460324,0.6790190246032353
2017-09-18 13:00:00,B002,282.5,289.339835688384,6.839835688384028
2017-09-18 13:00:00,B001,76.0,77.16106506197828,1.1610650619782774
2017-09-18 14:00:00,B003,128.531,127.0300988620704,1.5009011379296027
2017-09-18 14:00:00,B002,318.5,284.49433916118903,34.00566083881097
2017-09-18 14:00:00,B001,71.25,78.17900920440252,6.929009204402519
2017-09-18 15:00:00,B002,344.5,331.08349027688934,13.416509723110664
2017-09-18 15:00:00,B003,130.625,127.06721248521525,3.5577875147847493
2017-09-18 15:00:00,B001,73.0,73.28334451065025,0.28334451065025235
2017-09-18 16:00:00,B002,379.0,341.75163019719395,37.24836980280605
2017-09-18 16:00:00,B003,134.094,127.96498440421371,6.129015595786285
2017-09-18 16:00:00,B001,73.75,75.17346519335406,1.4234651933540619
2017-09-18 17:00:00,B002,343.0,368.126326118326,25.126326118326006
2017-09-18 17:00:00,B001,70.25,65.49632333862438,4.753676661375621
2017-09-18 17:00:00,B003,127.0625,127.93184728042327,0.8693472804232698
2017-09-18 18:00:00,B001,64.0,59.43004954054554,4.569950459454461
2017-09-18 18:00:00,B003,99.7185,107.20423856132756,7.485738561327551
2017-09-18 18:00:00,B002,333.5,319.7728756488696,13.727124351130385
2017-09-18 19:00:00,B003,81.4065,87.28683559077899,5.880335590778998
2017-09-18 19:00:00,B001,53.25,55.06782281383221,1.8178228138322083
2017-09-18 19:00:00,B002,324.5,313.2404884107744,11.25951158922561
2017-09-18 20:00:00,B001,53.75,47.60294691173804,6.147053088261963
2017-09-18 20:00:00,B002,312.5,297.19338403809525,15.306615961904754
2017-09-18 20:00:00,B003,74.531,73.49550643978723,1.035493560212771
2017-09-18 21:00:00,B003,64.2815,64.5416097077949,0.2601097077949106
2017-09-18 21:00:00,B001,52.25,49.21259784558498,3.0374021544150196
2017-09-18 21:00:00,B002,284.0,290.01499176308124,6.014991763081241
2017-09-18 22:00:00,B001,52.25,48.084294702739065,4.165705297260935
2017-09-18 22:00:00,B002,257.0,267.05639345059444,10.056393450594442
2017-09-18 22:00:00,B003,56.75,56.354600598551635,0.3953994014483655
2017-09-18 23:00:00,B001,50.25,47.72552095274856,2.5244790472514396
2017-09-18 23:00:00,B002,234.5,248.59906162120214,14.09906162120214
2017-09-18 23:00:00,B003,49.90600000000001,50.662241905864384,0.7562419058643712
2017-09-19 00:00:00,B001,48.25,47.17570265281179,1.0742973471882067
2017-09-19 00:00:00,B003,45.5625,47.0930466085715,1.5305466085714983
2017-09-19 00:00:00,B002,235.8333,237.67626932998274,1.8429693299827363
2017-09-19 01:00:00,B001,47.6667,47.400581074120744,0.2661189258792547
2017-09-19 01:00:00,B003,44.1982,45.24620743507666,1.0480074350766628
2017-09-19 01:00:00,B002,241.3333,240.01474041496368,1.3185595850363256
2017-09-19 02:00:00,B002,239.5,237.404043051206,2.0959569487939973
2017-09-19 02:00:00,B003,42.4375,44.11236672732611,1.674866727326112
2017-09-19 02:00:00,B001,46.25,46.98812671716317,0.7381267171631691
2017-09-19 03:00:00,B003,43.03100000000001,42.385020237464474,0.6459797625355392
2017-09-19 03:00:00,B002,244.0,237.44700634840376,6.552993651596239
2017-09-19 03:00:00,B001,46.25,45.73842288821272,0.5115771117872825
2017-09-19 04:00:00,B003,43.25,43.1460932787318,0.10390672126820277
2017-09-19 04:00:00,B001,46.25,45.709744225352445,0.5402557746475551
2017-09-19 04:00:00,B002,244.0,241.56528129992634,2.4347187000736596
2017-09-19 05:00:00,B001,44.75,45.74536640804529,0.9953664080452924
2017-09-19 05:00:00,B003,42.719,43.212793769814404,0.4937937698144026
2017-09-19 05:00:00,B002,234.0,242.11120799172485,8.111207991724854
2017-09-19 06:00:00,B003,50.3125,46.36221965182249,3.9502803481775075
2017-09-19 06:00:00,B002,240.5,233.84633188793188,6.653668112068118
2017-09-19 06:00:00,B001,47.25,45.293671492684865,1.9563285073151349
2017-09-19 07:00:00,B002,258.0,240.38077685819596,17.619223141804042
2017-09-19 07:00:00,B001,45.75,48.40182285545226,2.6518228554522594
2017-09-19 07:00:00,B003,60.9375,57.98468648916576,2.9528135108342397
2017-09-19 08:00:00,B003,65.3435,68.12419341053233,2.780693410532322
2017-09-19 08:00:00,B002,259.5,261.84140275753686,2.341402757536855
2017-09-19 08:00:00,B001,47.5,46.13029457616345,1.3697054238365496
2017-09-19 09:00:00,B001,57.5,53.749453169088675,3.7505468309113255
2017-09-19 09:00:00,B002,297.5,294.01131503023663,3.4886849697633693
2017-09-19 09:00:00,B003,99.6875,87.65399703201058,12.03350296798942
2017-09-19 10:00:00,B003,120.0315,114.50221201385287,5.529287986147125
2017-09-19 10:00:00,B002,285.5,317.8352003131205,32.33520031312048
2017-09-19 10:00:00,B001,70.25,68.8678528462643,1.3821471537357013
2017-09-19 11:00:00,B001,76.0,76.23992000788789,0.23992000788788914
2017-09-19 11:00:00,B003,133.781,132.5047068492064,1.276293150793606
2017-09-19 11:00:00,B002,284.5,289.9509217227403,5.450921722740304
2017-09-19 12:00:00,B001,77.25,78.69204030463835,1.442040304638354
2017-09-19 12:00:00,B002,288.5,293.99269239709525,5.492692397095254
2017-09-19 12:00:00,B003,129.219,138.33242566215367,9.113425662153674
2017-09-19 13:00:00,B002,323.5,303.00789375577335,20.492106244226648
2017-09-19 13:00:00,B003,135.3125,129.58274590555564,5.72975409444436
2017-09-19 13:00:00,B001,78.25,79.52493022366266,1.2749302236626647
2017-09-19 14:00:00,B001,77.75,78.79046714821763,1.0404671482176298
2017-09-19 14:00:00,B002,334.0,329.8757163421375,4.12428365786252
2017-09-19 14:00:00,B003,137.625,133.9758576430245,3.6491423569754886
2017-09-19 15:00:00,B002,324.5,339.11396777095683,14.613967770956833
2017-09-19 15:00:00,B001,76.25,79.78219036899732,3.5321903689973198
2017-09-19 15:00:00,B003,136.2185,135.30629196459068,0.9122080354093214
2017-09-19 16:00:00,B003,130.5315,134.68041266996377,4.148912669963778
2017-09-19 16:00:00,B001,77.0,78.93233089473902,1.9323308947390245
2017-09-19 16:00:00,B002,330.0,329.30781918677457,0.6921808132254341
2017-09-19 17:00:00,B002,317.5,320.2989348879552,2.7989348879552267
2017-09-19 17:00:00,B003,121.656,125.55610446031746,3.9001044603174506
2017-09-19 17:00:00,B001,73.5,65.99210370070882,7.5078962992911755
2017-09-19 18:00:00,B002,311.5,298.24019708994706,13.25980291005294
2017-09-19 18:00:00,B003,101.5315,101.39151971024529,0.13998028975470334
2017-09-19 18:00:00,B001,66.0,60.95217584971445,5.04782415028555
2017-09-19 19:00:00,B003,80.0625,86.6882127343265,6.625712734326498
2017-09-19 19:00:00,B001,58.5,55.08917261821858,3.4108273817814165
2017-09-19 19:00:00,B002,302.0,295.36696862578157,6.633031374218433
2017-09-19 20:00:00,B002,294.5,290.26100488730157,4.238995112698433
2017-09-19 20:00:00,B003,69.2185,68.99285813363862,0.22564186636138572
2017-09-19 20:00:00,B001,60.5,53.49803674876003,7.001963251239971
2017-09-19 21:00:00,B002,284.0,274.6727856425707,9.327214357429284
2017-09-19 21:00:00,B001,58.25,55.5898651716201,2.6601348283799027
2017-09-19 21:00:00,B003,59.625,62.299487545649995,2.6744875456499955
2017-09-19 22:00:00,B002,281.5,269.81954893614704,11.680451063852956
2017-09-19 22:00:00,B003,51.75,56.595005056017484,4.845005056017484
2017-09-19 22:00:00,B001,55.25,53.03288428228912,2.2171157177108824
2017-09-19 23:00:00,B001,48.25,51.91785273815537,3.667852738155368
2017-09-19 23:00:00,B002,250.5,266.48869914068007,15.988699140680069
2017-09-19 23:00:00,B003,50.0625,49.41029514697417,0.6522048530258289
2017-09-20 00:00:00,B001,49.5196,47.050698035179146,2.4689019648208514
2017-09-20 00:00:00,B002,225.6765,243.5988735075355,17.922373507535497
2017-09-20 00:00:00,B003,45.6458,47.263412301189575,1.617612301189574
2017-09-20 01:00:00,B002,227.0,227.3524254075086,0.35242540750860485
2017-09-20 01:00:00,B001,49.8333,48.27803243751575,1.5552675624842536
2017-09-20 01:00:00,B003,45.5208,45.16396435502483,0.3568356449751704
2017-09-20 02:00:00,B001,51.5,48.3200892978877,3.179910702112302
2017-09-20 02:00:00,B002,220.0,224.97816925277112,4.978169252771124
2017-09-20 02:00:00,B003,44.969,45.07306833767293,0.10406833767292767
2017-09-20 03:00:00,B003,46.15600000000001,44.299031888064626,1.8569681119353874
2017-09-20 03:00:00,B002,226.5,221.6806023698744,4.819397630125593
2017-09-20 03:00:00,B001,48.5,48.50713314872763,0.007133148727632488
2017-09-20 04:00:00,B003,44.5,46.09212000044499,1.592120000444993
2017-09-20 04:00:00,B001,43.25,48.1548786636282,4.904878663628203
2017-09-20 04:00:00,B002,216.5,226.17158492596593,9.67158492596593
2017-09-20 05:00:00,B003,45.5625,44.08667214462211,1.4758278553778865
2017-09-20 05:00:00,B001,42.75,43.449595239038985,0.6995952390389846
2017-09-20 05:00:00,B002,216.0,216.56049697648012,0.560496976480124
2017-09-20 06:00:00,B001,46.25,43.94779345070322,2.302206549296777
2017-09-20 06:00:00,B002,215.0,216.5033797006588,1.5033797006587974
2017-09-20 06:00:00,B003,54.25,47.740386959730785,6.509613040269215
2017-09-20 07:00:00,B002,220.5,221.57842701991345,1.0784270199134482
2017-09-20 07:00:00,B001,45.75,46.493063779158554,0.7430637791585539
2017-09-20 07:00:00,B003,65.1875,65.4924938938894,0.304993893889403
2017-09-20 08:00:00,B001,46.25,46.429042574103875,0.17904257410387459
2017-09-20 08:00:00,B003,66.375,70.82415167936136,4.449151679361364
2017-09-20 08:00:00,B002,233.5,226.95786557671957,6.54213442328043
2017-09-20 09:00:00,B001,58.25,55.60754045461325,2.6424595453867497
2017-09-20 09:00:00,B002,244.0,268.70760361173376,24.70760361173376
2017-09-20 09:00:00,B003,101.25,90.82735074973544,10.422649250264556
2017-09-20 10:00:00,B001,70.25,68.48713991426067,1.7628600857393337
2017-09-20 10:00:00,B002,245.0,272.83597943744894,27.83597943744894
2017-09-20 10:00:00,B003,118.469,117.23370970426677,1.235290295733222
2017-09-20 11:00:00,B002,258.5,273.7839608683968,15.283960868396775
2017-09-20 11:00:00,B003,129.75,131.92034447735762,2.1703444773576166
2017-09-20 11:00:00,B001,74.25,75.86110499643404,1.6111049964340367
2017-09-20 12:00:00,B002,301.0,289.6750767139114,11.32492328608862
2017-09-20 12:00:00,B003,134.625,130.99470383621934,3.630296163780656
2017-09-20 12:00:00,B001,78.0,77.77488342423894,0.2251165757610636
2017-09-20 13:00:00,B001,82.0,78.75547686033924,3.244523139660757
2017-09-20 13:00:00,B002,260.5,316.02915014302476,55.529150143024765
2017-09-20 13:00:00,B003,129.6875,138.4279456146548,8.740445614654789
2017-09-20 14:00:00,B001,79.25,82.51037737329601,3.2603773732960093
2017-09-20 14:00:00,B003,123.3435,128.75753435385155,5.414034353851548
2017-09-20 14:00:00,B002,307.0,282.94713737495346,24.052862625046544
2017-09-20 15:00:00,B002,296.0,314.4229126758291,18.42291267582908
2017-09-20 15:00:00,B003,123.719,122.61753751983066,1.1014624801693316
2017-09-20 15:00:00,B001,81.5,79.98041401918337,1.519585980816629
2017-09-20 16:00:00,B002,263.0,300.3287090629351,37.328709062935104
2017-09-20 16:00:00,B001,82.75,82.54319380028012,0.20680619971987824
2017-09-20 16:00:00,B003,125.031,122.95062144077043,2.0803785592295725
2017-09-20 17:00:00,B002,256.5,260.94966083733084,4.449660837330839
2017-09-20 17:00:00,B003,122.0,119.58376546666669,2.4162345333333093
2017-09-20 17:00:00,B001,75.25,71.4753516811166,3.7746483188833935
2017-09-20 18:00:00,B003,92.844,102.52692707169311,9.682927071693115
2017-09-20 18:00:00,B001,62.5,61.06893640110953,1.4310635988904679
2017-09-20 18:00:00,B002,245.0,245.92429595597875,0.9242959559787494
2017-09-20 19:00:00,B001,53.25,55.14859672111439,1.8985967211143873
2017-09-20 19:00:00,B003,78.031,80.63885609940577,2.6078560994057653
2017-09-20 19:00:00,B002,237.0,227.8661260204006,9.1338739795994
2017-09-20 20:00:00,B003,73.8125,69.16461079716187,4.64788920283813
2017-09-20 20:00:00,B001,58.0,49.88069137104972,8.119308628950279
2017-09-20 20:00:00,B002,229.5,228.85873719228195,0.64126280771805
2017-09-20 21:00:00,B003,62.594,64.18484881626017,1.59084881626017
2017-09-20 21:00:00,B001,55.75,54.670307508127166,1.0796924918728337
2017-09-20 21:00:00,B002,224.0,221.0322389887992,2.9677610112007926
2017-09-20 22:00:00,B003,53.75,55.63871208986773,1.888712089867731
2017-09-20 22:00:00,B001,51.5,51.995585882252676,0.4955858822526764
2017-09-20 22:00:00,B002,224.0,215.45534059259256,8.544659407407437
2017-09-20 23:00:00,B003,50.90600000000001,50.84022604878018,0.06577395121983187
2017-09-20 23:00:00,B002,219.0,218.30785043971036,0.6921495602896357
2017-09-20 23:00:00,B001,48.75,48.110543059350974,0.6394569406490263
2017-09-21 00:00:00,B001,52.7059,47.29891882371452,5.406981176285477
2017-09-21 00:00:00,B002,225.8529,224.3250829022182,1.5278170977817922
2017-09-21 00:00:00,B003,46.4013,48.333430830899,1.9321308308989984
2017-09-21 01:00:00,B001,52.8725,49.475216138946976,3.397283861053026
2017-09-21 01:00:00,B002,220.5196,220.89450597032103,0.3749059703210378
2017-09-21 01:00:00,B003,45.0782,46.37926776518605,1.3010677651860476
2017-09-21 02:00:00,B002,219.1863,219.7946550226795,0.6083550226795182
2017-09-21 02:00:00,B001,51.3725,49.76378163150864,1.6087183684913597
2017-09-21 02:00:00,B003,43.75,44.39230545589124,0.6423054558912398
2017-09-21 03:00:00,B001,54.3725,48.751245827819076,5.621254172180926
2017-09-21 03:00:00,B003,43.9685,43.597155035181686,0.3713449648183129
2017-09-21 03:00:00,B002,220.1863,220.13348179709442,0.05281820290556993
2017-09-21 04:00:00,B003,43.875,43.671953576765766,0.20304642323423394
2017-09-21 04:00:00,B001,54.8725,52.98670245725142,1.885797542748584
2017-09-21 04:00:00,B002,218.6863,219.85056171482196,1.1642617148219756
2017-09-21 05:00:00,B001,53.3725,53.80523365885589,0.4327336588558879
2017-09-21 05:00:00,B003,43.375,43.68157815521755,0.30657815521755083
2017-09-21 05:00:00,B002,217.6863,217.9730472609481,0.2867472609481183
2017-09-21 06:00:00,B003,50.875,47.898488160577166,2.976511839422834
2017-09-21 06:00:00,B001,52.8725,53.76580238678407,0.8933023867840646
2017-09-21 06:00:00,B002,219.1863,215.21743809687896,3.9688619031210237
2017-09-21 07:00:00,B001,51.3725,53.26296318233494,1.8904631823349405
2017-09-21 07:00:00,B003,60.594,59.913678694801916,0.6803213051980848
2017-09-21 07:00:00,B002,224.1863,223.48900549196773,0.6972945080322575
2017-09-21 08:00:00,B003,67.3435,67.34399781202694,0.0004978120269356623
2017-09-21 08:00:00,B001,52.8725,51.58426764892321,1.2882323510767932
2017-09-21 08:00:00,B002,222.6863,236.2374183555788,13.551118355578808
2017-09-21 09:00:00,B003,97.4375,89.69029898783066,7.7472010121693415
2017-09-21 09:00:00,B001,61.3725,57.47366084555707,3.898839154442932
2017-09-21 09:00:00,B002,254.1863,249.27045649151168,4.915843508488308
2017-09-21 10:00:00,B002,253.1863,288.54292013502925,35.35662013502926
2017-09-21 10:00:00,B003,108.594,111.35735837472062,2.7633583747206245
2017-09-21 10:00:00,B001,61.8725,67.72859678641424,5.856096786414241
2017-09-21 11:00:00,B002,272.1863,280.68052314453473,8.494223144534715
2017-09-21 11:00:00,B001,63.8725,71.75558905977735,7.8830890597773475
2017-09-21 11:00:00,B003,122.5,120.46804886406927,2.0319511359307256
2017-09-21 12:00:00,B002,270.1863,288.86789878796475,18.68159878796473
2017-09-21 12:00:00,B001,64.3725,68.83736601443843,4.464866014438428
2017-09-21 12:00:00,B003,121.75,124.49813548920216,2.7481354892021557
2017-09-21 13:00:00,B001,64.3725,70.30728796392492,5.934787963924919
2017-09-21 13:00:00,B002,275.1863,287.76472420194824,12.578424201948224
2017-09-21 13:00:00,B003,127.3435,122.55663159757606,4.7868684024239485
2017-09-21 14:00:00,B003,131.844,126.23702245476335,5.606977545236646
2017-09-21 14:00:00,B001,63.3725,70.20097885147074,6.828478851470734
2017-09-21 14:00:00,B002,290.6863,287.06327777384206,3.623022226157957
2017-09-21 15:00:00,B001,64.8725,68.0406103110782,3.1681103110781947
2017-09-21 15:00:00,B002,302.6863,303.9400406303366,1.2537406303366083
2017-09-21 15:00:00,B003,126.125,128.58027240597272,2.455272405972721
2017-09-21 16:00:00,B001,63.8725,69.46532369937466,5.592823699374662
2017-09-21 16:00:00,B003,124.3125,124.51048654467604,0.19798654467604138
2017-09-21 16:00:00,B002,281.1863,302.5389871297635,21.352687129763467
2017-09-21 17:00:00,B001,64.8725,65.19289885649975,0.3203988564997502
2017-09-21 17:00:00,B003,118.8125,118.83702480964054,0.024524809640539047
2017-09-21 17:00:00,B002,272.1863,273.1376986486772,0.9513986486771842
2017-09-21 18:00:00,B002,259.1863,254.08363724223187,5.102662757768144
2017-09-21 18:00:00,B001,59.3725,58.183869410820236,1.1886305891797662
2017-09-21 18:00:00,B003,102.031,101.81256185446344,0.2184381455365667
2017-09-21 19:00:00,B002,250.1863,240.16428965000495,10.022010349995043
2017-09-21 19:00:00,B003,86.8125,87.10914397682684,0.29664397682684296
2017-09-21 19:00:00,B001,52.3725,52.23556133979935,0.1369386602006557
2017-09-21 20:00:00,B002,241.6863,239.73170238356536,1.9545976164346257
2017-09-21 20:00:00,B001,56.3725,48.92840362833305,7.4440963716669515
2017-09-21 20:00:00,B003,74.4375,77.0928417660422,2.6553417660421985
2017-09-21 21:00:00,B002,236.1863,231.81040643252302,4.375893567476965
2017-09-21 21:00:00,B001,57.3725,52.63386054836346,4.738639451636544
2017-09-21 21:00:00,B003,65.594,64.73530262511498,0.8586973748850113
2017-09-21 22:00:00,B003,56.0935,57.19222512716903,1.0987251271690326
2017-09-21 22:00:00,B001,56.8725,53.04791583557598,3.8245841644240244
2017-09-21 22:00:00,B002,235.6863,227.3100919683004,8.376208031699576
2017-09-21 23:00:00,B001,56.8725,53.57164836993694,3.3008516300630646
2017-09-21 23:00:00,B003,49.625,53.1720381112205,3.547038111220502
2017-09-21 23:00:00,B002,233.6863,226.60169782962237,7.084602170377622
2017-09-22 00:00:00,B002,232.8431,233.25180766738208,0.40870766738208886
2017-09-22 00:00:00,B001,49.8529,52.710986148003464,2.8580861480034656
2017-09-22 00:00:00,B003,46.573,46.9100007499267,0.3370007499267018
2017-09-22 01:00:00,B003,47.1665,46.44024354219539,0.7262564578046096
2017-09-22 01:00:00,B001,47.2696,48.55802987335802,1.2884298733580195
2017-09-22 01:00:00,B002,229.6765,226.85804937991188,2.8184506200881287
2017-09-22 02:00:00,B002,227.0,225.1836739187601,1.8163260812399074
2017-09-22 02:00:00,B001,39.5,46.19600779619144,6.696007796191438
2017-09-22 02:00:00,B003,45.0,47.15039754033471,2.1503975403347084
2017-09-22 03:00:00,B003,43.625,44.31311323275252,0.6881132327525208
2017-09-22 03:00:00,B001,39.0,39.79032795422559,0.7903279542255888
2017-09-22 03:00:00,B002,234.0,225.21066714025972,8.789332859740284
2017-09-22 04:00:00,B003,44.9375,43.78382392569299,1.1536760743070076
2017-09-22 04:00:00,B002,230.0,231.08463366492055,1.0846336649205455
2017-09-22 04:00:00,B001,38.75,38.9348337133191,0.18483371331910092
2017-09-22 05:00:00,B002,247.0,226.09200553042245,20.907994469577545
2017-09-22 05:00:00,B001,39.0,38.648549355930385,0.35145064406961524
2017-09-22 05:00:00,B003,44.8125,44.33290863290599,0.4795913670940095
2017-09-22 06:00:00,B002,247.5,241.1564417746994,6.3435582253005975
2017-09-22 06:00:00,B001,40.25,39.49890996008909,0.7510900399109133
2017-09-22 06:00:00,B003,52.5625,49.22134618565851,3.3411538143414887
2017-09-22 07:00:00,B001,43.25,40.879470565037025,2.3705294349629753
2017-09-22 07:00:00,B002,257.5,247.18094377037036,10.319056229629638
2017-09-22 07:00:00,B003,61.6875,63.87495064967511,2.1874506496751067
2017-09-22 08:00:00,B002,258.0,260.4747361875662,2.4747361875661795
2017-09-22 08:00:00,B001,42.5,43.98615643433246,1.4861564343324574
2017-09-22 08:00:00,B003,65.125,67.77453645892008,2.649536458920082
2017-09-22 09:00:00,B003,96.4065,87.13583774735447,9.270662252645522
2017-09-22 09:00:00,B001,54.0,54.60431562265105,0.6043156226510504
2017-09-22 09:00:00,B002,284.0,280.64527769927383,3.3547223007261664
2017-09-22 10:00:00,B002,306.5,301.545477700394,4.954522299606026
2017-09-22 10:00:00,B003,109.8125,109.87372037306395,0.061220373063946454
2017-09-22 10:00:00,B001,64.25,63.68741482826716,0.5625851717328416
2017-09-22 11:00:00,B002,343.5,314.1775077462486,29.32249225375142
2017-09-22 11:00:00,B001,67.75,75.29072470052907,7.5407247005290685
2017-09-22 11:00:00,B003,127.531,120.9940238690476,6.536976130952411
2017-09-22 12:00:00,B003,131.7815,130.00293192936516,1.778568070634833
2017-09-22 12:00:00,B002,334.0,346.1639776179705,12.163977617970488
2017-09-22 12:00:00,B001,69.5,72.42215057835494,2.9221505783549446
2017-09-22 13:00:00,B001,71.0,71.81093626785511,0.8109362678551122
2017-09-22 13:00:00,B003,130.5625,133.48749299556005,2.9249929955600464
2017-09-22 13:00:00,B002,341.0,353.3170958892678,12.317095889267819
2017-09-22 14:00:00,B001,73.25,72.30297745889521,0.9470225411047863
2017-09-22 14:00:00,B003,128.656,129.3240819438756,0.6680819438755918
2017-09-22 14:00:00,B002,340.5,344.0048544736735,3.504854473673504
2017-09-22 15:00:00,B001,76.25,74.7921128759341,1.4578871240659055
2017-09-22 15:00:00,B003,126.5,127.10003790669712,0.6000379066971249
2017-09-22 15:00:00,B002,359.5,340.98028077449686,18.519719225503138
2017-09-22 16:00:00,B003,125.094,124.39330482377659,0.7006951762234053
2017-09-22 16:00:00,B001,78.75,76.8868704885702,1.863129511429804
2017-09-22 16:00:00,B002,328.0,344.7311334074073,16.7311334074073
2017-09-22 17:00:00,B003,114.156,112.60449176587302,1.5515082341269846
2017-09-22 17:00:00,B001,74.5,67.13878037117357,7.361219628826433
2017-09-22 17:00:00,B002,339.0,312.4352327553461,26.564767244653922
2017-09-22 18:00:00,B002,305.5,315.53416402157706,10.034164021577055
2017-09-22 18:00:00,B003,101.344,98.74375029656755,2.600249703432439
2017-09-22 18:00:00,B001,58.75,59.423674150982755,0.6736741509827553
2017-09-22 19:00:00,B002,304.0,284.33105738388105,19.668942616118954
2017-09-22 19:00:00,B003,86.1875,86.4284119348023,0.24091193480229833
2017-09-22 19:00:00,B001,49.0,51.7470339403476,2.747033940347599
2017-09-22 20:00:00,B003,77.156,76.61918832291812,0.5368116770818858
2017-09-22 20:00:00,B001,50.25,47.31966166997086,2.9303383300291372
2017-09-22 20:00:00,B002,285.0,283.3878482335265,1.6121517664735165
2017-09-22 21:00:00,B003,61.1565,65.17263610923568,4.016136109235681
2017-09-22 21:00:00,B002,271.0,262.03279651520705,8.967203484792947
2017-09-22 21:00:00,B001,50.5,48.63197911043809,1.8680208895619117
2017-09-22 22:00:00,B001,50.0,48.740795153136744,1.2592048468632555
2017-09-22 22:00:00,B003,53.65600000000001,56.11033181447951,2.454331814479495
2017-09-22 22:00:00,B002,247.0,255.68650270837549,8.686502708375485
2017-09-22 23:00:00,B003,48.969,50.52028662498902,1.551286624989018
2017-09-22 23:00:00,B002,241.0,236.0908023353744,4.909197664625594
2017-09-22 23:00:00,B001,45.25,48.39066498669512,3.1406649866951213
2017-09-23 00:00:00,B002,238.3333,239.13742915145772,0.8041291514577154
2017-09-23 00:00:00,B001,43.6667,44.8796921987341,1.2129921987340992
2017-09-23 00:00:00,B003,45.3228,47.05560433569614,1.7328043356961373
2017-09-23 01:00:00,B002,235.1667,235.453070457763,0.28637045776301306
2017-09-23 01:00:00,B001,45.5833,44.01904709905964,1.5642529009403603
2017-09-23 01:00:00,B003,45.375,44.79532528229546,0.5796747177045418
2017-09-23 02:00:00,B002,233.0,231.80691331205225,1.1930866879477549
2017-09-23 02:00:00,B001,43.0,45.15530077173168,2.1553007717316817
2017-09-23 02:00:00,B003,43.3435,44.92986635764832,1.5863663576483233
2017-09-23 03:00:00,B003,42.7815,43.28411996713014,0.502619967130137
2017-09-23 03:00:00,B001,41.75,42.74404568096101,0.9940456809610083
2017-09-23 03:00:00,B002,237.5,231.2778218872023,6.222178112797707
2017-09-23 04:00:00,B002,226.5,235.92426002739134,9.424260027391341
2017-09-23 04:00:00,B003,43.65600000000001,42.94091713803265,0.7150828619673604
2017-09-23 04:00:00,B001,43.0,41.56484728352523,1.435152716474768
2017-09-23 05:00:00,B001,41.75,42.54042385497388,0.7904238549738807
2017-09-23 05:00:00,B003,43.1565,43.53128937999227,0.37478937999227213
2017-09-23 05:00:00,B002,220.5,225.8011644696606,5.301164469660591
2017-09-23 06:00:00,B001,42.5,41.66801130245489,0.831988697545107
2017-09-23 06:00:00,B002,224.5,220.10102104923774,4.398978950762256
2017-09-23 06:00:00,B003,43.125,44.303525365784125,1.1785253657841253
2017-09-23 07:00:00,B002,226.0,226.5837103168751,0.5837103168751128
2017-09-23 07:00:00,B001,42.0,42.660239775887405,0.6602397758874048
2017-09-23 07:00:00,B003,44.65600000000001,45.08881663964468,0.43281663964467043
2017-09-23 08:00:00,B002,225.5,231.6367130028473,6.136713002847301
2017-09-23 08:00:00,B001,43.5,42.47820510450747,1.0217948954925333
2017-09-23 08:00:00,B003,53.0625,46.77140158322706,6.29109841677294
2017-09-23 09:00:00,B003,60.25,56.093775416519286,4.156224583480714
2017-09-23 09:00:00,B002,230.0,237.07683679420302,7.076836794203018
2017-09-23 09:00:00,B001,45.75,44.28323900021035,1.4667609997896491
2017-09-23 10:00:00,B003,61.75,61.68804449064008,0.06195550935991889
2017-09-23 10:00:00,B002,217.0,235.22925115097107,18.229251150971066
2017-09-23 10:00:00,B001,46.75,46.84632912269451,0.0963291226945131
2017-09-23 11:00:00,B001,47.0,48.064925969696425,1.064925969696425
2017-09-23 11:00:00,B002,220.0,220.56621620570237,0.566216205702375
2017-09-23 11:00:00,B003,70.0315,64.35626265680506,5.675237343194937
2017-09-23 12:00:00,B002,233.5,224.5692050887432,8.930794911256811
2017-09-23 12:00:00,B003,71.375,73.84245183020684,2.4674518302068407
2017-09-23 12:00:00,B001,48.0,48.52479102773819,0.5247910277381891
2017-09-23 13:00:00,B003,70.2185,74.57734078951972,4.358840789519718
2017-09-23 13:00:00,B001,47.75,48.49068313855544,0.7406831385554398
2017-09-23 13:00:00,B002,253.5,240.7202706592314,12.779729340768597
2017-09-23 14:00:00,B001,48.0,48.33327824316731,0.3332782431673067
2017-09-23 14:00:00,B003,72.469,73.22786219986774,0.7588621998677496
2017-09-23 14:00:00,B002,275.0,253.3683107207311,21.631689279268898
2017-09-23 15:00:00,B001,48.5,48.6449282727692,0.1449282727691994
2017-09-23 15:00:00,B003,72.25,73.72029478026049,1.4702947802604882
2017-09-23 15:00:00,B002,284.5,282.0049730602213,2.495026939778711
2017-09-23 16:00:00,B002,299.0,289.715507745977,9.284492254023007
2017-09-23 16:00:00,B003,76.3435,73.76131716959378,2.582182830406225
2017-09-23 16:00:00,B001,47.5,49.167183709666276,1.6671837096662756
2017-09-23 17:00:00,B002,309.0,293.47252654839616,15.52747345160384
2017-09-23 17:00:00,B001,47.0,47.0117801346304,0.011780134630399175
2017-09-23 17:00:00,B003,68.6875,75.50097747862182,6.81347747862182
2017-09-23 18:00:00,B001,45.75,46.5640461691736,0.8140461691736007
2017-09-23 18:00:00,B002,303.5,292.7410907475783,10.758909252421688
2017-09-23 18:00:00,B003,60.5315,65.0987153931638,4.567215393163799
2017-09-23 19:00:00,B001,42.25,44.05804806648883,1.8080480664888299
2017-09-23 19:00:00,B002,292.5,288.90660174025976,3.5933982597402405
2017-09-23 19:00:00,B003,59.8435,57.90081445524532,1.9426855447546814
2017-09-23 20:00:00,B001,41.5,42.34068959944438,0.8406895994443815
2017-09-23 20:00:00,B002,286.0,270.571333366307,15.428666633693012
2017-09-23 20:00:00,B003,55.4065,56.89514921025778,1.4886492102577762
2017-09-23 21:00:00,B001,41.5,41.56397029293607,0.06397029293606948
2017-09-23 21:00:00,B002,295.5,267.5249673436028,27.975032656397218
2017-09-23 21:00:00,B003,53.3435,53.35394461135956,0.010444611359559985
2017-09-23 22:00:00,B003,50.094,52.43241461991779,2.338414619917792
2017-09-23 22:00:00,B001,42.25,41.70242717514762,0.5475728248523808
2017-09-23 22:00:00,B002,285.5,282.7039957399625,2.7960042600374777
2017-09-23 23:00:00,B002,280.5,280.1130433396825,0.3869566603174803
2017-09-23 23:00:00,B003,47.1875,48.68254469179403,1.4950446917940283
2017-09-23 23:00:00,B001,42.0,42.06538990803721,0.06538990803721134
2017-09-24 00:00:00,B003,45.5103,46.76990992767774,1.2596099276777366
2017-09-24 00:00:00,B002,227.5,253.6332103563494,26.133210356349394
2017-09-24 00:00:00,B001,41.5833,42.452382330620814,0.8690823306208131
2017-09-24 01:00:00,B002,226.1667,224.87197039244333,1.2947296075566612
2017-09-24 01:00:00,B001,41.3333,41.68765189210869,0.35435189210868856
2017-09-24 01:00:00,B003,44.7293,45.20797021179506,0.4786702117950554
2017-09-24 02:00:00,B002,210.5,223.63902972770288,13.139029727702876
2017-09-24 02:00:00,B003,45.03100000000001,44.08101137879429,0.9499886212057262
2017-09-24 02:00:00,B001,41.75,41.503051880347584,0.2469481196524157
2017-09-24 03:00:00,B002,207.0,210.87639960478762,3.876399604787622
2017-09-24 03:00:00,B003,46.3125,44.20656811022296,2.1059318897770396
2017-09-24 03:00:00,B001,40.5,41.42674150340167,0.9267415034016722
2017-09-24 04:00:00,B001,41.25,40.56657014101652,0.6834298589834802
2017-09-24 04:00:00,B002,209.0,206.81887438627083,2.181125613729165
2017-09-24 04:00:00,B003,46.969,45.846444156155975,1.122555843844026
2017-09-24 05:00:00,B002,207.0,209.08771322008235,2.0877132200823496
2017-09-24 05:00:00,B003,46.40600000000001,46.52724378551237,0.12124378551235537
2017-09-24 05:00:00,B001,42.0,40.87553482156026,1.124465178439742
2017-09-24 06:00:00,B001,42.25,41.83443928781303,0.41556071218697355
2017-09-24 06:00:00,B003,45.75,46.51543456157281,0.7654345615728104
2017-09-24 06:00:00,B002,212.0,207.99557166278316,4.0044283372168366
2017-09-24 07:00:00,B001,29.75,41.68122488137842,11.93122488137842
2017-09-24 07:00:00,B002,210.5,212.78419875679302,2.2841987567930175
2017-09-24 07:00:00,B003,46.4375,45.974070965333816,0.46342903466618424
2017-09-24 08:00:00,B001,27.0,29.818305534050804,2.818305534050804
2017-09-24 08:00:00,B002,210.5,212.83071287153203,2.330712871532029
2017-09-24 08:00:00,B003,45.469,46.53103007819686,1.0620300781968623
2017-09-24 09:00:00,B001,27.0,30.021356014109344,3.021356014109344
2017-09-24 09:00:00,B003,48.625,50.24869131055578,1.6236913105557775
2017-09-24 09:00:00,B002,211.0,213.25481570794287,2.2548157079428677
2017-09-24 10:00:00,B002,211.0,216.65263512535296,5.652635125352958
2017-09-24 10:00:00,B001,27.5,28.562724233686065,1.0627242336860654
2017-09-24 10:00:00,B003,52.125,51.33961389593268,0.7853861040673209
2017-09-24 11:00:00,B002,228.5,218.08581506808378,10.414184931916225
2017-09-24 11:00:00,B003,58.90600000000001,53.73963521843102,5.166364781568994
2017-09-24 11:00:00,B001,52.25,31.356998688393567,20.893001311606433
2017-09-24 12:00:00,B001,42.75,54.13140754974634,11.381407549746342
2017-09-24 12:00:00,B003,72.125,60.15378568522561,11.971214314774393
2017-09-24 12:00:00,B002,232.5,235.08336012172325,2.5833601217232456
2017-09-24 13:00:00,B002,241.5,237.36747377680987,4.132526223190126
2017-09-24 13:00:00,B003,73.6875,69.27367660696872,4.413823393031279
2017-09-24 13:00:00,B001,46.5,44.73775617994145,1.7622438200585506
2017-09-24 14:00:00,B001,48.5,46.6675791385031,1.8324208614968995
2017-09-24 14:00:00,B003,76.0625,74.23397153373017,1.8285284662698302
2017-09-24 14:00:00,B002,252.5,243.0671521592554,9.432847840744614
2017-09-24 15:00:00,B001,47.5,48.84356760692427,1.3435676069242675
2017-09-24 15:00:00,B002,297.5,253.0291341725829,44.4708658274171
2017-09-24 15:00:00,B003,75.9065,73.33256069131606,2.573939308683933
2017-09-24 16:00:00,B001,45.5,47.102895372758965,1.6028953727589652
2017-09-24 16:00:00,B003,72.8125,75.07625205324922,2.2637520532492204
2017-09-24 16:00:00,B002,308.0,305.7793234296854,2.2206765703145948
2017-09-24 17:00:00,B003,70.0935,68.20833533966169,1.8851646603383188
2017-09-24 17:00:00,B001,44.5,44.98339360173352,0.48339360173351764
2017-09-24 17:00:00,B002,316.5,293.61408389788363,22.88591610211637
2017-09-24 18:00:00,B003,66.375,62.74297087786107,3.632029122138931
2017-09-24 18:00:00,B002,305.0,296.57334473809516,8.426655261904841
2017-09-24 18:00:00,B001,43.5,44.02720798074453,0.527207980744528
2017-09-24 19:00:00,B003,67.1565,62.78339033814786,4.3731096618521335
2017-09-24 19:00:00,B001,46.75,42.37662221313644,4.373377786863557
2017-09-24 19:00:00,B002,289.5,285.24642979511435,4.253570204885648
2017-09-24 20:00:00,B001,49.5,43.52094038410246,5.97905961589754
2017-09-24 20:00:00,B003,64.5625,59.36964783734888,5.192852162651121
2017-09-24 20:00:00,B002,276.0,267.80193350824175,8.198066491758254
2017-09-24 21:00:00,B003,63.25,56.35634578185923,6.893654218140767
2017-09-24 21:00:00,B001,48.5,46.67753547098962,1.8224645290103823
2017-09-24 21:00:00,B002,246.5,269.7824043333334,23.282404333333375
2017-09-24 22:00:00,B002,218.0,233.0880952879709,15.088095287970901
2017-09-24 22:00:00,B003,57.75,55.52671675927809,2.223283240721912
2017-09-24 22:00:00,B001,48.75,46.72611554753931,2.023884452460692
2017-09-24 23:00:00,B001,43.0,46.872304894009154,3.8723048940091545
2017-09-24 23:00:00,B003,51.5935,55.159006066523105,3.565506066523106
2017-09-24 23:00:00,B002,212.5,216.99679824935308,4.496798249353077
2017-09-25 00:00:00,B002,212.1667,220.6599130765405,8.493213076540513
2017-09-25 00:00:00,B001,44.1667,42.97065240798284,1.196047592017159
2017-09-25 00:00:00,B003,45.3333,49.458824192688816,4.125524192688815
2017-09-25 01:00:00,B001,44.25,43.4990628928057,0.7509371071942965
2017-09-25 01:00:00,B003,46.094,45.55470325721018,0.5392967427898228
2017-09-25 01:00:00,B002,211.3333,213.07013133280915,1.736831332809146
2017-09-25 02:00:00,B003,46.2185,45.52178502852725,0.6967149714727512
2017-09-25 02:00:00,B002,213.5,211.12384027660372,2.3761597233962846
2017-09-25 02:00:00,B001,41.25,43.83192158127487,2.5819215812748695
2017-09-25 03:00:00,B002,216.0,213.19168722600807,2.808312773991929
2017-09-25 03:00:00,B001,43.25,41.45364995698587,1.7963500430141295
2017-09-25 03:00:00,B003,44.969,45.658369171505775,0.6893691715057741
2017-09-25 04:00:00,B003,44.78100000000001,44.67209648135142,0.10890351864859582
2017-09-25 04:00:00,B002,217.5,215.368300264365,2.13169973563501
2017-09-25 04:00:00,B001,41.0,43.27808376450114,2.2780837645011403
2017-09-25 05:00:00,B001,43.0,41.3776285453976,1.6223714546024013
2017-09-25 05:00:00,B003,45.1565,44.57771872589918,0.5787812741008196
2017-09-25 05:00:00,B002,210.0,216.18234209268604,6.182342092686042
2017-09-25 06:00:00,B002,220.5,209.1435577894429,11.356442210557105
2017-09-25 06:00:00,B003,51.90600000000001,48.714339025456034,3.1916609745439786
2017-09-25 06:00:00,B001,43.0,44.24618505827529,1.2461850582752874
2017-09-25 07:00:00,B002,225.0,222.71840794023882,2.2815920597611807
2017-09-25 07:00:00,B003,66.125,59.53180739839332,6.593192601606681
2017-09-25 07:00:00,B001,46.0,43.35353067842573,2.6464693215742727
2017-09-25 08:00:00,B002,224.0,230.70765682625898,6.707656826258983
2017-09-25 08:00:00,B003,76.7815,73.93507015828682,2.8464298417131744
2017-09-25 08:00:00,B001,43.25,45.91555050824603,2.665550508246028
2017-09-25 09:00:00,B002,251.5,249.19506800162932,2.3049319983706766
2017-09-25 09:00:00,B003,111.1875,91.60145805925927,19.586041940740728
2017-09-25 09:00:00,B001,53.75,53.87684285659856,0.12684285659855732
2017-09-25 10:00:00,B003,128.5,126.62444377777773,1.8755562222222721
2017-09-25 10:00:00,B001,69.25,67.32134897301586,1.9286510269841415
2017-09-25 10:00:00,B002,259.0,277.5731665320862,18.57316653208619
2017-09-25 11:00:00,B001,76.5,75.29896628737502,1.2010337126249766
2017-09-25 11:00:00,B003,139.3125,140.50022674338626,1.1877267433862642
2017-09-25 11:00:00,B002,292.5,284.3892959059922,8.110704094007815
2017-09-25 12:00:00,B002,287.0,301.94871312419417,14.948713124194171
2017-09-25 12:00:00,B003,138.4685,144.76371341153,6.29521341153
2017-09-25 12:00:00,B001,85.75,79.0596414948787,6.690358505121296
2017-09-25 13:00:00,B003,140.094,141.88732483076726,1.7933248307672613
2017-09-25 13:00:00,B001,90.5,87.06652509947084,3.4334749005291627
2017-09-25 13:00:00,B002,296.5,308.90233967698015,12.402339676980148
2017-09-25 14:00:00,B003,136.6875,140.27691593137837,3.589415931378369
2017-09-25 14:00:00,B002,285.0,301.47155593224784,16.47155593224784
2017-09-25 14:00:00,B001,86.5,91.48989325079364,4.989893250793642
2017-09-25 15:00:00,B003,139.125,137.45768065179197,1.667319348208025
2017-09-25 15:00:00,B002,306.0,293.6359280215039,12.3640719784961
2017-09-25 15:00:00,B001,91.5,86.55939705026451,4.940602949735492
2017-09-25 16:00:00,B002,288.0,304.69636243995507,16.696362439955067
2017-09-25 16:00:00,B001,91.5,91.48390728253962,0.016092717460381323
2017-09-25 16:00:00,B003,136.6875,139.13588883183618,2.4483888318361835
2017-09-25 17:00:00,B003,131.875,130.86964866666665,1.0053513333333512
2017-09-25 17:00:00,B001,81.5,85.11692043994711,3.6169204399471084
2017-09-25 17:00:00,B002,269.5,282.5887142145742,13.088714214574225
2017-09-25 18:00:00,B002,266.0,248.29305078774723,17.706949212252766
2017-09-25 18:00:00,B003,100.4685,110.82299898460803,10.354498984608028
2017-09-25 18:00:00,B001,71.25,68.09393182906358,3.156068170936422
2017-09-25 19:00:00,B001,61.5,59.11996022651164,2.380039773488363
2017-09-25 19:00:00,B002,245.0,246.9552192031983,1.955219203198311
2017-09-25 19:00:00,B003,84.5625,86.73413489903514,2.1716348990351406
2017-09-25 20:00:00,B003,78.5625,75.10991768295625,3.452582317043749
2017-09-25 20:00:00,B002,235.5,232.88333979835045,2.6166602016495517
2017-09-25 20:00:00,B001,63.75,56.7917185150368,6.9582814849632015
2017-09-25 21:00:00,B003,64.2815,69.48002020354116,5.198520203541165
2017-09-25 21:00:00,B001,63.0,58.89319110013945,4.106808899860553
2017-09-25 21:00:00,B002,222.0,224.3933391897002,2.393339189700214
2017-09-25 22:00:00,B003,53.5,59.80085232336154,6.300852323361539
2017-09-25 22:00:00,B001,58.75,58.55534585606213,0.19465414393786773
2017-09-25 22:00:00,B002,217.0,215.30866726039187,1.6913327396081286
2017-09-25 23:00:00,B002,217.0,215.45906152128944,1.540938478710558
2017-09-25 23:00:00,B003,49.3435,52.3518431023309,3.0083431023309046
2017-09-25 23:00:00,B001,51.0,52.191667141920924,1.1916671419209237
2017-09-26 00:00:00,B002,226.1667,220.25430948649523,5.912390513504761
2017-09-26 00:00:00,B003,44.9272,47.43284205843588,2.505642058435882
2017-09-26 00:00:00,B001,44.6667,46.98234973397783,2.3156497339778284
2017-09-26 01:00:00,B002,213.3333,225.1363598683397,11.803059868339687
2017-09-26 01:00:00,B003,44.2083,44.47022198094792,0.26192198094791763
2017-09-26 01:00:00,B001,45.4167,44.20342426155838,1.2132757384416166
2017-09-26 02:00:00,B003,43.469,44.02105465239629,0.5520546523962864
2017-09-26 02:00:00,B002,212.0,213.58896001661432,1.5889600166143225
2017-09-26 02:00:00,B001,44.0,45.5836475313154,1.5836475313153997
2017-09-26 03:00:00,B001,42.25,43.85000942445364,1.6000094244536385
2017-09-26 03:00:00,B003,42.0935,43.866444520241124,1.7729445202411256
2017-09-26 03:00:00,B002,212.0,211.65744799946611,0.34255200053388535
2017-09-26 04:00:00,B002,213.5,211.94300591907177,1.5569940809282343
2017-09-26 04:00:00,B003,41.5,42.59878656620547,1.0987865662054688
2017-09-26 04:00:00,B001,41.75,42.39204649235188,0.6420464923518807
2017-09-26 05:00:00,B001,40.5,41.72997865670704,1.2299786567070399
2017-09-26 05:00:00,B002,209.0,213.45454889194693,4.454548891946928
2017-09-26 05:00:00,B003,41.8125,41.52183462474711,0.2906653752528925
2017-09-26 06:00:00,B001,42.75,41.63532197175976,1.1146780282402418
2017-09-26 06:00:00,B002,211.5,209.96095446493902,1.5390455350609784
2017-09-26 06:00:00,B003,48.75,44.71059226376027,4.039407736239731
2017-09-26 07:00:00,B003,64.094,60.042795770621005,4.051204229378989
2017-09-26 07:00:00,B002,214.0,215.73717132609644,1.737171326096444
2017-09-26 07:00:00,B001,42.75,44.16197212724767,1.4119721272476724
2017-09-26 08:00:00,B001,46.5,43.83851186170245,2.6614881382975497
2017-09-26 08:00:00,B003,73.0935,72.41197721020923,0.6815227897907761
2017-09-26 08:00:00,B002,227.0,220.343985379279,6.65601462072101
2017-09-26 09:00:00,B002,251.5,252.56013591812942,1.0601359181294185
2017-09-26 09:00:00,B003,102.9375,92.39894955271413,10.538550447285871
2017-09-26 09:00:00,B001,57.0,55.57533736216264,1.4246626378373577
2017-09-26 10:00:00,B002,261.5,277.55746067120083,16.05746067120083
2017-09-26 10:00:00,B001,71.25,71.19059754916441,0.05940245083559148
2017-09-26 10:00:00,B003,118.5625,123.53106423809528,4.968564238095283
2017-09-26 11:00:00,B002,281.0,289.3323312526708,8.332331252670826
2017-09-26 11:00:00,B001,76.5,76.74734286541322,0.24734286541321637
2017-09-26 11:00:00,B003,135.9375,132.59841506481482,3.339084935185184
2017-09-26 12:00:00,B001,80.0,79.4370302503968,0.562969749603198
2017-09-26 12:00:00,B002,288.5,289.6712468747599,1.1712468747599019
2017-09-26 12:00:00,B003,130.1875,139.80688446150833,9.619384461508332
2017-09-26 13:00:00,B002,295.5,309.7887210235039,14.28872102350391
2017-09-26 13:00:00,B001,84.0,83.83593911111112,0.16406088888888348
2017-09-26 13:00:00,B003,135.969,130.78465216053388,5.184347839466113
2017-09-26 14:00:00,B002,312.5,311.09943260327503,1.4005673967249663
2017-09-26 14:00:00,B001,84.75,86.35367497619046,1.6036749761904616
2017-09-26 14:00:00,B003,129.125,135.4858330485249,6.36083304852491
2017-09-26 15:00:00,B003,132.031,129.86629979744126,2.1647002025587483
2017-09-26 15:00:00,B001,96.25,87.56071629629632,8.68928370370368
2017-09-26 15:00:00,B002,337.0,322.43099917029747,14.569000829702532
2017-09-26 16:00:00,B001,103.0,95.19932071139118,7.800679288608819
2017-09-26 16:00:00,B003,133.7815,130.99796480870734,2.783535191292657
2017-09-26 16:00:00,B002,318.5,335.12584583280426,16.62584583280426
2017-09-26 17:00:00,B001,90.75,99.10451029877899,8.35451029877899
2017-09-26 17:00:00,B003,127.156,128.05381685052907,0.8978168505290682
2017-09-26 17:00:00,B002,305.5,310.00090300713015,4.500903007130148
2017-09-26 18:00:00,B001,82.5,77.36208505179583,5.13791494820417
2017-09-26 18:00:00,B003,102.625,106.70410542460316,4.079105424603156
2017-09-26 18:00:00,B002,288.0,279.5063449473126,8.493655052687416
2017-09-26 19:00:00,B001,71.0,70.96349181573827,0.0365081842617343
2017-09-26 19:00:00,B003,83.1565,88.27183610383159,5.115336103831595
2017-09-26 19:00:00,B002,271.0,265.43384065585286,5.566159344147138
2017-09-26 20:00:00,B003,76.3125,74.11204121107833,2.200458788921665
2017-09-26 20:00:00,B002,253.0,249.98378285553594,3.016217144464065
2017-09-26 20:00:00,B001,70.25,63.32192828779788,6.928071712202119
2017-09-26 21:00:00,B002,248.0,239.72006036280362,8.279939637196378
2017-09-26 21:00:00,B001,70.75,63.71953023234414,7.030469767655859
2017-09-26 21:00:00,B003,65.9685,65.14053153852302,0.8279684614769849
2017-09-26 22:00:00,B003,57.5315,58.92004852548392,1.3885485254839196
2017-09-26 22:00:00,B002,241.0,233.60886797951034,7.391132020489664
2017-09-26 22:00:00,B001,61.75,64.10046909939396,2.350469099393962
2017-09-26 23:00:00,B002,240.0,234.81383272860035,5.186167271399654
2017-09-26 23:00:00,B003,49.03100000000001,53.15445934520354,4.123459345203528
2017-09-26 23:00:00,B001,49.75,51.15040082822188,1.4004008282218834
2017-09-27 00:00:00,B002,238.0,232.4728630433053,5.527136956694704
2017-09-27 00:00:00,B001,42.3333,47.27751771857058,4.944217718570577
2017-09-27 00:00:00,B003,43.5625,46.797058106942856,3.234558106942856
2017-09-27 01:00:00,B002,237.3333,232.1397659839205,5.1935340160794965
2017-09-27 01:00:00,B003,44.7813,44.56189947230419,0.21940052769581087
2017-09-27 01:00:00,B001,42.5,42.6241901192876,0.12419011928759716
2017-09-27 02:00:00,B003,41.90600000000001,44.34877800902128,2.442778009021268
2017-09-27 02:00:00,B002,236.0,232.42344771407306,3.5765522859269367
2017-09-27 02:00:00,B001,42.75,42.675380221755304,0.07461977824469557
2017-09-27 03:00:00,B002,235.5,232.75871898128165,2.741281018718354
2017-09-27 03:00:00,B003,42.5625,42.18136145301564,0.38113854698436
2017-09-27 03:00:00,B001,42.0,42.91150098195689,0.9115009819568911
2017-09-27 04:00:00,B002,233.0,232.09458273003563,0.9054172699643743
2017-09-27 04:00:00,B003,41.594,42.65614908402522,1.0621490840252221
2017-09-27 04:00:00,B001,43.25,42.17131399558464,1.07868600441536
2017-09-27 05:00:00,B002,230.5,230.34253664921403,0.1574633507859744
2017-09-27 05:00:00,B003,41.6875,41.78863572198308,0.10113572198307708
2017-09-27 05:00:00,B001,43.25,42.802149270093835,0.4478507299061647
2017-09-27 06:00:00,B002,236.0,230.5077679013928,5.4922320986071895
2017-09-27 06:00:00,B003,49.9685,44.059208472152044,5.909291527847955
2017-09-27 06:00:00,B001,44.25,44.09174967357485,0.15825032642514714
2017-09-27 07:00:00,B002,239.5,235.715537858661,3.7844621413389916
2017-09-27 07:00:00,B001,44.75,45.00535982946745,0.2553598294674515
2017-09-27 07:00:00,B003,64.1875,62.401556990730604,1.7859430092693955
2017-09-27 08:00:00,B001,44.25,45.87566387805256,1.6256638780525634
2017-09-27 08:00:00,B002,243.0,240.03148623113995,2.968513768860049
2017-09-27 08:00:00,B003,67.5315,72.34754604364575,4.8160460436457555
2017-09-27 09:00:00,B003,104.9685,90.59258864920636,14.375911350793643
2017-09-27 09:00:00,B001,57.5,55.605168142010854,1.8948318579891463
2017-09-27 09:00:00,B002,273.0,254.2721876787482,18.727812321251804
2017-09-27 10:00:00,B003,119.1875,126.12593143809521,6.938431438095208
2017-09-27 10:00:00,B001,74.0,70.3229703747986,3.677029625201399
2017-09-27 10:00:00,B002,287.0,290.4999198074998,3.4999198074997935
2017-09-27 11:00:00,B002,288.0,306.65029422398135,18.650294223981348
2017-09-27 11:00:00,B003,129.219,133.0791149814815,3.8601149814815017
2017-09-27 11:00:00,B001,85.0,77.96932785307862,7.0306721469213755
2017-09-27 12:00:00,B003,132.2185,131.33814010325787,0.8803598967421351
2017-09-27 12:00:00,B002,302.0,301.9672500478106,0.03274995218941967
2017-09-27 12:00:00,B001,86.75,90.98372692804236,4.233726928042358
2017-09-27 13:00:00,B003,136.25,135.39717969682172,0.8528203031782766
2017-09-27 13:00:00,B001,87.75,88.52428733315229,0.7742873331522873
2017-09-27 13:00:00,B002,296.5,318.6960554180063,22.196055418006324
2017-09-27 14:00:00,B001,90.0,88.87583927804233,1.124160721957665
2017-09-27 14:00:00,B003,139.375,135.81581505906618,3.559184940933818
2017-09-27 14:00:00,B002,304.5,309.9294632170606,5.429463217060572
2017-09-27 15:00:00,B003,136.7815,139.55581417679153,2.7743141767915347
2017-09-27 15:00:00,B001,99.0,95.327834126529,3.672165873471002
2017-09-27 15:00:00,B002,314.0,315.98621046753834,1.986210467538342
2017-09-27 16:00:00,B001,102.25,102.072271974951,0.17772802504900653
2017-09-27 16:00:00,B003,138.6875,136.01766998665144,2.669830013348559
2017-09-27 16:00:00,B002,320.0,317.4182372444786,2.5817627555214244
2017-09-27 17:00:00,B003,133.7185,131.19486848809527,2.523631511904739
2017-09-27 17:00:00,B001,101.25,97.6180940798942,3.631905920105794
2017-09-27 17:00:00,B002,294.5,310.63407288287505,16.134072882875046
2017-09-27 18:00:00,B002,282.5,274.7656254752546,7.734374524745419
2017-09-27 18:00:00,B001,92.0,85.35537313726064,6.644626862739358
2017-09-27 18:00:00,B003,103.219,112.950642234127,9.731642234127008
2017-09-27 19:00:00,B002,268.5,262.0925745096916,6.4074254903084125
2017-09-27 19:00:00,B001,75.25,75.13464300354006,0.11535699645993702
2017-09-27 19:00:00,B003,88.1875,88.25390416398567,0.06640416398566629
2017-09-27 20:00:00,B002,258.0,252.64161424615222,5.358385753847784
2017-09-27 20:00:00,B001,72.25,65.92756829722329,6.322431702776711
2017-09-27 20:00:00,B003,81.4685,78.10792102614401,3.3605789738559935
2017-09-27 21:00:00,B002,249.0,246.14245635429765,2.85754364570235
2017-09-27 21:00:00,B001,70.75,65.86525082043198,4.8847491795680185
2017-09-27 21:00:00,B003,66.0315,69.54006372604628,3.5085637260462903
2017-09-27 22:00:00,B002,242.5,236.24708486373567,6.252915136264335
2017-09-27 22:00:00,B003,48.5,60.12853330952844,11.628533309528443
2017-09-27 22:00:00,B001,67.75,64.0031765560755,3.746823443924498
2017-09-27 23:00:00,B003,44.0625,48.070152564766765,4.007652564766765
2017-09-27 23:00:00,B002,236.5,237.2674164294177,0.7674164294176933
2017-09-27 23:00:00,B001,50.0,50.468761425281144,0.4687614252811443
2017-09-28 00:00:00,B002,218.1667,232.7177274229836,14.551027422983594
2017-09-28 00:00:00,B001,44.6667,45.17865208846681,0.5119520884668134
2017-09-28 00:00:00,B003,42.6667,45.557787957327434,2.8910879573274357
2017-09-28 01:00:00,B003,41.9062,43.36758421533376,1.4613842153337586
2017-09-28 01:00:00,B002,234.1667,221.9183982989084,12.248301701091606
2017-09-28 01:00:00,B001,42.5833,44.33768093037831,1.7543809303783107
2017-09-28 02:00:00,B003,40.8125,41.99606435618041,1.183564356180412
2017-09-28 02:00:00,B002,234.0,232.35220530642536,1.6477946935746388
2017-09-28 02:00:00,B001,41.0,43.26113246957177,2.26113246957177
2017-09-28 03:00:00,B002,235.5,232.648198372164,2.8518016278360108
2017-09-28 03:00:00,B001,42.75,41.16025237959039,1.5897476204096108
2017-09-28 03:00:00,B003,41.0315,41.055831558382664,0.024331558382662877
2017-09-28 04:00:00,B001,42.25,43.07025194044372,0.8202519404437183
2017-09-28 04:00:00,B003,40.9685,40.90106794563336,0.06743205436664113
2017-09-28 04:00:00,B002,237.5,232.0865551958507,5.413444804149293
2017-09-28 05:00:00,B001,42.5,42.527017733714075,0.02701773371407512
2017-09-28 05:00:00,B002,237.5,234.49762008047605,3.0023799195239462
2017-09-28 05:00:00,B003,40.6565,40.983929321111354,0.32742932111135303
2017-09-28 06:00:00,B002,238.5,235.21618319533945,3.283816804660546
2017-09-28 06:00:00,B003,47.03100000000001,41.56129325009452,5.469706749905491
2017-09-28 06:00:00,B001,45.25,43.345121995960106,1.9048780040398938
2017-09-28 07:00:00,B003,63.9375,57.8273163876268,6.1101836123731985
2017-09-28 07:00:00,B001,43.0,45.62686059477039,2.626860594770392
2017-09-28 07:00:00,B002,242.5,236.6081578265754,5.891842173424607
2017-09-28 08:00:00,B002,236.0,248.99240604148008,12.99240604148008
2017-09-28 08:00:00,B003,70.0,69.74432539205479,0.2556746079452097
2017-09-28 08:00:00,B001,45.25,44.50653683171655,0.7434631682834478
2017-09-28 09:00:00,B002,266.0,265.9049541876586,0.09504581234142506
2017-09-28 09:00:00,B003,106.469,95.5801975987339,10.88880240126609
2017-09-28 09:00:00,B001,56.25,55.84831370994973,0.40168629005027157
2017-09-28 10:00:00,B002,275.0,288.2627955880827,13.262795588082724
2017-09-28 10:00:00,B001,77.0,69.20834142896064,7.791658571039363
2017-09-28 10:00:00,B003,117.2185,127.10797937301582,9.889479373015817
2017-09-28 11:00:00,B002,282.0,297.48785651585086,15.487856515850865
2017-09-28 11:00:00,B003,128.469,131.30566689285718,2.836666892857181
2017-09-28 11:00:00,B001,89.75,75.57867475723903,14.171325242760972
2017-09-28 12:00:00,B002,300.0,294.3696954344106,5.630304565589427
2017-09-28 12:00:00,B003,133.3125,132.46551468953268,0.8469853104673177
2017-09-28 12:00:00,B001,98.75,95.14887312325635,3.601126876743649
2017-09-28 13:00:00,B002,318.5,314.5530131336633,3.946986866336715
2017-09-28 13:00:00,B001,102.25,101.34538078147038,0.9046192185296178
2017-09-28 13:00:00,B003,127.4375,137.12703798193476,9.689537981934762
2017-09-28 14:00:00,B001,100.25,103.14798013981691,2.8979801398169087
2017-09-28 14:00:00,B002,290.5,332.61640192391644,42.11640192391644
2017-09-28 14:00:00,B003,131.5625,127.17010067610678,4.3923993238932155
2017-09-28 15:00:00,B002,300.0,314.3685148997821,14.368514899782099
2017-09-28 15:00:00,B003,127.0,131.34460834265798,4.344608342657978
2017-09-28 15:00:00,B001,102.5,103.92601347323377,1.4260134732337661
2017-09-28 16:00:00,B003,128.4685,126.9717582616635,1.4967417383365103
2017-09-28 16:00:00,B001,107.0,105.14053429111914,1.8594657088808617
2017-09-28 16:00:00,B002,295.0,310.56002880448096,15.560028804480964
2017-09-28 17:00:00,B002,256.5,290.0420628587063,33.54206285870629
2017-09-28 17:00:00,B003,117.375,121.23002387301584,3.8550238730158384
2017-09-28 17:00:00,B001,102.75,102.46873326726269,0.28126673273730773
2017-09-28 18:00:00,B001,90.0,87.15453349257491,2.845466507425087
2017-09-28 18:00:00,B002,238.0,245.243475461135,7.243475461135006
2017-09-28 18:00:00,B003,99.5625,102.77919349864331,3.216693498643309
2017-09-28 19:00:00,B003,80.125,86.34455102939886,6.219551029398858
2017-09-28 19:00:00,B001,70.25,74.24907059480078,3.9990705948007843
2017-09-28 19:00:00,B002,217.0,229.58365981654396,12.583659816543957
2017-09-28 20:00:00,B003,72.094,76.36869574676143,4.274695746761438
2017-09-28 20:00:00,B001,76.0,65.44127316824178,10.558726831758221
2017-09-28 20:00:00,B002,214.5,216.39313277057119,1.8931327705711851
2017-09-28 21:00:00,B003,63.625,64.2161463082194,0.5911463082193933
2017-09-28 21:00:00,B002,207.0,210.24259776002012,3.242597760020118
2017-09-28 21:00:00,B001,75.25,68.74560031684015,6.504399683159846
2017-09-28 22:00:00,B003,53.375,54.88660555994326,1.5116055599432627
2017-09-28 22:00:00,B002,200.0,204.48704889358802,4.487048893588025
2017-09-28 22:00:00,B001,74.25,68.16635938043214,6.083640619567859
2017-09-28 23:00:00,B002,202.0,200.17624939406443,1.8237506059355724
2017-09-28 23:00:00,B003,47.4685,48.990555619976135,1.5220556199761361
2017-09-28 23:00:00,B001,52.25,53.554515908465646,1.3045159084656461
2017-09-29 00:00:00,B003,43.521,45.74803861128308,2.227038611283078
2017-09-29 00:00:00,B001,45.3333,48.24175649836731,2.9084564983673076
2017-09-29 00:00:00,B002,202.3333,208.67598818004842,6.3426881800484125
2017-09-29 01:00:00,B001,46.0833,44.45707172028267,1.6262282797173313
2017-09-29 01:00:00,B002,201.0,202.64125783284894,1.641257832848936
2017-09-29 01:00:00,B003,43.6355,44.05098014783863,0.41548014783862897
2017-09-29 02:00:00,B001,46.5,45.72702988177284,0.7729701182271569
2017-09-29 02:00:00,B002,198.5,201.86246108762336,3.362461087623359
2017-09-29 02:00:00,B003,42.0935,43.6268743570304,1.5333743570304037
2017-09-29 03:00:00,B001,44.75,46.03021819240507,1.2802181924050728
2017-09-29 03:00:00,B003,44.375,42.29287410633166,2.0821258936683407
2017-09-29 03:00:00,B002,197.0,198.3501092513587,1.3501092513587025
2017-09-29 04:00:00,B002,198.5,194.31892963363828,4.181070366361723
2017-09-29 04:00:00,B001,45.5,44.062304882320745,1.4376951176792545
2017-09-29 04:00:00,B003,44.469,43.82633754442387,0.6426624555761293
2017-09-29 05:00:00,B002,196.5,199.55151795839149,3.0515179583914858
2017-09-29 05:00:00,B001,45.25,45.277294051943336,0.02729405194333623
2017-09-29 05:00:00,B003,43.1875,43.667775911194504,0.48027591119450364
2017-09-29 06:00:00,B003,51.25,47.136274775149374,4.113725224850626
2017-09-29 06:00:00,B001,49.5,45.690359884638184,3.809640115361816
2017-09-29 06:00:00,B002,202.5,196.6221100885452,5.877889911454787
2017-09-29 07:00:00,B002,204.0,206.34522492191704,2.345224921917037
2017-09-29 07:00:00,B003,67.9685,60.37793117746945,7.590568822530557
2017-09-29 07:00:00,B001,49.5,49.37595167951881,0.12404832048118664
2017-09-29 08:00:00,B002,204.5,212.52407313862435,8.024073138624345
2017-09-29 08:00:00,B001,54.5,49.371569250263825,5.128430749736175
2017-09-29 08:00:00,B003,72.9375,73.43324927169064,0.49574927169064154
2017-09-29 09:00:00,B002,207.5,235.0068966238576,27.506896623857614
2017-09-29 09:00:00,B001,64.5,57.4660870591832,7.033912940816798
2017-09-29 09:00:00,B003,110.094,98.4664453848104,11.627554615189595
2017-09-29 10:00:00,B003,121.8435,126.0727938055555,4.2292938055555
2017-09-29 10:00:00,B001,78.75,74.74692425794487,4.003075742055131
2017-09-29 10:00:00,B002,225.0,230.86331753154272,5.8633175315427195
2017-09-29 11:00:00,B003,134.4375,133.09881301322747,1.3386869867725295
2017-09-29 11:00:00,B001,97.5,90.36548782227001,7.134512177729988
2017-09-29 11:00:00,B002,236.5,246.96723932265385,10.467239322653853
2017-09-29 12:00:00,B002,278.5,247.12098835290996,31.37901164709004
2017-09-29 12:00:00,B003,143.4375,139.86269055468696,3.5748094453130363
2017-09-29 12:00:00,B001,103.5,102.04356506005934,1.4564349399406638
2017-09-29 13:00:00,B003,139.6565,145.2904466157464,5.633946615746396
2017-09-29 13:00:00,B001,103.75,104.26736333469798,0.5173633346979756
2017-09-29 13:00:00,B002,279.0,288.216883094969,9.216883094968978
2017-09-29 14:00:00,B003,135.5625,140.4101245940199,4.847624594019891
2017-09-29 14:00:00,B002,302.5,288.05788312210143,14.44211687789857
2017-09-29 14:00:00,B001,104.75,103.63126262758946,1.1187373724105356
2017-09-29 15:00:00,B002,272.5,306.81493100529093,34.31493100529093
2017-09-29 15:00:00,B001,112.5,106.2209548773374,6.279045122662595
2017-09-29 15:00:00,B003,137.5625,134.9420177284317,2.6204822715683065
2017-09-29 16:00:00,B002,262.5,286.4514041006506,23.95140410065062
2017-09-29 16:00:00,B001,112.75,114.26286233011363,1.5128623301136344
2017-09-29 16:00:00,B003,132.281,135.61407893531023,3.333078935310226
2017-09-29 17:00:00,B001,105.25,107.88409415901876,2.6340941590187583
2017-09-29 17:00:00,B003,118.4065,117.67018647222217,0.7363135277778241
2017-09-29 17:00:00,B002,222.5,257.1213740628665,34.621374062866494
2017-09-29 18:00:00,B001,88.75,90.7937355347164,2.0437355347164043
2017-09-29 18:00:00,B002,217.0,224.71131745198466,7.711317451984655
2017-09-29 18:00:00,B003,103.4375,101.6098326339969,1.827667366003098
2017-09-29 19:00:00,B003,86.25,89.18273597207315,2.9327359720731465
2017-09-29 19:00:00,B001,77.75,71.6362861959707,6.113713804029302
2017-09-29 19:00:00,B002,207.5,218.92150238677243,11.421502386772431
2017-09-29 20:00:00,B001,76.75,72.41061530595145,4.339384694048547
2017-09-29 20:00:00,B003,83.0,76.41219472844662,6.587805271553378
2017-09-29 20:00:00,B002,200.5,202.22762711261925,1.7276271126192455
2017-09-29 21:00:00,B002,199.0,197.75153176722122,1.2484682327787766
2017-09-29 21:00:00,B003,68.375,71.97148111766893,3.5964811176689295
2017-09-29 21:00:00,B001,75.25,72.45059522454214,2.799404775457859
2017-09-29 22:00:00,B002,196.5,197.46953534226893,0.9695353422689266
2017-09-29 22:00:00,B001,59.25,69.8745958623373,10.624595862337301
2017-09-29 22:00:00,B003,61.0625,58.71476445016071,2.3477355498392924
2017-09-29 23:00:00,B002,196.5,196.0364681858445,0.4635318141554876
2017-09-29 23:00:00,B003,48.65600000000001,54.4791305620893,5.82313056208929
2017-09-29 23:00:00,B001,42.5,50.13981433432349,7.639814334323489
2017-09-30 00:00:00,B001,42.1667,42.55422722086735,0.3875272208673479
2017-09-30 00:00:00,B002,197.0,201.13779024906339,4.137790249063386
2017-09-30 00:00:00,B003,46.1458,46.030854890623644,0.11494510937635738
2017-09-30 01:00:00,B001,44.75,42.59826689913247,2.1517331008675313
2017-09-30 01:00:00,B002,203.3333,195.26897816702308,8.06432183297693
2017-09-30 01:00:00,B003,42.7915,45.89221529684467,3.100715296844669
2017-09-30 02:00:00,B003,41.0315,43.04469477119328,2.0131947711932767
2017-09-30 02:00:00,B001,43.75,44.461807334880504,0.7118073348805041
2017-09-30 02:00:00,B002,205.0,201.48170574547882,3.51829425452118
2017-09-30 03:00:00,B001,44.5,44.052366383948964,0.4476336160510357
2017-09-30 03:00:00,B002,211.0,203.27047891602035,7.729521083979648
2017-09-30 03:00:00,B003,40.8435,41.04865519462499,0.205155194624993
2017-09-30 04:00:00,B001,44.0,44.35909078972215,0.3590907897221527
2017-09-30 04:00:00,B002,217.5,210.29889031650882,7.2011096834911825
2017-09-30 04:00:00,B003,39.6875,40.754663896654215,1.0671638966542147
2017-09-30 05:00:00,B003,40.0625,40.30826404795721,0.2457640479572092
2017-09-30 05:00:00,B001,44.25,44.0356583053772,0.21434169462280295
2017-09-30 05:00:00,B002,219.5,214.02980136134934,5.470198638650658
2017-09-30 06:00:00,B001,44.0,44.35523581195946,0.3552358119594601
2017-09-30 06:00:00,B003,40.5,40.95939205139474,0.4593920513947367
2017-09-30 06:00:00,B002,220.5,218.43048991391018,2.069510086089821
2017-09-30 07:00:00,B003,42.1565,41.21796412099593,0.9385358790040712
2017-09-30 07:00:00,B002,222.5,220.1117718341645,2.3882281658355
2017-09-30 07:00:00,B001,44.0,44.18147533742347,0.18147533742347122
2017-09-30 08:00:00,B003,42.0,44.02647041851525,2.0264704185152524
2017-09-30 08:00:00,B002,222.5,228.92781253494613,6.427812534946128
2017-09-30 08:00:00,B001,48.25,44.184931749839,4.065068250160998
2017-09-30 09:00:00,B002,222.0,233.27880423877212,11.278804238772125
2017-09-30 09:00:00,B001,50.0,50.289424789045945,0.2894247890459454
2017-09-30 09:00:00,B003,51.9685,45.20352611807989,6.764973881920106
2017-09-30 10:00:00,B003,51.625,53.59124806222404,1.9662480622240395
2017-09-30 10:00:00,B001,49.5,52.28576391430837,2.785763914308369
2017-09-30 10:00:00,B002,226.0,223.95702996472832,2.0429700352716793
2017-09-30 11:00:00,B001,60.25,52.20819580619865,8.041804193801347
2017-09-30 11:00:00,B003,53.344,55.11404538479963,1.77004538479963
2017-09-30 11:00:00,B002,236.0,233.11003036838747,2.88996963161253
2017-09-30 12:00:00,B001,61.75,63.56518375933317,1.8151837593331734
2017-09-30 12:00:00,B003,55.1875,57.26068435300917,2.073184353009168
2017-09-30 12:00:00,B002,258.5,243.536525408845,14.963474591155006
2017-09-30 13:00:00,B003,55.9685,57.647340284676766,1.6788402846767667
2017-09-30 13:00:00,B001,63.75,63.922088463046265,0.1720884630462649
2017-09-30 13:00:00,B002,261.5,266.78661120634916,5.286611206349164
2017-09-30 14:00:00,B001,69.25,65.44652651167269,3.803473488327313
2017-09-30 14:00:00,B003,55.094,57.994229967700555,2.900229967700554
2017-09-30 14:00:00,B002,267.0,266.63818538412687,0.36181461587312924
2017-09-30 15:00:00,B003,55.8125,56.914506370876246,1.1020063708762464
2017-09-30 15:00:00,B002,267.5,264.76957224126977,2.7304277587302295
2017-09-30 15:00:00,B001,70.0,73.509278725234,3.5092787252339974
2017-09-30 16:00:00,B002,254.5,265.23660513766896,10.73660513766896
2017-09-30 16:00:00,B001,65.0,71.90450856142766,6.904508561427662
2017-09-30 16:00:00,B003,56.15600000000001,57.94216970547004,1.78616970547003
2017-09-30 17:00:00,B001,64.75,66.96427502898342,2.2142750289834225
2017-09-30 17:00:00,B003,57.9065,57.04943767863987,0.8570623213601323
2017-09-30 17:00:00,B002,229.0,249.57596188883429,20.575961888834286
2017-09-30 18:00:00,B003,55.6875,55.939740606217406,0.2522406062174056
2017-09-30 18:00:00,B001,47.0,55.96748333864992,8.96748333864992
2017-09-30 18:00:00,B002,208.0,223.31010695761265,15.310106957612646
2017-09-30 19:00:00,B003,55.0935,54.37473114973402,0.718768850265981
2017-09-30 19:00:00,B002,198.0,200.83283426653563,2.8328342665356274
2017-09-30 19:00:00,B001,43.75,44.91296671441906,1.1629667144190634
2017-09-30 20:00:00,B001,43.75,43.68459575988003,0.06540424011996748
2017-09-30 20:00:00,B002,199.5,196.80368024786182,2.69631975213818
2017-09-30 20:00:00,B003,52.7815,53.91139860838177,1.1298986083817653
2017-09-30 21:00:00,B001,41.75,43.85670873465387,2.1067087346538713
2017-09-30 21:00:00,B003,51.5625,50.784831241004696,0.7776687589953042
2017-09-30 21:00:00,B002,198.0,196.88135127124175,1.1186487287582452
2017-09-30 22:00:00,B003,47.65600000000001,49.75284182852969,2.0968418285296764
2017-09-30 22:00:00,B002,199.0,197.00276971403406,1.9972302859659408
2017-09-30 22:00:00,B001,40.25,41.956991481226424,1.7069914812264244
2017-09-30 23:00:00,B003,48.6565,46.59739457016462,2.059105429835384
2017-09-30 23:00:00,B002,197.5,197.45116535478613,0.04883464521387282
2017-09-30 23:00:00,B001,41.5,40.537235571084175,0.9627644289158255
2017-10-01 00:00:00,B003,48.3437,47.19623160201957,1.1474683979804254
2017-10-01 00:00:00,B002,191.0,194.5974629217403,3.597462921740288
2017-10-01 00:00:00,B001,41.8333,42.2623188815655,0.42901888156549717
2017-10-01 01:00:00,B002,190.1667,192.1054613972819,1.9387613972819224
2017-10-01 01:00:00,B003,48.7293,47.18177441778649,1.5475255822135097
2017-10-01 01:00:00,B001,41.6667,42.03964047508254,0.3729404750825438
2017-10-01 02:00:00,B003,47.4685,47.25982009219717,0.20867990780283208
2017-10-01 02:00:00,B001,43.0,41.724017413664676,1.2759825863353242
2017-10-01 02:00:00,B002,187.0,189.4184217265461,2.418421726546086
2017-10-01 03:00:00,B003,48.0625,46.40377557475324,1.65872442524676
2017-10-01 03:00:00,B001,40.75,43.16442047734653,2.414420477346532
2017-10-01 03:00:00,B002,187.0,186.35432002679028,0.6456799732097238
2017-10-01 04:00:00,B003,47.0315,46.69244761615728,0.33905238384271996
2017-10-01 04:00:00,B001,41.0,40.68921018058142,0.31078981941858075
2017-10-01 04:00:00,B002,190.0,186.5303223082391,3.469677691760893
2017-10-01 05:00:00,B003,46.7185,46.36237565843036,0.35612434156963957
2017-10-01 05:00:00,B001,40.5,40.80064155645375,0.3006415564537477
2017-10-01 05:00:00,B002,187.5,190.3698532157707,2.8698532157706893
2017-10-01 06:00:00,B003,46.6875,46.91448384383435,0.226983843834347
2017-10-01 06:00:00,B001,40.75,40.751737934084574,0.001737934084573567
2017-10-01 06:00:00,B002,184.5,186.95468136257165,2.454681362571648
2017-10-01 07:00:00,B001,41.0,40.37053724140889,0.6294627585911101
2017-10-01 07:00:00,B003,45.719,47.06769835852182,1.3486983585218155
2017-10-01 07:00:00,B002,189.0,184.9041569864524,4.095843013547608
2017-10-01 08:00:00,B001,40.75,40.92522505284122,0.17522505284122047
2017-10-01 08:00:00,B003,47.1875,46.42822132702749,0.7592786729725134
2017-10-01 08:00:00,B002,191.0,191.25407418073172,0.2540741807317204
2017-10-01 09:00:00,B002,186.0,191.48183732266,5.481837322659999
2017-10-01 09:00:00,B001,40.75,41.44809687131068,0.6980968713106819
2017-10-01 09:00:00,B003,53.15600000000001,48.607462619897106,4.548537380102907
2017-10-01 10:00:00,B001,41.25,42.07850471027785,0.8285047102778478
2017-10-01 10:00:00,B003,50.219,54.156676932325496,3.9376769323254948
2017-10-01 10:00:00,B002,188.0,188.57948327083017,0.5794832708301669
2017-10-01 11:00:00,B003,53.03100000000001,51.44731190081934,1.5836880991806765
2017-10-01 11:00:00,B001,52.5,42.52674010848805,9.973259891511951
2017-10-01 11:00:00,B002,192.5,191.06082625344234,1.4391737465576568
2017-10-01 12:00:00,B002,191.0,199.1834164188077,8.183416418807695
2017-10-01 12:00:00,B003,56.219,54.78743409006023,1.4315659099397706
2017-10-01 12:00:00,B001,58.75,53.62596693083289,5.124033069167112
2017-10-01 13:00:00,B003,54.1875,58.09994019682614,3.9124401968261395
2017-10-01 13:00:00,B002,191.5,190.89174428715444,0.6082557128455619
2017-10-01 13:00:00,B001,59.0,60.82668359343524,1.8266835934352414
2017-10-01 14:00:00,B003,53.9685,56.20065124825491,2.232151248254908
2017-10-01 14:00:00,B002,190.0,195.26413156528287,5.264131565282867
2017-10-01 14:00:00,B001,61.5,60.414309550299734,1.085690449700266
2017-10-01 15:00:00,B001,62.25,62.33535980398023,0.08535980398023213
2017-10-01 15:00:00,B002,196.5,191.09185075275116,5.4081492472488435
2017-10-01 15:00:00,B003,58.219,55.97348174750796,2.2455182524920403
2017-10-01 16:00:00,B003,55.7185,58.80539445694269,3.0868944569426944
2017-10-01 16:00:00,B001,62.5,62.83044811621703,0.33044811621702763
2017-10-01 16:00:00,B002,195.5,199.02694701117156,3.5269470111715577
2017-10-01 17:00:00,B002,195.0,193.4388278015389,1.5611721984610938
2017-10-01 17:00:00,B003,53.469,57.51571703205078,4.046717032050779
2017-10-01 17:00:00,B001,64.0,63.35495245746649,0.6450475425335114
2017-10-01 18:00:00,B003,55.90600000000001,54.37385867301416,1.532141326985851
2017-10-01 18:00:00,B001,47.0,46.30168312433863,0.6983168756613694
2017-10-01 18:00:00,B002,196.5,192.33994061659416,4.160059383405837
2017-10-01 19:00:00,B003,56.4375,54.36946941508879,2.068030584911213
2017-10-01 19:00:00,B002,195.5,195.2697016812069,0.23029831879310336
2017-10-01 19:00:00,B001,41.25,45.42612844120896,4.176128441208959
2017-10-01 20:00:00,B001,42.0,41.02169662622074,0.9783033737792621
2017-10-01 20:00:00,B002,192.0,193.05940958428383,1.0594095842838271
2017-10-01 20:00:00,B003,55.0625,54.152555662780486,0.909944337219514
2017-10-01 21:00:00,B001,43.0,42.249740431191846,0.7502595688081541
2017-10-01 21:00:00,B002,188.5,191.58691213041436,3.086912130414362
2017-10-01 21:00:00,B003,55.75,52.73069992862595,3.0193000713740474
2017-10-01 22:00:00,B001,41.5,42.232508474440586,0.7325084744405856
2017-10-01 22:00:00,B002,193.0,187.49117061368426,5.508829386315739
2017-10-01 22:00:00,B003,49.625,52.518798017965125,2.893798017965125
2017-10-01 23:00:00,B003,48.75,49.09554930900996,0.34554930900996084
2017-10-01 23:00:00,B002,195.0,191.87330744081095,3.1266925591890526
2017-10-01 23:00:00,B001,43.0,41.77630907513712,1.2236909248628791
2017-10-02 00:00:00,B003,46.8333,48.585895219057846,1.752595219057845
2017-10-02 00:00:00,B001,43.0833,42.818218887067694,0.2650811129323074
2017-10-02 00:00:00,B002,238.1667,193.65011064939011,44.51658935060988
2017-10-02 01:00:00,B003,47.7708,46.21170302976541,1.5590969702345916
2017-10-02 01:00:00,B002,194.8333,229.80329175329902,34.96999175329901
2017-10-02 01:00:00,B001,41.6667,42.733573253702325,1.066873253702326
2017-10-02 02:00:00,B002,201.0,191.76608903933504,9.233910960664957
2017-10-02 02:00:00,B001,42.25,42.123336984960325,0.12666301503967503
2017-10-02 02:00:00,B003,46.4065,47.202400913381155,0.7959009133811534
2017-10-02 03:00:00,B001,41.0,42.48554239468008,1.4855423946800812
2017-10-02 03:00:00,B002,205.5,199.87529895106556,5.6247010489344405
2017-10-02 03:00:00,B003,46.40600000000001,46.20119277567022,0.20480722432979093
2017-10-02 04:00:00,B002,200.5,199.98659833943205,0.5134016605679506
2017-10-02 04:00:00,B003,45.875,46.152420031720546,0.2774200317205455
2017-10-02 04:00:00,B001,40.5,40.96479737574803,0.46479737574802726
2017-10-02 05:00:00,B003,47.25,45.33410454480045,1.9158954551995535
2017-10-02 05:00:00,B001,41.0,40.84876766471381,0.1512323352861884
2017-10-02 05:00:00,B002,197.5,201.55334555140158,4.053345551401577
2017-10-02 06:00:00,B003,52.2815,50.02266766177273,2.258832338227272
2017-10-02 06:00:00,B002,207.5,194.05024831820322,13.449751681796783
2017-10-02 06:00:00,B001,43.75,41.83998292804167,1.910017071958329
2017-10-02 07:00:00,B003,67.6875,63.91198177606623,3.775518223933773
2017-10-02 07:00:00,B001,43.75,44.282249782244335,0.5322497822443353
2017-10-02 07:00:00,B002,214.0,205.16355238787884,8.836447612121162
2017-10-02 08:00:00,B001,43.75,44.028859709032844,0.27885970903284374
2017-10-02 08:00:00,B003,75.4685,76.39552196228402,0.9270219622840159
2017-10-02 08:00:00,B002,218.5,216.46590067989416,2.034099320105838
2017-10-02 09:00:00,B002,245.0,225.64809875985065,19.351901240149346
2017-10-02 09:00:00,B001,52.5,53.961940552633784,1.4619405526337843
2017-10-02 09:00:00,B003,109.75,92.48047076213818,17.269529237861818
2017-10-02 10:00:00,B003,117.4065,125.66280326984119,8.256303269841197
2017-10-02 10:00:00,B002,273.5,281.27824504293847,7.778245042938465
2017-10-02 10:00:00,B001,73.0,68.61401365689863,4.385986343101365
2017-10-02 11:00:00,B003,134.7185,130.8734943174603,3.8450056825396928
2017-10-02 11:00:00,B002,295.0,289.8455111216696,5.154488878330426
2017-10-02 11:00:00,B001,85.25,80.75170400019198,4.498295999808022
2017-10-02 12:00:00,B002,359.0,322.9836686984128,36.01633130158717
2017-10-02 12:00:00,B001,88.75,91.46339505110488,2.7133950511048823
2017-10-02 12:00:00,B003,141.594,138.7901642419281,2.803835758071898
2017-10-02 13:00:00,B002,371.5,359.0792292234994,12.420770776500603
2017-10-02 13:00:00,B001,92.25,92.62763942517896,0.37763942517895543
2017-10-02 13:00:00,B003,143.0935,143.1032590786525,0.009759078652507469
2017-10-02 14:00:00,B001,94.0,94.57943336984125,0.5794333698412544
2017-10-02 14:00:00,B002,367.5,365.0336904761905,2.466309523809514
2017-10-02 14:00:00,B003,145.0,142.1850149623568,2.814985037643197
2017-10-02 15:00:00,B002,368.0,356.70289285714296,11.297107142857044
2017-10-02 15:00:00,B003,145.2815,142.9357485860021,2.3457514139979025
2017-10-02 15:00:00,B001,99.25,96.44768525084878,2.802314749151222
2017-10-02 16:00:00,B002,389.0,351.70649338624344,37.29350661375656
2017-10-02 16:00:00,B001,100.25,103.65588868386592,3.405888683865925
2017-10-02 16:00:00,B003,140.375,144.60167259663865,4.22667259663865
2017-10-02 17:00:00,B001,101.25,97.47929686031748,3.7707031396825244
2017-10-02 17:00:00,B003,135.1875,131.43878761904756,3.7487123809524405
2017-10-02 17:00:00,B002,375.5,360.63241269841274,14.867587301587264
2017-10-02 18:00:00,B002,364.0,343.123757936508,20.876242063491986
2017-10-02 18:00:00,B003,115.156,117.04652384126983,1.8905238412698253
2017-10-02 18:00:00,B001,83.0,85.76287381327569,2.7628738132756894
2017-10-02 19:00:00,B003,96.344,99.43984764345407,3.0958476434540785
2017-10-02 19:00:00,B002,346.5,332.0917658730159,14.408234126984098
2017-10-02 19:00:00,B001,72.0,71.71459141721829,0.285408582781713
2017-10-02 20:00:00,B001,72.5,65.45064196113826,7.04935803886174
2017-10-02 20:00:00,B002,327.0,307.68174761342,19.318252386580014
2017-10-02 20:00:00,B003,87.031,85.03373523228177,1.9972647677182351
2017-10-02 21:00:00,B001,62.0,66.0407688367318,4.0407688367318
2017-10-02 21:00:00,B002,321.0,297.92636418297246,23.073635817027537
2017-10-02 21:00:00,B003,73.4065,75.58319138730178,2.176691387301787
2017-10-02 22:00:00,B003,61.15600000000001,61.898043973625306,0.7420439736252931
2017-10-02 22:00:00,B002,314.0,295.6074602058201,18.392539794179925
2017-10-02 22:00:00,B001,56.75,59.40063270297435,2.650632702974349
2017-10-02 23:00:00,B001,44.5,49.24574445338179,4.745744453381789
2017-10-02 23:00:00,B002,294.0,290.0145068887668,3.985493111233211
2017-10-02 23:00:00,B003,50.5,56.770641280709924,6.270641280709924
2017-10-03 00:00:00,B002,267.3333,263.8177787162526,3.5155212837474323
2017-10-03 00:00:00,B003,46.3125,48.30340519187442,1.9909051918744183
2017-10-03 00:00:00,B001,41.0833,44.993317516994075,3.910017516994074
2017-10-03 01:00:00,B003,44.5625,46.23293376391887,1.6704337639188722
2017-10-03 01:00:00,B002,282.8333,253.98204058350603,28.851259416493974
2017-10-03 01:00:00,B001,43.1667,41.30274631700915,1.8639536829908465
2017-10-03 02:00:00,B002,280.5,267.5871742803888,12.912825719611192
2017-10-03 02:00:00,B001,42.5,42.91491220083539,0.4149122008353885
2017-10-03 02:00:00,B003,41.625,44.4898242866301,2.8648242866301032
2017-10-03 03:00:00,B002,283.5,255.0058990391515,28.4941009608485
2017-10-03 03:00:00,B001,43.5,42.38866631237871,1.1113336876212898
2017-10-03 03:00:00,B003,41.969,41.95223549701929,0.016764502980713303
2017-10-03 04:00:00,B002,286.0,265.14885268349025,20.851147316509753
2017-10-03 04:00:00,B001,44.0,43.06912375683532,0.9308762431646826
2017-10-03 04:00:00,B003,41.9375,42.28597127724967,0.3484712772496721
2017-10-03 05:00:00,B003,41.5,42.21650074000644,0.7165007400064383
2017-10-03 05:00:00,B002,288.5,274.3158489070475,14.184151092952504
2017-10-03 05:00:00,B001,43.75,43.2385151003641,0.5114848996359029
2017-10-03 06:00:00,B001,46.0,44.09998457364927,1.900015426350727
2017-10-03 06:00:00,B003,50.0935,43.79893509760999,6.294564902390007
2017-10-03 06:00:00,B002,293.0,274.79195997487903,18.208040025120965
2017-10-03 07:00:00,B002,295.5,283.0705246688035,12.4294753311965
2017-10-03 07:00:00,B003,64.6875,64.98022729835905,0.2927272983590541
2017-10-03 07:00:00,B001,47.0,46.09394451286844,0.9060554871315603
2017-10-03 08:00:00,B003,71.0625,73.60840096651121,2.545900966511212
2017-10-03 08:00:00,B002,292.5,306.84146154396456,14.341461543964556
2017-10-03 08:00:00,B001,45.0,47.78636511805606,2.786365118056061
2017-10-03 09:00:00,B003,98.75,95.33337973118539,3.4166202688146114
2017-10-03 09:00:00,B002,313.5,316.029893993171,2.529893993171015
2017-10-03 09:00:00,B001,52.25,56.07057968498797,3.820579684987969
2017-10-03 10:00:00,B003,118.9375,114.19494960716419,4.74255039283581
2017-10-03 10:00:00,B002,327.5,337.35444468008785,9.854444680087852
2017-10-03 10:00:00,B001,70.0,72.06194747694681,2.0619474769468127
2017-10-03 11:00:00,B003,133.9375,133.11567214814806,0.8218278518519355
2017-10-03 11:00:00,B001,84.25,81.87814511432288,2.3718548856771235
2017-10-03 11:00:00,B002,378.5,349.48749392592583,29.012506074074167
2017-10-03 12:00:00,B002,357.5,381.7164623617124,24.216462361712388
2017-10-03 12:00:00,B003,133.125,138.74592395041998,5.620923950419979
2017-10-03 12:00:00,B001,97.0,89.2106487854002,7.7893512145998045
2017-10-03 13:00:00,B001,98.25,98.04318798060197,0.20681201939802918
2017-10-03 13:00:00,B002,361.5,355.2449883968253,6.255011603174694
2017-10-03 13:00:00,B003,138.9065,138.50926346957675,0.3972365304232426
2017-10-03 14:00:00,B002,352.5,364.8774056151996,12.37740561519962
2017-10-03 14:00:00,B003,144.3125,138.67078283604695,5.641717163953047
2017-10-03 14:00:00,B001,97.5,100.48690074934031,2.9869007493403075
2017-10-03 15:00:00,B003,140.0,141.993912699012,1.993912699011986
2017-10-03 15:00:00,B002,354.5,356.41296057037044,1.9129605703704442
2017-10-03 15:00:00,B001,100.25,99.81791487978349,0.432085120216513
2017-10-03 16:00:00,B002,349.0,355.68196821269834,6.681968212698337
2017-10-03 16:00:00,B001,103.25,103.87976236845952,0.6297623684595237
2017-10-03 16:00:00,B003,134.5625,140.0259361782528,5.463436178252806
2017-10-03 17:00:00,B002,325.0,335.64110761489627,10.64110761489627
2017-10-03 17:00:00,B001,99.75,99.84258670957949,0.09258670957949278
2017-10-03 17:00:00,B003,129.125,129.071053026455,0.05394697354500977
2017-10-03 18:00:00,B001,84.75,86.62272649609085,1.8727264960908485
2017-10-03 18:00:00,B003,112.875,108.98483008381432,3.890169916185684
2017-10-03 18:00:00,B002,289.0,302.94596039947083,13.945960399470835
2017-10-03 19:00:00,B003,96.4375,97.15277135256407,0.7152713525640735
2017-10-03 19:00:00,B001,74.75,73.9725566609995,0.7774433390004987
2017-10-03 19:00:00,B002,278.5,266.17835112038864,12.32164887961136
2017-10-03 20:00:00,B003,90.75,84.45389984019279,6.29610015980721
2017-10-03 20:00:00,B001,73.5,69.77639350740512,3.7236064925948824
2017-10-03 20:00:00,B002,271.0,259.16021231779706,11.839787682202939
2017-10-03 21:00:00,B001,64.25,67.678527204894,3.428527204893996
2017-10-03 21:00:00,B003,75.3435,79.13924449728634,3.7957444972863357
2017-10-03 21:00:00,B002,265.5,251.11246652813773,14.38753347186227
2017-10-03 22:00:00,B002,261.5,251.34117523293773,10.15882476706227
2017-10-03 22:00:00,B001,60.25,59.26674262477989,0.9832573752201128
2017-10-03 22:00:00,B003,55.344,65.26143602937316,9.917436029373157
2017-10-03 23:00:00,B001,42.0,48.264951198064026,6.264951198064026
2017-10-03 23:00:00,B002,257.5,252.35782411521737,5.142175884782631
2017-10-03 23:00:00,B003,51.2185,52.764327360517974,1.5458273605179755
2017-10-04 00:00:00,B002,250.8333,248.3551496700289,2.4781503299711005
2017-10-04 00:00:00,B001,40.3333,42.35809654328647,2.0247965432864703
2017-10-04 00:00:00,B003,46.9062,50.35007962546456,3.443879625464561
2017-10-04 01:00:00,B002,251.5,249.13704150177185,2.362958498228153
2017-10-04 01:00:00,B001,39.6667,40.76870077281968,1.1020007728196788
2017-10-04 01:00:00,B003,44.9375,46.56808569747237,1.6305856974723696
2017-10-04 02:00:00,B003,42.4375,44.670530263285045,2.2330302632850447
2017-10-04 02:00:00,B001,37.5,40.20026067132201,2.700260671322013
2017-10-04 02:00:00,B002,252.5,249.4599520511693,3.040047948830704
2017-10-04 03:00:00,B003,42.25,42.33617340398816,0.08617340398816253
2017-10-04 03:00:00,B002,248.5,247.622012084026,0.8779879159739892
2017-10-04 03:00:00,B001,38.75,38.297344708699214,0.4526552913007862
2017-10-04 04:00:00,B002,244.0,242.37070130803647,1.6292986919635268
2017-10-04 04:00:00,B003,42.25,42.473220881285705,0.22322088128570527
2017-10-04 04:00:00,B001,39.0,38.95437491088608,0.04562508911391916
2017-10-04 05:00:00,B003,42.969,42.39400158033447,0.5749984196655333
2017-10-04 05:00:00,B001,38.25,39.07122763875951,0.8212276387595097
2017-10-04 05:00:00,B002,243.5,240.6908211642433,2.809178835756711
2017-10-04 06:00:00,B001,38.5,39.176538165068635,0.6765381650686351
2017-10-04 06:00:00,B002,242.5,244.28871219966663,1.7887121996666338
2017-10-04 06:00:00,B003,52.28100000000001,47.791232225418305,4.489767774581708
2017-10-04 07:00:00,B002,240.5,247.49160652193362,6.991606521933619
2017-10-04 07:00:00,B003,69.75,64.95342163813959,4.796578361860412
2017-10-04 07:00:00,B001,41.0,39.026613345889636,1.9733866541103637
2017-10-04 08:00:00,B002,237.5,245.92682593429436,8.426825934294357
2017-10-04 08:00:00,B003,71.625,75.93141396536454,4.306413965364541
2017-10-04 08:00:00,B001,41.75,42.986771957064796,1.2367719570647964
2017-10-04 09:00:00,B001,50.75,52.532531571539074,1.7825315715390744
2017-10-04 09:00:00,B002,251.0,274.0721664232804,23.072166423280407
2017-10-04 09:00:00,B003,99.4065,92.98786291206672,6.418637087933277
2017-10-04 10:00:00,B002,283.0,277.93250707931946,5.067492920680536
2017-10-04 10:00:00,B001,74.5,69.69665248421306,4.803347515786939
2017-10-04 10:00:00,B003,124.3125,115.48123318112482,8.831266818875179
2017-10-04 11:00:00,B002,296.0,291.4043070494761,4.595692950523926
2017-10-04 11:00:00,B003,146.7185,134.3715075238095,12.346992476190508
2017-10-04 11:00:00,B001,89.5,86.0707520006084,3.429247999391606
2017-10-04 12:00:00,B001,96.75,95.08091848915343,1.669081510846567
2017-10-04 12:00:00,B002,374.5,310.62350844464333,63.876491555356665
2017-10-04 12:00:00,B003,151.2815,148.38408239286156,2.8974176071384363
2017-10-04 13:00:00,B003,151.6875,150.4137865608466,1.273713439153397
2017-10-04 13:00:00,B001,101.5,97.98957961067187,3.5104203893281323
2017-10-04 13:00:00,B002,352.5,370.29249675324684,17.792496753246837
2017-10-04 14:00:00,B002,336.5,342.70612265512267,6.20612265512267
2017-10-04 14:00:00,B001,100.0,101.84562508373509,1.8456250837350865
2017-10-04 14:00:00,B003,146.031,151.70571795238098,5.674717952380973
2017-10-04 15:00:00,B001,101.25,104.70456385343297,3.4545638534329726
2017-10-04 15:00:00,B002,338.5,324.9985822867609,13.501417713239107
2017-10-04 15:00:00,B003,142.094,146.0596310833742,3.9656310833742054
2017-10-04 16:00:00,B003,135.3435,139.94714442591464,4.603644425914638
2017-10-04 16:00:00,B002,340.5,331.34870301659936,9.151296983400641
2017-10-04 16:00:00,B001,102.0,104.99549844895628,2.9954984489562833
2017-10-04 17:00:00,B003,133.2815,130.02311513227514,3.258384867724857
2017-10-04 17:00:00,B002,330.5,324.3041103485331,6.195889651466928
2017-10-04 17:00:00,B001,98.0,99.25563039682542,1.255630396825424
2017-10-04 18:00:00,B002,325.5,306.6506140963925,18.849385903607526
2017-10-04 18:00:00,B001,82.75,85.32607062842739,2.576070628427388
2017-10-04 18:00:00,B003,108.125,115.53260573809533,7.407605738095327
2017-10-04 19:00:00,B002,310.5,301.36134401154396,9.138655988456037
2017-10-04 19:00:00,B003,96.875,93.74123462012733,3.1337653798726706
2017-10-04 19:00:00,B001,71.25,74.45363115250615,3.203631152506148
2017-10-04 20:00:00,B003,83.3435,87.11778810890559,3.77428810890558
2017-10-04 20:00:00,B002,298.0,288.0113030537527,9.988696946247273
2017-10-04 20:00:00,B001,59.75,68.26905312454227,8.519053124542268
2017-10-04 21:00:00,B002,276.0,276.7321901043669,0.7321901043669072
2017-10-04 21:00:00,B003,69.25,71.31210312342472,2.06210312342472
2017-10-04 21:00:00,B001,53.75,54.493586368640486,0.7435863686404858
2017-10-04 22:00:00,B001,52.25,51.43948795862992,0.8105120413700817
2017-10-04 22:00:00,B002,262.0,257.8273533712102,4.172646628789778
2017-10-04 22:00:00,B003,58.719,59.16698994208069,0.44798994208068876
2017-10-04 23:00:00,B001,39.75,49.656298463630584,9.906298463630584
2017-10-04 23:00:00,B003,49.1875,53.24045785637314,4.0529578563731405
2017-10-04 23:00:00,B002,258.5,253.8308910133975,4.6691089866025095
2017-10-05 00:00:00,B003,45.3853,46.7541593669869,1.3688593669868965
2017-10-05 00:00:00,B002,253.8333,250.27144942482866,3.5618505751713485
2017-10-05 00:00:00,B001,41.8333,42.66683771828853,0.8335377182885253
2017-10-05 01:00:00,B003,46.5312,45.215889271311255,1.3153107286887433
2017-10-05 01:00:00,B002,248.8333,250.79801411900678,1.9647141190067714
2017-10-05 01:00:00,B001,40.9167,41.07366934505921,0.15696934505920979
2017-10-05 02:00:00,B002,241.0,245.1413942104722,4.141394210472214
2017-10-05 02:00:00,B003,46.9375,46.844098195931714,0.0934018040682858
2017-10-05 02:00:00,B001,41.25,40.07282030267633,1.1771796973236732
2017-10-05 03:00:00,B001,41.25,39.97559741423796,1.27440258576204
2017-10-05 03:00:00,B002,235.0,241.1501421549957,6.150142154995706
2017-10-05 03:00:00,B003,44.9065,46.648117095112454,1.7416170951124528
2017-10-05 04:00:00,B002,229.0,232.26665965570487,3.2666596557048706
2017-10-05 04:00:00,B003,44.1875,43.95687354526658,0.23062645473341803
2017-10-05 04:00:00,B001,41.25,40.01417458264237,1.2358254173576313
2017-10-05 05:00:00,B001,38.75,40.6088082746442,1.858808274644197
2017-10-05 05:00:00,B002,217.0,227.69164023001022,10.691640230010222
2017-10-05 05:00:00,B003,44.5,43.9035026870327,0.5964973129673012
2017-10-05 06:00:00,B002,221.5,216.27844153578883,5.221558464211171
2017-10-05 06:00:00,B003,52.5,49.006552473900506,3.4934475260994944
2017-10-05 06:00:00,B001,40.0,39.906316024363605,0.09368397563639519
2017-10-05 07:00:00,B001,40.75,41.13047255270548,0.3804725527054771
2017-10-05 07:00:00,B003,71.781,66.18737500469413,5.593624995305873
2017-10-05 07:00:00,B002,221.0,228.88135518087958,7.881355180879581
2017-10-05 08:00:00,B003,75.875,76.41299813388999,0.5379981338899853
2017-10-05 08:00:00,B002,229.0,228.16257479543418,0.8374252045658181
2017-10-05 08:00:00,B001,44.0,42.83494371873251,1.1650562812674892
2017-10-05 09:00:00,B003,103.9375,94.92953234426052,9.007967655739478
2017-10-05 09:00:00,B002,261.0,258.49897946127936,2.5010205387206383
2017-10-05 09:00:00,B001,57.0,53.87628959233062,3.1237104076693782
2017-10-05 10:00:00,B003,117.719,124.42565863792694,6.7066586379269495
2017-10-05 10:00:00,B002,284.0,291.93778290417237,7.937782904172366
2017-10-05 10:00:00,B001,78.5,73.21819715104157,5.281802848958435
2017-10-05 11:00:00,B001,92.75,91.47732344871527,1.2726765512847322
2017-10-05 11:00:00,B002,302.5,295.1417595887671,7.3582404112328845
2017-10-05 11:00:00,B003,146.0625,132.59995101058198,13.462548989418025
2017-10-05 12:00:00,B003,148.75,148.92332779976024,0.17332779976024426
2017-10-05 12:00:00,B001,95.25,98.99771845096072,3.7477184509607184
2017-10-05 12:00:00,B002,343.5,317.3228709136387,26.177129086361276
2017-10-05 13:00:00,B001,98.25,97.92098036858746,0.3290196314125353
2017-10-05 13:00:00,B002,354.0,351.18378571428576,2.8162142857142385
2017-10-05 13:00:00,B003,146.0935,148.8067927720999,2.7132927720998907
2017-10-05 14:00:00,B002,356.0,345.65119851444865,10.348801485551348
2017-10-05 14:00:00,B001,99.75,100.27504454153934,0.5250445415393443
2017-10-05 14:00:00,B003,145.5625,146.53289272203733,0.9703927220373316
2017-10-05 15:00:00,B001,101.75,104.66270799741427,2.912707997414273
2017-10-05 15:00:00,B003,148.25,144.41929967290906,3.8307003270909377
2017-10-05 15:00:00,B002,362.5,346.277947026455,16.222052973544976
2017-10-05 16:00:00,B003,141.1565,146.0613033556612,4.904803355661215
2017-10-05 16:00:00,B002,346.5,357.85472881096683,11.354728810966833
2017-10-05 16:00:00,B001,103.5,105.43676624590827,1.9367662459082737
2017-10-05 17:00:00,B003,133.125,130.38021484656088,2.7447851534391248
2017-10-05 17:00:00,B002,334.5,333.0346984720057,1.4653015279943133
2017-10-05 17:00:00,B001,99.75,100.02920086043247,0.27920086043246783
2017-10-05 18:00:00,B001,84.0,86.93461905455173,2.9346190545517317
2017-10-05 18:00:00,B002,306.0,321.7956611784794,15.795661178479406
2017-10-05 18:00:00,B003,111.9685,116.72251851719581,4.754018517195803
2017-10-05 19:00:00,B002,291.5,288.929795141799,2.5702048582010093
2017-10-05 19:00:00,B001,68.25,73.83243116789077,5.582431167890775
2017-10-05 19:00:00,B003,88.2815,95.83023818722016,7.548738187220167
2017-10-05 20:00:00,B003,80.281,80.24390735896732,0.03709264103268595
2017-10-05 20:00:00,B002,283.5,277.86232611503004,5.637673884969956
2017-10-05 20:00:00,B001,67.75,63.940338991775896,3.8096610082241043
2017-10-05 21:00:00,B002,276.5,265.73643880897885,10.763561191021154
2017-10-05 21:00:00,B003,70.2815,70.20714650852075,0.07435349147924342
2017-10-05 21:00:00,B001,69.0,58.07585930314127,10.924140696858728
2017-10-05 22:00:00,B003,58.5,61.23599644483732,2.735996444837319
2017-10-05 22:00:00,B001,68.75,63.814408364578824,4.935591635421176
2017-10-05 22:00:00,B002,274.0,259.4449567185111,14.555043281488906
2017-10-05 23:00:00,B003,47.3125,52.815891322611336,5.503391322611336
2017-10-05 23:00:00,B001,48.75,50.17459461428571,1.4245946142857093
2017-10-05 23:00:00,B002,275.0,258.84444574728735,16.155554252712648
2017-10-06 00:00:00,B002,242.5,248.60614567857135,6.106145678571352
2017-10-06 00:00:00,B001,41.5,44.44058162880259,2.9405816288025903
2017-10-06 00:00:00,B003,45.1562,46.39334219268743,1.237142192687429
2017-10-06 01:00:00,B003,43.4792,45.12470222392082,1.645502223920822
2017-10-06 01:00:00,B002,255.0,242.6255290848023,12.37447091519769
2017-10-06 01:00:00,B001,42.4167,41.88843606206549,0.5282639379345113
2017-10-06 02:00:00,B002,249.0,247.00518531465994,1.9948146853400601
2017-10-06 02:00:00,B001,38.75,42.423299990962995,3.6732999909629953
2017-10-06 02:00:00,B003,42.5625,43.563540429171184,1.0010404291711836
2017-10-06 03:00:00,B003,42.8435,42.87015239799608,0.02665239799608088
2017-10-06 03:00:00,B001,40.75,39.088776954661476,1.6612230453385237
2017-10-06 03:00:00,B002,241.5,243.69947204386438,2.1994720438643753
2017-10-06 04:00:00,B001,39.75,40.598390969310685,0.8483909693106853
2017-10-06 04:00:00,B003,41.9065,43.22478255130057,1.3182825513005696
2017-10-06 04:00:00,B002,241.5,240.58208501802432,0.9179149819756844
2017-10-06 05:00:00,B003,42.4375,42.40543416600246,0.03206583399754237
2017-10-06 05:00:00,B001,38.25,39.782097243371375,1.5320972433713749
2017-10-06 05:00:00,B002,239.5,240.15265041717882,0.652650417178819
2017-10-06 06:00:00,B002,242.0,237.21142019609,4.788579803910011
2017-10-06 06:00:00,B003,49.0935,46.1942149255117,2.899285074488297
2017-10-06 06:00:00,B001,41.25,39.30450241924591,1.9454975807540933
2017-10-06 07:00:00,B002,242.0,242.23027783407156,0.23027783407155766
2017-10-06 07:00:00,B003,64.594,64.7712907280785,0.17729072807850343
2017-10-06 07:00:00,B001,42.25,41.46526120342815,0.7847387965718511
2017-10-06 08:00:00,B001,45.5,44.06319729368459,1.4368027063154116
2017-10-06 08:00:00,B003,70.3435,73.36579875939873,3.0222987593987227
2017-10-06 08:00:00,B002,246.5,245.90497215897554,0.5950278410244607
2017-10-06 09:00:00,B002,267.5,275.1086356512591,7.608635651259078
2017-10-06 09:00:00,B001,57.25,57.14020290765345,0.10979709234654678
2017-10-06 09:00:00,B003,102.844,96.36180182729758,6.482198172702411
2017-10-06 10:00:00,B003,118.4375,124.24075136904763,5.803251369047629
2017-10-06 10:00:00,B001,72.25,73.39098855510372,1.1409885551037178
2017-10-06 10:00:00,B002,284.5,292.99982593798535,8.49982593798535
2017-10-06 11:00:00,B001,86.75,89.36900199320024,2.619001993200243
2017-10-06 11:00:00,B002,307.0,305.08836153393713,1.9116384660628682
2017-10-06 11:00:00,B003,129.625,133.64071782936506,4.015717829365059
2017-10-06 12:00:00,B002,311.5,316.75971789448306,5.25971789448306
2017-10-06 12:00:00,B003,138.906,132.35179596947495,6.554204030525057
2017-10-06 12:00:00,B001,93.5,91.19122826375663,2.308771736243372
2017-10-06 13:00:00,B003,134.6565,141.393132574437,6.73663257443701
2017-10-06 13:00:00,B001,96.5,97.16782158032092,0.6678215803209184
2017-10-06 13:00:00,B002,325.0,330.7051122210925,5.70511222109252
2017-10-06 14:00:00,B001,87.5,98.02221215336256,10.52221215336256
2017-10-06 14:00:00,B002,327.5,333.59018390269773,6.090183902697731
2017-10-06 14:00:00,B003,148.0625,134.75974546994976,13.302754530050237
2017-10-06 15:00:00,B003,140.7185,146.26206318885454,5.5435631888545345
2017-10-06 15:00:00,B001,94.0,88.285778438287,5.714221561713003
2017-10-06 15:00:00,B002,329.0,338.188864417631,9.18886441763101
2017-10-06 16:00:00,B002,329.5,335.0288314039625,5.528831403962499
2017-10-06 16:00:00,B003,136.7815,140.26461764879684,3.483117648796849
2017-10-06 16:00:00,B001,102.0,98.29634859547859,3.703651404521409
2017-10-06 17:00:00,B002,310.0,319.5178439517458,9.517843951745817
2017-10-06 17:00:00,B001,96.75,98.74925636666666,1.999256366666657
2017-10-06 17:00:00,B003,117.75,123.48227319047623,5.732273190476235
2017-10-06 18:00:00,B001,81.5,84.50558431538884,3.0055843153888446
2017-10-06 18:00:00,B003,103.5,104.49020393956044,0.9902039395604447
2017-10-06 18:00:00,B002,292.0,290.42971800634933,1.5702819936506671
2017-10-06 19:00:00,B002,276.5,275.52350229447455,0.9764977055254462
2017-10-06 19:00:00,B001,64.0,72.05357048739684,8.05357048739684
2017-10-06 19:00:00,B003,91.156,89.49356243491425,1.662437565085753
2017-10-06 20:00:00,B003,72.8125,81.34706661181816,8.534566611818164
2017-10-06 20:00:00,B002,267.0,260.53300619985833,6.466993800141665
2017-10-06 20:00:00,B001,62.0,63.204063052699496,1.204063052699496
2017-10-06 21:00:00,B003,63.344,64.02963012212429,0.6856301221242873
2017-10-06 21:00:00,B002,257.0,252.36943903374961,4.6305609662503855
2017-10-06 21:00:00,B001,63.5,57.8515879863234,5.648412013676598
2017-10-06 22:00:00,B003,53.28100000000001,57.067264304873376,3.786264304873363
2017-10-06 22:00:00,B002,254.0,245.0400081125312,8.959991887468789
2017-10-06 22:00:00,B001,60.25,58.57937053606452,1.6706294639354766
2017-10-06 23:00:00,B003,48.219,49.42179463179853,1.2027946317985254
2017-10-06 23:00:00,B001,42.5,47.60064197464673,5.100641974646727
2017-10-06 23:00:00,B002,243.5,241.20005847582942,2.2999415241705776
2017-10-07 00:00:00,B001,39.8333,42.32613221865685,2.492832218656851
2017-10-07 00:00:00,B003,47.927,46.44888135081132,1.47811864918868
2017-10-07 00:00:00,B002,215.5,235.37165290604705,19.871652906047046
2017-10-07 01:00:00,B003,45.4895,48.20506325370792,2.71556325370792
2017-10-07 01:00:00,B002,225.5,216.36058170445835,9.139418295541645
2017-10-07 01:00:00,B001,41.0833,40.45061454154769,0.6326854584523147
2017-10-07 02:00:00,B003,45.0,45.62184257865169,0.6218425786516875
2017-10-07 02:00:00,B001,40.25,40.55587148960697,0.30587148960697164
2017-10-07 02:00:00,B002,222.0,223.8157357277167,1.8157357277167137
2017-10-07 03:00:00,B001,38.5,40.47746508537875,1.9774650853787534
2017-10-07 03:00:00,B002,223.0,221.01485091370103,1.985149086298975
2017-10-07 03:00:00,B003,45.9375,44.58442096439903,1.3530790356009703
2017-10-07 04:00:00,B002,231.5,225.84704544692426,5.652954553075745
2017-10-07 04:00:00,B001,37.25,38.464050578915966,1.2140505789159661
2017-10-07 04:00:00,B003,44.75,45.675355200124244,0.925355200124244
2017-10-07 05:00:00,B001,38.0,37.09054270132961,0.9094572986703895
2017-10-07 05:00:00,B002,229.5,232.03426961480588,2.534269614805879
2017-10-07 05:00:00,B003,45.0,44.28722535674019,0.712774643259813
2017-10-07 06:00:00,B003,45.625,46.43895657461183,0.8139565746118294
2017-10-07 06:00:00,B001,38.25,38.741983043472594,0.4919830434725938
2017-10-07 06:00:00,B002,222.0,228.2645072742097,6.264507274209706
2017-10-07 07:00:00,B001,37.5,39.324430881724055,1.824430881724055
2017-10-07 07:00:00,B003,46.625,47.19867958496091,0.5736795849609067
2017-10-07 07:00:00,B002,223.5,221.80748773843288,1.692512261567117
2017-10-07 08:00:00,B003,48.1875,47.832615398578035,0.3548846014219649
2017-10-07 08:00:00,B002,228.0,228.7202404773321,0.720240477332112
2017-10-07 08:00:00,B001,37.5,38.69341790006772,1.1934179000677219
2017-10-07 09:00:00,B002,218.0,234.92749256533085,16.92749256533085
2017-10-07 09:00:00,B003,55.0625,50.72021827983151,4.3422817201684865
2017-10-07 09:00:00,B001,42.25,38.95538215236719,3.294617847632807
2017-10-07 10:00:00,B002,201.5,222.19235616774114,20.69235616774114
2017-10-07 10:00:00,B003,54.625,57.54094623513258,2.91594623513258
2017-10-07 10:00:00,B001,44.0,43.03024941482929,0.9697505851707078
2017-10-07 11:00:00,B002,205.0,207.12859870368936,2.128598703689363
2017-10-07 11:00:00,B003,57.4375,57.496255746095486,0.058755746095485506
2017-10-07 11:00:00,B001,47.25,45.40091738121451,1.8490826187854879
2017-10-07 12:00:00,B003,61.1875,60.252662983861164,0.934837016138836
2017-10-07 12:00:00,B001,49.5,52.42988511541888,2.9298851154188768
2017-10-07 12:00:00,B002,202.5,209.54021448503622,7.040214485036216
2017-10-07 13:00:00,B001,52.25,52.431987425539546,0.18198742553954617
2017-10-07 13:00:00,B003,64.25,62.69116234794351,1.5588376520564893
2017-10-07 13:00:00,B002,205.0,206.78437263345424,1.7843726334542396
2017-10-07 14:00:00,B001,53.5,54.41807305202827,0.9180730520282694
2017-10-07 14:00:00,B003,66.1875,65.50869397000058,0.6788060299994214
2017-10-07 14:00:00,B002,202.5,209.49915001241027,6.999150012410269
2017-10-07 15:00:00,B002,205.5,206.5427422617099,1.0427422617098898
2017-10-07 15:00:00,B001,54.25,56.093138539815364,1.8431385398153637
2017-10-07 15:00:00,B003,64.5625,66.97559313129112,2.41309313129112
2017-10-07 16:00:00,B001,57.25,57.1736805816048,0.07631941839520096
2017-10-07 16:00:00,B003,68.875,66.10736042208154,2.767639577918459
2017-10-07 16:00:00,B002,204.5,206.5813791740398,2.081379174039796
2017-10-07 17:00:00,B002,213.0,203.70045419613325,9.29954580386675
2017-10-07 17:00:00,B003,63.6875,69.5675920358466,5.880092035846602
2017-10-07 17:00:00,B001,55.0,57.9963301395402,2.9963301395401984
2017-10-07 18:00:00,B001,46.0,50.68435737972542,4.684357379725419
2017-10-07 18:00:00,B003,68.9375,61.53725519860989,7.400244801390109
2017-10-07 18:00:00,B002,209.5,213.22251385947536,3.722513859475356
2017-10-07 19:00:00,B003,67.0625,63.63579750497008,3.4267024950299216
2017-10-07 19:00:00,B001,42.25,44.365883502748645,2.1158835027486447
2017-10-07 19:00:00,B002,214.5,208.02912139858174,6.4708786014182635
2017-10-07 20:00:00,B002,207.5,212.3762236496947,4.876223649694708
2017-10-07 20:00:00,B003,67.3125,61.894280104738996,5.418219895261004
2017-10-07 20:00:00,B001,42.0,42.797115454561606,0.7971154545616059
2017-10-07 21:00:00,B001,40.25,42.10885571923746,1.8588557192374608
2017-10-07 21:00:00,B002,202.5,206.36688958855294,3.8668895885529366
2017-10-07 21:00:00,B003,60.4375,62.25714786570715,1.8196478657071467
2017-10-07 22:00:00,B002,207.5,198.67966597791,8.820334022090009
2017-10-07 22:00:00,B001,40.5,40.55285581288538,0.0528558128853831
2017-10-07 22:00:00,B003,53.3125,55.55888801197013,2.246388011970133
2017-10-07 23:00:00,B002,206.5,207.0260047540565,0.526004754056487
2017-10-07 23:00:00,B003,50.5625,50.38937692688341,0.17312307311659225
2017-10-07 23:00:00,B001,38.25,40.837053764498464,2.5870537644984637
2017-10-08 00:00:00,B003,49.875,49.2242635106052,0.6507364893948022
2017-10-08 00:00:00,B001,39.6667,38.65733758052514,1.0093624194748614
2017-10-08 00:00:00,B002,209.1667,206.83740264614033,2.3292973538596584
2017-10-08 01:00:00,B003,49.0625,48.45525505268159,0.6072449473184065
2017-10-08 01:00:00,B001,38.0,39.90663897877807,1.9066389787780693
2017-10-08 01:00:00,B002,200.5,208.71464581882725,8.21464581882725
2017-10-08 02:00:00,B001,38.25,38.33034837009109,0.08034837009108742
2017-10-08 02:00:00,B002,198.5,199.41193521059867,0.9119352105986707
2017-10-08 02:00:00,B003,48.3125,48.147101798330276,0.1653982016697242
2017-10-08 03:00:00,B003,47.9375,48.166353412399424,0.22885341239942392
2017-10-08 03:00:00,B002,207.5,197.33704474534372,10.162955254656282
2017-10-08 03:00:00,B001,37.75,38.43103064169722,0.6810306416972196
2017-10-08 04:00:00,B003,46.375,47.73695313857647,1.3619531385764674
2017-10-08 04:00:00,B002,202.0,206.84377596182532,4.843775961825315
2017-10-08 04:00:00,B001,38.5,38.23079927769332,0.26920072230667813
2017-10-08 05:00:00,B002,208.5,200.90549039845268,7.5945096015473155
2017-10-08 05:00:00,B003,44.6875,46.497764167618634,1.8102641676186337
2017-10-08 05:00:00,B001,38.25,38.52923582744631,0.27923582744630693
2017-10-08 06:00:00,B003,45.4375,46.10329656591401,0.6657965659140075
2017-10-08 06:00:00,B001,37.75,38.52757152213165,0.7775715221316517
2017-10-08 06:00:00,B002,206.0,208.04305716050132,2.04305716050132
2017-10-08 07:00:00,B003,46.3125,46.37286173897121,0.06036173897120989
2017-10-08 07:00:00,B002,212.0,206.26261417941933,5.73738582058067
2017-10-08 07:00:00,B001,38.0,38.28400565350092,0.28400565350091966
2017-10-08 08:00:00,B002,210.5,211.6794760973006,1.1794760973006078
2017-10-08 08:00:00,B001,38.0,38.378803305492106,0.37880330549210584
2017-10-08 08:00:00,B003,45.5625,46.85477151403742,1.2922715140374166
2017-10-08 09:00:00,B002,206.5,210.8174475026462,4.317447502646189
2017-10-08 09:00:00,B001,40.0,38.61495999014305,1.3850400098569509
2017-10-08 09:00:00,B003,48.1875,48.547770422242905,0.3602704222429054
2017-10-08 10:00:00,B001,41.0,40.90551378701866,0.0944862129813373
2017-10-08 10:00:00,B002,201.5,206.16076868594868,4.660768685948682
2017-10-08 10:00:00,B003,48.25,49.692810568146086,1.4428105681460863
2017-10-08 11:00:00,B002,223.0,203.85458615116565,19.14541384883435
2017-10-08 11:00:00,B003,53.0,50.82622457411488,2.1737754258851183
2017-10-08 11:00:00,B001,44.25,42.549144806581715,1.7008551934182847
2017-10-08 12:00:00,B003,56.125,56.37838156466531,0.25338156466531103
2017-10-08 12:00:00,B002,238.0,231.16040903247514,6.839590967524856
2017-10-08 12:00:00,B001,47.5,45.86870458226198,1.6312954177380234
2017-10-08 13:00:00,B002,240.5,245.4267050333334,4.9267050333334055
2017-10-08 13:00:00,B003,57.625,58.27659592500618,0.6515959250061769
2017-10-08 13:00:00,B001,47.5,49.46746133694116,1.967461336941163
2017-10-08 14:00:00,B003,59.1875,59.0900497920975,0.09745020790249725
2017-10-08 14:00:00,B002,238.0,246.47445806432754,8.474458064327536
2017-10-08 14:00:00,B001,48.75,49.61337683911657,0.8633768391165688
2017-10-08 15:00:00,B002,242.5,245.47899466908945,2.9789946690894453
2017-10-08 15:00:00,B003,60.125,60.36785342045216,0.24285342045215685
2017-10-08 15:00:00,B001,48.25,51.13377005870943,2.8837700587094304
2017-10-08 16:00:00,B002,236.5,240.62911685994297,4.129116859942968
2017-10-08 16:00:00,B003,58.9375,60.484998815439745,1.547498815439745
2017-10-08 16:00:00,B001,46.5,50.4972549643095,3.997254964309498
2017-10-08 17:00:00,B001,45.75,47.60845479487382,1.858454794873822
2017-10-08 17:00:00,B002,238.5,227.09050083930518,11.409499160694821
2017-10-08 17:00:00,B003,56.4375,58.930645000600755,2.493145000600755
2017-10-08 18:00:00,B001,40.25,45.69560595275291,5.4456059527529135
2017-10-08 18:00:00,B003,56.6875,55.47730759435327,1.2101924056467297
2017-10-08 18:00:00,B002,246.0,229.7764696432224,16.223530356777587
2017-10-08 19:00:00,B002,236.5,230.72825486767968,5.771745132320319
2017-10-08 19:00:00,B001,40.0,40.07765020853154,0.07765020853153715
2017-10-08 19:00:00,B003,59.375,55.55838341428727,3.8166165857127297
2017-10-08 20:00:00,B003,55.1875,56.2860298643672,1.098529864367201
2017-10-08 20:00:00,B002,228.5,224.91302725527547,3.586972744724534
2017-10-08 20:00:00,B001,40.5,40.154661054894866,0.34533894510513363
2017-10-08 21:00:00,B003,57.5,54.140900324461185,3.3590996755388147
2017-10-08 21:00:00,B002,223.0,218.98578071159213,4.0142192884078725
2017-10-08 21:00:00,B001,42.5,40.62431915558373,1.875680844416273
2017-10-08 22:00:00,B002,209.5,217.24167721347652,7.741677213476521
2017-10-08 22:00:00,B001,41.5,42.11943100898154,0.6194310089815431
2017-10-08 22:00:00,B003,55.6875,54.76520692124942,0.9222930787505774
2017-10-08 23:00:00,B002,211.0,208.42636856240728,2.5736314375927236
2017-10-08 23:00:00,B001,42.75,41.67081418068786,1.079185819312137
2017-10-08 23:00:00,B003,53.9375,53.613507076789844,0.32399292321015594
2017-10-09 00:00:00,B002,222.0,210.86991598730336,11.130084012696642
2017-10-09 00:00:00,B001,42.6667,42.06005093769067,0.6066490623093301
2017-10-09 00:00:00,B003,49.0208,51.61577114432506,2.594971144325058
2017-10-09 01:00:00,B002,215.1667,215.91029768673508,0.743597686735086
2017-10-09 01:00:00,B001,40.9167,41.354452125004805,0.4377521250048062
2017-10-09 01:00:00,B003,49.5,48.566025574545236,0.933974425454764
2017-10-09 02:00:00,B001,37.75,40.6884796784682,2.938479678468198
2017-10-09 02:00:00,B003,48.875,48.905526413161994,0.03052641316199356
2017-10-09 02:00:00,B002,210.5,212.83124724438676,2.331247244386759
2017-10-09 03:00:00,B003,48.5,48.225268910906664,0.2747310890933363
2017-10-09 03:00:00,B002,215.5,209.58923681674773,5.910763183252271
2017-10-09 03:00:00,B001,40.5,38.55034860084682,1.9496513991531828
2017-10-09 04:00:00,B003,45.875,48.503311767749274,2.628311767749274
2017-10-09 04:00:00,B002,216.0,213.42166787650066,2.5783321234993366
2017-10-09 04:00:00,B001,40.0,40.10393291092605,0.10393291092604784
2017-10-09 05:00:00,B003,45.6875,45.78583690351057,0.098336903510571
2017-10-09 05:00:00,B002,220.5,214.5165632498255,5.983436750174491
2017-10-09 05:00:00,B001,38.75,39.74889570598481,0.9988957059848076
2017-10-09 06:00:00,B003,51.125,48.306371376247625,2.8186286237523746
2017-10-09 06:00:00,B002,226.0,219.64244796473548,6.3575520352645185
2017-10-09 06:00:00,B001,40.25,38.83050622457321,1.419493775426787
2017-10-09 07:00:00,B003,70.25,61.79252296822772,8.457477031772278
2017-10-09 07:00:00,B001,42.0,41.011281878006486,0.9887181219935144
2017-10-09 07:00:00,B002,231.0,228.63884311868028,2.3611568813197152
2017-10-09 08:00:00,B001,44.25,43.284716918020074,0.9652830819799263
2017-10-09 08:00:00,B003,73.5,76.45722548685755,2.9572254868575527
2017-10-09 08:00:00,B002,233.0,235.80621325695043,2.8062132569504286
2017-10-09 09:00:00,B001,53.0,53.9374517097829,0.9374517097828985
2017-10-09 09:00:00,B003,102.625,93.29956073081787,9.325439269182127
2017-10-09 09:00:00,B002,270.5,253.33612922451294,17.163870775487055
2017-10-09 10:00:00,B001,82.75,65.50484899393565,17.245151006064347
2017-10-09 10:00:00,B003,117.9375,124.40811783730159,6.470617837301589
2017-10-09 10:00:00,B002,251.5,287.2979723027841,35.7979723027841
2017-10-09 11:00:00,B001,93.0,87.45818667037041,5.541813329629591
2017-10-09 11:00:00,B003,142.625,133.0675611851853,9.557438814814702
2017-10-09 11:00:00,B002,252.0,275.5868047706258,23.586804770625804
2017-10-09 12:00:00,B003,147.0,147.49050392731627,0.4905039273162686
2017-10-09 12:00:00,B002,261.0,274.43852762504326,13.438527625043264
2017-10-09 12:00:00,B001,98.25,100.21722220459044,1.967222204590442
2017-10-09 13:00:00,B002,267.5,275.10838423224857,7.608384232248568
2017-10-09 13:00:00,B001,99.25,102.4657547906281,3.2157547906280968
2017-10-09 13:00:00,B003,151.375,147.63631590736912,3.7386840926308764
2017-10-09 14:00:00,B002,275.0,283.38868031601487,8.38868031601487
2017-10-09 14:00:00,B001,97.75,100.95781007603304,3.2078100760330415
2017-10-09 14:00:00,B003,145.0625,153.0098313333334,7.947331333333409
2017-10-09 15:00:00,B002,284.5,289.4052054047108,4.9052054047107845
2017-10-09 15:00:00,B001,104.25,99.92264837347601,4.327351626523992
2017-10-09 15:00:00,B003,146.75,142.9269448947351,3.823055105264899
2017-10-09 16:00:00,B002,327.0,291.9680436051074,35.031956394892575
2017-10-09 16:00:00,B001,103.0,106.11636104035442,3.1163610403544197
2017-10-09 16:00:00,B003,147.625,146.05453745788049,1.5704625421195146
2017-10-09 17:00:00,B001,100.75,96.88368477936507,3.866315220634931
2017-10-09 17:00:00,B003,140.375,136.85995654365084,3.5150434563491615
2017-10-09 17:00:00,B002,284.0,306.086528748148,22.086528748147998
2017-10-09 18:00:00,B001,83.0,85.5176670728218,2.5176670728217942
2017-10-09 18:00:00,B003,122.75,119.50331180952382,3.2466881904761777
2017-10-09 18:00:00,B002,273.5,262.55742274259364,10.942577257406356
2017-10-09 19:00:00,B003,100.1875,103.72942189075626,3.5419218907562566
2017-10-09 19:00:00,B001,68.25,73.24284482625153,4.9928448262515275
2017-10-09 19:00:00,B002,259.0,257.77864765109837,1.2213523489016325
2017-10-09 20:00:00,B001,66.5,62.772634761420086,3.727365238579914
2017-10-09 20:00:00,B003,87.0,88.53887819915154,1.5388781991515401
2017-10-09 20:00:00,B002,248.5,239.7594734912988,8.740526508701208
2017-10-09 21:00:00,B001,66.75,63.05597458022718,3.694025419772821
2017-10-09 21:00:00,B003,75.375,77.24636865117057,1.8713686511705703
2017-10-09 21:00:00,B002,235.5,231.2879849551413,4.212015044858703
2017-10-09 22:00:00,B001,65.75,63.19978030811686,2.550219691883143
2017-10-09 22:00:00,B002,234.0,224.9662553847988,9.033744615201186
2017-10-09 22:00:00,B003,64.6875,64.23825007947335,0.449249920526654
2017-10-09 23:00:00,B002,232.5,226.60344006949583,5.896559930504168
2017-10-09 23:00:00,B003,52.1875,58.75283418699875,6.565334186998747
2017-10-09 23:00:00,B001,44.25,48.1023266857143,3.852326685714303
2017-10-10 00:00:00,B002,235.6667,227.4114256282434,8.255274371756599
2017-10-10 00:00:00,B003,47.9375,51.16655656078958,3.22905656078958
2017-10-10 00:00:00,B001,44.4167,44.235730705985375,0.18096929401462347
2017-10-10 01:00:00,B002,226.8333,231.68721227945386,4.853912279453851
2017-10-10 01:00:00,B003,47.6458,47.79388656641692,0.14808656641692153
2017-10-10 01:00:00,B001,43.25,43.7754287768942,0.5254287768942021
2017-10-10 02:00:00,B002,226.5,222.39705878502247,4.102941214977534
2017-10-10 02:00:00,B003,47.5,47.32304279525704,0.17695720474296195
2017-10-10 02:00:00,B001,42.0,42.90549223969945,0.9054922396994485
2017-10-10 03:00:00,B002,225.5,223.86381896694127,1.6361810330587332
2017-10-10 03:00:00,B001,44.0,42.177383115196704,1.8226168848032955
2017-10-10 03:00:00,B003,47.9375,47.374427616493634,0.5630723835063662
2017-10-10 04:00:00,B001,44.25,43.334761390968445,0.9152386090315545
2017-10-10 04:00:00,B002,224.0,222.1665810522074,1.8334189477926088
2017-10-10 04:00:00,B003,47.125,47.91906877387273,0.7940687738727306
2017-10-10 05:00:00,B003,47.3125,46.815768417158985,0.49673158284101504
2017-10-10 05:00:00,B002,227.0,221.85163166118608,5.148368338813924
2017-10-10 05:00:00,B001,44.5,43.5071424628425,0.9928575371574979
2017-10-10 06:00:00,B001,43.75,44.725224725090875,0.9752247250908752
2017-10-10 06:00:00,B002,226.5,225.85209272566047,0.6479072743395307
2017-10-10 06:00:00,B003,52.75,50.796455973596835,1.953544026403165
2017-10-10 07:00:00,B003,69.1875,66.41978912876277,2.7677108712372274
2017-10-10 07:00:00,B002,225.0,230.194499421868,5.194499421867988
2017-10-10 07:00:00,B001,44.5,44.44782016549454,0.052179834505459155
2017-10-10 08:00:00,B001,45.0,45.78593787016972,0.7859378701697182
2017-10-10 08:00:00,B003,75.4375,75.71971981053514,0.282219810535139
2017-10-10 08:00:00,B002,244.0,234.65116560017728,9.34883439982272
2017-10-10 09:00:00,B003,106.6875,95.4915037160366,11.195996283963396
2017-10-10 09:00:00,B002,270.0,264.56187562238864,5.438124377611359
2017-10-10 09:00:00,B001,55.0,55.60574013633518,0.6057401363351786
2017-10-10 10:00:00,B001,65.0,75.99509747070027,10.995097470700273
2017-10-10 10:00:00,B002,288.0,283.22512781956635,4.774872180433647
2017-10-10 10:00:00,B003,125.8125,127.40036509626015,1.5878650962601455
2017-10-10 11:00:00,B001,92.25,87.66677767645498,4.583222323545016
2017-10-10 11:00:00,B002,314.5,308.44533545613643,6.0546645438635665
2017-10-10 11:00:00,B003,142.0625,140.38641293518523,1.6760870648147659
2017-10-10 12:00:00,B002,321.5,310.77758924022675,10.722410759773254
2017-10-10 12:00:00,B001,95.75,98.49717528442726,2.7471752844272572
2017-10-10 12:00:00,B003,141.9375,146.08585979039472,4.148359790394721
2017-10-10 13:00:00,B002,323.5,316.00103477531184,7.498965224688163
2017-10-10 13:00:00,B003,152.5625,145.3263414568756,7.2361585431243896
2017-10-10 13:00:00,B001,98.25,98.18441301355011,0.06558698644988681
2017-10-10 14:00:00,B003,146.25,154.16335583465607,7.913355834656073
2017-10-10 14:00:00,B001,97.5,100.7962109945507,3.296210994550705
2017-10-10 14:00:00,B002,310.5,314.48037919171736,3.980379191717361
2017-10-10 15:00:00,B003,142.25,147.4378889208287,5.187888920828698
2017-10-10 15:00:00,B002,334.5,310.9219616021699,23.578038397830085
2017-10-10 15:00:00,B001,100.75,99.41200776780262,1.3379922321973794
2017-10-10 16:00:00,B003,145.0625,139.86053111163756,5.201968888362444
2017-10-10 16:00:00,B002,324.5,325.223065107952,0.7230651079519816
2017-10-10 16:00:00,B001,99.0,104.40226346445064,5.402263464450641
2017-10-10 17:00:00,B003,138.625,136.40392901058203,2.221070989417967
2017-10-10 17:00:00,B001,96.0,96.370247805291,0.370247805291001
2017-10-10 17:00:00,B002,298.5,305.72679922044983,7.226799220449834
2017-10-10 18:00:00,B003,117.6875,115.93724843253966,1.7502515674603387
2017-10-10 18:00:00,B001,82.75,83.42414716785173,0.6741471678517286
2017-10-10 18:00:00,B002,289.5,278.3279775668226,11.172022433177403
2017-10-10 19:00:00,B003,102.875,102.11971719708994,0.7552828029100596
2017-10-10 19:00:00,B001,70.75,73.27619644949982,2.526196449499821
2017-10-10 19:00:00,B002,265.5,265.85243004459414,0.3524300445941435
2017-10-10 20:00:00,B003,93.375,90.27998577795765,3.0950142220423515
2017-10-10 20:00:00,B002,250.0,251.1202846823769,1.120284682376905
2017-10-10 20:00:00,B001,66.75,65.40500698461634,1.3449930153836647
2017-10-10 21:00:00,B001,67.0,63.262151698463775,3.737848301536225
2017-10-10 21:00:00,B003,79.375,80.66184899585505,1.2868489958550526
2017-10-10 21:00:00,B002,244.0,241.36490227084306,2.6350977291569393
2017-10-10 22:00:00,B003,63.375,68.02034138625008,4.645341386250081
2017-10-10 22:00:00,B002,242.0,237.1456323144659,4.8543676855341005
2017-10-10 22:00:00,B001,63.75,63.044699726872906,0.7053002731270936
2017-10-10 23:00:00,B003,52.0625,57.82486429758834,5.762364297588341
2017-10-10 23:00:00,B002,245.0,237.52691939315918,7.473080606840824
2017-10-10 23:00:00,B001,44.75,48.19593502698413,3.445935026984131
2017-10-11 00:00:00,B003,48.5208,50.45399934035523,1.9331993403552303
2017-10-11 00:00:00,B002,238.1667,235.3097736951939,2.8569263048060805
2017-10-11 00:00:00,B001,43.4167,45.328413255209504,1.9117132552095057
2017-10-11 01:00:00,B001,44.1667,42.88027406027853,1.2864259397214681
2017-10-11 01:00:00,B003,47.1667,47.94546553615447,0.7787655361544736
2017-10-11 01:00:00,B002,245.3333,233.7442052105085,11.589094789491497
2017-10-11 02:00:00,B001,43.25,43.58430500127019,0.33430500127018803
2017-10-11 02:00:00,B003,46.3125,46.95863636027064,0.6461363602706385
2017-10-11 02:00:00,B002,243.0,240.01683089305783,2.983169106942171
2017-10-11 03:00:00,B001,42.75,43.32640519734399,0.5764051973439877
2017-10-11 03:00:00,B002,236.5,239.1887688774517,2.6887688774517073
2017-10-11 03:00:00,B003,46.0625,46.270290623401785,0.20779062340178456
2017-10-11 04:00:00,B002,238.5,234.72327182102933,3.7767281789706715
2017-10-11 04:00:00,B003,45.6875,45.95266812053763,0.2651681205376306
2017-10-11 04:00:00,B001,42.25,42.93473411011429,0.6847341101142916
2017-10-11 05:00:00,B002,239.5,234.82769828571665,4.67230171428335
2017-10-11 05:00:00,B003,45.8125,45.38800044294931,0.4244995570506873
2017-10-11 05:00:00,B001,41.0,42.44350226013071,1.4435022601307068
2017-10-11 06:00:00,B002,243.5,236.1702804802959,7.329719519704099
2017-10-11 06:00:00,B003,54.125,50.33326559450245,3.79173440549755
2017-10-11 06:00:00,B001,42.5,41.78352266024003,0.7164773397599689
2017-10-11 07:00:00,B002,246.5,245.8301238655151,0.6698761344848947
2017-10-11 07:00:00,B003,71.375,66.70973986779039,4.66526013220961
2017-10-11 07:00:00,B001,43.0,42.848012141607455,0.1519878583925447
2017-10-11 08:00:00,B002,246.5,251.70690848253963,5.206908482539632
2017-10-11 08:00:00,B001,44.25,44.38249171587202,0.13249171587202113
2017-10-11 08:00:00,B003,75.625,77.42244362008914,1.7974436200891404
2017-10-11 09:00:00,B001,57.25,56.244032892119634,1.005967107880366
2017-10-11 09:00:00,B003,105.875,97.22885779722223,8.646142202777767
2017-10-11 09:00:00,B002,262.5,273.0456912678295,10.545691267829511
2017-10-11 10:00:00,B001,80.25,67.90110932203056,12.348890677969436
2017-10-11 10:00:00,B003,121.5625,126.05069673928575,4.488196739285755
2017-10-11 10:00:00,B002,284.0,291.16078898517765,7.160788985177646
2017-10-11 11:00:00,B003,136.4375,134.520801787037,1.9166982129630128
2017-10-11 11:00:00,B002,297.0,292.6125872980324,4.387412701967605
2017-10-11 11:00:00,B001,100.25,91.8438984780471,8.406101521952905
2017-10-11 12:00:00,B002,303.5,306.9256544900349,3.4256544900349013
2017-10-11 12:00:00,B001,107.5,105.26906890402864,2.230931095971357
2017-10-11 12:00:00,B003,144.9375,138.9378173644468,5.999682635553199
2017-10-11 13:00:00,B002,306.0,316.2831843567644,10.283184356764423
2017-10-11 13:00:00,B001,107.25,108.99032584022832,1.7403258402283228
2017-10-11 13:00:00,B003,152.3125,147.01231586027282,5.300184139727179
2017-10-11 14:00:00,B002,301.5,313.844625494024,12.344625494024001
2017-10-11 14:00:00,B003,148.125,155.14651423412704,7.021514234127039
2017-10-11 14:00:00,B001,95.75,105.25933089461317,9.509330894613171
2017-10-11 15:00:00,B003,148.5625,147.36806141591586,1.1944385840841392
2017-10-11 15:00:00,B001,96.0,98.0204012222458,2.0204012222457948
2017-10-11 15:00:00,B002,304.0,318.2311547553163,14.231154755316311
2017-10-11 16:00:00,B003,141.6875,146.34272092490284,4.655220924902835
2017-10-11 16:00:00,B001,96.25,97.88187023537179,1.6318702353717924
2017-10-11 16:00:00,B002,313.5,309.50307114187586,3.996928858124136
2017-10-11 17:00:00,B003,135.4375,134.1215138888888,1.3159861111111866
2017-10-11 17:00:00,B001,93.5,89.66853014285714,3.8314698571428636
2017-10-11 17:00:00,B002,285.5,307.0823666059757,21.58236660597572
2017-10-11 18:00:00,B001,83.0,79.24764599950292,3.7523540004970783
2017-10-11 18:00:00,B002,269.5,267.80547785544627,1.69452214455373
2017-10-11 18:00:00,B003,113.1875,115.5317030595238,2.3442030595238066
2017-10-11 19:00:00,B003,95.9375,98.28047068412701,2.3429706841270104
2017-10-11 19:00:00,B002,256.5,250.67187133359542,5.828128666404581
2017-10-11 19:00:00,B001,71.5,72.52823449665293,1.028234496652928
2017-10-11 20:00:00,B002,248.5,242.1585385112443,6.341461488755698
2017-10-11 20:00:00,B003,89.0625,87.42334693374328,1.6391530662567249
2017-10-11 20:00:00,B001,70.0,63.78109313357161,6.218906866428391
2017-10-11 21:00:00,B002,242.0,234.4932787610732,7.5067212389267866
2017-10-11 21:00:00,B003,79.25,78.31034234270197,0.939657657298028
2017-10-11 21:00:00,B001,66.25,63.56600785450132,2.683992145498678
2017-10-11 22:00:00,B002,236.5,237.39450515435806,0.8945051543580576
2017-10-11 22:00:00,B001,67.75,62.018112215884784,5.731887784115216
2017-10-11 22:00:00,B003,68.875,69.08718364700049,0.21218364700048653
2017-10-11 23:00:00,B003,59.25,59.43499880793651,0.18499880793650902
2017-10-11 23:00:00,B001,46.75,50.752330141269844,4.002330141269844
2017-10-11 23:00:00,B002,230.5,228.93372729506814,1.5662727049318619
2017-10-12 00:00:00,B002,236.8333,226.9903904147717,9.842909585228313
2017-10-12 00:00:00,B003,48.5208,53.749480182213865,5.228680182213864
2017-10-12 00:00:00,B001,42.9167,45.418397636527494,2.5016976365274957
2017-10-12 01:00:00,B002,229.8333,232.6071842379577,2.7738842379577022
2017-10-12 01:00:00,B003,48.6042,47.39141751333655,1.2127824866634498
2017-10-12 01:00:00,B001,42.75,42.88697920512191,0.13697920512191075
2017-10-12 02:00:00,B002,234.0,224.2187099099592,9.781290090040812
2017-10-12 02:00:00,B003,46.75,48.17024191900871,1.4202419190087099
2017-10-12 02:00:00,B001,40.75,43.031521076024305,2.2815210760243048
2017-10-12 03:00:00,B002,227.5,232.46895195128823,4.968951951288233
2017-10-12 03:00:00,B003,47.1875,46.3670442533823,0.8204557466176965
2017-10-12 03:00:00,B001,41.5,40.757729372555126,0.7422706274448743
2017-10-12 04:00:00,B003,46.3125,46.76267952881026,0.4501795288102599
2017-10-12 04:00:00,B001,42.25,41.745655704474174,0.5043442955258257
2017-10-12 04:00:00,B002,230.5,226.0798776595307,4.420122340469305
2017-10-12 05:00:00,B001,41.75,42.11666357864915,0.36666357864915256
2017-10-12 05:00:00,B003,45.6875,46.13842142701915,0.4509214270191535
2017-10-12 05:00:00,B002,231.0,228.6848618759024,2.3151381240975866
2017-10-12 06:00:00,B003,52.75,50.59854271811321,2.151457281886792
2017-10-12 06:00:00,B001,42.75,42.115544101406535,0.6344558985934654
2017-10-12 06:00:00,B002,239.0,230.76773489119515,8.232265108804853
2017-10-12 07:00:00,B003,67.0,66.71917977196911,0.28082022803089046
2017-10-12 07:00:00,B001,42.5,43.655368000858104,1.155368000858104
2017-10-12 07:00:00,B002,240.5,236.34788215503212,4.152117844967876
2017-10-12 08:00:00,B003,75.3125,76.0278081912519,0.715308191251907
2017-10-12 08:00:00,B001,41.75,44.0316872681438,2.2816872681437985
2017-10-12 08:00:00,B002,245.5,243.1256034095777,2.3743965904222932
2017-10-12 09:00:00,B003,110.8125,96.62558313910559,14.186916860894414
2017-10-12 09:00:00,B001,53.5,54.46109234917116,0.9610923491711603
2017-10-12 09:00:00,B002,261.0,269.25908515653003,8.259085156530034
2017-10-12 10:00:00,B003,122.0,127.79801363383837,5.798013633838366
2017-10-12 10:00:00,B002,335.0,292.36348004283025,42.63651995716975
2017-10-12 10:00:00,B001,72.25,71.84588057287795,0.40411942712205473
2017-10-12 11:00:00,B002,326.5,341.85904059272565,15.359040592725648
2017-10-12 11:00:00,B001,95.25,89.80910701867244,5.440892981327565
2017-10-12 11:00:00,B003,131.125,134.54123650925928,3.416236509259278
2017-10-12 12:00:00,B001,99.25,102.17906434517263,2.929064345172634
2017-10-12 12:00:00,B003,140.5625,133.74368351312575,6.818816486874255
2017-10-12 12:00:00,B002,326.0,339.11965120102053,13.119651201020531
2017-10-12 13:00:00,B003,148.125,143.225279040353,4.899720959646999
2017-10-12 13:00:00,B002,349.0,324.32123577994986,24.67876422005014
2017-10-12 13:00:00,B001,103.75,103.35899662750134,0.391003372498659
2017-10-12 14:00:00,B001,95.0,103.35781543396054,8.357815433960539
2017-10-12 14:00:00,B003,148.875,146.279388511512,2.5956114884880037
2017-10-12 14:00:00,B002,355.0,335.3792056815829,19.620794318417097
2017-10-12 15:00:00,B001,103.0,97.46604947334022,5.53395052665978
2017-10-12 15:00:00,B002,385.0,344.53247849279614,40.467521507203855
2017-10-12 15:00:00,B003,148.0625,146.207039497466,1.8554605025339868
2017-10-12 16:00:00,B001,108.75,104.96877622640113,3.7812237735988674
2017-10-12 16:00:00,B002,383.5,369.24289682539694,14.25710317460306
2017-10-12 16:00:00,B003,145.25,145.901599874207,0.651599874206994
2017-10-12 17:00:00,B002,353.0,363.2723265392016,10.272326539201572
2017-10-12 17:00:00,B003,132.6875,134.6541036587301,1.9666036587300937
2017-10-12 17:00:00,B001,104.5,102.81374447895105,1.686255521048949
2017-10-12 18:00:00,B001,62.5,88.58526605888764,26.08526605888764
2017-10-12 18:00:00,B003,111.4375,113.70028289995186,2.2627828999518584
2017-10-12 18:00:00,B002,321.5,315.53410605466394,5.965893945336063
2017-10-12 19:00:00,B001,44.25,58.29633263705002,14.046332637050021
2017-10-12 19:00:00,B003,101.125,95.34109934555441,5.783900654445588
2017-10-12 19:00:00,B002,299.0,298.36952541893464,0.6304745810653571
2017-10-12 20:00:00,B001,41.5,44.060121896735126,2.560121896735126
2017-10-12 20:00:00,B003,91.5625,89.66554793376005,1.8969520662399475
2017-10-12 20:00:00,B002,276.0,275.0805076650476,0.9194923349523947
2017-10-12 21:00:00,B003,76.4375,80.89904943064647,4.461549430646471
2017-10-12 21:00:00,B002,266.5,259.5704794501757,6.9295205498243035
2017-10-12 21:00:00,B001,40.75,41.69090892295373,0.9409089229537315
2017-10-12 22:00:00,B002,257.0,252.44445443745465,4.555545562545348
2017-10-12 22:00:00,B003,62.0,66.39159763188556,4.39159763188556
2017-10-12 22:00:00,B001,42.5,41.30849000364426,1.191509996355741
2017-10-12 23:00:00,B003,55.0625,57.50309296446177,2.4405929644617714
2017-10-12 23:00:00,B002,245.5,248.7370787582204,3.237078758220406
2017-10-12 23:00:00,B001,41.75,42.65008670872382,0.9000867087238191
2017-10-13 00:00:00,B003,48.5625,50.37701492780266,1.8145149278026622
2017-10-13 00:00:00,B002,241.3333,236.371005357497,4.962294642502997
2017-10-13 00:00:00,B001,41.4167,42.943038152895255,1.5263381528952564
2017-10-13 01:00:00,B001,42.1667,41.80783018275033,0.35886981724966915
2017-10-13 01:00:00,B003,47.1667,47.69009209747366,0.5233920974736606
2017-10-13 01:00:00,B002,242.0,241.51498647442622,0.48501352557377686
2017-10-13 02:00:00,B003,45.3125,46.87474063297801,1.5622406329780105
2017-10-13 02:00:00,B002,242.5,240.2225995978106,2.277400402189386
2017-10-13 02:00:00,B001,43.25,41.74008533185313,1.5099146681468696
2017-10-13 03:00:00,B001,41.75,42.61481055233443,0.8648105523344327
2017-10-13 03:00:00,B002,240.0,242.26575082094604,2.265750820946039
2017-10-13 03:00:00,B003,45.875,44.84105080708123,1.0339491929187687
2017-10-13 04:00:00,B001,41.25,41.53632913266553,0.2863291326655286
2017-10-13 04:00:00,B002,242.0,240.18733346550118,1.8126665344988169
2017-10-13 04:00:00,B003,45.25,45.319947392754976,0.06994739275497608
2017-10-13 05:00:00,B003,45.75,44.824979062885355,0.9250209371146454
2017-10-13 05:00:00,B002,239.0,241.38988584618818,2.3898858461881787
2017-10-13 05:00:00,B001,39.0,40.96103751586078,1.961037515860781
2017-10-13 06:00:00,B002,246.0,235.94796090265586,10.052039097344135
2017-10-13 06:00:00,B003,53.75,50.43699879077636,3.3130012092236427
2017-10-13 06:00:00,B001,42.5,39.419445302153726,3.0805546978462743
2017-10-13 07:00:00,B003,70.0625,66.07337907431953,3.989120925680467
2017-10-13 07:00:00,B001,42.5,43.11666806083088,0.6166680608308823
2017-10-13 07:00:00,B002,249.5,250.7595025999313,1.2595025999312952
2017-10-13 08:00:00,B001,44.0,43.77820664008994,0.221793359910059
2017-10-13 08:00:00,B003,76.1875,77.13494598090362,0.9474459809036233
2017-10-13 08:00:00,B002,259.5,256.45097542473127,3.0490245752687315
2017-10-13 09:00:00,B002,273.5,284.031424605256,10.531424605256007
2017-10-13 09:00:00,B003,115.875,91.95588816152731,23.919111838472688
2017-10-13 09:00:00,B001,51.25,56.23886105012042,4.98886105012042
2017-10-13 10:00:00,B002,331.5,293.90633366633756,37.59366633366244
2017-10-13 10:00:00,B003,127.75,129.97851463888884,2.2285146388888393
2017-10-13 10:00:00,B001,77.5,69.45954120152538,8.040458798474617
2017-10-13 11:00:00,B002,342.5,320.62053064373896,21.87946935626104
2017-10-13 11:00:00,B003,144.5625,138.45812843434348,6.104371565656521
2017-10-13 11:00:00,B001,93.75,92.93936293367034,0.8106370663296616
2017-10-13 12:00:00,B001,98.0,100.93212979820917,2.932129798209175
2017-10-13 12:00:00,B003,149.0625,148.3941623024977,0.6683376975022952
2017-10-13 12:00:00,B002,344.5,335.5126851851851,8.987314814814908
2017-10-13 13:00:00,B001,102.0,101.65664795418743,0.3433520458125656
2017-10-13 13:00:00,B002,359.0,344.89181216931223,14.108187830687768
2017-10-13 13:00:00,B003,155.6875,147.79385507143303,7.893644928566971
2017-10-13 14:00:00,B003,147.5625,155.06070531178028,7.498205311780282
2017-10-13 14:00:00,B002,317.5,348.69767868253984,31.197678682539845
2017-10-13 14:00:00,B001,103.75,102.78033467602451,0.9696653239754909
2017-10-13 15:00:00,B002,335.5,327.1399306831803,8.360069316819704
2017-10-13 15:00:00,B003,144.8125,146.92935437105794,2.11685437105794
2017-10-13 15:00:00,B001,105.75,106.3762200895078,0.6262200895077967
2017-10-13 16:00:00,B002,309.0,328.8843333333334,19.884333333333416
2017-10-13 16:00:00,B001,107.75,106.47598080842762,1.2740191915723784
2017-10-13 16:00:00,B003,141.25,142.67306555662861,1.4230655566286146
2017-10-13 17:00:00,B001,100.5,97.46148686666668,3.038513133333325
2017-10-13 17:00:00,B002,294.0,292.5460045714287,1.453995428571318
2017-10-13 17:00:00,B003,131.6875,127.47767617857141,4.209823821428586
2017-10-13 18:00:00,B003,118.4375,110.20034719360265,8.237152806397347
2017-10-13 18:00:00,B001,88.0,84.97118762296863,3.0288123770313717
2017-10-13 18:00:00,B002,268.5,273.5246219570336,5.024621957033617
2017-10-13 19:00:00,B003,107.125,103.10145184744268,4.023548152557325
2017-10-13 19:00:00,B002,269.5,252.6243403882216,16.87565961177839
2017-10-13 19:00:00,B001,71.5,72.92438350158729,1.424383501587286
2017-10-13 20:00:00,B002,259.5,253.01916430679682,6.480835693203176
2017-10-13 20:00:00,B001,65.25,63.15769089082753,2.0923091091724686
2017-10-13 20:00:00,B003,95.5625,92.06633225324423,3.4961677467557735
2017-10-13 21:00:00,B002,254.5,248.5205012872173,5.979498712782714
2017-10-13 21:00:00,B001,62.5,54.63047292625893,7.869527073741068
2017-10-13 21:00:00,B003,77.625,83.46409877869802,5.839098778698016
2017-10-13 22:00:00,B002,248.0,243.2794054777587,4.720594522241299
2017-10-13 22:00:00,B001,62.5,53.760016338955026,8.739983661044974
2017-10-13 22:00:00,B003,66.5,66.6375571925681,0.13755719256809584
2017-10-13 23:00:00,B001,42.0,46.363289420634935,4.363289420634935
2017-10-13 23:00:00,B003,54.75,58.99484622130785,4.244846221307853
2017-10-13 23:00:00,B002,251.5,235.30590033406565,16.194099665934345
2017-10-14 00:00:00,B002,236.0,244.27182684539787,8.271826845397868
2017-10-14 00:00:00,B001,40.25,41.40234351793871,1.1523435179387107
2017-10-14 00:00:00,B003,50.7917,50.27946108845235,0.512238911547648
2017-10-14 01:00:00,B001,40.75,40.446238632804274,0.303761367195726
2017-10-14 01:00:00,B003,48.0208,48.638895091273234,0.6180950912732328
2017-10-14 01:00:00,B002,250.3333,232.21727575848084,18.11602424151917
2017-10-14 02:00:00,B003,47.9375,47.926976061038125,0.010523938961874535
2017-10-14 02:00:00,B002,241.5,248.51399065852758,7.013990658527575
2017-10-14 02:00:00,B001,39.75,40.71242012117589,0.9624201211758887
2017-10-14 03:00:00,B002,247.5,238.90813069054153,8.591869309458474
2017-10-14 03:00:00,B001,43.0,39.92013897113938,3.07986102886062
2017-10-14 03:00:00,B003,47.4375,47.68190440785691,0.2444044078569121
2017-10-14 04:00:00,B002,245.5,242.71767802916725,2.7823219708327542
2017-10-14 04:00:00,B001,44.75,42.60006305303881,2.1499369469611906
2017-10-14 04:00:00,B003,47.25,47.09476669265936,0.15523330734063734
2017-10-14 05:00:00,B001,45.0,43.90579842620455,1.094201573795452
2017-10-14 05:00:00,B002,243.5,242.20101814800273,1.2989818519972687
2017-10-14 05:00:00,B003,47.0,46.83204914020826,0.16795085979173763
2017-10-14 06:00:00,B003,47.625,48.58961599923566,0.9646159992356615
2017-10-14 06:00:00,B001,41.0,44.7223423840576,3.7223423840575975
2017-10-14 06:00:00,B002,243.0,243.66536220973092,0.6653622097309153
2017-10-14 07:00:00,B003,47.8125,49.21599576657429,1.403495766574288
2017-10-14 07:00:00,B001,40.25,40.87647349800244,0.62647349800244
2017-10-14 07:00:00,B002,238.5,244.5113958531698,6.011395853169802
2017-10-14 08:00:00,B001,39.25,40.1370737540699,0.8870737540699025
2017-10-14 08:00:00,B002,244.5,238.21339702738905,6.28660297261095
2017-10-14 08:00:00,B003,50.0625,49.8907900428278,0.1717099571721974
2017-10-14 09:00:00,B002,246.0,249.84186156720966,3.841861567209662
2017-10-14 09:00:00,B003,55.5,52.76247305529712,2.7375269447028785
2017-10-14 09:00:00,B001,46.0,40.50592788620939,5.494072113790608
2017-10-14 10:00:00,B002,252.0,250.4758858010582,1.5241141989417883
2017-10-14 10:00:00,B003,57.625,58.66003769270426,1.0350376927042575
2017-10-14 10:00:00,B001,46.5,47.55064111098456,1.0506411109845573
2017-10-14 11:00:00,B002,254.5,254.31894263448766,0.18105736551234486
2017-10-14 11:00:00,B003,59.6875,60.24233332147956,0.5548333214795633
2017-10-14 11:00:00,B001,52.25,49.50534078058339,2.7446592194166115
2017-10-14 12:00:00,B002,262.5,256.9683292995671,5.531670700432926
2017-10-14 12:00:00,B003,61.375,63.15658093956615,1.7815809395661475
2017-10-14 12:00:00,B001,53.25,53.5701971830997,0.320197183099701
2017-10-14 13:00:00,B003,61.5625,63.43415850141559,1.8716585014155882
2017-10-14 13:00:00,B002,266.5,285.41750990793645,18.91750990793645
2017-10-14 13:00:00,B001,58.25,58.50850090430065,0.25850090430064654
2017-10-14 14:00:00,B003,65.375,63.11293842528855,2.2620615747114527
2017-10-14 14:00:00,B002,266.5,285.5067192074073,19.006719207407286
2017-10-14 14:00:00,B001,62.0,60.011594146286846,1.9884058537131537
2017-10-14 15:00:00,B003,64.875,66.13313521470572,1.2581352147057174
2017-10-14 15:00:00,B002,264.0,282.85179286137566,18.851792861375657
2017-10-14 15:00:00,B001,62.5,62.15965366000055,0.3403463399994493
2017-10-14 16:00:00,B001,60.0,63.09120357591979,3.091203575919792
2017-10-14 16:00:00,B002,262.0,273.51166091076436,11.511660910764363
2017-10-14 16:00:00,B003,68.8125,66.07766617669803,2.734833823301969
2017-10-14 17:00:00,B001,61.75,59.606842909229805,2.1431570907701953
2017-10-14 17:00:00,B003,69.3125,69.4833632128307,0.17086321283069594
2017-10-14 17:00:00,B002,268.5,261.4550161211656,7.044983878834387
2017-10-14 18:00:00,B003,72.75,65.85605866434392,6.893941335656081
2017-10-14 18:00:00,B002,261.5,253.75909360064816,7.740906399351843
2017-10-14 18:00:00,B001,49.75,52.42073516140311,2.6707351614031083
2017-10-14 19:00:00,B003,72.25,68.05032524578742,4.19967475421258
2017-10-14 19:00:00,B002,251.5,252.64602079909983,1.14602079909983
2017-10-14 19:00:00,B001,41.25,45.955698160076096,4.705698160076096
2017-10-14 20:00:00,B003,72.25,69.12830577677157,3.121694223228431
2017-10-14 20:00:00,B002,251.0,243.0349346104349,7.965065389565098
2017-10-14 20:00:00,B001,40.75,40.62526115331374,0.12473884668626312
2017-10-14 21:00:00,B003,65.125,67.86109192798523,2.7360919279852283
2017-10-14 21:00:00,B002,247.5,241.8221755404993,5.677824459500698
2017-10-14 21:00:00,B001,38.75,40.69763701114691,1.9476370111469095
2017-10-14 22:00:00,B002,245.0,238.1490998008728,6.85090019912721
2017-10-14 22:00:00,B003,56.9375,62.25992458029631,5.322424580296307
2017-10-14 22:00:00,B001,40.25,39.06668287265145,1.1833171273485519
2017-10-14 23:00:00,B002,235.0,238.01372604540938,3.013726045409385
2017-10-14 23:00:00,B003,53.5,55.666415784323426,2.1664157843234264
2017-10-14 23:00:00,B001,40.75,40.44650106357741,0.3034989364225922
2017-10-15 00:00:00,B001,40.3333,40.98545341144563,0.6521534114456315
2017-10-15 00:00:00,B003,51.4792,51.61076198606376,0.13156198606375824
2017-10-15 00:00:00,B002,232.5,231.20813797141523,1.2918620285847737
2017-10-15 01:00:00,B001,41.75,40.20830984819258,1.5416901518074226
2017-10-15 01:00:00,B002,227.6667,228.78812858011347,1.1214285801134736
2017-10-15 01:00:00,B003,51.0833,50.68194871718133,0.4013512828186734
2017-10-15 02:00:00,B002,224.5,223.71389752223868,0.7861024777613181
2017-10-15 02:00:00,B003,48.0625,50.23306122307229,2.1705612230722906
2017-10-15 02:00:00,B001,39.75,41.11327837313678,1.3632783731367795
2017-10-15 03:00:00,B003,49.0,47.33783958848064,1.6621604115193591
2017-10-15 03:00:00,B001,41.25,39.83353222803886,1.4164677719611376
2017-10-15 03:00:00,B002,221.5,223.64015279560633,2.140152795606326
2017-10-15 04:00:00,B003,47.75,47.87116171108082,0.12116171108082341
2017-10-15 04:00:00,B001,41.0,40.99585778552224,0.004142214477759865
2017-10-15 04:00:00,B002,226.0,221.2856367136642,4.714363286335811
2017-10-15 05:00:00,B001,41.25,40.73519670980765,0.5148032901923472
2017-10-15 05:00:00,B003,48.9375,47.409156265989694,1.5283437340103063
2017-10-15 05:00:00,B002,221.0,224.1306216604783,3.1306216604783117
2017-10-15 06:00:00,B002,220.5,221.505099280856,1.005099280856001
2017-10-15 06:00:00,B003,48.0625,49.04384489797454,0.9813448979745374
2017-10-15 06:00:00,B001,41.25,40.83246374539988,0.41753625460012245
2017-10-15 07:00:00,B002,224.5,220.63784851767778,3.8621514823222185
2017-10-15 07:00:00,B003,50.5625,48.50372557169024,2.0587744283097607
2017-10-15 07:00:00,B001,40.25,40.683751672661266,0.43375167266126624
2017-10-15 08:00:00,B003,51.25,50.232413154942336,1.0175868450576644
2017-10-15 08:00:00,B002,224.5,231.56396699850728,7.063966998507283
2017-10-15 08:00:00,B001,38.5,39.94490842287222,1.444908422872217
2017-10-15 09:00:00,B003,57.5625,51.59770675339837,5.96479324660163
2017-10-15 09:00:00,B002,228.5,232.72907637766076,4.2290763776607605
2017-10-15 09:00:00,B001,40.75,39.23872098343281,1.5112790165671868
2017-10-15 10:00:00,B003,59.375,59.32022623736011,0.05477376263988987
2017-10-15 10:00:00,B002,231.5,233.75125106075367,2.251251060753674
2017-10-15 10:00:00,B001,41.0,42.40196848376675,1.4019684837667512
2017-10-15 11:00:00,B002,239.0,235.11548151282167,3.884518487178326
2017-10-15 11:00:00,B001,43.5,43.802155135373006,0.3021551353730061
2017-10-15 11:00:00,B003,62.3125,62.07857313060244,0.2339268693975569
2017-10-15 12:00:00,B001,44.5,45.17652000426024,0.6765200042602402
2017-10-15 12:00:00,B003,63.875,63.67867238986118,0.19632761013882316
2017-10-15 12:00:00,B002,242.5,242.18501900586037,0.3149809941396313
2017-10-15 13:00:00,B001,44.0,45.6126367872934,1.6126367872933969
2017-10-15 13:00:00,B003,66.375,63.74070472655977,2.6342952734402303
2017-10-15 13:00:00,B002,252.0,245.7826945025031,6.217305497496909
2017-10-15 14:00:00,B001,47.75,44.50618735297423,3.24381264702577
2017-10-15 14:00:00,B003,64.8125,66.6871853298008,1.8746853298007977
2017-10-15 14:00:00,B002,254.0,253.15412616524904,0.8458738347509609
2017-10-15 15:00:00,B001,48.75,50.36354758212414,1.6135475821241414
2017-10-15 15:00:00,B002,251.0,254.58748183893834,3.587481838938345
2017-10-15 15:00:00,B003,66.9375,65.57828510901167,1.3592148909883264
2017-10-15 16:00:00,B002,259.5,253.34852048792683,6.151479512073166
2017-10-15 16:00:00,B003,69.0625,66.94295842665083,2.119541573349167
2017-10-15 16:00:00,B001,49.75,50.894190937160644,1.1441909371606442
2017-10-15 17:00:00,B002,253.5,257.0020966378412,3.5020966378411913
2017-10-15 17:00:00,B003,70.4375,68.74795959434697,1.6895404056530339
2017-10-15 17:00:00,B001,48.0,49.3998245816451,1.399824581645099
2017-10-15 18:00:00,B003,72.3125,64.62111443246646,7.691385567533544
2017-10-15 18:00:00,B002,248.0,249.47441513361366,1.474415133613661
2017-10-15 18:00:00,B001,41.5,47.563195120534125,6.063195120534125
2017-10-15 19:00:00,B002,241.5,236.6950888202235,4.8049111797764965
2017-10-15 19:00:00,B003,70.75,68.27203660493221,2.477963395067789
2017-10-15 19:00:00,B001,41.25,41.04687214028387,0.20312785971613323
2017-10-15 20:00:00,B003,68.5,65.61676481825394,2.883235181746059
2017-10-15 20:00:00,B001,40.0,40.710302286363365,0.7103022863633655
2017-10-15 20:00:00,B002,237.0,235.99682520573114,1.0031747942688582
2017-10-15 21:00:00,B001,39.0,39.692796860643156,0.6927968606431563
2017-10-15 21:00:00,B003,64.875,64.53409783749018,0.3409021625098205
2017-10-15 21:00:00,B002,231.5,231.58779136123698,0.08779136123698095
2017-10-15 22:00:00,B001,40.0,38.95034130468308,1.0496586953169214
2017-10-15 22:00:00,B003,53.3125,60.23181597276028,6.91931597276028
2017-10-15 22:00:00,B002,227.0,227.35234265800872,0.3523426580087232
2017-10-15 23:00:00,B003,51.1875,52.44531138004203,1.2578113800420283
2017-10-15 23:00:00,B001,41.0,40.52815555388257,0.47184444611743004
2017-10-15 23:00:00,B002,224.5,223.0525772678177,1.4474227321823037
2017-10-16 00:00:00,B001,42.75,41.79933192744765,0.9506680725523466
2017-10-16 00:00:00,B003,49.9792,53.48445855968753,3.505258559687533
2017-10-16 00:00:00,B002,261.5,222.97876171454817,38.52123828545183
2017-10-16 01:00:00,B002,241.3333,251.20884074878825,9.87554074878824
2017-10-16 01:00:00,B001,40.3333,42.850630792256716,2.5173307922567147
2017-10-16 01:00:00,B003,50.2708,49.859525753303295,0.4112742466967063
2017-10-16 02:00:00,B002,243.5,235.05385743475063,8.446142565249374
2017-10-16 02:00:00,B001,39.75,40.22105399154065,0.47105399154065
2017-10-16 02:00:00,B003,50.6875,49.10829151675855,1.5792084832414517
2017-10-16 03:00:00,B001,41.25,40.272500161941984,0.9774998380580158
2017-10-16 03:00:00,B003,50.625,49.499781309250906,1.1252186907490938
2017-10-16 03:00:00,B002,246.5,238.5783947669041,7.921605233095903
2017-10-16 04:00:00,B003,50.5,49.40177424846201,1.0982257515379885
2017-10-16 04:00:00,B001,41.25,41.23316287847113,0.016837121528872956
2017-10-16 04:00:00,B002,246.0,239.28507737308848,6.714922626911516
2017-10-16 05:00:00,B003,50.375,50.49842377847133,0.12342377847132724
2017-10-16 05:00:00,B001,41.75,41.27265537870882,0.4773446212911807
2017-10-16 05:00:00,B002,245.5,238.08979619251312,7.41020380748688
2017-10-16 06:00:00,B003,56.75,54.23725312700087,2.5127468729991307
2017-10-16 06:00:00,B001,45.25,41.85871897520739,3.3912810247926117
2017-10-16 06:00:00,B002,255.0,240.67749386004303,14.322506139956971
2017-10-16 07:00:00,B001,43.75,44.89197566074713,1.1419756607471285
2017-10-16 07:00:00,B002,259.5,253.13222213915526,6.36777786084474
2017-10-16 07:00:00,B003,73.3125,68.45425752142518,4.858242478574823
2017-10-16 08:00:00,B002,262.0,267.51546764736196,5.515467647361959
2017-10-16 08:00:00,B001,44.0,44.03321863662135,0.03321863662134916
2017-10-16 08:00:00,B003,79.375,79.17382546967876,0.20117453032123933
2017-10-16 09:00:00,B002,316.0,289.15459681308187,26.845403186918134
2017-10-16 09:00:00,B001,55.75,56.84054925928889,1.090549259288892
2017-10-16 09:00:00,B003,118.9375,93.84169190291,25.09580809709
2017-10-16 10:00:00,B003,128.3125,132.9758363849206,4.663336384920598
2017-10-16 10:00:00,B002,319.5,328.7906626835018,9.290662683501807
2017-10-16 10:00:00,B001,79.25,72.20282515158729,7.047174848412709
2017-10-16 11:00:00,B002,310.5,333.9897976222457,23.489797622245703
2017-10-16 11:00:00,B001,98.25,85.56208562116399,12.687914378836012
2017-10-16 11:00:00,B003,144.0625,140.38904917243863,3.6734508275613678
2017-10-16 12:00:00,B001,110.5,103.42446596776604,7.075534032233961
2017-10-16 12:00:00,B002,382.5,328.75134206854347,53.748657931456535
2017-10-16 12:00:00,B003,151.625,148.33560862357433,3.2893913764256695
2017-10-16 13:00:00,B003,152.3125,155.65388764550266,3.341387645502664
2017-10-16 13:00:00,B001,110.0,112.63740831752865,2.637408317528653
2017-10-16 13:00:00,B002,362.5,369.65855627705633,7.158556277056334
2017-10-16 14:00:00,B001,108.5,107.15732712448859,1.3426728755114112
2017-10-16 14:00:00,B003,145.1875,155.8169022579366,10.62940225793659
2017-10-16 14:00:00,B002,332.5,351.0178609841271,18.517860984127083
2017-10-16 15:00:00,B003,148.125,145.4167469219509,2.708253078049097
2017-10-16 15:00:00,B001,115.0,109.08814009997582,5.911859900024183
2017-10-16 15:00:00,B002,343.0,338.40855090888675,4.5914490911132475
2017-10-16 16:00:00,B001,111.5,114.28095765596396,2.7809576559639595
2017-10-16 16:00:00,B003,149.9375,146.6534195061942,3.2840804938057886
2017-10-16 16:00:00,B002,309.0,339.22544130113204,30.225441301132037
2017-10-16 17:00:00,B003,141.625,137.4017614391535,4.223238560846511
2017-10-16 17:00:00,B002,310.0,294.4895653322752,15.51043466772478
2017-10-16 17:00:00,B001,108.25,110.65977755026455,2.4097775502645504
2017-10-16 18:00:00,B002,298.5,288.64283457294937,9.857165427050631
2017-10-16 18:00:00,B001,87.75,85.39225863968254,2.357741360317462
2017-10-16 18:00:00,B003,116.875,118.2418455753968,1.3668455753967947
2017-10-16 19:00:00,B001,78.5,74.53546354542125,3.9645364545787487
2017-10-16 19:00:00,B002,287.5,278.98042047375714,8.519579526242865
2017-10-16 19:00:00,B003,98.8125,99.86224182662339,1.0497418266233893
2017-10-16 20:00:00,B001,75.5,70.9049952981439,4.595004701856098
2017-10-16 20:00:00,B002,273.0,271.7911172085083,1.2088827914917033
2017-10-16 20:00:00,B003,89.875,85.48830709988175,4.386692900118248
2017-10-16 21:00:00,B002,272.5,257.16774597739965,15.332254022600353
2017-10-16 21:00:00,B003,79.125,79.05423177451682,0.07076822548317807
2017-10-16 21:00:00,B001,73.5,63.454232249348316,10.045767750651684
2017-10-16 22:00:00,B003,63.6875,71.28929778976556,7.6017977897655555
2017-10-16 22:00:00,B001,70.0,62.32434391112147,7.675656088878533
2017-10-16 22:00:00,B002,271.0,255.9304770803442,15.06952291965581
2017-10-16 23:00:00,B002,281.5,254.55618353182774,26.94381646817226
2017-10-16 23:00:00,B003,57.6875,57.524630848702046,0.16286915129795432
2017-10-16 23:00:00,B001,48.5,51.38640310555558,2.88640310555558
2017-10-17 00:00:00,B003,48.5625,53.404514715950214,4.842014715950214
2017-10-17 00:00:00,B002,284.3333,256.1383002528692,28.194999747130794
2017-10-17 00:00:00,B001,44.5833,44.52837853410558,0.054921465894423704
2017-10-17 01:00:00,B001,43.9167,43.62062109351815,0.29607890648184565
2017-10-17 01:00:00,B003,49.0208,48.090580187429886,0.9302198125701153
2017-10-17 01:00:00,B002,284.1667,269.3713092494708,14.79539075052918
2017-10-17 02:00:00,B001,42.5,43.49217920945047,0.9921792094504696
2017-10-17 02:00:00,B003,46.9375,48.31016414163905,1.3726641416390493
2017-10-17 02:00:00,B002,272.5,269.38287054479474,3.1171294552052586
2017-10-17 03:00:00,B001,40.75,42.39518093409835,1.6451809340983488
2017-10-17 03:00:00,B003,47.0,46.767444161650374,0.2325558383496258
2017-10-17 03:00:00,B002,272.5,262.2789625562048,10.221037443795183
2017-10-17 04:00:00,B003,46.75,46.802982984000145,0.05298298400014545
2017-10-17 04:00:00,B001,42.0,41.032784534186234,0.9672154658137657
2017-10-17 04:00:00,B002,272.5,261.31087106731593,11.18912893268407
2017-10-17 05:00:00,B001,42.25,42.36948484454767,0.11948484454767083
2017-10-17 05:00:00,B002,268.5,263.058539247619,5.441460752380976
2017-10-17 05:00:00,B003,46.125,46.46688476236713,0.3418847623671297
2017-10-17 06:00:00,B003,55.6875,51.84800535686916,3.839494643130841
2017-10-17 06:00:00,B002,267.5,263.753033860259,3.746966139741005
2017-10-17 06:00:00,B001,45.5,43.399166298061076,2.1008337019389245
2017-10-17 07:00:00,B003,71.6875,68.17790567405827,3.509594325941734
2017-10-17 07:00:00,B001,47.0,45.510463739201306,1.489536260798694
2017-10-17 07:00:00,B002,273.0,265.75964895340377,7.240351046596231
2017-10-17 08:00:00,B003,78.125,81.03962194521259,2.9146219452125877
2017-10-17 08:00:00,B001,46.25,48.69927996477927,2.4492799647792722
2017-10-17 08:00:00,B002,270.5,284.57383562639353,14.073835626393532
2017-10-17 09:00:00,B001,57.0,56.6457876962669,0.35421230373309953
2017-10-17 09:00:00,B003,108.125,87.10454184492545,21.02045815507455
2017-10-17 09:00:00,B002,334.0,304.65905884603177,29.34094115396823
2017-10-17 10:00:00,B003,125.1875,128.25159393571425,3.0640939357142543
2017-10-17 10:00:00,B002,324.5,334.95560198600964,10.45560198600964
2017-10-17 10:00:00,B001,76.25,72.95019315815664,3.2998068418433633
2017-10-17 11:00:00,B001,95.5,92.11361558636912,3.3863844136308785
2017-10-17 11:00:00,B003,138.3125,141.9319980793651,3.619498079365087
2017-10-17 11:00:00,B002,306.5,344.0124450896236,37.51244508962361
2017-10-17 12:00:00,B002,316.5,326.8260169333332,10.326016933333221
2017-10-17 12:00:00,B001,99.75,101.75617837441747,2.0061783744174733
2017-10-17 12:00:00,B003,139.6875,142.32447875320506,2.6369787532050566
2017-10-17 13:00:00,B003,142.875,143.56295109366508,0.6879510936650775
2017-10-17 13:00:00,B002,357.0,339.6201327090152,17.379867290984805
2017-10-17 13:00:00,B001,103.75,103.90859544055354,0.15859544055354036
2017-10-17 14:00:00,B002,331.0,346.8424166031747,15.842416603174684
2017-10-17 14:00:00,B001,108.5,103.15146616665007,5.348533833349933
2017-10-17 14:00:00,B003,139.75,141.64239049657428,1.8923904965742793
2017-10-17 15:00:00,B001,109.0,110.81142478057089,1.8114247805708885
2017-10-17 15:00:00,B002,330.0,336.9220563693877,6.92205636938769
2017-10-17 15:00:00,B003,140.8125,139.360321691605,1.4521783083949913
2017-10-17 16:00:00,B002,350.5,334.81841863291874,15.681581367081264
2017-10-17 16:00:00,B003,139.75,141.7835713629658,2.0335713629658017
2017-10-17 16:00:00,B001,112.25,110.16504025689247,2.0849597431075324
2017-10-17 17:00:00,B003,131.25,133.4247860714285,2.174786071428514
2017-10-17 17:00:00,B001,106.75,111.9966991534021,5.246699153402105
2017-10-17 17:00:00,B002,315.5,331.4404189824176,15.940418982417611
2017-10-17 18:00:00,B003,106.125,115.21736785052909,9.092367850529087
2017-10-17 18:00:00,B002,305.0,293.78115478306876,11.218845216931243
2017-10-17 18:00:00,B001,89.0,89.99669116091088,0.9966911609108848
2017-10-17 19:00:00,B003,93.25,91.73494983497815,1.5150501650218473
2017-10-17 19:00:00,B001,75.75,77.83232624237472,2.0823262423747195
2017-10-17 19:00:00,B002,291.0,287.8702138957696,3.1297861042303907
2017-10-17 20:00:00,B003,86.625,87.00482573840091,0.3798257384009105
2017-10-17 20:00:00,B002,282.0,270.3133255310429,11.686674468957108
2017-10-17 20:00:00,B001,73.5,71.23699805152629,2.2630019484737147
2017-10-17 21:00:00,B003,73.1875,78.8759889299225,5.688488929922499
2017-10-17 21:00:00,B001,74.5,70.51517531973455,3.9848246802654472
2017-10-17 21:00:00,B002,281.5,263.2930744659794,18.206925534020627
2017-10-17 22:00:00,B002,278.0,268.540157720879,9.459842279121006
2017-10-17 22:00:00,B001,74.0,68.27825717057705,5.721742829422951
2017-10-17 22:00:00,B003,63.0625,62.33716638790673,0.725333612093273
2017-10-17 23:00:00,B002,278.5,262.4726018499612,16.027398150038778
2017-10-17 23:00:00,B003,54.25,58.47999850567647,4.22999850567647
2017-10-17 23:00:00,B001,48.0,53.7387029526455,5.738702952645497
2017-10-18 00:00:00,B002,268.5,257.26513796507936,11.234862034920639
2017-10-18 00:00:00,B003,51.75,50.26263072041283,1.4873692795871705
2017-10-18 00:00:00,B001,42.3333,46.251148157373564,3.9178481573735624
2017-10-18 01:00:00,B002,280.1667,253.83201328421328,26.334686715786717
2017-10-18 01:00:00,B003,46.5417,51.031852760062726,4.490152760062728
2017-10-18 01:00:00,B001,44.4167,42.41166107255654,2.005038927443458
2017-10-18 02:00:00,B002,274.5,269.5921099344538,4.907890065546212
2017-10-18 02:00:00,B003,44.5625,46.20621657784021,1.643716577840209
2017-10-18 02:00:00,B001,43.0,44.24689866544914,1.2468986654491374
2017-10-18 03:00:00,B003,45.125,44.309906082213466,0.815093917786534
2017-10-18 03:00:00,B002,273.5,270.35306295667607,3.1469370433239305
2017-10-18 03:00:00,B001,44.25,42.93744607964045,1.312553920359548
2017-10-18 04:00:00,B001,43.25,43.8921650755047,0.6421650755046997
2017-10-18 04:00:00,B002,275.0,265.4378892617829,9.562110738217086
2017-10-18 04:00:00,B003,45.0625,44.76621123993434,0.2962887600656572
2017-10-18 05:00:00,B002,272.0,268.5337699221005,3.4662300778995245
2017-10-18 05:00:00,B003,44.875,44.68669806898036,0.18830193101963744
2017-10-18 05:00:00,B001,41.25,42.98487496477597,1.734874964775969
2017-10-18 06:00:00,B001,43.0,41.91098644280266,1.0890135571973403
2017-10-18 06:00:00,B003,52.875,50.15451885626793,2.720481143732073
2017-10-18 06:00:00,B002,273.5,266.1558061524432,7.344193847556824
2017-10-18 07:00:00,B003,70.3125,66.9031042479287,3.4093957520713047
2017-10-18 07:00:00,B001,43.25,44.379772554489286,1.1297725544892856
2017-10-18 07:00:00,B002,284.0,272.0468064063492,11.95319359365078
2017-10-18 08:00:00,B001,43.5,44.49134891434412,0.9913489143441225
2017-10-18 08:00:00,B003,74.6875,78.8009273281195,4.113427328119499
2017-10-18 08:00:00,B002,277.0,287.5974648180049,10.59746481800488
2017-10-18 09:00:00,B002,285.0,295.60547976462385,10.605479764623851
2017-10-18 09:00:00,B003,107.375,98.81214546885381,8.562854531146186
2017-10-18 09:00:00,B001,55.0,54.166289437994216,0.8337105620057841
2017-10-18 10:00:00,B002,327.5,298.5416539225022,28.958346077497822
2017-10-18 10:00:00,B001,77.0,73.47287398690182,3.527126013098183
2017-10-18 10:00:00,B003,119.125,125.69490007817468,6.569900078174683
2017-10-18 11:00:00,B003,132.375,134.49602792195765,2.1210279219576478
2017-10-18 11:00:00,B001,98.25,94.60404323052649,3.645956769473514
2017-10-18 11:00:00,B002,299.0,325.0179294031468,26.01792940314681
2017-10-18 12:00:00,B001,104.0,104.88192150160253,0.8819215016025339
2017-10-18 12:00:00,B003,145.125,136.9280203536556,8.196979646344403
2017-10-18 12:00:00,B002,300.5,320.5477245574075,20.04772455740749
2017-10-18 13:00:00,B001,110.5,106.23484937226102,4.265150627738976
2017-10-18 13:00:00,B003,146.5,146.35884300991705,0.1411569900829477
2017-10-18 13:00:00,B002,302.0,319.3354301501462,17.33543015014618
2017-10-18 14:00:00,B001,107.5,110.46188512579609,2.961885125796087
2017-10-18 14:00:00,B003,147.0,147.21962776033988,0.21962776033987552
2017-10-18 14:00:00,B002,297.5,315.7541529422503,18.2541529422503
2017-10-18 15:00:00,B001,110.5,110.70554617390772,0.20554617390772023
2017-10-18 15:00:00,B003,145.375,147.7109672071053,2.3359672071053126
2017-10-18 15:00:00,B002,326.0,314.27311146031735,11.726888539682648
2017-10-18 16:00:00,B002,307.5,322.90115408265416,15.401154082654159
2017-10-18 16:00:00,B001,111.25,114.01628081109632,2.7662808110963226
2017-10-18 16:00:00,B003,142.5,145.74778428224982,3.2477842822498246
2017-10-18 17:00:00,B002,295.0,296.43970436821326,1.4397043682132562
2017-10-18 17:00:00,B001,110.5,112.62205441774893,2.1220544177489273
2017-10-18 17:00:00,B003,141.8125,133.73748699206345,8.075013007936548
2017-10-18 18:00:00,B001,89.0,93.75354638095237,4.753546380952372
2017-10-18 18:00:00,B002,280.5,272.70280150625155,7.7971984937484535
2017-10-18 18:00:00,B003,116.125,119.58167165873014,3.4566716587301443
2017-10-18 19:00:00,B001,74.75,78.11515370254115,3.36515370254115
2017-10-18 19:00:00,B002,267.5,262.79457881365477,4.705421186345234
2017-10-18 19:00:00,B003,100.625,100.0096417989418,0.6153582010581999
2017-10-18 20:00:00,B002,260.0,253.41465502763856,6.58534497236144
2017-10-18 20:00:00,B001,73.0,69.78204373316503,3.2179562668349746
2017-10-18 20:00:00,B003,89.8125,88.97919047343039,0.8333095265696073
2017-10-18 21:00:00,B002,259.5,249.2935924021091,10.206407597890887
2017-10-18 21:00:00,B003,81.375,80.48491594306775,0.8900840569322526
2017-10-18 21:00:00,B001,71.25,67.82370940681254,3.42629059318746
2017-10-18 22:00:00,B002,261.5,250.43028288819096,11.069717111809041
2017-10-18 22:00:00,B003,70.375,70.72633719397304,0.35133719397303764
2017-10-18 22:00:00,B001,70.5,68.36331320775095,2.1366867922490513
2017-10-18 23:00:00,B002,252.5,252.94205976619017,0.4420597661901695
2017-10-18 23:00:00,B003,62.125,64.22426385064934,2.0992638506493364
2017-10-18 23:00:00,B001,49.5,54.67658758174606,5.1765875817460625
2017-10-19 00:00:00,B003,52.5208,55.15079667808643,2.629996678086428
2017-10-19 00:00:00,B002,252.0,244.0873154165097,7.9126845834902895
2017-10-19 00:00:00,B001,42.6667,44.73000090465984,2.0633009046598403
2017-10-19 01:00:00,B001,40.4167,42.806251270185776,2.389551270185777
2017-10-19 01:00:00,B003,55.2708,50.718519815649934,4.552280184350067
2017-10-19 01:00:00,B002,253.3333,251.6308422760026,1.7024577239974121
2017-10-19 02:00:00,B001,40.75,40.6804575312655,0.06954246873449677
2017-10-19 02:00:00,B003,54.0625,53.72720783041091,0.3352921695890885
2017-10-19 02:00:00,B002,254.0,250.45689070873655,3.5431092912634483
2017-10-19 03:00:00,B003,54.75,52.88655899995985,1.8634410000401473
2017-10-19 03:00:00,B002,248.5,250.56559070082378,2.065590700823776
2017-10-19 03:00:00,B001,44.75,40.94453694156766,3.8054630584323377
2017-10-19 04:00:00,B001,43.5,44.18212768380766,0.6821276838076571
2017-10-19 04:00:00,B002,248.5,243.73407051053513,4.765929489464867
2017-10-19 04:00:00,B003,54.0,53.855230545633134,0.14476945436686606
2017-10-19 05:00:00,B001,42.5,42.94890043752523,0.4489004375252321
2017-10-19 05:00:00,B003,54.5,52.56218667062633,1.9378133293736681
2017-10-19 05:00:00,B002,246.5,244.62799858563653,1.8720014143634671
2017-10-19 06:00:00,B001,45.75,43.508515560119264,2.241484439880736
2017-10-19 06:00:00,B002,246.0,246.09204209560292,0.09204209560292043
2017-10-19 06:00:00,B003,61.125,57.82898052888646,3.2960194711135387
2017-10-19 07:00:00,B001,47.75,45.84796695514564,1.9020330448543632
2017-10-19 07:00:00,B003,74.75,74.12156313911895,0.6284368608810524
2017-10-19 07:00:00,B002,261.0,248.5851875194151,12.414812480584914
2017-10-19 08:00:00,B003,81.0625,79.28785959353011,1.774640406469885
2017-10-19 08:00:00,B002,260.0,268.1931870835739,8.19318708357389
2017-10-19 08:00:00,B001,45.25,47.71783888962162,2.4678388896216177
2017-10-19 09:00:00,B003,119.125,98.1928509737823,20.9321490262177
2017-10-19 09:00:00,B002,275.5,287.728899886726,12.228899886726026
2017-10-19 09:00:00,B001,55.75,55.12282574242704,0.6271742575729604
2017-10-19 10:00:00,B002,310.0,291.7456241920441,18.25437580795591
2017-10-19 10:00:00,B001,82.5,72.82770144772117,9.672298552278832
2017-10-19 10:00:00,B003,134.0625,133.6655725317461,0.39692746825389236
2017-10-19 11:00:00,B003,148.3125,141.96281158525738,6.349688414742616
2017-10-19 11:00:00,B002,304.0,317.82663945288783,13.826639452887832
2017-10-19 11:00:00,B001,97.25,95.75215239648831,1.497847603511687
2017-10-19 12:00:00,B003,149.125,149.14942813875462,0.024428138754615247
2017-10-19 12:00:00,B002,346.5,314.27142258731004,32.22857741268996
2017-10-19 12:00:00,B001,104.75,103.8134117850865,0.936588214913499
2017-10-19 13:00:00,B003,147.125,147.33819217588584,0.21319217588583683
2017-10-19 13:00:00,B002,339.5,339.3530630264797,0.14693697352032586
2017-10-19 13:00:00,B001,105.5,106.21035815485651,0.7103581548565074
2017-10-19 14:00:00,B003,144.25,147.248912965849,2.9989129658490015
2017-10-19 14:00:00,B002,320.0,325.3773477027056,5.377347702705606
2017-10-19 14:00:00,B001,103.25,104.7386929072618,1.4886929072617932
2017-10-19 15:00:00,B002,346.0,319.21951354828957,26.78048645171043
2017-10-19 15:00:00,B001,113.75,107.27805579358356,6.471944206416438
2017-10-19 15:00:00,B003,152.5,141.60490158213815,10.895098417861846
2017-10-19 16:00:00,B003,146.3125,152.37498025712247,6.062480257122473
2017-10-19 16:00:00,B002,333.0,332.31300793650774,0.6869920634922551
2017-10-19 16:00:00,B001,111.25,115.01217184396279,3.76217184396279
2017-10-19 17:00:00,B001,110.0,111.29244773076925,1.2924477307692541
2017-10-19 17:00:00,B002,309.5,312.40682895873016,2.9068289587301592
2017-10-19 17:00:00,B003,135.0,140.0226583928571,5.022658392857096
2017-10-19 18:00:00,B002,290.5,288.0555770975149,2.444422902485087
2017-10-19 18:00:00,B001,94.75,92.8814908733342,1.8685091266657992
2017-10-19 18:00:00,B003,111.9375,117.05637444047619,5.118874440476191
2017-10-19 19:00:00,B003,97.4375,96.90470852379798,0.5327914762020214
2017-10-19 19:00:00,B001,76.25,76.96092704161408,0.7109270416140845
2017-10-19 19:00:00,B002,267.5,270.86565995265596,3.3656599526559603
2017-10-19 20:00:00,B001,74.25,69.53361889769118,4.716381102308816
2017-10-19 20:00:00,B003,88.6875,87.66497226560094,1.0225277343990626
2017-10-19 20:00:00,B002,264.5,255.9451540539634,8.554845946036608
2017-10-19 21:00:00,B001,68.75,63.90669945007213,4.843300549927868
2017-10-19 21:00:00,B002,257.0,254.64201457723348,2.357985422766518
2017-10-19 21:00:00,B003,79.4375,78.68632150901749,0.751178490982511
2017-10-19 22:00:00,B002,256.5,248.78008091252627,7.719919087473727
2017-10-19 22:00:00,B003,63.5,70.88247766377361,7.382477663773614
2017-10-19 22:00:00,B001,71.5,63.07105383866371,8.428946161336292
2017-10-19 23:00:00,B002,250.0,245.13254966468958,4.867450335310423
2017-10-19 23:00:00,B001,49.75,55.4095138277778,5.6595138277778005
2017-10-19 23:00:00,B003,57.8125,57.98881193763016,0.1763119376301603
2017-10-20 00:00:00,B001,46.75,44.08167732009019,2.6683226799098065
2017-10-20 00:00:00,B003,50.9583,55.11960582245053,4.1613058224505295
2017-10-20 00:00:00,B002,236.6667,238.60086001819442,1.934160018194433
2017-10-20 01:00:00,B003,47.6875,49.56501897009291,1.8775189700929076
2017-10-20 01:00:00,B002,249.1667,235.8899265480283,13.276773451971678
2017-10-20 01:00:00,B001,42.75,46.08488715740177,3.3348871574017735
2017-10-20 02:00:00,B002,247.0,243.34948217572324,3.6505178242767613
2017-10-20 02:00:00,B001,39.75,42.637193696495686,2.887193696495686
2017-10-20 02:00:00,B003,45.75,47.40851238398103,1.6585123839810265
2017-10-20 03:00:00,B003,45.375,45.327997418016594,0.047002581983406344
2017-10-20 03:00:00,B002,243.0,243.89481852086107,0.8948185208610653
2017-10-20 03:00:00,B001,40.0,40.401210729364806,0.40121072936480573
2017-10-20 04:00:00,B001,41.25,40.596491955188746,0.6535080448112538
2017-10-20 04:00:00,B003,43.75,46.727713355659226,2.977713355659226
2017-10-20 04:00:00,B002,241.5,242.50888736201523,1.0088873620152299
2017-10-20 05:00:00,B003,44.4375,44.059185873166655,0.3783141268333452
2017-10-20 05:00:00,B002,238.5,240.52490705156927,2.024907051569272
2017-10-20 05:00:00,B001,40.25,41.34265376508069,1.0926537650806907
2017-10-20 06:00:00,B003,53.25,50.13971050553151,3.110289494468489
2017-10-20 06:00:00,B002,240.5,236.25001042710724,4.249989572892758
2017-10-20 06:00:00,B001,41.25,41.07220409749524,0.17779590250476218
2017-10-20 07:00:00,B002,245.5,242.69071828522297,2.809281714777029
2017-10-20 07:00:00,B001,41.75,42.182042960739764,0.4320429607397642
2017-10-20 07:00:00,B003,70.5625,67.43986471463245,3.1226352853675508
2017-10-20 08:00:00,B002,249.0,251.99655573422885,2.996555734228849
2017-10-20 08:00:00,B003,75.125,79.80709784485444,4.6820978448544395
2017-10-20 08:00:00,B001,42.5,44.10369133053286,1.603691330532861
2017-10-20 09:00:00,B002,268.0,263.8603740200779,4.139625979922073
2017-10-20 09:00:00,B003,118.8125,80.95679238571428,37.85570761428572
2017-10-20 09:00:00,B001,55.75,52.715060073913186,3.034939926086814
2017-10-20 10:00:00,B003,134.125,133.83410610846556,0.2908938915344379
2017-10-20 10:00:00,B002,283.0,283.3703395838152,0.37033958381522325
2017-10-20 10:00:00,B001,78.5,74.81528674535443,3.6847132546455725
2017-10-20 11:00:00,B002,303.5,288.4081273438616,15.091872656138378
2017-10-20 11:00:00,B003,152.125,140.5839022098049,11.541097790195096
2017-10-20 11:00:00,B001,99.75,95.57534998584205,4.1746500141579475
2017-10-20 12:00:00,B001,109.25,106.37436929652368,2.875630703476318
2017-10-20 12:00:00,B002,294.5,318.9616956204119,24.461695620411888
2017-10-20 12:00:00,B003,151.0625,155.09407496560846,4.031574965608456
2017-10-20 13:00:00,B002,310.5,311.55540542028996,1.0554054202899579
2017-10-20 13:00:00,B001,115.25,110.13815482624598,5.11184517375402
2017-10-20 13:00:00,B003,149.625,152.08943843253968,2.46443843253968
2017-10-20 14:00:00,B002,316.0,323.9954276837592,7.995427683759203
2017-10-20 14:00:00,B003,143.25,147.3268220133704,4.076822013370389
2017-10-20 14:00:00,B001,110.25,113.31207303019791,3.062073030197908
2017-10-20 15:00:00,B001,117.25,112.93135274332876,4.318647256671241
2017-10-20 15:00:00,B002,350.0,319.7895545601815,30.2104454398185
2017-10-20 15:00:00,B003,138.75,142.62740311634678,3.877403116346784
2017-10-20 16:00:00,B002,322.0,339.40932407407394,17.409324074073936
2017-10-20 16:00:00,B003,135.3125,138.07056440698415,2.758064406984147
2017-10-20 16:00:00,B001,113.5,118.53513761671367,5.035137616713669
2017-10-20 17:00:00,B002,312.0,307.7103140879255,4.2896859120745034
2017-10-20 17:00:00,B001,103.25,108.66301156587298,5.413011565872978
2017-10-20 17:00:00,B003,125.1875,125.02183321031751,0.16566678968248993
2017-10-20 18:00:00,B001,92.0,87.72309761399713,4.276902386002874
2017-10-20 18:00:00,B003,105.9375,110.57304073412696,4.6355407341269625
2017-10-20 18:00:00,B002,299.0,286.91187254050016,12.088127459499844
2017-10-20 19:00:00,B002,279.0,278.60374036480397,0.39625963519603147
2017-10-20 19:00:00,B003,94.0625,92.20443181248471,1.8580681875152862
2017-10-20 19:00:00,B001,77.75,80.01222047431258,2.262220474312585
2017-10-20 20:00:00,B002,259.5,259.3555966624285,0.14440333757147528
2017-10-20 20:00:00,B003,86.6875,86.39996680620034,0.2875331937996606
2017-10-20 20:00:00,B001,74.5,74.82897315067318,0.32897315067317834
2017-10-20 21:00:00,B001,72.0,67.08865572646894,4.911344273531057
2017-10-20 21:00:00,B003,75.125,78.09112325221886,2.966123252218864
2017-10-20 21:00:00,B002,241.0,249.49981446472032,8.499814464720316
2017-10-20 22:00:00,B002,232.5,235.72778971353566,3.227789713535657
2017-10-20 22:00:00,B003,66.5625,65.04845209136104,1.5140479086389576
2017-10-20 22:00:00,B001,71.25,69.23532947717585,2.0146705228241473
2017-10-20 23:00:00,B002,231.5,224.9963498398185,6.5036501601815075
2017-10-20 23:00:00,B001,60.0,54.84893089656087,5.151069103439127
2017-10-20 23:00:00,B003,56.625,60.07981856309716,3.454818563097163
2017-10-21 00:00:00,B002,220.8333,230.64478990590254,9.811489905902533
2017-10-21 00:00:00,B001,44.8333,49.743366311603566,4.910066311603565
2017-10-21 00:00:00,B003,50.9375,53.50768668663097,2.5701866866309686
2017-10-21 01:00:00,B001,48.75,44.256358854025144,4.4936411459748555
2017-10-21 01:00:00,B003,52.0833,48.9268399533081,3.1564600466919046
2017-10-21 01:00:00,B002,225.0,222.38731492642222,2.6126850735777793
2017-10-21 02:00:00,B002,225.5,223.23954525216254,2.260454747837457
2017-10-21 02:00:00,B001,49.75,47.876552583692884,1.8734474163071155
2017-10-21 02:00:00,B003,50.3125,50.82214254439209,0.5096425443920864
2017-10-21 03:00:00,B003,50.9375,49.26589837458209,1.6716016254179067
2017-10-21 03:00:00,B002,229.5,224.26114179646154,5.238858203538456
2017-10-21 03:00:00,B001,52.75,47.86238007579804,4.887619924201957
2017-10-21 04:00:00,B002,232.0,227.8741291450991,4.12587085490091
2017-10-21 04:00:00,B001,56.0,52.35462555810457,3.6453744418954273
2017-10-21 04:00:00,B003,50.4375,49.526956578994785,0.9105434210052152
2017-10-21 05:00:00,B003,49.9375,49.71027918828194,0.22722081171806252
2017-10-21 05:00:00,B001,57.5,52.566784352422225,4.933215647577775
2017-10-21 05:00:00,B002,222.0,230.25717883425605,8.257178834256052
2017-10-21 06:00:00,B002,223.5,219.91091209840064,3.589087901599356
2017-10-21 06:00:00,B001,54.75,57.45371118830689,2.7037111883068903
2017-10-21 06:00:00,B003,50.1875,52.010913542993194,1.823413542993194
2017-10-21 07:00:00,B001,47.25,53.431239587007276,6.181239587007276
2017-10-21 07:00:00,B002,219.5,226.13368164792118,6.633681647921179
2017-10-21 07:00:00,B003,51.25,51.67793810360507,0.42793810360507223
2017-10-21 08:00:00,B003,55.0,52.76925353667766,2.2307464633223404
2017-10-21 08:00:00,B002,226.5,219.98260174685643,6.517398253143568
2017-10-21 08:00:00,B001,46.0,47.35919093884579,1.3591909388457921
2017-10-21 09:00:00,B003,59.1875,57.33909167105965,1.8484083289403515
2017-10-21 09:00:00,B002,223.5,234.705880613531,11.205880613531008
2017-10-21 09:00:00,B001,48.25,48.891715427770094,0.6417154277700945
2017-10-21 10:00:00,B002,218.5,227.78059762108984,9.28059762108984
2017-10-21 10:00:00,B001,49.5,51.91029235920366,2.410292359203659
2017-10-21 10:00:00,B003,60.6875,61.876694336042235,1.1891943360422346
2017-10-21 11:00:00,B002,222.0,224.87680608585123,2.8768060858512285
2017-10-21 11:00:00,B001,60.5,53.17953475767025,7.320465242329753
2017-10-21 11:00:00,B003,69.0625,64.65756535817702,4.404934641822976
2017-10-21 12:00:00,B001,67.5,65.14008205886243,2.3599179411375673
2017-10-21 12:00:00,B002,215.0,224.85912272582217,9.859122725822175
2017-10-21 12:00:00,B003,73.75,71.34347632804231,2.406523671957686
2017-10-21 13:00:00,B001,69.75,67.84011557873133,1.9098844212686714
2017-10-21 13:00:00,B002,218.0,218.98603497075956,0.9860349707595617
2017-10-21 13:00:00,B003,75.125,77.77441362698413,2.6494136269841277
2017-10-21 14:00:00,B002,231.5,225.27060829686715,6.229391703132848
2017-10-21 14:00:00,B003,72.375,77.33158620046547,4.956586200465466
2017-10-21 14:00:00,B001,69.25,72.5043862065897,3.2543862065897002
2017-10-21 15:00:00,B003,76.0625,74.90660900052906,1.155890999470941
2017-10-21 15:00:00,B001,72.5,71.58535716614958,0.9146428338504222
2017-10-21 15:00:00,B002,233.0,239.62482162976374,6.624821629763744
2017-10-21 16:00:00,B003,74.6875,76.44405439800434,1.75655439800434
2017-10-21 16:00:00,B001,73.75,73.44763693452383,0.30236306547617176
2017-10-21 16:00:00,B002,226.5,237.51242747675522,11.01242747675522
2017-10-21 17:00:00,B001,70.75,71.53205428786084,0.782054287860845
2017-10-21 17:00:00,B002,228.5,230.81767767063226,2.317677670632264
2017-10-21 17:00:00,B003,72.375,73.01849470262164,0.6434947026216378
2017-10-21 18:00:00,B002,226.0,226.4251859135043,0.42518591350429347
2017-10-21 18:00:00,B001,51.25,64.36882960396827,13.118829603968265
2017-10-21 18:00:00,B003,70.9375,69.64951422384014,1.2879857761598572
2017-10-21 19:00:00,B003,68.875,68.41472124509733,0.46027875490267434
2017-10-21 19:00:00,B002,226.0,218.84713000923827,7.1528699907617295
2017-10-21 19:00:00,B001,43.25,45.585735130099,2.3357351300990032
2017-10-21 20:00:00,B002,221.5,222.41721453659645,0.9172145365964468
2017-10-21 20:00:00,B001,42.75,43.53374311283062,0.7837431128306207
2017-10-21 20:00:00,B003,64.0,66.51067723288878,2.5106772328887814
2017-10-21 21:00:00,B003,58.0625,62.4240861249348,4.361586124934803
2017-10-21 21:00:00,B001,43.25,43.38055145984986,0.13055145984986183
2017-10-21 21:00:00,B002,223.0,217.45670756490145,5.54329243509855
2017-10-21 22:00:00,B003,49.75,56.94433343669468,7.194333436694677
2017-10-21 22:00:00,B002,219.0,220.08050137643949,1.0805013764394857
2017-10-21 22:00:00,B001,44.75,43.89877010815402,0.851229891845982
2017-10-21 23:00:00,B001,43.5,44.31140087514232,0.8114008751423185
2017-10-21 23:00:00,B003,49.6875,49.58469312989475,0.10280687010524758
2017-10-21 23:00:00,B002,214.5,219.0265152683004,4.526515268300386
2017-10-22 00:00:00,B002,215.8333,220.30277656361363,4.469476563613625
2017-10-22 00:00:00,B001,40.8333,43.86813769084556,3.0348376908455563
2017-10-22 00:00:00,B003,50.4583,50.2422774821986,0.2160225178013988
2017-10-22 01:00:00,B001,40.3333,40.91395072635609,0.5806507263560903
2017-10-22 01:00:00,B003,48.6667,49.80399233232376,1.13729233232376
2017-10-22 01:00:00,B002,214.3333,216.12581796801328,1.7925179680132715
2017-10-22 02:00:00,B003,48.4375,48.1761665932757,0.2613334067242974
2017-10-22 02:00:00,B001,40.5,40.39131702898775,0.1086829710122501
2017-10-22 02:00:00,B002,208.5,213.5585619200994,5.058561920099407
2017-10-22 03:00:00,B001,41.25,40.832103503716525,0.41789649628347547
2017-10-22 03:00:00,B003,49.0625,48.3200698424242,0.7424301575757966
2017-10-22 03:00:00,B002,208.5,209.91800545100614,1.4180054510061382
2017-10-22 04:00:00,B001,40.75,41.09628281442005,0.34628281442005004
2017-10-22 04:00:00,B003,48.25,48.441219585269245,0.19121958526924487
2017-10-22 04:00:00,B002,205.0,209.31686533498703,4.316865334987028
2017-10-22 05:00:00,B001,38.75,40.88747638728597,2.1374763872859717
2017-10-22 05:00:00,B003,47.5625,47.87589867808529,0.3133986780852922
2017-10-22 05:00:00,B002,204.5,209.31732165466772,4.817321654667722
2017-10-22 06:00:00,B003,46.9375,47.76999252029043,0.8324925202904296
2017-10-22 06:00:00,B001,40.25,39.669065052427094,0.5809349475729064
2017-10-22 06:00:00,B002,199.0,208.35617474795333,9.356174747953332
2017-10-22 07:00:00,B003,46.625,48.569144581773486,1.944144581773486
2017-10-22 07:00:00,B001,39.0,40.43215585329611,1.4321558532961092
2017-10-22 07:00:00,B002,192.0,201.49282982830766,9.492829828307663
2017-10-22 08:00:00,B003,52.3125,48.47579136995317,3.8367086300468287
2017-10-22 08:00:00,B001,39.25,39.14309197188552,0.10690802811448208
2017-10-22 08:00:00,B002,195.5,194.73228959372105,0.767710406278951
2017-10-22 09:00:00,B001,39.25,39.80409260856275,0.5540926085627476
2017-10-22 09:00:00,B003,58.5,54.251630703647876,4.248369296352124
2017-10-22 09:00:00,B002,192.5,198.71376797009228,6.213767970092277
2017-10-22 10:00:00,B001,41.25,40.2936320103402,0.9563679896598032
2017-10-22 10:00:00,B003,59.6875,60.60096299102063,0.91346299102063
2017-10-22 10:00:00,B002,195.0,197.88379220964592,2.883792209645918
2017-10-22 11:00:00,B001,43.75,42.47892460356668,1.271075396433318
2017-10-22 11:00:00,B002,195.5,198.97027862975173,3.470278629751732
2017-10-22 11:00:00,B003,65.5,63.15032007266032,2.349679927339679
2017-10-22 12:00:00,B001,44.25,46.95306153485718,2.703061534857177
2017-10-22 12:00:00,B002,226.0,205.4043378328042,20.595662167195798
2017-10-22 12:00:00,B003,64.375,68.40736891594199,4.032368915941987
2017-10-22 13:00:00,B003,66.1875,68.27818430580315,2.0906843058031512
2017-10-22 13:00:00,B002,146.5,226.06717256095752,79.56717256095752
2017-10-22 13:00:00,B001,45.75,47.484250160140284,1.7342501601402844
2017-10-22 14:00:00,B003,70.9375,68.15156826908013,2.78593173091987
2017-10-22 14:00:00,B002,145.5,148.4792687333333,2.9792687333332992
2017-10-22 14:00:00,B001,50.25,49.85328325637617,0.39671674362382703
2017-10-22 15:00:00,B002,198.5,146.11109760271165,52.38890239728835
2017-10-22 15:00:00,B003,71.3125,74.0318670468254,2.719367046825397
2017-10-22 15:00:00,B001,51.25,52.5002033609918,1.2502033609917973
2017-10-22 16:00:00,B003,72.0625,71.87109865185309,0.19140134814691123
2017-10-22 16:00:00,B002,219.5,202.9066262095238,16.593373790476193
2017-10-22 16:00:00,B001,55.25,52.23995423269636,3.0100457673036374
2017-10-22 17:00:00,B002,216.0,219.49037207227772,3.4903720722777223
2017-10-22 17:00:00,B001,54.25,56.57242953988881,2.322429539888809
2017-10-22 17:00:00,B003,72.9375,70.11555071370776,2.821949286292238
2017-10-22 18:00:00,B001,40.75,53.39694426374043,12.64694426374043
2017-10-22 18:00:00,B003,75.375,69.22447721084197,6.150522789158032
2017-10-22 18:00:00,B002,212.0,214.277608602009,2.2776086020089963
2017-10-22 19:00:00,B002,212.5,210.78316819061413,1.7168318093858659
2017-10-22 19:00:00,B003,71.9375,68.89059066951322,3.046909330486784
2017-10-22 19:00:00,B001,42.25,40.5476736551792,1.702326344820797
2017-10-22 20:00:00,B001,41.75,41.97582151470844,0.2258215147084428
2017-10-22 20:00:00,B002,212.0,210.24493332239987,1.7550666776001265
2017-10-22 20:00:00,B003,66.875,68.61397264608063,1.7389726460806259
2017-10-22 21:00:00,B002,209.5,209.57260770681856,0.07260770681855888
2017-10-22 21:00:00,B003,59.75,63.41688437749536,3.6668843774953572
2017-10-22 21:00:00,B001,41.0,41.6286219092482,0.6286219092482028
2017-10-22 22:00:00,B002,203.5,207.96549061605342,4.465490616053415
2017-10-22 22:00:00,B001,41.75,40.77778616771919,0.9722138322808078
2017-10-22 22:00:00,B003,56.6875,56.93769553184982,0.250195531849819
2017-10-22 23:00:00,B002,205.5,201.6170154777502,3.8829845222498136
2017-10-22 23:00:00,B003,53.625,53.724925027068444,0.0999250270684442
2017-10-22 23:00:00,B001,40.25,41.834612758758446,1.5846127587584462
2017-10-23 00:00:00,B003,50.0625,51.40353486645813,1.3410348664581306
2017-10-23 00:00:00,B002,229.5,207.09830241848957,22.401697581510433
2017-10-23 00:00:00,B001,42.3333,42.10255125634857,0.23074874365143216
2017-10-23 01:00:00,B002,218.5,222.07716303328212,3.577163033282119
2017-10-23 01:00:00,B003,51.6667,49.33513068529982,2.3315693147001753
2017-10-23 01:00:00,B001,40.25,41.617182306185796,1.3671823061857964
2017-10-23 02:00:00,B002,222.5,216.93052280693618,5.569477193063818
2017-10-23 02:00:00,B001,38.25,40.40776236258272,2.157762362582723
2017-10-23 02:00:00,B003,50.9375,50.847789910867306,0.08971008913269429
2017-10-23 03:00:00,B003,51.1875,49.977604237105986,1.2098957628940141
2017-10-23 03:00:00,B001,39.0,38.77393578853369,0.2260642114663085
2017-10-23 03:00:00,B002,222.5,221.7406683318526,0.7593316681474107
2017-10-23 04:00:00,B002,217.0,221.84918302193108,4.849183021931083
2017-10-23 04:00:00,B003,50.5625,51.820166080341075,1.2576660803410746
2017-10-23 04:00:00,B001,40.75,39.20203486944578,1.5479651305542177
2017-10-23 05:00:00,B001,40.5,40.56204344374812,0.062043443748116545
2017-10-23 05:00:00,B003,51.0,50.24029715562481,0.759702844375191
2017-10-23 05:00:00,B002,218.0,214.35531624859976,3.644683751400237
2017-10-23 06:00:00,B003,58.125,55.361994227750245,2.7630057722497554
2017-10-23 06:00:00,B001,44.0,41.23608251998582,2.763917480014179
2017-10-23 06:00:00,B002,221.0,215.82309506294422,5.176904937055781
2017-10-23 07:00:00,B001,44.0,44.11206136008596,0.1120613600859599
2017-10-23 07:00:00,B002,229.0,221.0957131991929,7.904286800807114
2017-10-23 07:00:00,B003,67.8125,69.22667716084652,1.4141771608465206
2017-10-23 08:00:00,B002,234.5,240.66521613756618,6.165216137566176
2017-10-23 08:00:00,B001,43.75,43.92226652652444,0.17226652652443875
2017-10-23 08:00:00,B003,74.1875,76.29245686888144,2.1049568688814446
2017-10-23 09:00:00,B003,115.25,94.91769362486775,20.332306375132248
2017-10-23 09:00:00,B002,253.0,262.1505125502644,9.15051255026441
2017-10-23 09:00:00,B001,50.75,53.00388183724969,2.2538818372496934
2017-10-23 10:00:00,B002,289.0,277.9357725894179,11.064227410582077
2017-10-23 10:00:00,B003,124.9375,129.5526555833333,4.615155583333291
2017-10-23 10:00:00,B001,77.25,67.36766217989418,9.882337820105818
2017-10-23 11:00:00,B002,328.5,303.0230953585594,25.476904641440626
2017-10-23 11:00:00,B003,146.5,139.52504323544977,6.974956764550228
2017-10-23 11:00:00,B001,96.25,93.17225803844029,3.0777419615597097
2017-10-23 12:00:00,B002,310.0,333.30362830687835,23.303628306878352
2017-10-23 12:00:00,B003,149.6875,148.47694172847807,1.2105582715219327
2017-10-23 12:00:00,B001,102.75,104.80860835609552,2.058608356095519
2017-10-23 13:00:00,B003,154.3125,147.40303542934416,6.909464570655842
2017-10-23 13:00:00,B001,109.25,105.76645672985828,3.4835432701417233
2017-10-23 13:00:00,B002,291.5,313.96034633197075,22.460346331970754
2017-10-23 14:00:00,B002,302.0,299.8482631904762,2.151736809523811
2017-10-23 14:00:00,B003,152.5625,153.22393249867724,0.6614324986772431
2017-10-23 14:00:00,B001,104.25,107.33779907393348,3.087799073933482
2017-10-23 15:00:00,B002,300.5,308.4137919760241,7.913791976024072
2017-10-23 15:00:00,B003,155.4375,153.9428879642857,1.4946120357143116
2017-10-23 15:00:00,B001,110.0,107.55807280970616,2.441927190293839
2017-10-23 16:00:00,B002,347.5,304.02056156780714,43.479438432192865
2017-10-23 16:00:00,B003,156.75,153.05018710449733,3.6998128955026743
2017-10-23 16:00:00,B001,112.5,113.11038431885652,0.6103843188565179
2017-10-23 17:00:00,B002,302.5,319.96024052450514,17.46024052450514
2017-10-23 17:00:00,B003,146.125,145.74759042857144,0.3774095714285579
2017-10-23 17:00:00,B001,113.75,113.09586826841192,0.6541317315880804
2017-10-23 18:00:00,B003,123.0625,122.18288588809521,0.879614111904786
2017-10-23 18:00:00,B002,285.0,276.3643064683328,8.635693531667187
2017-10-23 18:00:00,B001,89.25,92.29397774867722,3.0439777486772215
2017-10-23 19:00:00,B003,101.9375,103.9259691672113,1.9884691672113064
2017-10-23 19:00:00,B001,78.75,79.26230211288582,0.5123021128858198
2017-10-23 19:00:00,B002,275.5,264.20282801661534,11.297171983384658
2017-10-23 20:00:00,B003,101.125,89.32838947899255,11.796610521007452
2017-10-23 20:00:00,B001,76.75,73.38638705598271,3.363612944017291
2017-10-23 20:00:00,B002,258.5,261.5271024180675,3.0271024180675
2017-10-23 21:00:00,B003,80.8125,88.88247652657451,8.069976526574507
2017-10-23 21:00:00,B001,73.25,65.10367673214954,8.146323267850462
2017-10-23 21:00:00,B002,250.0,244.6669027006531,5.333097299346889
2017-10-23 22:00:00,B002,245.5,238.25488301840576,7.2451169815942364
2017-10-23 22:00:00,B001,71.25,62.99375201140135,8.256247988598652
2017-10-23 22:00:00,B003,65.875,71.32384417247191,5.448844172471908
2017-10-23 23:00:00,B001,44.75,53.73499270370372,8.984992703703718
2017-10-23 23:00:00,B002,245.5,232.8345779847929,12.665422015207099
2017-10-23 23:00:00,B003,54.5,59.7360555456846,5.2360555456846
2017-10-24 00:00:00,B003,48.4375,51.50062249084679,3.063122490846787
2017-10-24 00:00:00,B001,43.9167,44.51081827032821,0.5941182703282095
2017-10-24 00:00:00,B002,247.8333,233.15747698922772,14.675823010772291
2017-10-24 01:00:00,B003,47.5833,49.04095879422545,1.457658794225452
2017-10-24 01:00:00,B001,41.8333,43.72620958797856,1.8929095879785578
2017-10-24 01:00:00,B002,243.0,235.32982802236012,7.670171977639882
2017-10-24 02:00:00,B003,46.25,47.483141223694346,1.2331412236943464
2017-10-24 02:00:00,B001,43.25,41.5790818026502,1.670918197349799
2017-10-24 02:00:00,B002,240.0,239.00475276960287,0.9952472303971263
2017-10-24 03:00:00,B002,242.5,237.13729664714552,5.362703352854481
2017-10-24 03:00:00,B001,41.5,42.94501385215,1.445013852149998
2017-10-24 03:00:00,B003,45.75,46.147430953226646,0.397430953226646
2017-10-24 04:00:00,B003,44.6875,45.44168484913976,0.7541848491397616
2017-10-24 04:00:00,B002,238.0,239.6786165214821,1.6786165214820983
2017-10-24 04:00:00,B001,40.5,41.50482002178538,1.0048200217853775
2017-10-24 05:00:00,B003,44.5,44.42281190653664,0.07718809346336286
2017-10-24 05:00:00,B001,40.75,40.85595260736481,0.10595260736481293
2017-10-24 05:00:00,B002,239.5,234.2206063181264,5.279393681873586
2017-10-24 06:00:00,B003,53.375,50.245698509740265,3.129301490259735
2017-10-24 06:00:00,B001,43.0,41.50057269614786,1.499427303852137
2017-10-24 06:00:00,B002,247.5,235.54223695883076,11.957763041169244
2017-10-24 07:00:00,B001,46.5,44.167264903233,2.332735096767003
2017-10-24 07:00:00,B002,249.0,249.28304763599144,0.2830476359914371
2017-10-24 07:00:00,B003,70.875,66.6597993957576,4.215200604242398
2017-10-24 08:00:00,B002,256.5,254.32755731044546,2.1724426895545434
2017-10-24 08:00:00,B001,46.75,46.87315977365877,0.12315977365877018
2017-10-24 08:00:00,B003,75.75,80.24917088656771,4.499170886567711
2017-10-24 09:00:00,B003,113.5,90.23226727111545,23.267732728884553
2017-10-24 09:00:00,B002,284.5,275.95237402322346,8.547625976776544
2017-10-24 09:00:00,B001,53.25,54.96209930974431,1.7120993097443105
2017-10-24 10:00:00,B003,128.5,129.9869914867725,1.4869914867724958
2017-10-24 10:00:00,B002,279.5,296.6974571857875,17.197457185787528
2017-10-24 10:00:00,B001,82.5,74.6262736600657,7.873726339934294
2017-10-24 11:00:00,B003,145.5625,140.94473623280416,4.617763767195839
2017-10-24 11:00:00,B002,296.0,291.68713904204714,4.312860957952864
2017-10-24 11:00:00,B001,100.25,96.71925236540592,3.5307476345940785
2017-10-24 12:00:00,B002,313.0,304.3287661175847,8.671233882415322
2017-10-24 12:00:00,B003,151.0,149.2079089108866,1.7920910891133985
2017-10-24 12:00:00,B001,104.25,106.89079041614498,2.6407904161449807
2017-10-24 13:00:00,B002,324.0,316.3068288073586,7.693171192641387
2017-10-24 13:00:00,B003,161.125,153.71809081074485,7.4069091892551455
2017-10-24 13:00:00,B001,106.5,106.13867741908379,0.36132258091620884
2017-10-24 14:00:00,B002,336.0,317.77817552687094,18.22182447312906
2017-10-24 14:00:00,B003,154.1875,160.9244424246032,6.7369424246032
2017-10-24 14:00:00,B001,105.0,106.20784730569527,1.2078473056952674
2017-10-24 15:00:00,B003,154.5625,155.86590163410665,1.303401634106649
2017-10-24 15:00:00,B002,338.0,324.0129454619455,13.987054538054508
2017-10-24 15:00:00,B001,109.25,107.51543577172181,1.7345642282781881
2017-10-24 16:00:00,B003,155.8125,155.53988894729338,0.27261105270662256
2017-10-24 16:00:00,B002,358.0,327.24032017849873,30.759679821501265
2017-10-24 16:00:00,B001,107.75,111.90817332917875,4.1581733291787515
2017-10-24 17:00:00,B003,146.875,145.7176226285104,1.1573773714895879
2017-10-24 17:00:00,B001,111.75,106.94128241195145,4.808717588048552
2017-10-24 17:00:00,B002,336.5,336.10883835449744,0.3911616455025637
2017-10-24 18:00:00,B003,120.9375,122.91390798015877,1.9764079801587684
2017-10-24 18:00:00,B002,306.0,306.03801680043784,0.03801680043784472
2017-10-24 18:00:00,B001,92.25,93.0755272936508,0.8255272936507936
2017-10-24 19:00:00,B002,294.5,285.72275711022195,8.777242889778051
2017-10-24 19:00:00,B001,79.5,80.69790651310535,1.1979065131053517
2017-10-24 19:00:00,B003,109.3125,103.44858147091504,5.863918529084955
2017-10-24 20:00:00,B001,72.75,77.09098718058193,4.340987180581934
2017-10-24 20:00:00,B003,99.8125,95.67536941242233,4.137130587577673
2017-10-24 20:00:00,B002,280.5,268.29425209055574,12.205747909444256
2017-10-24 21:00:00,B002,264.5,264.27220366046754,0.22779633953246048
2017-10-24 21:00:00,B003,79.8125,87.3807961731098,7.5682961731098
2017-10-24 21:00:00,B001,69.25,68.45463414455827,0.7953658554417302
2017-10-24 22:00:00,B001,67.0,66.43606296371104,0.5639370362889622
2017-10-24 22:00:00,B003,67.875,71.72688828605243,3.8518882860524286
2017-10-24 22:00:00,B002,258.5,258.64172130095125,0.14172130095124658
2017-10-24 23:00:00,B001,46.25,49.34293949788362,3.09293949788362
2017-10-24 23:00:00,B003,58.3125,60.12522401317395,1.8127240131739484
2017-10-24 23:00:00,B002,254.0,250.50442632612223,3.4955736738777716
2017-10-25 00:00:00,B002,247.6667,243.31039364960247,4.356306350397517
2017-10-25 00:00:00,B001,44.75,45.163313876631165,0.4133138766311646
2017-10-25 00:00:00,B003,48.5,53.67962583608408,5.179625836084078
2017-10-25 01:00:00,B001,42.3333,44.07257699938284,1.739276999382838
2017-10-25 01:00:00,B002,248.3333,242.26858684337202,6.064713156627988
2017-10-25 01:00:00,B003,48.0417,47.569605159598645,0.4720948404013541
2017-10-25 02:00:00,B002,251.5,243.74799211686428,7.752007883135718
2017-10-25 02:00:00,B003,46.8125,47.814306551753255,1.0018065517532548
2017-10-25 02:00:00,B001,42.75,42.68132004096552,0.06867995903448332
2017-10-25 03:00:00,B001,43.75,42.65269164222691,1.0973083577730876
2017-10-25 03:00:00,B003,46.5625,46.40482519993727,0.15767480006272905
2017-10-25 03:00:00,B002,248.0,247.14759253948588,0.8524074605141152
2017-10-25 04:00:00,B002,246.0,244.16821975979377,1.8317802402062284
2017-10-25 04:00:00,B003,46.125,46.21031136539342,0.08531136539342299
2017-10-25 04:00:00,B001,43.0,42.99639491496541,0.003605085034593003
2017-10-25 05:00:00,B003,46.125,46.02566563397908,0.09933436602091916
2017-10-25 05:00:00,B002,246.0,243.59517401329643,2.404825986703571
2017-10-25 05:00:00,B001,42.25,42.642980394107596,0.392980394107596
2017-10-25 06:00:00,B002,245.5,245.01576789350815,0.4842321064918451
2017-10-25 06:00:00,B001,45.25,43.121999019086665,2.1280009809133347
2017-10-25 06:00:00,B003,54.875,50.66213740717957,4.212862592820429
2017-10-25 07:00:00,B003,71.625,68.83246197466282,2.79253802533718
2017-10-25 07:00:00,B001,48.5,46.108217812752216,2.3917821872477845
2017-10-25 07:00:00,B002,249.0,249.10139796697604,0.10139796697603742
2017-10-25 08:00:00,B003,76.4375,79.94218011879751,3.504680118797509
2017-10-25 08:00:00,B002,254.5,255.92587568708515,1.4258756870851528
2017-10-25 08:00:00,B001,47.25,49.71996716391612,2.4699671639161167
2017-10-25 09:00:00,B001,54.25,54.988689999879874,0.7386899998798739
2017-10-25 09:00:00,B003,112.9375,90.59456268391564,22.34293731608436
2017-10-25 09:00:00,B002,275.5,276.75936896072136,1.2593689607213605
2017-10-25 10:00:00,B001,76.25,74.64296593847614,1.607034061523862
2017-10-25 10:00:00,B002,301.0,293.93192977243615,7.068070227563851
2017-10-25 10:00:00,B003,128.375,129.21503022116408,0.8400302211640849
2017-10-25 11:00:00,B001,104.25,95.63861481123698,8.611385188763023
2017-10-25 11:00:00,B003,142.0,139.19905016269846,2.8009498373015447
2017-10-25 11:00:00,B002,292.0,317.05497285144475,25.054972851444745
2017-10-25 12:00:00,B003,144.8125,145.3617415442758,0.5492415442757874
2017-10-25 12:00:00,B002,299.0,308.3328612424077,9.332861242407716
2017-10-25 12:00:00,B001,110.25,107.5086225007971,2.7413774992028976
2017-10-25 13:00:00,B002,303.5,318.3520988221943,14.852098822194307
2017-10-25 13:00:00,B001,121.25,112.13161707976926,9.118382920230744
2017-10-25 13:00:00,B003,155.5,146.79748417826312,8.702515821736881
2017-10-25 14:00:00,B003,156.0,156.45411794733045,0.4541179473304453
2017-10-25 14:00:00,B002,314.5,317.96076476084653,3.46076476084653
2017-10-25 14:00:00,B001,107.25,120.38768132124986,13.137681321249858
2017-10-25 15:00:00,B002,326.0,333.4332424679367,7.4332424679366795
2017-10-25 15:00:00,B001,111.25,110.54018775429239,0.7098122457076101
2017-10-25 15:00:00,B003,155.625,156.3356766338384,0.7106766338384034
2017-10-25 16:00:00,B003,147.25,155.54774359018757,8.297743590187565
2017-10-25 16:00:00,B002,364.0,329.44700602462467,34.55299397537533
2017-10-25 16:00:00,B001,112.0,113.52366117838271,1.52366117838271
2017-10-25 17:00:00,B001,113.75,112.13518117317382,1.6148188268261805
2017-10-25 17:00:00,B003,138.5625,140.49871097222217,1.9362109722221703
2017-10-25 17:00:00,B002,350.0,348.2900385887446,1.7099614112553922
2017-10-25 18:00:00,B003,111.0,121.3790333174604,10.379033317460397
2017-10-25 18:00:00,B002,323.0,319.4583411288871,3.5416588711128725
2017-10-25 18:00:00,B001,91.75,96.16982929100527,4.419829291005271
2017-10-25 19:00:00,B003,96.9375,98.2315254235335,1.2940254235334976
2017-10-25 19:00:00,B002,297.5,300.72469117920406,3.224691179204058
2017-10-25 19:00:00,B001,76.0,80.82621718410205,4.826217184102049
2017-10-25 20:00:00,B001,73.0,72.86126430843882,0.13873569156118037
2017-10-25 20:00:00,B002,293.0,279.89845029007904,13.10154970992096
2017-10-25 20:00:00,B003,92.4375,89.41722246620252,3.0202775337974828
2017-10-25 21:00:00,B003,77.4375,81.88717482509993,4.449674825099933
2017-10-25 21:00:00,B002,278.5,272.1819736173309,6.318026382669075
2017-10-25 21:00:00,B001,70.25,68.92296545355538,1.3270345464446223
2017-10-25 22:00:00,B001,67.0,67.98324757468113,0.9832475746811298
2017-10-25 22:00:00,B003,57.8125,69.88190415761586,12.069404157615864
2017-10-25 22:00:00,B002,264.5,261.061215748982,3.438784251017978
2017-10-25 23:00:00,B001,55.0,48.30957765140502,6.6904223485949785
2017-10-25 23:00:00,B002,246.5,254.49811012300887,7.998110123008871
2017-10-25 23:00:00,B003,49.9375,55.826890630943765,5.889390630943765
2017-10-26 00:00:00,B003,51.6667,48.38067119779571,3.2860288022042923
2017-10-26 00:00:00,B001,44.1667,48.30077319792719,4.134073197927194
2017-10-26 00:00:00,B002,247.5,235.92481798676206,11.575182013237935
2017-10-26 01:00:00,B003,46.7708,51.1735396842368,4.402739684236799
2017-10-26 01:00:00,B002,247.3333,243.43205090479876,3.9012490952012513
2017-10-26 01:00:00,B001,43.9167,43.54315395465411,0.37354604534588987
2017-10-26 02:00:00,B001,43.75,43.78296636763091,0.03296636763091243
2017-10-26 02:00:00,B002,247.0,243.11398890321152,3.8860110967884793
2017-10-26 02:00:00,B003,43.5625,46.19857138417483,2.6360713841748264
2017-10-26 03:00:00,B002,248.5,244.50651372333527,3.9934862766647257
2017-10-26 03:00:00,B003,47.125,44.03139754322383,3.0936024567761677
2017-10-26 03:00:00,B001,46.0,43.94533982281272,2.05466017718728
2017-10-26 04:00:00,B002,241.5,245.01850086998283,3.51850086998283
2017-10-26 04:00:00,B003,47.4375,46.850303624812824,0.587196375187176
2017-10-26 04:00:00,B001,43.75,45.89513120810378,2.145131208103777
2017-10-26 05:00:00,B002,238.0,239.00023479702267,1.0002347970226708
2017-10-26 05:00:00,B003,47.125,47.184140027811296,0.05914002781129568
2017-10-26 05:00:00,B001,45.0,43.53989231718881,1.4601076828111914
2017-10-26 06:00:00,B003,55.5625,52.78754521711141,2.7749547828885923
2017-10-26 06:00:00,B001,48.5,45.820638834652,2.6793611653479985
2017-10-26 06:00:00,B002,241.0,234.75319775695132,6.246802243048677
2017-10-26 07:00:00,B002,247.5,240.53622311961303,6.963776880386973
2017-10-26 07:00:00,B001,50.75,49.6816619299127,1.0683380700873002
2017-10-26 07:00:00,B003,71.5625,70.32647719122306,1.2360228087769372
2017-10-26 08:00:00,B002,251.5,254.79725490883192,3.297254908831917
2017-10-26 08:00:00,B001,46.75,49.92673271454448,3.176732714544478
2017-10-26 08:00:00,B003,77.375,80.29930447616714,2.924304476167137
2017-10-26 09:00:00,B001,61.25,54.354068448856125,6.895931551143875
2017-10-26 09:00:00,B003,112.1875,85.4252512257016,26.7622487742984
2017-10-26 09:00:00,B002,270.5,280.13647313212164,9.636473132121637
2017-10-26 10:00:00,B003,128.25,128.34009942063497,0.09009942063497078
2017-10-26 10:00:00,B002,301.0,288.6382216817994,12.361778318200606
2017-10-26 10:00:00,B001,81.0,77.28734474812649,3.712655251873514
2017-10-26 11:00:00,B002,307.5,317.8680528969605,10.368052896960478
2017-10-26 11:00:00,B001,93.5,100.42589433219914,6.925894332199135
2017-10-26 11:00:00,B003,136.0625,139.74430857804236,3.6818085780423644
2017-10-26 12:00:00,B003,143.375,140.0534603647807,3.3215396352192954
2017-10-26 12:00:00,B002,318.5,317.5803232633611,0.9196767366389054
2017-10-26 12:00:00,B001,111.5,101.17073693667503,10.329263063324973
2017-10-26 13:00:00,B001,108.25,115.70537292236705,7.455372922367047
2017-10-26 13:00:00,B003,142.4375,147.58152885253176,5.144028852531761
2017-10-26 13:00:00,B002,327.5,316.2731826848649,11.226817315135122
2017-10-26 14:00:00,B001,107.25,108.42341633386198,1.1734163338619794
2017-10-26 14:00:00,B003,153.375,143.94034389143022,9.434656108569783
2017-10-26 14:00:00,B002,319.0,322.1440225211114,3.144022521111424
2017-10-26 15:00:00,B001,114.25,112.01685521931618,2.2331447806838156
2017-10-26 15:00:00,B003,152.8125,154.72894502543744,1.91644502543744
2017-10-26 15:00:00,B002,327.5,314.71305391707983,12.786946082920167
2017-10-26 16:00:00,B001,118.5,117.37706528381423,1.1229347161857675
2017-10-26 16:00:00,B002,347.0,328.31463065603197,18.685369343968034
2017-10-26 16:00:00,B003,148.25,153.8327170238094,5.582717023809408
2017-10-26 17:00:00,B001,115.25,116.32656762433864,1.0765676243386366
2017-10-26 17:00:00,B002,331.0,324.56209249808717,6.437907501912832
2017-10-26 17:00:00,B003,137.375,138.26632566666666,0.8913256666666598
2017-10-26 18:00:00,B001,95.25,95.78338541190476,0.5333854119047601
2017-10-26 18:00:00,B003,111.125,117.66181470502646,6.536814705026458
2017-10-26 18:00:00,B002,294.5,308.23382142857145,13.733821428571446
2017-10-26 19:00:00,B003,104.4375,94.00868439913785,10.428815600862151
2017-10-26 19:00:00,B001,77.0,85.02951096520827,8.029510965208274
2017-10-26 19:00:00,B002,273.0,271.5799573282706,1.4200426717293908
2017-10-26 20:00:00,B003,103.5625,92.20309026261825,11.359409737381753
2017-10-26 20:00:00,B001,71.25,73.26543728869633,2.015437288696333
2017-10-26 20:00:00,B002,267.0,259.6083562308927,7.391643769107304
2017-10-26 21:00:00,B003,86.5,90.26543144170192,3.765431441701921
2017-10-26 21:00:00,B001,71.25,66.44319733616825,4.806802663831746
2017-10-26 21:00:00,B002,260.0,252.38587929105293,7.61412070894707
2017-10-26 22:00:00,B003,67.5625,76.78260346907166,9.22010346907166
2017-10-26 22:00:00,B001,67.5,65.62068248555862,1.8793175144413823
2017-10-26 22:00:00,B002,256.5,250.98786371661555,5.51213628338445
2017-10-26 23:00:00,B003,55.9375,57.57554518462127,1.6380451846212694
2017-10-26 23:00:00,B002,258.5,243.2781100897861,15.22188991021389
2017-10-26 23:00:00,B001,45.25,50.973396096277476,5.723396096277476
2017-10-27 00:00:00,B002,239.5,246.9972530453641,7.49725304536409
2017-10-27 00:00:00,B003,50.5833,55.115164348648314,4.531864348648313
2017-10-27 00:00:00,B001,47.5833,44.271832506201754,3.311467493798247
2017-10-27 01:00:00,B002,248.6667,232.92859454149982,15.738105458500172
2017-10-27 01:00:00,B001,44.25,47.92311948402814,3.673119484028142
2017-10-27 01:00:00,B003,54.0833,48.71631763670047,5.366982363299535
2017-10-27 02:00:00,B002,252.0,243.39885615792227,8.601143842077732
2017-10-27 02:00:00,B001,41.5,43.75949041026043,2.259490410260433
2017-10-27 02:00:00,B003,50.9375,51.97052943427134,1.0330294342713415
2017-10-27 03:00:00,B001,41.0,41.761284194146995,0.7612841941469952
2017-10-27 03:00:00,B003,52.0,49.65660890319708,2.343391096802918
2017-10-27 03:00:00,B002,249.5,248.41323726670987,1.0867627332901293
2017-10-27 04:00:00,B003,51.9375,50.73096591075875,1.2065340892412522
2017-10-27 04:00:00,B002,257.0,244.03616622890075,12.963833771099246
2017-10-27 04:00:00,B001,40.25,40.94684976086869,0.6968497608686874
2017-10-27 05:00:00,B001,40.5,40.57796537589075,0.07796537589074859
2017-10-27 05:00:00,B002,254.0,253.52428205559633,0.47571794440366943
2017-10-27 05:00:00,B003,51.0,50.85499390496624,0.14500609503375728
2017-10-27 06:00:00,B001,41.25,41.023118594950226,0.22688140504977383
2017-10-27 06:00:00,B003,57.0,55.75805655609632,1.2419434439036792
2017-10-27 06:00:00,B002,259.5,250.81993091194627,8.680069088053727
2017-10-27 07:00:00,B003,74.75,70.8957013768268,3.854298623173193
2017-10-27 07:00:00,B002,264.0,257.38397873811755,6.616021261882452
2017-10-27 07:00:00,B001,44.5,41.57025238974059,2.9297476102594118
2017-10-27 08:00:00,B002,270.5,269.41404272505036,1.0859572749496351
2017-10-27 08:00:00,B003,78.375,81.01051624461554,2.6355162446155447
2017-10-27 08:00:00,B001,45.5,44.85154898880838,0.648451011191618
2017-10-27 09:00:00,B002,294.5,287.2575334402537,7.242466559746276
2017-10-27 09:00:00,B001,54.5,55.378609673877875,0.8786096738778753
2017-10-27 09:00:00,B003,114.875,87.35606574798868,27.51893425201132
2017-10-27 10:00:00,B001,71.75,77.01670709114917,5.266707091149172
2017-10-27 10:00:00,B002,294.0,315.8012614110826,21.801261411082578
2017-10-27 10:00:00,B003,125.5,128.91857583333334,3.4185758333333354
2017-10-27 11:00:00,B002,319.5,313.8682888100389,5.631711189961095
2017-10-27 11:00:00,B001,92.5,91.24926721590309,1.2507327840969111
2017-10-27 11:00:00,B003,132.4375,141.69847531084648,9.260975310846476
2017-10-27 12:00:00,B002,318.5,339.5473940504202,21.047394050420223
2017-10-27 12:00:00,B001,102.5,98.47076437397159,4.0292356260284095
2017-10-27 12:00:00,B003,131.5625,136.45509504963172,4.892595049631723
2017-10-27 13:00:00,B001,107.5,105.79200204234449,1.7079979576555075
2017-10-27 13:00:00,B003,135.375,135.61936559836474,0.24436559836473748
2017-10-27 13:00:00,B002,326.5,334.0159650155486,7.515965015548602
2017-10-27 14:00:00,B003,137.625,135.181908980541,2.44309101945899
2017-10-27 14:00:00,B001,105.0,107.18967472340462,2.1896747234046217
2017-10-27 14:00:00,B002,355.0,336.40324150449146,18.59675849550854
2017-10-27 15:00:00,B001,108.0,108.4764870650666,0.4764870650666069
2017-10-27 15:00:00,B003,132.5625,137.2126690769538,4.6501690769538016
2017-10-27 15:00:00,B002,326.0,350.26358304761897,24.263583047618965
2017-10-27 16:00:00,B002,316.0,328.00214583333326,12.002145833333259
2017-10-27 16:00:00,B001,112.25,111.64382472757599,0.6061752724240108
2017-10-27 16:00:00,B003,128.4375,132.99057199603175,4.553071996031747
2017-10-27 17:00:00,B001,109.25,109.26101470238092,0.011014702380919061
2017-10-27 17:00:00,B003,117.125,116.50391320634914,0.6210867936508606
2017-10-27 17:00:00,B002,303.5,306.3897253724868,2.8897253724867937
2017-10-27 18:00:00,B001,92.25,94.77027909496653,2.5202790949665257
2017-10-27 18:00:00,B002,269.5,283.1642089720166,13.664208972016581
2017-10-27 18:00:00,B003,98.375,103.55439332051289,5.179393320512887
2017-10-27 19:00:00,B002,255.0,250.97454898615072,4.025451013849278
2017-10-27 19:00:00,B001,78.75,81.6563478288322,2.906347828832196
2017-10-27 19:00:00,B003,89.4375,88.93303692452461,0.5044630754753854
2017-10-27 20:00:00,B002,241.0,243.08950687196665,2.0895068719666483
2017-10-27 20:00:00,B003,83.0,86.55083487002243,3.5508348700224275
2017-10-27 20:00:00,B001,75.75,74.02088378385486,1.7291162161451439
2017-10-27 21:00:00,B002,233.5,231.5819459839517,1.918054016048302
2017-10-27 21:00:00,B001,73.0,73.71843724070108,0.7184372407010784
2017-10-27 21:00:00,B003,71.0625,75.30292888114283,4.240428881142833
2017-10-27 22:00:00,B001,73.0,69.88450276100725,3.115497238992745
2017-10-27 22:00:00,B003,58.4375,62.53727878566974,4.099778785669741
2017-10-27 22:00:00,B002,230.0,228.98798547545385,1.0120145245461458
2017-10-27 23:00:00,B001,57.0,52.99686801904763,4.003131980952368
2017-10-27 23:00:00,B003,52.0625,55.867476058133484,3.8049760581334837
2017-10-27 23:00:00,B002,229.0,225.99361579282055,3.006384207179451
2017-10-28 00:00:00,B003,48.0625,52.213360688227475,4.150860688227475
2017-10-28 00:00:00,B002,222.8333,227.34192790756396,4.508627907563948
2017-10-28 00:00:00,B001,46.3333,49.12486419836871,2.791564198368711
2017-10-28 01:00:00,B003,44.875,47.80937081729981,2.9343708172998078
2017-10-28 01:00:00,B002,222.3333,227.0680249090776,4.734724909077585
2017-10-28 01:00:00,B001,51.5833,46.24161098462344,5.341689015376559
2017-10-28 02:00:00,B003,43.25,44.743117997858484,1.4931179978584836
2017-10-28 02:00:00,B002,223.0,215.51185546154792,7.488144538452076
2017-10-28 02:00:00,B001,51.0,49.21124930193332,1.7887506980666785
2017-10-28 03:00:00,B001,51.5,49.03681271285688,2.4631872871431213
2017-10-28 03:00:00,B003,43.0,43.845145623520764,0.8451456235207644
2017-10-28 03:00:00,B002,216.0,224.0732256475847,8.073225647584707
2017-10-28 04:00:00,B001,49.75,49.18272958447981,0.5672704155201913
2017-10-28 04:00:00,B002,214.5,214.68709529260533,0.18709529260533486
2017-10-28 04:00:00,B003,42.625,43.670265337809454,1.0452653378094539
2017-10-28 05:00:00,B002,218.0,213.24610926651414,4.753890733485861
2017-10-28 05:00:00,B003,43.5,43.15129733432364,0.3487026656763632
2017-10-28 05:00:00,B001,42.0,48.327044376942965,6.327044376942965
2017-10-28 06:00:00,B003,47.25,45.588791734103964,1.661208265896036
2017-10-28 06:00:00,B002,219.0,217.23972093694675,1.7602790630532468
2017-10-28 06:00:00,B001,42.75,42.2687397640251,0.48126023597490075
2017-10-28 07:00:00,B003,47.1875,48.38026570326314,1.1927657032631416
2017-10-28 07:00:00,B001,41.0,43.36613337883241,2.3661333788324086
2017-10-28 07:00:00,B002,223.5,218.54198615702617,4.958013842973827
2017-10-28 08:00:00,B002,228.5,226.70823918316475,1.7917608168352501
2017-10-28 08:00:00,B003,49.0625,49.263309011554654,0.2008090115546537
2017-10-28 08:00:00,B001,40.5,41.131988384780286,0.6319883847802856
2017-10-28 09:00:00,B003,55.5,51.38785551125195,4.112144488748051
2017-10-28 09:00:00,B001,41.5,42.12132557000207,0.621325570002071
2017-10-28 09:00:00,B002,230.0,233.5514362112789,3.5514362112789115
2017-10-28 10:00:00,B001,40.75,43.25533964844968,2.5053396484496773
2017-10-28 10:00:00,B003,51.75,58.30310377263333,6.553103772633328
2017-10-28 10:00:00,B002,232.0,237.58274164459223,5.582741644592232
2017-10-28 11:00:00,B001,43.25,42.703390995070365,0.5466090049296355
2017-10-28 11:00:00,B002,227.5,238.2460001326558,10.746000132655809
2017-10-28 11:00:00,B003,58.625,54.54895833985699,4.076041660143012
2017-10-28 12:00:00,B001,51.25,46.12071757569226,5.129282424307739
2017-10-28 12:00:00,B002,231.5,234.93212260313987,3.4321226031398737
2017-10-28 12:00:00,B003,62.9375,61.50600317926344,1.4314968207365624
2017-10-28 13:00:00,B001,53.25,53.66056674690774,0.4105667469077403
2017-10-28 13:00:00,B002,242.0,239.15395938042198,2.8460406195780195
2017-10-28 13:00:00,B003,61.4375,65.46208989729848,4.024589897298483
2017-10-28 14:00:00,B002,242.0,242.53365420879982,0.5336542087998168
2017-10-28 14:00:00,B001,57.0,55.994381271817474,1.005618728182526
2017-10-28 14:00:00,B003,61.75,63.64922093438459,1.8992209343845872
2017-10-28 15:00:00,B003,61.4375,64.43476340154695,2.9972634015469453
2017-10-28 15:00:00,B002,234.5,241.25286474001672,6.752864740016719
2017-10-28 15:00:00,B001,58.75,58.74741554927976,0.0025844507202421596
2017-10-28 16:00:00,B003,63.0625,63.622110164604344,0.5596101646043437
2017-10-28 16:00:00,B001,62.75,60.18315189707714,2.5668481029228616
2017-10-28 16:00:00,B002,227.5,235.97830547699928,8.478305476999282
2017-10-28 17:00:00,B003,63.375,64.06912638979557,0.6941263897955707
2017-10-28 17:00:00,B001,60.75,63.87233153558148,3.1223315355814805
2017-10-28 17:00:00,B002,235.5,228.05277691187905,7.44722308812095
2017-10-28 18:00:00,B003,63.3125,61.27522126454136,2.037278735458642
2017-10-28 18:00:00,B002,228.5,230.13241836764894,1.6324183676489383
2017-10-28 18:00:00,B001,43.5,53.4271442555709,9.927144255570902
2017-10-28 19:00:00,B003,63.5625,61.57321977729182,1.9892802227081816
2017-10-28 19:00:00,B002,234.5,223.72755656758153,10.77244343241847
2017-10-28 19:00:00,B001,41.75,43.48689100134424,1.7368910013442402
2017-10-28 20:00:00,B002,231.0,227.89811960760522,3.1018803923947758
2017-10-28 20:00:00,B001,41.25,41.887891552974644,0.6378915529746436
2017-10-28 20:00:00,B003,60.0625,60.12937871435976,0.06687871435975978
2017-10-28 21:00:00,B003,57.5,57.578444265312704,0.07844426531270443
2017-10-28 21:00:00,B002,223.0,227.83719541960338,4.8371954196033755
2017-10-28 21:00:00,B001,42.5,40.86774339580443,1.6322566041955682
2017-10-28 22:00:00,B003,53.75,55.59411210065458,1.844112100654577
2017-10-28 22:00:00,B002,225.0,218.68126600346082,6.31873399653918
2017-10-28 22:00:00,B001,41.0,43.07811603011039,2.0781160301103867
2017-10-28 23:00:00,B003,50.875,51.83488683433848,0.9598868343384765
2017-10-28 23:00:00,B002,221.0,220.96967270190905,0.03032729809095258
2017-10-28 23:00:00,B001,41.75,40.975696383948886,0.7743036160511139
2017-10-29 00:00:00,B003,50.3125,49.532655037750004,0.7798449622499959
2017-10-29 00:00:00,B002,224.0,219.6455230858434,4.354476914156606
2017-10-29 00:00:00,B001,42.75,42.2161879715595,0.5338120284405008
2017-10-29 01:00:00,B002,424.0,223.2895179200865,200.7104820799135
2017-10-29 01:00:00,B001,83.75,42.82449986002977,40.92550013997023
2017-10-29 01:00:00,B003,98.75,49.25133589049824,49.49866410950176
2017-10-29 02:00:00,B003,49.25,79.3684736208791,30.1184736208791
2017-10-29 02:00:00,B001,42.0,76.9711396412699,34.9711396412699
2017-10-29 02:00:00,B002,214.5,374.8689761904762,160.3689761904762
2017-10-29 03:00:00,B003,49.6875,48.37375179411642,1.3137482058835772
2017-10-29 03:00:00,B001,42.75,42.442379904130924,0.30762009586907624
2017-10-29 03:00:00,B002,208.5,214.18824130815256,5.688241308152556
2017-10-29 04:00:00,B003,49.375,48.88888290928019,0.4861170907198087
2017-10-29 04:00:00,B001,42.5,42.94138299308231,0.441382993082307
2017-10-29 04:00:00,B002,212.5,208.58681040441522,3.9131895955847824
2017-10-29 05:00:00,B002,214.0,213.31399571100224,0.6860042889977649
2017-10-29 05:00:00,B001,38.25,41.798160800810926,3.548160800810926
2017-10-29 05:00:00,B003,47.875,48.57519124464952,0.7001912446495169
2017-10-29 06:00:00,B003,47.6875,47.91916999225579,0.23166999225578877
2017-10-29 06:00:00,B002,215.5,213.9395309036346,1.5604690963654093
2017-10-29 06:00:00,B001,41.5,39.52363214116216,1.9763678588378397
2017-10-29 07:00:00,B002,215.0,214.42113807319134,0.5788619268086563
2017-10-29 07:00:00,B001,40.25,41.284335150032554,1.034335150032554
2017-10-29 07:00:00,B003,48.25,47.928680526130826,0.32131947386917403
2017-10-29 08:00:00,B002,223.0,215.28478382989005,7.715216170109954
2017-10-29 08:00:00,B001,40.0,40.20066979049524,0.20066979049524036
2017-10-29 08:00:00,B003,52.3125,49.22475875326563,3.0877412467343675
2017-10-29 09:00:00,B002,231.0,232.58882503163434,1.588825031634343
2017-10-29 09:00:00,B001,38.75,40.61935039266207,1.8693503926620707
2017-10-29 09:00:00,B003,50.5625,53.45119099479871,2.888690994798708
2017-10-29 10:00:00,B003,52.0,51.09498234010864,0.9050176598913566
2017-10-29 10:00:00,B001,40.75,40.651134583971356,0.0988654160286444
2017-10-29 10:00:00,B002,235.5,236.3161060254009,0.8161060254008987
2017-10-29 11:00:00,B001,46.5,42.198530774910246,4.301469225089754
2017-10-29 11:00:00,B002,239.0,242.39831374818417,3.398313748184165
2017-10-29 11:00:00,B003,54.0625,54.89412311452378,0.8316231145237793
2017-10-29 12:00:00,B002,233.0,242.01032164083708,9.010321640837077
2017-10-29 12:00:00,B001,48.25,50.39686591248803,2.146865912488032
2017-10-29 12:00:00,B003,56.8125,59.49715017508383,2.6846501750838314
2017-10-29 13:00:00,B001,50.75,50.88380943603273,0.13380943603272755
2017-10-29 13:00:00,B003,61.125,59.995768332323166,1.1292316676768337
2017-10-29 13:00:00,B002,232.5,238.31439587447255,5.814395874472552
2017-10-29 14:00:00,B003,62.5625,62.00316386545031,0.5593361345496888
2017-10-29 14:00:00,B002,234.0,237.4953537248661,3.4953537248661064
2017-10-29 14:00:00,B001,55.25,51.078421361392095,4.171578638607905
2017-10-29 15:00:00,B002,234.5,241.30353590748427,6.8035359074842745
2017-10-29 15:00:00,B001,58.75,57.49333791229231,1.2566620877076886
2017-10-29 15:00:00,B003,63.9375,64.46234879049763,0.5248487904976287
2017-10-29 16:00:00,B001,60.25,60.52064874291644,0.2706487429164426
2017-10-29 16:00:00,B003,65.375,65.6092292142997,0.23422921429970245
2017-10-29 16:00:00,B002,230.0,235.95623597849354,5.956235978493538
2017-10-29 17:00:00,B003,65.5625,66.12259367160759,0.5600936716075893
2017-10-29 17:00:00,B002,224.5,229.92628239284997,5.42628239284997
2017-10-29 17:00:00,B001,60.75,60.78021985074026,0.030219850740259346
2017-10-29 18:00:00,B001,42.5,44.7481488873016,2.2481488873016033
2017-10-29 18:00:00,B003,64.1875,64.16956922161228,0.017930778387722057
2017-10-29 18:00:00,B002,223.5,225.00222036997056,1.5022203699705585
2017-10-29 19:00:00,B001,41.25,41.73348152102198,0.4834815210219787
2017-10-29 19:00:00,B003,63.1875,64.21390623041735,1.0264062304173507
2017-10-29 19:00:00,B002,224.0,220.07194724596357,3.928052754036429
2017-10-29 20:00:00,B002,225.0,220.59141943022115,4.408580569778849
2017-10-29 20:00:00,B003,60.875,59.457661028869914,1.4173389711300857
2017-10-29 20:00:00,B001,39.25,40.82000253509096,1.570002535090957
2017-10-29 21:00:00,B002,221.0,220.04888367886903,0.9511163211309679
2017-10-29 21:00:00,B003,54.9375,58.58893555252591,3.6514355525259106
2017-10-29 21:00:00,B001,40.0,39.34216426395723,0.6578357360427702
2017-10-29 22:00:00,B002,218.0,220.26497966265524,2.264979662655236
2017-10-29 22:00:00,B003,54.375,53.43321671085584,0.941783289144162
2017-10-29 22:00:00,B001,41.0,40.359006953961604,0.6409930460383961
2017-10-29 23:00:00,B002,219.5,220.04793354366615,0.5479335436661472
2017-10-29 23:00:00,B001,41.25,40.74880544767005,0.5011945523299488
2017-10-29 23:00:00,B003,52.4375,51.079603247394715,1.357896752605285
2017-10-30 00:00:00,B001,43.0,42.60199642377374,0.3980035762262588
2017-10-30 00:00:00,B003,50.3125,52.0087312284944,1.6962312284943977
2017-10-30 00:00:00,B002,244.5,224.1255570698175,20.37444293018251
2017-10-30 01:00:00,B002,232.0,236.9230353652535,4.923035365253497
2017-10-30 01:00:00,B001,41.5,43.72909871215002,2.2290987121500194
2017-10-30 01:00:00,B003,48.1875,49.209886362475125,1.0223863624751246
2017-10-30 02:00:00,B001,41.75,41.46166645252922,0.2883335474707778
2017-10-30 02:00:00,B002,230.5,229.93765627267592,0.5623437273240768
2017-10-30 02:00:00,B003,47.625,47.363418928265276,0.26158107173472445
2017-10-30 03:00:00,B002,227.5,230.25802277945922,2.7580227794592247
2017-10-30 03:00:00,B001,42.0,41.58764334537022,0.4123566546297823
2017-10-30 03:00:00,B003,48.375,47.151023231242895,1.2239767687571046
2017-10-30 04:00:00,B003,48.1875,48.29457516868111,0.10707516868110645
2017-10-30 04:00:00,B001,40.75,42.16713448983484,1.4171344898348366
2017-10-30 04:00:00,B002,228.5,226.413830046733,2.086169953266989
2017-10-30 05:00:00,B003,47.5625,48.260054012003025,0.6975540120030246
2017-10-30 05:00:00,B002,229.0,228.2760289758597,0.7239710241402975
2017-10-30 05:00:00,B001,41.25,40.73198562465026,0.5180143753497433
2017-10-30 06:00:00,B001,43.5,41.616167227944274,1.883832772055726
2017-10-30 06:00:00,B003,54.25,52.75670786694823,1.4932921330517672
2017-10-30 06:00:00,B002,234.0,228.53449988121685,5.4655001187831544
2017-10-30 07:00:00,B003,65.8125,65.86994366238449,0.05744366238448606
2017-10-30 07:00:00,B002,243.0,234.24466857581356,8.755331424186437
2017-10-30 07:00:00,B001,46.75,43.572933872356046,3.177066127643954
2017-10-30 08:00:00,B003,96.5625,75.8318649123414,20.730635087658598
2017-10-30 08:00:00,B002,244.5,247.42356713686067,2.923567136860669
2017-10-30 08:00:00,B001,44.25,46.41452312861104,2.1645231286110374
2017-10-30 09:00:00,B001,53.0,52.91222778488545,0.08777221511454769
2017-10-30 09:00:00,B002,250.0,266.51809356471165,16.51809356471165
2017-10-30 09:00:00,B003,103.3125,119.68917246380605,16.376672463806045
2017-10-30 10:00:00,B003,123.6875,123.4497039830688,0.237796016931199
2017-10-30 10:00:00,B002,271.0,272.834610929975,1.8346109299749855
2017-10-30 10:00:00,B001,75.0,71.3933901100529,3.6066098899470944
2017-10-30 11:00:00,B001,89.75,90.51879830615829,0.7687983061582884
2017-10-30 11:00:00,B003,142.5,135.1744040198413,7.32559598015871
2017-10-30 11:00:00,B002,279.0,287.7908213503845,8.790821350384476
2017-10-30 12:00:00,B001,104.75,96.81571846204284,7.934281537957162
2017-10-30 12:00:00,B002,320.5,295.631840309507,24.868159690492973
2017-10-30 12:00:00,B003,149.0625,147.71345987351847,1.3490401264815262
2017-10-30 13:00:00,B002,315.5,336.04455527217556,20.544555272175558
2017-10-30 13:00:00,B003,156.4375,146.25738020775734,10.180119792242664
2017-10-30 13:00:00,B001,101.75,106.32452712189979,4.574527121899791
2017-10-30 14:00:00,B002,333.0,326.75018476235624,6.249815237643759
2017-10-30 14:00:00,B003,152.375,155.79269475817702,3.4176947581770207
2017-10-30 14:00:00,B001,98.75,104.11133933276665,5.361339332766647
2017-10-30 15:00:00,B002,371.0,336.15854546825415,34.84145453174585
2017-10-30 15:00:00,B003,151.875,154.38203993674844,2.5070399367484413
2017-10-30 15:00:00,B001,108.5,107.44091882713305,1.0590811728669536
2017-10-30 16:00:00,B002,329.5,362.83387137883597,33.333871378835966
2017-10-30 16:00:00,B001,113.0,111.3282254097724,1.6717745902275993
2017-10-30 16:00:00,B003,152.125,151.69117490897062,0.4338250910293766
2017-10-30 17:00:00,B001,111.75,112.39378057817618,0.6437805781761767
2017-10-30 17:00:00,B002,312.0,306.21665732079356,5.7833426792064415
2017-10-30 17:00:00,B003,137.25,144.12635695634918,6.876356956349184
2017-10-30 18:00:00,B001,92.75,92.07837655952378,0.6716234404762247
2017-10-30 18:00:00,B002,302.0,286.85212558008647,15.147874419913535
2017-10-30 18:00:00,B003,113.8125,120.06510235714282,6.25260235714282
2017-10-30 19:00:00,B001,82.75,83.99488521375301,1.2448852137530082
2017-10-30 19:00:00,B002,279.0,279.02770518784035,0.02770518784035403
2017-10-30 19:00:00,B003,99.9375,99.21908825305248,0.718411746947524
2017-10-30 20:00:00,B002,272.5,259.6385979599656,12.86140204003442
2017-10-30 20:00:00,B003,84.8125,87.99459715610374,3.182097156103737
2017-10-30 20:00:00,B001,81.5,77.08158622380952,4.4184137761904765
2017-10-30 21:00:00,B003,69.75,75.8858495298358,6.135849529835795
2017-10-30 21:00:00,B001,74.0,75.8192407115513,1.819240711551302
2017-10-30 21:00:00,B002,258.0,256.9676904983309,1.03230950166909
2017-10-30 22:00:00,B003,64.125,62.42467589305879,1.7003241069412098
2017-10-30 22:00:00,B001,71.25,70.65000786925175,0.5999921307482481
2017-10-30 22:00:00,B002,253.5,248.84924770919054,4.650752290809464
2017-10-30 23:00:00,B003,55.25,58.2868353039601,3.0368353039601033
2017-10-30 23:00:00,B001,45.0,51.298516823809535,6.2985168238095355
2017-10-30 23:00:00,B002,249.0,246.1762124415607,2.8237875584393066
2017-10-31 00:00:00,B001,41.25,44.13554206942918,2.885542069429178
2017-10-31 00:00:00,B002,249.0,238.91256148985212,10.087438510147877
2017-10-31 00:00:00,B003,48.5625,52.98360316509007,4.4211031650900665
2017-10-31 01:00:00,B002,255.5,246.28510833887776,9.214891661122238
2017-10-31 01:00:00,B003,46.4375,47.983071060592785,1.5455710605927848
2017-10-31 01:00:00,B001,40.75,41.240825223307866,0.4908252233078656
2017-10-31 02:00:00,B002,251.5,248.56111050408924,2.9388894959107574
2017-10-31 02:00:00,B003,44.75,46.34820286532464,1.5982028653246374
2017-10-31 02:00:00,B001,40.25,41.030568415398214,0.7805684153982142
2017-10-31 03:00:00,B002,249.0,249.5498130667086,0.5498130667085945
2017-10-31 03:00:00,B003,48.875,44.44075022705177,4.4342497729482275
2017-10-31 03:00:00,B001,43.0,40.740896180574175,2.2591038194258246
2017-10-31 04:00:00,B002,252.5,246.96651578108634,5.533484218913657
2017-10-31 04:00:00,B003,49.25,48.32104045625951,0.9289595437404898
2017-10-31 04:00:00,B001,42.25,42.69445361666412,0.44445361666412
2017-10-31 05:00:00,B003,49.4375,48.78570285480805,0.6517971451919493
2017-10-31 05:00:00,B001,42.75,42.3513692917896,0.3986307082103977
2017-10-31 05:00:00,B002,247.0,248.51390602243177,1.5139060224317689
2017-10-31 06:00:00,B001,45.5,43.88690455397577,1.6130954460242322
2017-10-31 06:00:00,B002,259.0,247.03850224970287,11.961497750297127
2017-10-31 06:00:00,B003,58.625,54.582468130738654,4.042531869261346
2017-10-31 07:00:00,B001,48.0,46.46199729305182,1.538002706948177
2017-10-31 07:00:00,B002,262.0,257.2372952434121,4.76270475658788
2017-10-31 07:00:00,B003,66.4375,69.88337921501336,3.4458792150133633
2017-10-31 08:00:00,B001,46.75,48.464132285644546,1.7141322856445456
2017-10-31 08:00:00,B002,272.5,265.5564456906533,6.943554309346723
2017-10-31 08:00:00,B003,94.3125,79.84422910584236,14.46827089415764
2017-10-31 09:00:00,B001,59.75,53.59780890995215,6.15219109004785
2017-10-31 09:00:00,B003,109.3125,115.89050203971087,6.578002039710867
2017-10-31 09:00:00,B002,284.5,289.73681077931553,5.236810779315533
2017-10-31 10:00:00,B003,131.125,129.60312455158729,1.5218754484127146
2017-10-31 10:00:00,B001,85.5,76.0624728116787,9.437527188321297
2017-10-31 10:00:00,B002,298.5,293.84795087820913,4.652049121790867
2017-10-31 11:00:00,B003,148.875,140.54907036243384,8.325929637566162
2017-10-31 11:00:00,B001,100.0,98.57147026343829,1.428529736561714
2017-10-31 11:00:00,B002,278.5,311.6987729107067,33.19877291070668
2017-10-31 12:00:00,B003,149.375,149.01797423529416,0.35702576470583836
2017-10-31 12:00:00,B001,107.0,106.5597920314702,0.4402079685298048
2017-10-31 12:00:00,B002,281.0,292.14673835861566,11.146738358615664
2017-10-31 13:00:00,B001,111.25,109.23052245767632,2.019477542323685
2017-10-31 13:00:00,B002,340.0,293.79372015802926,46.20627984197074
2017-10-31 13:00:00,B003,154.8125,150.36837942839105,4.4441205716089485
2017-10-31 14:00:00,B002,339.5,338.658669820552,0.8413301794479935
2017-10-31 14:00:00,B003,156.4375,154.20166544047623,2.2358345595237665
2017-10-31 14:00:00,B001,108.75,110.17199490853515,1.4219949085351544
2017-10-31 15:00:00,B002,316.0,333.73025658468515,17.73025658468515
2017-10-31 15:00:00,B003,157.125,155.06584982368503,2.059150176314972
2017-10-31 15:00:00,B001,113.5,111.12517879047358,2.3748212095264165
2017-10-31 16:00:00,B002,324.0,313.13291624183313,10.86708375816687
2017-10-31 16:00:00,B003,150.4375,153.66693957897607,3.22943957897607
2017-10-31 16:00:00,B001,112.0,116.07068785193687,4.070687851936867
2017-10-31 17:00:00,B002,309.5,305.5184014642512,3.9815985357487875
2017-10-31 17:00:00,B001,113.5,112.64140764843927,0.8585923515607305
2017-10-31 17:00:00,B003,144.125,142.20733781746037,1.9176621825396296
2017-10-31 18:00:00,B001,92.25,94.69373588705409,2.443735887054089
2017-10-31 18:00:00,B002,294.0,288.7664747858496,5.233525214150404
2017-10-31 18:00:00,B003,114.875,122.0666292857143,7.191629285714299
2017-10-31 19:00:00,B001,78.25,81.37084337182608,3.1208433718260835
2017-10-31 19:00:00,B002,274.0,272.8095034445265,1.1904965554734872
2017-10-31 19:00:00,B003,104.75,99.93909532363314,4.81090467636686
2017-10-31 20:00:00,B001,77.0,76.77774503486772,0.22225496513227938
2017-10-31 20:00:00,B002,261.0,265.10071510111453,4.100715101114531
2017-10-31 20:00:00,B003,95.8125,92.19116097890827,3.6213390210917282
2017-10-31 21:00:00,B001,70.75,73.19610174694378,2.446101746943782
2017-10-31 21:00:00,B002,261.5,248.30101087664735,13.198989123352646
2017-10-31 21:00:00,B003,82.3125,84.16041400645607,1.8479140064560653
2017-10-31 22:00:00,B002,248.0,253.53414653455837,5.534146534558374
2017-10-31 22:00:00,B003,69.625,72.24785656475751,2.6228565647575124
2017-10-31 22:00:00,B001,65.75,67.88681221737113,2.13681221737113
2017-10-31 23:00:00,B003,51.75,62.00697399352449,10.25697399352449
2017-10-31 23:00:00,B001,43.25,49.38757810691064,6.137578106910638
2017-10-31 23:00:00,B002,249.5,236.76438153957687,12.735618460423126
2017-11-01 00:00:00,B003,48.375,52.05961987782536,3.6846198778253623
2017-11-01 00:00:00,B001,41.75,43.322094716960734,1.5720947169607342
2017-11-01 00:00:00,B002,259.0,237.8854609016829,21.114539098317096
2017-11-01 01:00:00,B003,45.6875,47.9411947445731,2.253694744573103
2017-11-01 01:00:00,B001,40.75,41.73296884165734,0.982968841657339
2017-11-01 01:00:00,B002,249.0,252.37630401847417,3.3763040184741726
2017-11-01 02:00:00,B003,44.0,45.4209935421672,1.4209935421672029
2017-11-01 02:00:00,B002,249.5,244.99872287692423,4.501277123075766
2017-11-01 02:00:00,B001,40.5,40.6977099430504,0.19770994305039835
2017-11-01 03:00:00,B002,247.0,245.4204823559347,1.5795176440653051
2017-11-01 03:00:00,B003,48.375,44.247903082765745,4.127096917234255
2017-11-01 03:00:00,B001,41.5,40.876627528442114,0.6233724715578859
2017-11-01 04:00:00,B002,250.5,242.79081046472183,7.7091895352781705
2017-11-01 04:00:00,B003,48.5625,48.14343554705157,0.4190644529484331
2017-11-01 04:00:00,B001,41.5,41.834034295546715,0.33403429554671504
2017-11-01 05:00:00,B002,246.5,247.06535213600355,0.565352136003554
2017-11-01 05:00:00,B003,48.4375,48.564687561101984,0.1271875611019837
2017-11-01 05:00:00,B001,39.5,41.6838359710106,2.183835971010602
2017-11-01 06:00:00,B002,249.0,246.34394864254244,2.6560513574575566
2017-11-01 06:00:00,B003,55.0625,54.345315538860866,0.7171844611391336
2017-11-01 06:00:00,B001,40.75,40.6651468322991,0.08485316770089923
2017-11-01 07:00:00,B003,64.4375,68.3525081929044,3.915008192904395
2017-11-01 07:00:00,B001,42.25,41.35925814943373,0.8907418505662719
2017-11-01 07:00:00,B002,258.5,251.2942901868783,7.2057098131217
2017-11-01 08:00:00,B001,43.0,43.21126823697856,0.21126823697856167
2017-11-01 08:00:00,B002,255.0,262.920920321169,7.920920321168978
2017-11-01 08:00:00,B003,81.5,78.52046338402953,2.979536615970474
2017-11-01 09:00:00,B001,56.5,53.34430621432271,3.1556937856772933
2017-11-01 09:00:00,B002,279.5,280.24381475584767,0.7438147558476658
2017-11-01 09:00:00,B003,111.5,81.83731565317461,29.662684346825387
2017-11-01 10:00:00,B001,74.5,77.64086662697649,3.1408666269764893
2017-11-01 10:00:00,B002,301.0,295.141116201618,5.85888379838201
2017-11-01 10:00:00,B003,127.375,129.40221849999998,2.027218499999975
2017-11-01 11:00:00,B002,313.0,318.6645828949509,5.664582894950911
2017-11-01 11:00:00,B003,139.125,138.76073448015873,0.3642655198412683
2017-11-01 11:00:00,B001,97.75,96.70451165554942,1.0454883444505754
2017-11-01 12:00:00,B003,144.625,143.42337073841207,1.2016292615879252
2017-11-01 12:00:00,B001,105.75,104.44660381707652,1.3033961829234784
2017-11-01 12:00:00,B002,334.5,324.32029173641536,10.179708263584644
2017-11-01 13:00:00,B003,152.875,146.35943117160951,6.515568828390485
2017-11-01 13:00:00,B001,112.75,109.35705435385202,3.3929456461479788
2017-11-01 13:00:00,B002,329.5,334.8405493065536,5.340549306553612
2017-11-01 14:00:00,B003,155.375,153.16476062722464,2.210239372775362
2017-11-01 14:00:00,B001,109.0,112.97664378829123,3.976643788291227
2017-11-01 14:00:00,B002,343.0,333.1254007920985,9.874599207901497
2017-11-01 15:00:00,B003,150.5625,155.6087242333499,5.046224233349903
2017-11-01 15:00:00,B001,115.0,112.54533332900775,2.4546666709922533
2017-11-01 15:00:00,B002,342.5,340.713822675915,1.7861773240849743
2017-11-01 16:00:00,B001,116.25,114.89791749938603,1.3520825006139745
2017-11-01 16:00:00,B002,336.5,342.11375842535074,5.613758425350738
2017-11-01 16:00:00,B003,144.875,146.94323357082726,2.0682335708272603
2017-11-01 17:00:00,B002,319.5,320.1882906796538,0.6882906796537895
2017-11-01 17:00:00,B003,144.0625,136.2949760142857,7.767523985714291
2017-11-01 17:00:00,B001,116.5,113.70388722222218,2.7961127777778216
2017-11-01 18:00:00,B002,315.0,298.0618824278812,16.938117572118813
2017-11-01 18:00:00,B003,112.5,122.3694629960318,9.8694629960318
2017-11-01 18:00:00,B001,92.0,99.18297605873015,7.182976058730148
2017-11-01 19:00:00,B002,287.0,290.84025433607786,3.8402543360778623
2017-11-01 19:00:00,B003,97.5625,99.00859313453583,1.446093134535829
2017-11-01 19:00:00,B001,80.0,80.94407589182643,0.9440758918264294
2017-11-01 20:00:00,B002,280.0,270.17617901110947,9.823820988890532
2017-11-01 20:00:00,B001,77.0,77.07587676518109,0.07587676518109276
2017-11-01 20:00:00,B003,88.6875,90.57002232745772,1.8825223274577212
2017-11-01 21:00:00,B001,76.25,73.59218345840112,2.6578165415988764
2017-11-01 21:00:00,B002,273.5,262.15707381692084,11.342926183079157
2017-11-01 21:00:00,B003,74.5625,78.5015937614723,3.939093761472293
2017-11-01 22:00:00,B001,75.25,73.25167165770716,1.9983283422928366
2017-11-01 22:00:00,B002,273.5,261.69305188673144,11.806948113268561
2017-11-01 22:00:00,B003,59.5625,66.52718184543049,6.964681845430491
2017-11-01 23:00:00,B001,53.0,52.82098922857143,0.17901077142857247
2017-11-01 23:00:00,B002,267.0,260.5875082268033,6.4124917731966775
2017-11-01 23:00:00,B003,56.1875,57.21099940675535,1.0234994067553487
2017-11-02 00:00:00,B001,42.25,48.80775449419059,6.55775449419059
2017-11-02 00:00:00,B002,262.5,248.71370133013795,13.786298669862049
2017-11-02 00:00:00,B003,53.125,51.33320118667597,1.7917988133240286
2017-11-02 01:00:00,B003,47.0,51.273457732063285,4.273457732063285
2017-11-02 01:00:00,B001,39.0,42.59938147242061,3.5993814724206104
2017-11-02 01:00:00,B002,265.0,253.6927292216316,11.307270778368405
2017-11-02 02:00:00,B001,39.75,39.48824172676583,0.26175827323417167
2017-11-02 02:00:00,B002,266.0,256.50128697506614,9.498713024933863
2017-11-02 02:00:00,B003,46.375,46.6283356931452,0.2533356931452033
2017-11-02 03:00:00,B001,41.5,40.69630840597704,0.8036915940229576
2017-11-02 03:00:00,B002,264.5,259.5271637585481,4.972836241451887
2017-11-02 03:00:00,B003,49.375,46.378926050752376,2.9960739492476236
2017-11-02 04:00:00,B001,41.5,41.87821157993878,0.3782115799387782
2017-11-02 04:00:00,B002,259.5,257.2781773556984,2.2218226443015965
2017-11-02 04:00:00,B003,49.0,48.217631018612366,0.7823689813876342
2017-11-02 05:00:00,B002,259.5,253.67084628145568,5.829153718544319
2017-11-02 05:00:00,B001,40.5,41.3201435345856,0.820143534585597
2017-11-02 05:00:00,B003,56.625,48.229766120914334,8.395233879085666
2017-11-02 06:00:00,B001,42.75,41.07845154755805,1.6715484524419466
2017-11-02 06:00:00,B003,60.9375,59.66174236053544,1.2757576394645582
2017-11-02 06:00:00,B002,267.0,255.1084626526098,11.891537347390198
2017-11-02 07:00:00,B001,44.25,43.42624762112909,0.8237523788709069
2017-11-02 07:00:00,B002,271.0,264.1160859474395,6.883914052560499
2017-11-02 07:00:00,B003,69.375,71.85382458966801,2.478824589668008
2017-11-02 08:00:00,B002,271.5,274.3389710526268,2.838971052626789
2017-11-02 08:00:00,B001,44.25,44.29407258538568,0.0440725853856776
2017-11-02 08:00:00,B003,80.6875,79.49171961578705,1.1957803842129522
2017-11-02 09:00:00,B003,106.4375,98.59173576480461,7.845764235195389
2017-11-02 09:00:00,B001,54.5,54.59699717873442,0.09699717873441926
2017-11-02 09:00:00,B002,302.0,295.6752794869396,6.324720513060413
2017-11-02 10:00:00,B002,343.0,320.40365126047897,22.596348739521034
2017-11-02 10:00:00,B003,124.25,126.88295928968252,2.6329592896825176
2017-11-02 10:00:00,B001,80.5,72.78063991891732,7.719360081082684
2017-11-02 11:00:00,B003,141.625,136.0046760449736,5.620323955026407
2017-11-02 11:00:00,B002,365.0,340.6412018170274,24.358798182972578
2017-11-02 11:00:00,B001,95.5,98.010705511678,2.5107055116779975
2017-11-02 12:00:00,B003,143.0625,144.7361646486347,1.6736646486347126
2017-11-02 12:00:00,B001,102.5,104.94258518475905,2.4425851847590536
2017-11-02 12:00:00,B002,327.0,354.55947386349214,27.559473863492144
2017-11-02 13:00:00,B001,104.5,107.1155681205923,2.6155681205923003
2017-11-02 13:00:00,B003,149.4375,146.4449088279472,2.992591172052812
2017-11-02 13:00:00,B002,347.0,329.5300554634085,17.469944536591527
2017-11-02 14:00:00,B003,151.75,149.2750692570947,2.4749307429052863
2017-11-02 14:00:00,B001,104.75,105.42228436565897,0.6722843656589674
2017-11-02 14:00:00,B002,329.0,346.1749586339587,17.17495863395868
2017-11-02 15:00:00,B003,154.75,154.11714106349203,0.6328589365079722
2017-11-02 15:00:00,B001,109.75,109.35450087582055,0.39549912417945166
2017-11-02 15:00:00,B002,335.0,331.32315479624356,3.676845203756443
2017-11-02 16:00:00,B003,155.0,153.07203865133934,1.9279613486606593
2017-11-02 16:00:00,B001,112.25,113.18984906768989,0.9398490676898916
2017-11-02 16:00:00,B002,332.0,332.13774112364246,0.1377411236424564
2017-11-02 17:00:00,B003,139.6875,144.61817062983314,4.930670629833145
2017-11-02 17:00:00,B001,111.5,113.22906012698411,1.729060126984109
2017-11-02 17:00:00,B002,336.5,313.9287220095579,22.571277990442127
2017-11-02 18:00:00,B003,120.875,121.53480070238096,0.6598007023809629
2017-11-02 18:00:00,B002,288.5,313.1498517676336,24.649851767633606
2017-11-02 18:00:00,B001,96.0,93.29152549891774,2.7084745010822644
2017-11-02 19:00:00,B002,279.5,269.865826338326,9.634173661674026
2017-11-02 19:00:00,B001,81.0,84.03398359352862,3.0339835935286175
2017-11-02 19:00:00,B003,104.625,102.34387709126983,2.2811229087301683
2017-11-02 20:00:00,B001,72.0,78.3371637592976,6.337163759297596
2017-11-02 20:00:00,B003,93.9375,92.83015502525083,1.107344974749168
2017-11-02 20:00:00,B002,271.5,259.9972488339871,11.5027511660129
2017-11-02 21:00:00,B003,84.4375,83.82671537634494,0.6107846236550643
2017-11-02 21:00:00,B002,265.0,257.42238949389156,7.577610506108442
2017-11-02 21:00:00,B001,70.75,70.30416991598253,0.4458300840174729
2017-11-02 22:00:00,B003,75.375,74.42796875416424,0.9470312458357597
2017-11-02 22:00:00,B002,260.0,254.48000082330444,5.519999176695563
2017-11-02 22:00:00,B001,71.5,67.2751563269231,4.224843673076904
2017-11-02 23:00:00,B003,68.375,66.9657110156085,1.4092889843914946
2017-11-02 23:00:00,B002,260.0,251.3002076291549,8.699792370845103
2017-11-02 23:00:00,B001,49.5,53.361814700793666,3.8618147007936656
2017-11-03 00:00:00,B003,55.375,56.685686637037044,1.310686637037044
2017-11-03 00:00:00,B001,46.0,44.42174370916815,1.5782562908318525
2017-11-03 00:00:00,B002,244.0,245.7260350946043,1.726035094604299
2017-11-03 01:00:00,B001,43.25,45.71250370348434,2.4625037034843373
2017-11-03 01:00:00,B002,255.5,242.58629864401615,12.913701355983846
2017-11-03 01:00:00,B003,50.625,53.836639128019925,3.2116391280199252
2017-11-03 02:00:00,B002,258.5,251.01878460012003,7.4812153998799715
2017-11-03 02:00:00,B001,41.25,42.55479306205327,1.304793062053271
2017-11-03 02:00:00,B003,48.8125,49.61363364863421,0.8011336486342131
2017-11-03 03:00:00,B002,259.0,254.4878816431789,4.512118356821105
2017-11-03 03:00:00,B003,49.0625,48.529263339121414,0.5332366608785861
2017-11-03 03:00:00,B001,43.25,41.10890854709463,2.1410914529053713
2017-11-03 04:00:00,B001,41.0,42.66222416667123,1.6622241666712299
2017-11-03 04:00:00,B002,255.0,252.96056873524975,2.039431264750249
2017-11-03 04:00:00,B003,51.75,48.695973592983485,3.054026407016515
2017-11-03 05:00:00,B001,38.75,40.85140703070886,2.101407030708863
2017-11-03 05:00:00,B002,257.5,249.1836827459588,8.316317254041195
2017-11-03 05:00:00,B003,48.375,51.78469838675069,3.4096983867506907
2017-11-03 06:00:00,B001,43.75,39.126025342874144,4.623974657125856
2017-11-03 06:00:00,B003,54.4375,53.852105980994565,0.5853940190054345
2017-11-03 06:00:00,B002,266.0,254.1626791029672,11.83732089703281
2017-11-03 07:00:00,B002,272.0,262.08875822962307,9.911241770376932
2017-11-03 07:00:00,B003,66.1875,67.4020468629039,1.2145468629039016
2017-11-03 07:00:00,B001,44.25,44.19946520827863,0.05053479172136832
2017-11-03 08:00:00,B002,273.5,284.13108963364783,10.631089633647832
2017-11-03 08:00:00,B003,89.8125,75.19420893559341,14.618291064406591
2017-11-03 08:00:00,B001,43.75,44.452584455075424,0.7025844550754243
2017-11-03 09:00:00,B003,110.625,110.88414005640094,0.2591400564009376
2017-11-03 09:00:00,B002,308.0,298.1899159337978,9.810084066202194
2017-11-03 09:00:00,B001,55.0,53.04667286953527,1.9533271304647286
2017-11-03 10:00:00,B002,318.5,324.7947038642666,6.29470386426658
2017-11-03 10:00:00,B003,127.375,129.0670811818274,1.6920811818274046
2017-11-03 10:00:00,B001,82.25,75.4073739731889,6.842626026811104
2017-11-03 11:00:00,B003,148.0625,142.6769508981482,5.385549101851808
2017-11-03 11:00:00,B001,95.5,98.61977029873961,3.11977029873961
2017-11-03 11:00:00,B002,325.0,334.59182377142866,9.591823771428665
2017-11-03 12:00:00,B002,341.5,333.74602938168067,7.753970618319329
2017-11-03 12:00:00,B003,149.6875,148.20638733873054,1.4811126612694636
2017-11-03 12:00:00,B001,102.5,103.45955967582417,0.9595596758241669
2017-11-03 13:00:00,B003,146.5625,147.43351572976306,0.8710157297630587
2017-11-03 13:00:00,B001,109.0,105.70594079160843,3.294059208391573
2017-11-03 13:00:00,B002,348.0,348.957496031746,0.9574960317460182
2017-11-03 14:00:00,B003,147.0625,147.25608027506368,0.19358027506368103
2017-11-03 14:00:00,B002,362.0,347.0094562063492,14.990543793650772
2017-11-03 14:00:00,B001,106.25,107.39230008403382,1.1423000840338204
2017-11-03 15:00:00,B002,357.5,352.12032033477635,5.379679665223648
2017-11-03 15:00:00,B001,111.75,111.31462686143315,0.43537313856684534
2017-11-03 15:00:00,B003,146.0,149.12324259672633,3.123242596726328
2017-11-03 16:00:00,B002,322.5,342.92938444559894,20.42938444559894
2017-11-03 16:00:00,B001,112.25,114.38918938905192,2.1391893890519214
2017-11-03 16:00:00,B003,139.0,148.30710941839448,9.307109418394475
2017-11-03 17:00:00,B002,311.0,304.1718315461759,6.828168453824105
2017-11-03 17:00:00,B003,128.375,128.43128919047618,0.05628919047617842
2017-11-03 17:00:00,B001,109.25,108.67052915981239,0.5794708401876107
2017-11-03 18:00:00,B001,95.75,93.63741061029711,2.1125893897028902
2017-11-03 18:00:00,B002,283.0,286.3779391481481,3.377939148148073
2017-11-03 18:00:00,B003,110.625,112.04149929365077,1.416499293650773
2017-11-03 19:00:00,B003,91.3125,97.08227590793653,5.769775907936534
2017-11-03 19:00:00,B001,80.25,84.08588114714043,3.8358811471404266
2017-11-03 19:00:00,B002,262.0,265.3854293354326,3.3854293354326046
2017-11-03 20:00:00,B001,74.5,75.68096149321276,1.180961493212763
2017-11-03 20:00:00,B002,251.0,252.03099859320884,1.0309985932088352
2017-11-03 20:00:00,B003,86.5,85.62171645601855,0.8782835439814534
2017-11-03 21:00:00,B002,241.5,241.49476602806624,0.005233971933762405
2017-11-03 21:00:00,B003,75.4375,78.18718235503373,2.749682355033727
2017-11-03 21:00:00,B001,68.75,70.5191796515851,1.7691796515851053
2017-11-03 22:00:00,B001,71.5,66.36777480003748,5.1322251999625195
2017-11-03 22:00:00,B002,234.5,236.32664280434406,1.8266428043440612
2017-11-03 22:00:00,B003,63.4375,66.33507273412697,2.8975727341269675
2017-11-03 23:00:00,B002,233.5,231.26147607979942,2.2385239202005778
2017-11-03 23:00:00,B001,52.25,54.15005133571431,1.9000513357143092
2017-11-03 23:00:00,B003,55.125,57.49714389623354,2.3721438962335384
2017-11-04 00:00:00,B001,42.0,48.410411485213785,6.4104114852137855
2017-11-04 00:00:00,B003,52.3125,54.26679219678132,1.9542921967813172
2017-11-04 00:00:00,B002,234.0,230.7539302795231,3.2460697204768962
2017-11-04 01:00:00,B003,52.8125,51.83291471231527,0.9795852876847277
2017-11-04 01:00:00,B002,231.5,235.09806030587137,3.598060305871371
2017-11-04 01:00:00,B001,45.25,42.39174308659033,2.8582569134096687
2017-11-04 02:00:00,B003,53.5625,52.08834107728839,1.4741589227116094
2017-11-04 02:00:00,B002,231.5,229.70781697899642,1.7921830210035807
2017-11-04 02:00:00,B001,50.25,44.13415251862013,6.115847481379873
2017-11-04 03:00:00,B002,236.0,230.43621236236643,5.563787637633567
2017-11-04 03:00:00,B001,49.25,48.734320220378315,0.515679779621685
2017-11-04 03:00:00,B003,51.8125,52.396371447244874,0.5838714472448743
2017-11-04 04:00:00,B001,50.5,48.52291878897202,1.9770812110279792
2017-11-04 04:00:00,B002,231.0,232.00506716959387,1.0050671695938718
2017-11-04 04:00:00,B003,51.5625,51.13385615633051,0.4286438436694908
2017-11-04 05:00:00,B001,53.0,48.83955703332354,4.160442966676463
2017-11-04 05:00:00,B002,229.0,230.18240866973773,1.1824086697377254
2017-11-04 05:00:00,B003,51.5625,50.851646684839025,0.7108533151609748
2017-11-04 06:00:00,B002,230.0,230.55602996060514,0.5560299606051444
2017-11-04 06:00:00,B001,52.5,51.65301648133951,0.8469835186604868
2017-11-04 06:00:00,B003,50.875,52.738916935098565,1.8639169350985654
2017-11-04 07:00:00,B002,227.5,231.8485386327006,4.34853863270061
2017-11-04 07:00:00,B003,51.5,52.18850654376177,0.6885065437617683
2017-11-04 07:00:00,B001,51.5,51.377449894084215,0.12255010591578497
2017-11-04 08:00:00,B002,230.5,229.9250925403959,0.5749074596041055
2017-11-04 08:00:00,B003,59.0625,53.0737928956726,5.988707104327403
2017-11-04 08:00:00,B001,50.25,50.406924845474215,0.15692484547421515
2017-11-04 09:00:00,B001,47.75,51.48231169165347,3.7323116916534715
2017-11-04 09:00:00,B003,66.5,60.45411758950492,6.045882410495082
2017-11-04 09:00:00,B002,239.5,240.90630025918634,1.406300259186338
2017-11-04 10:00:00,B002,240.5,242.4914079027371,1.9914079027371088
2017-11-04 10:00:00,B001,44.25,48.78504574874141,4.53504574874141
2017-11-04 10:00:00,B003,70.6875,68.87616775114051,1.811332248859486
2017-11-04 11:00:00,B003,70.8125,72.32125910052909,1.5087591005290903
2017-11-04 11:00:00,B002,241.5,243.8164469177388,2.3164469177388014
2017-11-04 11:00:00,B001,49.5,47.40222256305376,2.097777436946238
2017-11-04 12:00:00,B001,55.25,52.79485395555943,2.4551460444405677
2017-11-04 12:00:00,B002,239.5,243.85995931084656,4.359959310846563
2017-11-04 12:00:00,B003,75.1875,74.94679651165413,0.24070348834587207
2017-11-04 13:00:00,B003,76.875,75.1828048730159,1.6921951269841031
2017-11-04 13:00:00,B002,234.0,242.41582371020084,8.41582371020084
2017-11-04 13:00:00,B001,60.5,58.961341990336656,1.5386580096633438
2017-11-04 14:00:00,B002,242.5,240.45458288201974,2.0454171179802643
2017-11-04 14:00:00,B001,61.0,62.058788026141336,1.058788026141336
2017-11-04 14:00:00,B003,78.375,76.19550173744591,2.179498262554091
2017-11-04 15:00:00,B003,78.9375,78.84912319271547,0.08837680728453279
2017-11-04 15:00:00,B002,248.0,242.49624430864114,5.503755691358862
2017-11-04 15:00:00,B001,63.0,61.9366554131437,1.063344586856303
2017-11-04 16:00:00,B003,77.75,79.38087851136369,1.63087851136369
2017-11-04 16:00:00,B002,258.5,246.45784290213047,12.042157097869534
2017-11-04 16:00:00,B001,66.75,64.3687649153698,2.3812350846302053
2017-11-04 17:00:00,B002,255.5,256.20609220061056,0.7060922006105557
2017-11-04 17:00:00,B003,79.9375,74.95427591024851,4.983224089751488
2017-11-04 17:00:00,B001,66.5,66.36290939090398,0.13709060909602044
2017-11-04 18:00:00,B003,78.0,73.17955004680798,4.820449953192025
2017-11-04 18:00:00,B002,254.0,247.23683966406674,6.763160335933264
2017-11-04 18:00:00,B001,50.0,55.64626538977231,5.64626538977231
2017-11-04 19:00:00,B001,43.75,45.77603152697765,2.026031526977647
2017-11-04 19:00:00,B002,255.5,246.20203783756608,9.297962162433919
2017-11-04 19:00:00,B003,74.875,73.08961582462908,1.7853841753709219
2017-11-04 20:00:00,B001,40.5,43.78046652302071,3.2804665230207135
2017-11-04 20:00:00,B003,70.0,70.9772432415525,0.9772432415525003
2017-11-04 20:00:00,B002,255.5,247.34470351332075,8.155296486679248
2017-11-04 21:00:00,B001,43.0,40.49457794555486,2.505422054445141
2017-11-04 21:00:00,B003,67.125,65.13780776838422,1.9871922316157793
2017-11-04 21:00:00,B002,248.5,245.6791163291315,2.820883670868511
2017-11-04 22:00:00,B001,42.5,43.745806077250336,1.2458060772503359
2017-11-04 22:00:00,B003,61.5,62.97589208923759,1.4758920892375897
2017-11-04 22:00:00,B002,246.5,239.7493742016908,6.750625798309187
2017-11-04 23:00:00,B001,40.5,42.90276732614588,2.4027673261458773
2017-11-04 23:00:00,B002,243.5,241.13858504555387,2.3614149544461327
2017-11-04 23:00:00,B003,51.6875,57.76970276368761,6.0822027636876115
2017-11-05 00:00:00,B001,44.0,41.94512437196659,2.0548756280334075
2017-11-05 00:00:00,B003,52.875,52.38643912732293,0.4885608726770698
2017-11-05 00:00:00,B002,249.0,233.26134371071694,15.738656289283057
2017-11-05 01:00:00,B001,42.25,44.02156920434789,1.771569204347891
2017-11-05 01:00:00,B002,238.0,242.38576541579377,4.38576541579377
2017-11-05 01:00:00,B003,52.5,52.10316132663417,0.3968386733658278
2017-11-05 02:00:00,B002,236.0,235.5513886140381,0.44861138596189676
2017-11-05 02:00:00,B003,50.8125,52.00838962774501,1.1958896277450108
2017-11-05 02:00:00,B001,42.75,42.521715743307354,0.22828425669264618
2017-11-05 03:00:00,B001,42.5,43.09210949641083,0.5921094964108278
2017-11-05 03:00:00,B002,231.0,232.35580941386095,1.3558094138609533
2017-11-05 03:00:00,B003,49.5625,50.10650659328053,0.5440065932805283
2017-11-05 04:00:00,B003,49.75,49.66122786215103,0.08877213784897009
2017-11-05 04:00:00,B001,42.25,42.6539379502937,0.4039379502937024
2017-11-05 04:00:00,B002,235.0,229.57772694202464,5.42227305797536
2017-11-05 05:00:00,B002,239.0,232.21248386819536,6.787516131804637
2017-11-05 05:00:00,B003,50.125,49.8871700553711,0.23782994462889917
2017-11-05 05:00:00,B001,42.25,41.76878675337033,0.4812132466296717
2017-11-05 06:00:00,B003,49.3125,50.047880890842386,0.7353808908423858
2017-11-05 06:00:00,B001,42.0,43.09332736005013,1.0933273600501323
2017-11-05 06:00:00,B002,236.5,236.52941204761112,0.029412047611117487
2017-11-05 07:00:00,B003,52.6875,49.439658436986775,3.2478415630132247
2017-11-05 07:00:00,B001,42.5,42.22153732988293,0.27846267011707226
2017-11-05 07:00:00,B002,234.0,235.62946803297353,1.6294680329735343
2017-11-05 08:00:00,B003,52.5,55.21434009926841,2.714340099268412
2017-11-05 08:00:00,B002,232.5,236.91266932836672,4.412669328366718
2017-11-05 08:00:00,B001,44.0,42.202109911935175,1.7978900880648254
2017-11-05 09:00:00,B002,243.0,239.26718900718043,3.732810992819566
2017-11-05 09:00:00,B003,54.25,53.87634585421782,0.3736541457821829
2017-11-05 09:00:00,B001,44.5,44.38840878774902,0.11159121225097834
2017-11-05 10:00:00,B001,43.75,45.657423177808376,1.9074231778083757
2017-11-05 10:00:00,B002,247.0,247.64553827619054,0.6455382761905355
2017-11-05 10:00:00,B003,55.0,56.17375585164595,1.17375585164595
2017-11-05 11:00:00,B002,250.0,253.8893933139971,3.8893933139970898
2017-11-05 11:00:00,B001,50.75,45.93442512477968,4.815574875220321
2017-11-05 11:00:00,B003,56.75,58.08366855220346,1.3336685522034628
2017-11-05 12:00:00,B001,52.25,52.053526019855674,0.19647398014432582
2017-11-05 12:00:00,B003,60.5625,59.47677915333839,1.0857208466616086
2017-11-05 12:00:00,B002,251.5,254.9779651728716,3.477965172871592
2017-11-05 13:00:00,B002,254.5,254.855861609371,0.3558616093710043
2017-11-05 13:00:00,B001,56.75,54.151514553603015,2.5984854463969853
2017-11-05 13:00:00,B003,61.8125,64.32887486623677,2.5163748662367738
2017-11-05 14:00:00,B002,260.0,255.68048547113997,4.319514528860026
2017-11-05 14:00:00,B001,61.25,58.692822546439615,2.557177453560385
2017-11-05 14:00:00,B003,61.625,63.23235487644752,1.6073548764475234
2017-11-05 15:00:00,B003,63.25,63.19672636800072,0.053273631999282145
2017-11-05 15:00:00,B001,64.25,62.676071404890074,1.5739285951099262
2017-11-05 15:00:00,B002,266.0,259.86711166666663,6.132888333333369
2017-11-05 16:00:00,B003,64.0625,64.19552880142317,0.13302880142316553
2017-11-05 16:00:00,B001,66.0,65.99779510329373,0.0022048967062744396
2017-11-05 16:00:00,B002,264.5,264.04378306674136,0.456216933258645
2017-11-05 17:00:00,B002,258.0,257.8944204368405,0.10557956315949468
2017-11-05 17:00:00,B001,68.25,65.59227674485525,2.657723255144745
2017-11-05 17:00:00,B003,65.0,67.41511771829424,2.4151177182942405
2017-11-05 18:00:00,B001,45.25,50.65763405809348,5.407634058093478
2017-11-05 18:00:00,B002,253.5,252.2221210462822,1.2778789537177886
2017-11-05 18:00:00,B003,67.375,63.98360164766155,3.3913983523384488
2017-11-05 19:00:00,B002,252.0,248.711204640658,3.2887953593420036
2017-11-05 19:00:00,B001,43.25,43.51067978259398,0.26067978259398217
2017-11-05 19:00:00,B003,67.625,64.60114064647937,3.023859353520635
2017-11-05 20:00:00,B003,65.8125,64.34093062009862,1.471569379901382
2017-11-05 20:00:00,B002,244.5,247.59714312724338,3.0971431272433847
2017-11-05 20:00:00,B001,42.75,42.390179990720476,0.35982000927952384
2017-11-05 21:00:00,B003,63.75,62.88873188175877,0.8612681182412274
2017-11-05 21:00:00,B001,43.25,42.53915294812928,0.7108470518707222
2017-11-05 21:00:00,B002,249.0,238.061816721544,10.938183278455995
2017-11-05 22:00:00,B003,59.8125,60.4009510419283,0.5884510419283018
2017-11-05 22:00:00,B001,42.0,42.8831278371764,0.8831278371764029
2017-11-05 22:00:00,B002,248.0,241.58805998892862,6.41194001107138
2017-11-05 23:00:00,B001,44.25,42.04366840487038,2.206331595129619
2017-11-05 23:00:00,B003,56.0,58.05875851144414,2.0587585114441396
2017-11-05 23:00:00,B002,248.5,240.28850465693827,8.211495343061728
2017-11-06 00:00:00,B003,51.875,54.8037112933026,2.928711293302598
2017-11-06 00:00:00,B002,246.0,239.93166326627033,6.068336733729666
2017-11-06 00:00:00,B001,43.75,44.96145732602025,1.211457326020252
2017-11-06 01:00:00,B002,250.0,243.47425252724923,6.525747472750766
2017-11-06 01:00:00,B001,43.0,43.897932242098214,0.8979322420982143
2017-11-06 01:00:00,B003,54.8125,51.66615565986564,3.1463443401343625
2017-11-06 02:00:00,B002,251.5,247.77918756549437,3.720812434505632
2017-11-06 02:00:00,B001,42.0,42.85373777929621,0.8537377792962104
2017-11-06 02:00:00,B003,54.9375,53.55778273136395,1.3797172686360497
2017-11-06 03:00:00,B002,249.5,249.03402212221647,0.46597787778352995
2017-11-06 03:00:00,B001,41.75,42.41902064376574,0.6690206437657409
2017-11-06 03:00:00,B003,54.75,53.72205467193372,1.0279453280662807
2017-11-06 04:00:00,B002,247.5,246.7532313955806,0.7467686044194011
2017-11-06 04:00:00,B001,41.5,41.744271955725225,0.24427195572522464
2017-11-06 04:00:00,B003,54.5625,53.59403166676963,0.9684683332303692
2017-11-06 05:00:00,B001,41.0,41.88437788126657,0.8843778812665732
2017-11-06 05:00:00,B002,249.5,245.05270602535273,4.447293974647266
2017-11-06 05:00:00,B003,53.8125,53.20509220311888,0.6074077968811196
2017-11-06 06:00:00,B002,250.0,248.48537962077845,1.5146203792215545
2017-11-06 06:00:00,B003,59.4375,58.219247146764225,1.218252853235775
2017-11-06 06:00:00,B001,45.25,41.726203512401334,3.5237964875986663
2017-11-06 07:00:00,B002,254.0,255.48959130919926,1.4895913091992554
2017-11-06 07:00:00,B003,66.375,72.03586505471836,5.660865054718357
2017-11-06 07:00:00,B001,49.75,45.34522212042344,4.404777879576557
2017-11-06 08:00:00,B002,257.5,259.7323980122175,2.2323980122175158
2017-11-06 08:00:00,B003,82.6875,79.82978616119433,2.8577138388056653
2017-11-06 08:00:00,B001,48.25,50.24107638946065,1.9910763894606518
2017-11-06 09:00:00,B003,111.0625,100.88014348888885,10.182356511111152
2017-11-06 09:00:00,B001,54.25,57.440614556479886,3.1906145564798862
2017-11-06 09:00:00,B002,275.5,284.5723907006926,9.072390700692608
2017-11-06 10:00:00,B001,71.0,72.98614912698409,1.9861491269840883
2017-11-06 10:00:00,B002,289.0,289.49181969399757,0.4918196939975701
2017-11-06 10:00:00,B003,127.5625,128.9129004695767,1.350400469576698
2017-11-06 11:00:00,B001,97.75,87.01792552032174,10.73207447967826
2017-11-06 11:00:00,B002,304.0,317.5661199341859,13.566119934185906
2017-11-06 11:00:00,B003,139.75,141.34634192063493,1.5963419206349272
2017-11-06 12:00:00,B001,106.0,105.03813232604844,0.9618676739515593
2017-11-06 12:00:00,B003,142.5,143.3364077135724,0.8364077135724131
2017-11-06 12:00:00,B002,317.0,317.67860106492,0.6786010649199739
2017-11-06 13:00:00,B001,105.5,111.04808081512532,5.548080815125317
2017-11-06 13:00:00,B002,304.0,335.25756898443007,31.257568984430065
2017-11-06 13:00:00,B003,141.0,145.85559918830242,4.8555991883024205
2017-11-06 14:00:00,B002,302.0,321.13258051924004,19.132580519240037
2017-11-06 14:00:00,B001,107.25,105.66972527957563,1.5802747204243701
2017-11-06 14:00:00,B003,146.0,143.02183319332727,2.978166806672732
2017-11-06 15:00:00,B002,372.5,321.1269748830905,51.3730251169095
2017-11-06 15:00:00,B003,144.0,145.8203040022965,1.8203040022964956
2017-11-06 15:00:00,B001,111.25,111.0009872377994,0.24901276220060709
2017-11-06 16:00:00,B001,109.75,115.31271319927623,5.5627131992762315
2017-11-06 16:00:00,B002,337.5,360.17830622885987,22.678306228859867
2017-11-06 16:00:00,B003,148.4375,143.3023883796027,5.135111620397311
2017-11-06 17:00:00,B001,109.5,103.29163645555555,6.2083635444444525
2017-11-06 17:00:00,B003,133.875,137.04835534920645,3.173355349206446
2017-11-06 17:00:00,B002,299.5,316.88578091208996,17.385780912089956
2017-11-06 18:00:00,B001,88.75,91.31910418253966,2.569104182539661
2017-11-06 18:00:00,B002,283.0,277.5131005244473,5.486899475552718
2017-11-06 18:00:00,B003,103.6875,118.02827861904763,14.340778619047626
2017-11-06 19:00:00,B003,91.9375,90.72627909119267,1.2112209088073342
2017-11-06 19:00:00,B001,78.75,80.30618822513708,1.5561882251370776
2017-11-06 19:00:00,B002,270.5,264.6923313771971,5.8076686228029075
2017-11-06 20:00:00,B001,78.0,74.64395411826739,3.356045881732612
2017-11-06 20:00:00,B002,254.0,254.91620067960858,0.9162006796085791
2017-11-06 20:00:00,B003,80.6875,81.98181892399059,1.2943189239905877
2017-11-06 21:00:00,B002,252.5,247.61514016109703,4.884859838902969
2017-11-06 21:00:00,B001,75.0,74.28970613909884,0.7102938609011602
2017-11-06 21:00:00,B003,72.4375,70.33712806334961,2.10037193665039
2017-11-06 22:00:00,B002,257.0,245.79466969939506,11.205330300604942
2017-11-06 22:00:00,B001,70.5,72.14211810196505,1.6421181019650533
2017-11-06 22:00:00,B003,57.375,65.09158411545582,7.716584115455817
2017-11-06 23:00:00,B002,257.0,249.7752647972705,7.224735202729505
2017-11-06 23:00:00,B001,47.75,51.85381266666669,4.103812666666691
2017-11-06 23:00:00,B003,52.1875,55.64520638243362,3.4577063824336207
2017-11-07 00:00:00,B002,248.5,247.03936984428063,1.4606301557193717
2017-11-07 00:00:00,B001,43.25,45.2395848156241,1.9895848156240987
2017-11-07 00:00:00,B003,51.375,51.92712298285203,0.5521229828520333
2017-11-07 01:00:00,B003,46.8125,51.1729211843756,4.360421184375603
2017-11-07 01:00:00,B001,43.25,42.810908445102854,0.43909155489714635
2017-11-07 01:00:00,B002,252.0,244.92892555197807,7.071074448021932
2017-11-07 02:00:00,B001,42.75,42.66828799318217,0.0817120068178312
2017-11-07 02:00:00,B003,46.0,46.57815374920838,0.5781537492083828
2017-11-07 02:00:00,B002,253.0,247.96755087607772,5.032449123922277
2017-11-07 03:00:00,B001,40.5,42.76881276048589,2.2688127604858934
2017-11-07 03:00:00,B003,45.625,46.1742793931494,0.5492793931493978
2017-11-07 03:00:00,B002,239.5,248.53147535090088,9.031475350900877
2017-11-07 04:00:00,B003,45.0,45.579063356644404,0.5790633566444043
2017-11-07 04:00:00,B002,233.0,235.91225970426035,2.91225970426035
2017-11-07 04:00:00,B001,39.25,40.97809930398677,1.7280993039867667
2017-11-07 05:00:00,B002,238.0,232.02725127948366,5.972748720516336
2017-11-07 05:00:00,B001,39.5,39.784453503977666,0.2844535039776659
2017-11-07 05:00:00,B003,45.25,44.732685074788456,0.5173149252115437
2017-11-07 06:00:00,B003,52.9375,50.866337617936566,2.0711623820634344
2017-11-07 06:00:00,B002,259.5,237.36154451460442,22.138455485395582
2017-11-07 06:00:00,B001,43.25,40.380963352717224,2.869036647282776
2017-11-07 07:00:00,B002,273.5,259.1141490241336,14.38585097586639
2017-11-07 07:00:00,B001,44.5,44.46861995521409,0.031380044785912276
2017-11-07 07:00:00,B003,60.25,66.05083063358627,5.800830633586273
2017-11-07 08:00:00,B001,44.75,45.969807920188686,1.2198079201886856
2017-11-07 08:00:00,B002,257.0,283.2891093512866,26.289109351286584
2017-11-07 08:00:00,B003,84.0,76.27619257010582,7.72380742989418
2017-11-07 09:00:00,B001,52.0,54.22631705807098,2.2263170580709826
2017-11-07 09:00:00,B003,108.8125,99.86358262175825,8.948917378241745
2017-11-07 09:00:00,B002,275.5,280.6098420778089,5.109842077808878
2017-11-07 10:00:00,B002,279.5,286.6029784819457,7.102978481945684
2017-11-07 10:00:00,B003,136.4375,127.2113423439153,9.226157656084695
2017-11-07 10:00:00,B001,76.75,70.92227255771284,5.827727442287156
2017-11-07 11:00:00,B002,287.0,288.5078334505709,1.5078334505708995
2017-11-07 11:00:00,B003,152.5,142.76746363825634,9.732536361743655
2017-11-07 11:00:00,B001,94.25,95.37644880633147,1.1264488063314673
2017-11-07 12:00:00,B003,152.625,155.16411232142858,2.5391123214285756
2017-11-07 12:00:00,B002,314.0,306.97897725636386,7.021022743636138
2017-11-07 12:00:00,B001,106.25,104.01303375883312,2.2369662411668827
2017-11-07 13:00:00,B003,159.3125,153.73653807539688,5.575961924603121
2017-11-07 13:00:00,B002,353.0,315.7721128081512,37.22788719184882
2017-11-07 13:00:00,B001,104.75,109.22705998715634,4.477059987156338
2017-11-07 14:00:00,B002,314.0,334.4553507788508,20.4553507788508
2017-11-07 14:00:00,B001,104.5,105.3889951581504,0.8889951581503936
2017-11-07 14:00:00,B003,162.5,158.56485976680668,3.935140233193323
2017-11-07 15:00:00,B003,169.125,160.47108459126986,8.653915408730143
2017-11-07 15:00:00,B002,339.5,309.4872509727338,30.01274902726618
2017-11-07 15:00:00,B001,109.0,109.39060782855937,0.39060782855936793
2017-11-07 16:00:00,B002,302.5,323.8477207144706,21.347720714470597
2017-11-07 16:00:00,B001,111.0,112.62470238916406,1.6247023891640566
2017-11-07 16:00:00,B003,164.875,165.76850996545244,0.8935099654524379
2017-11-07 17:00:00,B001,110.25,112.04783570354712,1.797835703547122
2017-11-07 17:00:00,B003,149.5625,155.78493845238097,6.22243845238097
2017-11-07 17:00:00,B002,307.5,297.60001223475774,9.899987765242258
2017-11-07 18:00:00,B001,93.0,92.9520426152287,0.04795738477129419
2017-11-07 18:00:00,B002,282.5,284.64897182649514,2.148971826495142
2017-11-07 18:00:00,B003,116.6875,128.01744638809524,11.329946388095237
2017-11-07 19:00:00,B002,268.0,264.5287187270361,3.4712812729638927
2017-11-07 19:00:00,B001,80.5,81.8145248634691,1.314524863469103
2017-11-07 19:00:00,B003,106.9375,100.92454221376894,6.0129577862310555
2017-11-07 20:00:00,B001,77.0,77.44543331852154,0.44543331852153756
2017-11-07 20:00:00,B002,256.5,254.49955043836374,2.000449561636259
2017-11-07 20:00:00,B003,93.625,93.63309630394794,0.008096303947937145
2017-11-07 21:00:00,B003,72.4375,82.06624361086634,9.628743610866337
2017-11-07 21:00:00,B001,76.0,73.22990490496238,2.770095095037618
2017-11-07 21:00:00,B002,250.5,244.75590392908524,5.744096070914765
2017-11-07 22:00:00,B002,250.5,242.5368986086832,7.963101391316798
2017-11-07 22:00:00,B001,75.25,74.01567453612572,1.2343254638742849
2017-11-07 22:00:00,B003,60.3125,63.451519094264,3.1390190942640004
2017-11-07 23:00:00,B002,259.5,243.5481306101646,15.951869389835394
2017-11-07 23:00:00,B001,47.5,54.41325325978834,6.913253259788341
2017-11-07 23:00:00,B003,58.5625,57.411172744131434,1.1513272558685657
2017-11-08 00:00:00,B002,260.0,246.28348422327483,13.716515776725174
2017-11-08 00:00:00,B001,43.25,44.07471504501906,0.8247150450190617
2017-11-08 00:00:00,B003,56.5,56.64118252253996,0.14118252253995678
2017-11-08 01:00:00,B003,55.3125,54.81391954867862,0.49858045132138074
2017-11-08 01:00:00,B002,261.0,253.2042555632908,7.795744436709214
2017-11-08 01:00:00,B001,43.25,43.46513670489067,0.21513670489066783
2017-11-08 02:00:00,B002,254.5,255.2569755655316,0.7569755655316044
2017-11-08 02:00:00,B001,42.0,43.08959425711793,1.0895942571179305
2017-11-08 02:00:00,B003,53.125,54.079393676792925,0.9543936767929253
2017-11-08 03:00:00,B002,260.0,246.7840038579964,13.215996142003604
2017-11-08 03:00:00,B001,42.0,42.14715781773996,0.14715781773995928
2017-11-08 03:00:00,B003,52.75,51.79836098175369,0.9516390182463113
2017-11-08 04:00:00,B001,40.5,42.18527353178702,1.6852735317870184
2017-11-08 04:00:00,B002,256.5,255.93324519850998,0.5667548014900206
2017-11-08 04:00:00,B003,52.625,51.893643466181814,0.731356533818186
2017-11-08 05:00:00,B003,51.0,51.607095114741405,0.607095114741405
2017-11-08 05:00:00,B001,41.5,40.159075103502325,1.3409248964976754
2017-11-08 05:00:00,B002,249.0,250.61359606384988,1.613596063849883
2017-11-08 06:00:00,B002,254.0,248.22357840206945,5.77642159793055
2017-11-08 06:00:00,B003,60.0,55.9511835473089,4.048816452691099
2017-11-08 06:00:00,B001,43.0,41.838249345770954,1.1617506542290457
2017-11-08 07:00:00,B003,67.9375,70.95342752364606,3.015927523646056
2017-11-08 07:00:00,B002,267.5,254.07647550846556,13.423524491534437
2017-11-08 07:00:00,B001,45.75,43.80323412694768,1.9467658730523212
2017-11-08 08:00:00,B003,83.0,77.85906195453758,5.14093804546242
2017-11-08 08:00:00,B001,46.75,46.51314590698748,0.2368540930125178
2017-11-08 08:00:00,B002,267.0,271.36981080677316,4.36981080677316
2017-11-08 09:00:00,B003,104.0625,98.2629662614977,5.799533738502305
2017-11-08 09:00:00,B002,284.5,284.6541449114406,0.1541449114405964
2017-11-08 09:00:00,B001,51.0,52.66247199410397,1.6624719941039672
2017-11-08 10:00:00,B003,124.5,124.73607825661384,0.23607825661383686
2017-11-08 10:00:00,B002,295.5,295.6121900264549,0.11219002645492537
2017-11-08 10:00:00,B001,76.5,73.3670094980205,3.1329905019795063
2017-11-08 11:00:00,B002,311.0,306.8073687716333,4.192631228366679
2017-11-08 11:00:00,B001,92.5,94.41288613104507,1.9128861310450702
2017-11-08 11:00:00,B003,145.375,137.0517277777778,8.323272222222187
2017-11-08 12:00:00,B001,102.5,99.09084073220174,3.409159267798259
2017-11-08 12:00:00,B003,154.875,149.94553003021437,4.929469969785629
2017-11-08 12:00:00,B002,333.5,315.1725003926787,18.327499607321272
2017-11-08 13:00:00,B001,106.5,106.59541708353416,0.09541708353415856
2017-11-08 13:00:00,B002,314.0,324.7805830681664,10.78058306816638
2017-11-08 13:00:00,B003,160.375,154.56323777380948,5.811762226190524
2017-11-08 14:00:00,B002,324.5,314.7408818219023,9.759118178097708
2017-11-08 14:00:00,B001,103.25,105.52212737391407,2.272127373914074
2017-11-08 14:00:00,B003,164.625,158.41326327380952,6.21173672619048
2017-11-08 15:00:00,B002,319.0,317.41611898001304,1.5838810199869613
2017-11-08 15:00:00,B003,163.8125,162.24283953703704,1.5696604629629576
2017-11-08 15:00:00,B001,105.75,108.56390218716915,2.8139021871691483
2017-11-08 16:00:00,B003,156.9375,162.01577338095237,5.078273380952368
2017-11-08 16:00:00,B001,108.0,109.21205695880207,1.2120569588020658
2017-11-08 16:00:00,B002,320.5,314.12989454752415,6.370105452475855
2017-11-08 17:00:00,B003,148.1875,146.39053320634915,1.7969667936508529
2017-11-08 17:00:00,B001,108.25,107.44414238009767,0.8058576199023264
2017-11-08 17:00:00,B002,326.5,309.82474160893395,16.675258391066052
2017-11-08 18:00:00,B003,116.6875,128.2414375952381,11.553937595238096
2017-11-08 18:00:00,B002,288.0,302.923234126984,14.923234126984028
2017-11-08 18:00:00,B001,92.25,93.44875974083229,1.198759740832287
2017-11-08 19:00:00,B001,82.5,81.93100309812372,0.5689969018762753
2017-11-08 19:00:00,B002,279.0,272.7707401975346,6.2292598024653785
2017-11-08 19:00:00,B003,105.8125,101.73880031348317,4.073699686516832
2017-11-08 20:00:00,B002,262.5,259.5675421195323,2.932457880467723
2017-11-08 20:00:00,B001,77.25,78.56959507588178,1.3195950758817787
2017-11-08 20:00:00,B003,94.9375,92.22189789203959,2.7156021079604074
2017-11-08 21:00:00,B002,257.0,253.21967122074741,3.780328779252585
2017-11-08 21:00:00,B001,76.5,73.3931316761591,3.1068683238408994
2017-11-08 21:00:00,B003,72.1875,85.16348610319513,12.975986103195126
2017-11-08 22:00:00,B003,64.0625,63.8451746821428,0.21732531785720255
2017-11-08 22:00:00,B002,257.5,250.6599905748015,6.840009425198502
2017-11-08 22:00:00,B001,69.25,73.14259118956295,3.8925911895629497
2017-11-08 23:00:00,B002,259.0,252.3616276579571,6.6383723420429135
2017-11-08 23:00:00,B001,49.5,48.193732933333344,1.3062670666666563
2017-11-08 23:00:00,B003,58.4375,58.81800456272722,0.3805045627272179
2017-11-09 00:00:00,B003,54.5625,57.88466057665553,3.322160576655527
2017-11-09 00:00:00,B002,264.5,249.77781738071172,14.722182619288276
2017-11-09 00:00:00,B001,46.0,45.24398985344014,0.7560101465598592
2017-11-09 01:00:00,B001,44.75,46.50242946524566,1.7524294652456618
2017-11-09 01:00:00,B003,56.6875,53.02900691405997,3.65849308594003
2017-11-09 01:00:00,B002,255.5,253.2582983062462,2.241701693753811
2017-11-09 02:00:00,B002,257.0,250.7098752262273,6.290124773772703
2017-11-09 02:00:00,B001,45.25,43.91074930898098,1.3392506910190178
2017-11-09 02:00:00,B003,55.5625,55.946021096185625,0.3835210961856248
2017-11-09 03:00:00,B001,44.75,44.508419879868335,0.2415801201316654
2017-11-09 03:00:00,B002,251.0,255.45486364743812,4.454863647438117
2017-11-09 03:00:00,B003,52.6875,54.33262353671661,1.6451235367166106
2017-11-09 04:00:00,B001,44.25,43.77649278664106,0.47350721335894264
2017-11-09 04:00:00,B002,260.0,248.26925922900665,11.73074077099335
2017-11-09 04:00:00,B003,51.3125,51.99926361880963,0.6867636188096284
2017-11-09 05:00:00,B003,52.1875,51.45180857782436,0.7356914221756412
2017-11-09 05:00:00,B001,45.0,43.34202061505184,1.6579793849481632
2017-11-09 05:00:00,B002,257.0,255.87269389349512,1.127306106504875
2017-11-09 06:00:00,B001,47.25,45.60937755499585,1.6406224450041478
2017-11-09 06:00:00,B003,60.5625,56.76213036269228,3.8003696373077176
2017-11-09 06:00:00,B002,263.5,254.76786295158217,8.732137048417826
2017-11-09 07:00:00,B001,48.25,47.61550637981552,0.6344936201844789
2017-11-09 07:00:00,B002,261.5,258.9435536451346,2.556446354865386
2017-11-09 07:00:00,B003,71.375,72.69720743103771,1.322207431037711
2017-11-09 08:00:00,B003,87.75,81.03278472385024,6.7172152761497586
2017-11-09 08:00:00,B002,265.5,267.4250548953824,1.9250548953824023
2017-11-09 08:00:00,B001,47.5,48.48202416134105,0.9820241613410516
2017-11-09 09:00:00,B002,286.0,280.28738897856186,5.712611021438136
2017-11-09 09:00:00,B003,111.625,99.87858920294421,11.746410797055788
2017-11-09 09:00:00,B001,55.25,54.52011818050754,0.7298818194924621
2017-11-09 10:00:00,B003,128.9375,129.33402679690687,0.3965267969068691
2017-11-09 10:00:00,B002,297.0,298.42251249735443,1.4225124973544325
2017-11-09 10:00:00,B001,68.75,76.74006955107528,7.99006955107528
2017-11-09 11:00:00,B003,159.375,140.5740923756613,18.80090762433869
2017-11-09 11:00:00,B001,90.0,90.2049233262116,0.20492332621159903
2017-11-09 11:00:00,B002,296.0,307.8599886976621,11.859988697662118
2017-11-09 12:00:00,B001,97.75,96.88404210793652,0.8659578920634772
2017-11-09 12:00:00,B002,320.5,307.1656464479029,13.334353552097127
2017-11-09 12:00:00,B003,161.875,159.51425305252096,2.3607469474790435
2017-11-09 13:00:00,B001,103.25,100.21338384012378,3.0366161598762176
2017-11-09 13:00:00,B002,323.0,318.0879404659284,4.912059534071602
2017-11-09 13:00:00,B003,163.375,160.97948671428577,2.3955132857142303
2017-11-09 14:00:00,B003,154.375,161.21656566402112,6.841565664021118
2017-11-09 14:00:00,B001,102.0,104.91916387574628,2.9191638757462783
2017-11-09 14:00:00,B002,332.0,317.339072888091,14.660927111909018
2017-11-09 15:00:00,B001,104.75,108.98619987718712,4.2361998771871185
2017-11-09 15:00:00,B003,160.8125,156.27842740367961,4.534072596320385
2017-11-09 15:00:00,B002,317.0,330.365889934278,13.365889934278016
2017-11-09 16:00:00,B003,157.6875,160.9347051626984,3.247205162698407
2017-11-09 16:00:00,B001,107.25,108.25048980813129,1.0004898081312916
2017-11-09 16:00:00,B002,317.0,313.8377306155517,3.1622693844482797
2017-11-09 17:00:00,B003,145.125,146.43835822222218,1.3133582222221776
2017-11-09 17:00:00,B001,106.25,107.71511173410296,1.4651117341029618
2017-11-09 17:00:00,B002,298.0,305.94179167171706,7.941791671717056
2017-11-09 18:00:00,B003,115.5,124.8215629444444,9.321562944444395
2017-11-09 18:00:00,B001,95.25,91.84425765978875,3.4057423402112477
2017-11-09 18:00:00,B002,293.5,280.5314895065178,12.9685104934822
2017-11-09 19:00:00,B001,82.25,85.27499301859002,3.024993018590024
2017-11-09 19:00:00,B003,104.5,103.07202709391535,1.4279729060846478
2017-11-09 19:00:00,B002,268.5,275.2017428409022,6.701742840902227
2017-11-09 20:00:00,B003,88.625,92.14902049174329,3.5240204917432862
2017-11-09 20:00:00,B002,269.5,252.78398728081672,16.716012719183283
2017-11-09 20:00:00,B001,80.75,77.96418683672914,2.785813163270859
2017-11-09 21:00:00,B002,270.5,253.58366699517262,16.91633300482738
2017-11-09 21:00:00,B001,79.25,77.74114568928753,1.508854310712465
2017-11-09 21:00:00,B003,69.8125,77.74415876376291,7.931658763762911
2017-11-09 22:00:00,B002,270.0,256.5394454409327,13.460554559067305
2017-11-09 22:00:00,B001,78.25,73.13498519590361,5.11501480409639
2017-11-09 22:00:00,B003,57.625,63.01945663843755,5.394456638437553
2017-11-09 23:00:00,B002,274.0,256.8113280357255,17.188671964274477
2017-11-09 23:00:00,B001,49.25,57.281659365079385,8.031659365079385
2017-11-09 23:00:00,B003,53.4375,55.67599146343253,2.2384914634325312
2017-11-10 00:00:00,B002,248.5,259.5480063596044,11.048006359604415
2017-11-10 00:00:00,B001,46.75,46.30298199680954,0.4470180031904576
2017-11-10 00:00:00,B003,50.5,52.65564951039511,2.155649510395108
2017-11-10 01:00:00,B003,49.0625,50.311343702716734,1.2488437027167336
2017-11-10 01:00:00,B001,43.0,45.94967066912434,2.9496706691243375
2017-11-10 01:00:00,B002,257.0,244.25430618066912,12.745693819330882
2017-11-10 02:00:00,B003,47.5625,49.395291176621676,1.8327911766216758
2017-11-10 02:00:00,B002,264.0,254.95269804934176,9.047301950658238
2017-11-10 02:00:00,B001,40.5,43.13375249387329,2.6337524938732884
2017-11-10 03:00:00,B002,261.5,257.09285830901536,4.407141690984645
2017-11-10 03:00:00,B001,40.0,40.782504465369655,0.7825044653696551
2017-11-10 03:00:00,B003,47.625,47.702297905264864,0.07729790526486369
2017-11-10 04:00:00,B003,47.5,47.55186845210402,0.05186845210401714
2017-11-10 04:00:00,B001,41.0,40.46721495367449,0.5327850463255075
2017-11-10 04:00:00,B002,254.5,257.2367733772981,2.736773377298107
2017-11-10 05:00:00,B001,41.0,40.87903082578653,0.12096917421347086
2017-11-10 05:00:00,B003,47.6875,47.463809148557324,0.22369085144267586
2017-11-10 05:00:00,B002,237.5,247.01328600555306,9.513286005553056
2017-11-10 06:00:00,B001,42.5,41.26735076307074,1.2326492369292623
2017-11-10 06:00:00,B003,57.4375,53.076684412926696,4.360815587073304
2017-11-10 06:00:00,B002,247.0,235.61740427667436,11.382595723325636
2017-11-10 07:00:00,B001,47.25,43.27710898730865,3.972891012691349
2017-11-10 07:00:00,B002,251.5,250.95459799073132,0.5454020092686847
2017-11-10 07:00:00,B003,67.4375,71.08061429402605,3.6431142940260486
2017-11-10 08:00:00,B001,45.5,47.89452690996525,2.3945269099652506
2017-11-10 08:00:00,B002,256.5,258.65662122857134,2.156621228571339
2017-11-10 08:00:00,B003,85.4375,78.17758948148146,7.259910518518538
2017-11-10 09:00:00,B003,115.625,101.63236453831807,13.992635461681928
2017-11-10 09:00:00,B002,267.5,276.73973861006925,9.239738610069253
2017-11-10 09:00:00,B001,53.25,54.54939694950155,1.2993969495015492
2017-11-10 10:00:00,B002,294.0,283.4208580397961,10.579141960203913
2017-11-10 10:00:00,B003,136.75,129.85468149206346,6.895318507936537
2017-11-10 10:00:00,B001,82.25,71.21557542531826,11.034424574681736
2017-11-10 11:00:00,B003,149.125,143.36770938888898,5.757290611111017
2017-11-10 11:00:00,B001,101.25,97.3183571165945,3.9316428834055017
2017-11-10 11:00:00,B002,304.5,308.69916981192875,4.199169811928755
2017-11-10 12:00:00,B001,106.25,105.98359163271385,0.2664083672861466
2017-11-10 12:00:00,B002,303.5,318.3874210370378,14.887421037037825
2017-11-10 12:00:00,B003,145.75,150.27901937407475,4.52901937407475
2017-11-10 13:00:00,B003,144.0625,148.48474607858756,4.422246078587563
2017-11-10 13:00:00,B002,298.5,318.95085471498317,20.450854714983166
2017-11-10 13:00:00,B001,104.0,109.383668504731,5.3836685047310056
2017-11-10 14:00:00,B001,101.75,105.49806059631817,3.748060596318169
2017-11-10 14:00:00,B002,299.0,310.91221981117997,11.912219811179966
2017-11-10 14:00:00,B003,143.5625,144.14565401824282,0.5831540182428228
2017-11-10 15:00:00,B001,107.25,109.35257381297176,2.1025738129717553
2017-11-10 15:00:00,B003,145.5625,143.06355722918354,2.4989427708164555
2017-11-10 15:00:00,B002,299.0,311.4244520850617,12.424452085061716
2017-11-10 16:00:00,B001,114.25,111.53570341909344,2.714296580906563
2017-11-10 16:00:00,B002,319.0,303.9786729695602,15.021327030439807
2017-11-10 16:00:00,B003,144.625,145.93537942304596,1.3103794230459584
2017-11-10 17:00:00,B001,111.5,109.36479608439154,2.1352039156084572
2017-11-10 17:00:00,B002,298.5,306.7940843646497,8.294084364649677
2017-11-10 17:00:00,B003,124.5625,131.36543674603172,6.802936746031719
2017-11-10 18:00:00,B001,97.25,94.06813576454694,3.1818642354530624
2017-11-10 18:00:00,B002,276.0,282.83461710196707,6.834617101967069
2017-11-10 18:00:00,B003,108.6875,110.3786522222222,1.6911522222222004
2017-11-10 19:00:00,B002,262.5,263.725181263694,1.2251812636940258
2017-11-10 19:00:00,B001,82.25,84.61880237744239,2.3688023774423925
2017-11-10 19:00:00,B003,96.125,97.09940066746036,0.9744006674603582
2017-11-10 20:00:00,B001,81.25,78.4191224370828,2.8308775629171947
2017-11-10 20:00:00,B002,245.0,251.0583841796338,6.058384179633805
2017-11-10 20:00:00,B003,90.125,87.11572055198548,3.0092794480145244
2017-11-10 21:00:00,B002,243.0,233.91567457579512,9.084325424204877
2017-11-10 21:00:00,B001,79.5,78.70410201544387,0.7958979845561345
2017-11-10 21:00:00,B003,74.3125,79.59927012262006,5.286770122620055
2017-11-10 22:00:00,B002,234.0,237.266691327356,3.266691327356
2017-11-10 22:00:00,B001,78.25,78.6522110401272,0.40221104012719877
2017-11-10 22:00:00,B003,55.75,66.9587258527652,11.208725852765198
2017-11-10 23:00:00,B003,52.5625,54.57786458444266,2.0153645844426578
2017-11-10 23:00:00,B002,235.5,228.10087633475888,7.39912366524112
2017-11-10 23:00:00,B001,56.75,57.97859282857144,1.2285928285714434
2017-11-11 00:00:00,B003,52.0,51.78941414055676,0.21058585944324193
2017-11-11 00:00:00,B001,43.75,48.86151327690395,5.111513276903949
2017-11-11 00:00:00,B002,240.5,232.06873867113566,8.431261328864338
2017-11-11 01:00:00,B003,48.0625,51.492458900116596,3.4299589001165955
2017-11-11 01:00:00,B001,48.75,43.62632135661672,5.123678643383279
2017-11-11 01:00:00,B002,237.5,239.90177917090188,2.401779170901875
2017-11-11 02:00:00,B002,226.0,234.0646297858377,8.064629785837695
2017-11-11 02:00:00,B003,46.125,47.28071088705936,1.1557108870593567
2017-11-11 02:00:00,B001,50.25,48.004598501909165,2.2454014980908354
2017-11-11 03:00:00,B003,45.6875,45.923122286834335,0.23562228683433517
2017-11-11 03:00:00,B001,51.75,48.937921619052446,2.812078380947554
2017-11-11 03:00:00,B002,213.5,224.69829626172455,11.19829626172455
2017-11-11 04:00:00,B001,51.25,49.79071047038826,1.4592895296117376
2017-11-11 04:00:00,B003,45.0,45.33332376973593,0.3333237697359266
2017-11-11 04:00:00,B002,211.0,213.9592194816626,2.9592194816625863
2017-11-11 05:00:00,B002,218.5,212.35092243959184,6.149077560408159
2017-11-11 05:00:00,B003,46.375,44.658813929141225,1.7161860708587753
2017-11-11 05:00:00,B001,53.5,49.628543492611485,3.8714565073885154
2017-11-11 06:00:00,B002,227.5,217.08944084051893,10.410559159481068
2017-11-11 06:00:00,B003,45.25,48.17752350501444,2.9275235050144417
2017-11-11 06:00:00,B001,53.25,51.942755064135625,1.3072449358643752
2017-11-11 07:00:00,B003,45.5,47.36464957578162,1.8646495757816197
2017-11-11 07:00:00,B002,225.5,227.54008625515644,2.0400862551564387
2017-11-11 07:00:00,B001,52.75,52.42400680608876,0.3259931939112377
2017-11-11 08:00:00,B001,49.5,52.18520036035075,2.6852003603507484
2017-11-11 08:00:00,B002,224.5,229.1557368707846,4.655736870784608
2017-11-11 08:00:00,B003,49.75,48.561044899633714,1.188955100366286
2017-11-11 09:00:00,B001,43.75,52.016599748797645,8.266599748797645
2017-11-11 09:00:00,B003,51.4375,53.41483849138702,1.9773384913870231
2017-11-11 09:00:00,B002,232.5,230.45725346104393,2.0427465389560666
2017-11-11 10:00:00,B002,239.0,237.64043953327734,1.3595604667226553
2017-11-11 10:00:00,B001,43.0,44.743935505009034,1.7439355050090342
2017-11-11 10:00:00,B003,53.6875,57.351816416818174,3.664316416818174
2017-11-11 11:00:00,B003,57.1875,62.703568566402126,5.516068566402126
2017-11-11 11:00:00,B002,243.0,242.19276603752053,0.8072339624794722
2017-11-11 11:00:00,B001,45.0,45.49058977405974,0.49058977405974247
2017-11-11 12:00:00,B001,51.25,47.337272774138924,3.912727225861076
2017-11-11 12:00:00,B002,247.0,243.7669768830687,3.2330231169312924
2017-11-11 12:00:00,B003,68.0,60.90275621637298,7.097243783627022
2017-11-11 13:00:00,B001,56.75,54.10107925496211,2.6489207450378913
2017-11-11 13:00:00,B002,243.0,247.818375231746,4.818375231745989
2017-11-11 13:00:00,B003,71.5625,69.86204764426405,1.7004523557359477
2017-11-11 14:00:00,B003,74.875,73.56209077969561,1.312909220304391
2017-11-11 14:00:00,B001,64.5,59.470464184953414,5.029535815046586
2017-11-11 14:00:00,B002,244.0,244.31951983703703,0.3195198370370349
2017-11-11 15:00:00,B003,79.1875,75.66874110437716,3.518758895622838
2017-11-11 15:00:00,B002,252.5,243.85437279004336,8.645627209956643
2017-11-11 15:00:00,B001,70.25,66.14853549159723,4.1014645084027705
2017-11-11 16:00:00,B002,253.5,255.55024670555557,2.0502467055555655
2017-11-11 16:00:00,B001,68.75,71.55170379771913,2.801703797719128
2017-11-11 16:00:00,B003,82.3125,75.86306003906545,6.449439960934555
2017-11-11 17:00:00,B003,77.9375,75.41137802094495,2.5261219790550484
2017-11-11 17:00:00,B002,252.0,252.01357804603097,0.013578046030971791
2017-11-11 17:00:00,B001,65.5,69.5988279611037,4.098827961103694
2017-11-11 18:00:00,B001,43.0,56.705486901572115,13.705486901572115
2017-11-11 18:00:00,B002,247.0,246.4880921802159,0.5119078197841134
2017-11-11 18:00:00,B003,72.75,73.09549704610109,0.34549704610108734
2017-11-11 19:00:00,B001,42.0,43.00270023949186,1.0027002394918583
2017-11-11 19:00:00,B002,242.5,236.1491430946273,6.350856905372694
2017-11-11 19:00:00,B003,71.9375,69.67203183815371,2.265468161846286
2017-11-11 20:00:00,B001,39.75,42.236081674010435,2.4860816740104354
2017-11-11 20:00:00,B003,69.25,68.52936471386316,0.7206352861368401
2017-11-11 20:00:00,B002,243.0,236.32268138039717,6.677318619602829
2017-11-11 21:00:00,B001,39.75,40.13684444135797,0.38684444135797236
2017-11-11 21:00:00,B003,61.8125,65.75426422228,3.94176422228
2017-11-11 21:00:00,B002,237.0,235.70309641247192,1.296903587528078
2017-11-11 22:00:00,B002,232.5,233.291459874227,0.7914598742270016
2017-11-11 22:00:00,B003,55.125,57.36298001534799,2.2379800153479934
2017-11-11 22:00:00,B001,40.0,40.021861098027806,0.02186109802780578
2017-11-11 23:00:00,B003,55.5,53.884460339265985,1.6155396607340151
2017-11-11 23:00:00,B001,40.25,40.36336757341663,0.11336757341663173
2017-11-11 23:00:00,B002,229.5,227.3008456132306,2.1991543867694077
2017-11-12 00:00:00,B002,228.5,226.05092098424666,2.449079015753341
2017-11-12 00:00:00,B001,43.0,43.702518226950076,0.702518226950076
2017-11-12 00:00:00,B003,52.75,54.52101005096694,1.771010050966943
2017-11-12 01:00:00,B003,53.1875,51.405355824834864,1.7821441751651363
2017-11-12 01:00:00,B001,42.5,43.175481528485676,0.6754815284856761
2017-11-12 01:00:00,B002,228.0,226.19112926389886,1.8088707361011416
2017-11-12 02:00:00,B001,42.5,42.917908545431665,0.4179085454316649
2017-11-12 02:00:00,B002,216.5,225.47703845132148,8.977038451321476
2017-11-12 02:00:00,B003,52.5625,52.08572586956141,0.4767741304385922
2017-11-12 03:00:00,B001,42.5,42.78258669964296,0.28258669964296246
2017-11-12 03:00:00,B002,220.0,215.9452033023625,4.054796697637499
2017-11-12 03:00:00,B003,52.375,51.58663359459611,0.7883664054038917
2017-11-12 04:00:00,B001,42.75,42.76047578862094,0.01047578862093701
2017-11-12 04:00:00,B002,220.5,218.37105503457835,2.1289449654216526
2017-11-12 04:00:00,B003,52.5,51.191840941470794,1.3081590585292062
2017-11-12 05:00:00,B001,42.5,43.195055236375424,0.6950552363754241
2017-11-12 05:00:00,B003,52.125,51.23912466275072,0.8858753372492814
2017-11-12 05:00:00,B002,221.0,219.45144803416895,1.5485519658310523
2017-11-12 06:00:00,B003,51.9375,52.185187641046696,0.24768764104669572
2017-11-12 06:00:00,B001,42.5,42.94857166816116,0.4485716681611578
2017-11-12 06:00:00,B002,226.0,220.76299101552203,5.237008984477967
2017-11-12 07:00:00,B002,220.0,226.40154172715793,6.401541727157934
2017-11-12 07:00:00,B001,42.25,42.694546534216876,0.44454653421687595
2017-11-12 07:00:00,B003,52.5625,51.77946323356258,0.7830367664374194
2017-11-12 08:00:00,B002,231.5,220.40501071400917,11.094989285990835
2017-11-12 08:00:00,B001,41.0,42.72331920150118,1.7233192015011767
2017-11-12 08:00:00,B003,53.0625,52.25324826783195,0.8092517321680504
2017-11-12 09:00:00,B001,41.75,41.28808054798813,0.4619194520118697
2017-11-12 09:00:00,B003,55.875,53.82759059681131,2.047409403188688
2017-11-12 09:00:00,B002,237.5,233.79130650013332,3.7086934998666834
2017-11-12 10:00:00,B001,41.25,42.652083103981155,1.4020831039811554
2017-11-12 10:00:00,B003,56.0625,57.340715599593565,1.2782155995935653
2017-11-12 10:00:00,B002,247.5,240.93743020962498,6.562569790375022
2017-11-12 11:00:00,B001,45.25,43.08278940482567,2.167210595174332
2017-11-12 11:00:00,B003,59.125,58.01598078584616,1.1090192141538395
2017-11-12 11:00:00,B002,241.5,255.35865642857135,13.85865642857135
2017-11-12 12:00:00,B001,49.0,50.27478180094676,1.2747818009467622
2017-11-12 12:00:00,B002,238.5,245.4577028280858,6.957702828085786
2017-11-12 12:00:00,B003,63.25,62.82857363651737,0.42142636348263096
2017-11-12 13:00:00,B001,55.25,52.11349290159062,3.136507098409382
2017-11-12 13:00:00,B002,245.5,241.6046987336256,3.895301266374389
2017-11-12 13:00:00,B003,62.5,63.871748357891725,1.3717483578917253
2017-11-12 14:00:00,B002,241.5,255.25607315873015,13.756073158730146
2017-11-12 14:00:00,B003,74.0625,63.08205856165905,10.980441438340947
2017-11-12 14:00:00,B001,61.75,57.84733258221216,3.902667417787839
2017-11-12 15:00:00,B002,240.0,244.61535505528718,4.615355055287182
2017-11-12 15:00:00,B003,77.75,75.27501848066751,2.474981519332488
2017-11-12 15:00:00,B001,66.75,63.57984660248985,3.1701533975101484
2017-11-12 16:00:00,B002,237.5,239.02241889318734,1.5224188931873357
2017-11-12 16:00:00,B003,70.0625,73.00296046162975,2.9404604616297547
2017-11-12 16:00:00,B001,70.75,67.38029034139812,3.3697096586018773
2017-11-12 17:00:00,B002,239.0,236.1916901815223,2.80830981847771
2017-11-12 17:00:00,B001,73.5,64.53599154050019,8.964008459499809
2017-11-12 17:00:00,B003,69.4375,69.11048077473544,0.3270192252645643
2017-11-12 18:00:00,B001,49.0,64.97785971024354,15.977859710243536
2017-11-12 18:00:00,B003,66.1875,68.28072439083935,2.093224390839353
2017-11-12 18:00:00,B002,238.0,235.05110003305018,2.948899966949824
2017-11-12 19:00:00,B001,47.25,44.650885315915126,2.5991146840848742
2017-11-12 19:00:00,B002,238.0,234.2606623246639,3.7393376753360883
2017-11-12 19:00:00,B003,65.0625,63.62704643567614,1.4354535643238577
2017-11-12 20:00:00,B001,47.25,43.916215983325586,3.3337840166744144
2017-11-12 20:00:00,B002,231.5,234.26554049312315,2.7655404931231544
2017-11-12 20:00:00,B003,62.1875,62.6573239043373,0.4698239043372965
2017-11-12 21:00:00,B001,47.25,44.14019543313397,3.109804566866032
2017-11-12 21:00:00,B002,232.5,227.719085333879,4.780914666120992
2017-11-12 21:00:00,B003,59.5,57.999397623148226,1.5006023768517736
2017-11-12 22:00:00,B002,226.5,227.6490831901211,1.1490831901211038
2017-11-12 22:00:00,B003,55.0,58.609877026843776,3.609877026843776
2017-11-12 22:00:00,B001,47.5,44.52684728791169,2.9731527120883072
2017-11-12 23:00:00,B003,52.125,53.49788713995843,1.3728871399584293
2017-11-12 23:00:00,B002,230.5,223.58731279001066,6.912687209989343
2017-11-12 23:00:00,B001,46.75,44.5561672612593,2.193832738740703
2017-11-13 00:00:00,B003,50.375,52.58121824933841,2.206218249338413
2017-11-13 00:00:00,B001,47.5,45.613127626387296,1.8868723736127038
2017-11-13 00:00:00,B002,243.5,227.67312892976304,15.826871070236962
2017-11-13 01:00:00,B003,53.125,49.562758885769675,3.562241114230325
2017-11-13 01:00:00,B001,47.25,45.346247182679875,1.9037528173201252
2017-11-13 01:00:00,B002,238.5,243.29225102082233,4.792251020822334
2017-11-13 02:00:00,B001,44.5,45.032766731920916,0.5327667319209155
2017-11-13 02:00:00,B002,237.5,235.6736579927803,1.8263420072196936
2017-11-13 02:00:00,B003,53.9375,52.20189342366721,1.735606576332792
2017-11-13 03:00:00,B002,237.0,237.23015811434303,0.2301581143430269
2017-11-13 03:00:00,B003,52.4375,52.35638108381953,0.08111891618047196
2017-11-13 03:00:00,B001,42.5,44.43062215006232,1.9306221500623195
2017-11-13 04:00:00,B001,46.5,42.52302383031691,3.976976169683091
2017-11-13 04:00:00,B003,51.375,51.710566988088,0.33556698808799723
2017-11-13 04:00:00,B002,235.5,238.02572429879606,2.5257242987960637
2017-11-13 05:00:00,B001,48.0,45.84999531790928,2.1500046820907173
2017-11-13 05:00:00,B003,52.0,51.365846168347915,0.6341538316520854
2017-11-13 05:00:00,B002,230.5,235.78924136875827,5.289241368758269
2017-11-13 06:00:00,B001,49.0,48.62967654464434,0.3703234553556598
2017-11-13 06:00:00,B002,237.5,229.79329333958827,7.706706660411726
2017-11-13 06:00:00,B003,59.8125,58.528636200970276,1.2838637990297244
2017-11-13 07:00:00,B002,248.0,238.09756050960667,9.902439490393334
2017-11-13 07:00:00,B003,68.0625,70.93577962133101,2.873279621331008
2017-11-13 07:00:00,B001,49.75,50.2812940776009,0.5312940776008972
2017-11-13 08:00:00,B002,243.5,251.92435676031755,8.42435676031755
2017-11-13 08:00:00,B001,47.5,50.69116033018545,3.191160330185447
2017-11-13 08:00:00,B003,82.25,77.34147588037706,4.908524119622939
2017-11-13 09:00:00,B002,256.0,269.06269053197923,13.062690531979229
2017-11-13 09:00:00,B003,102.9375,102.3301149962963,0.6073850037036976
2017-11-13 09:00:00,B001,52.75,58.87592647453897,6.125926474538971
2017-11-13 10:00:00,B001,79.75,68.32861121058197,11.421388789418032
2017-11-13 10:00:00,B002,286.5,285.0579685683181,1.4420314316819258
2017-11-13 10:00:00,B003,126.25,125.59818305555551,0.6518169444444908
2017-11-13 11:00:00,B002,295.0,301.5299107229995,6.529910722999489
2017-11-13 11:00:00,B001,102.5,97.0274550828042,5.472544917195805
2017-11-13 11:00:00,B003,148.75,140.7220280873016,8.027971912698405
2017-11-13 12:00:00,B001,109.75,108.22430178441428,1.5256982155857202
2017-11-13 12:00:00,B002,294.5,319.54864061260633,25.048640612606334
2017-11-13 12:00:00,B003,156.8125,147.14914894020535,9.66335105979465
2017-11-13 13:00:00,B003,162.8125,154.79675419444445,8.015745805555554
2017-11-13 13:00:00,B001,112.0,112.26152806132896,0.2615280613289599
2017-11-13 13:00:00,B002,355.5,310.6161979498441,44.88380205015591
2017-11-13 14:00:00,B002,332.5,338.16942570195584,5.669425701955845
2017-11-13 14:00:00,B003,163.25,160.31042029761906,2.9395797023809394
2017-11-13 14:00:00,B001,109.75,110.7359314858739,0.9859314858739054
2017-11-13 15:00:00,B001,108.5,113.21205090862405,4.71205090862405
2017-11-13 15:00:00,B002,317.0,335.7049761904763,18.704976190476316
2017-11-13 15:00:00,B003,165.0,160.50296228174605,4.497037718253949
2017-11-13 16:00:00,B001,111.0,111.93914864002518,0.9391486400251807
2017-11-13 16:00:00,B002,313.5,316.1745715488616,2.674571548861593
2017-11-13 16:00:00,B003,159.625,163.21195738888886,3.5869573888888624
2017-11-13 17:00:00,B002,332.0,306.2267948607533,25.773205139246727
2017-11-13 17:00:00,B003,151.375,150.182506563492,1.1924934365079878
2017-11-13 17:00:00,B001,107.0,111.47907791614932,4.479077916149322
2017-11-13 18:00:00,B003,127.625,129.76872981534387,2.1437298153438746
2017-11-13 18:00:00,B002,299.0,301.9697637777777,2.9697637777777004
2017-11-13 18:00:00,B001,94.75,90.85991166746034,3.890088332539662
2017-11-13 19:00:00,B001,86.0,86.20405983663854,0.20405983663853533
2017-11-13 19:00:00,B002,285.0,277.7265774293818,7.273422570618209
2017-11-13 19:00:00,B003,101.125,110.62300162301588,9.498001623015881
2017-11-13 20:00:00,B001,86.5,81.62344455398187,4.876555446018131
2017-11-13 20:00:00,B002,267.5,267.21947958926745,0.2805204107325494
2017-11-13 20:00:00,B003,85.75,88.63828710379767,2.8882871037976656
2017-11-13 21:00:00,B002,268.0,252.93107062157293,15.068929378427072
2017-11-13 21:00:00,B001,84.5,81.18817949133847,3.311820508661526
2017-11-13 21:00:00,B003,72.875,74.82994240403546,1.9549424040354637
2017-11-13 22:00:00,B003,60.75,63.45298878658933,2.70298878658933
2017-11-13 22:00:00,B001,78.25,79.42137517420376,1.1713751742037601
2017-11-13 22:00:00,B002,259.5,256.30758178023547,3.1924182197645337
2017-11-13 23:00:00,B003,51.875,57.734491164281486,5.859491164281486
2017-11-13 23:00:00,B001,53.5,55.7041378835979,2.2041378835979017
2017-11-13 23:00:00,B002,264.0,250.21184291368223,13.788157086317767
2017-11-14 00:00:00,B003,49.6875,53.11619532052119,3.428695320521193
2017-11-14 00:00:00,B001,46.75,50.32434833447942,3.574348334479417
2017-11-14 00:00:00,B002,253.5,249.96674940419743,3.5332505958025706
2017-11-14 01:00:00,B001,48.75,46.1096621401347,2.640337859865298
2017-11-14 01:00:00,B003,47.375,49.424038915503466,2.0490389155034663
2017-11-14 01:00:00,B002,249.5,250.4752956848576,0.9752956848575991
2017-11-14 02:00:00,B003,44.625,46.90406445610897,2.2790644561089692
2017-11-14 02:00:00,B002,254.5,246.22252893381145,8.277471066188554
2017-11-14 02:00:00,B001,48.5,48.12423454576936,0.37576545423063834
2017-11-14 03:00:00,B001,49.25,48.23259317851769,1.0174068214823109
2017-11-14 03:00:00,B002,248.5,251.46291935451072,2.962919354510717
2017-11-14 03:00:00,B003,46.3125,44.50880445312115,1.8036955468788491
2017-11-14 04:00:00,B002,254.5,246.30162573582206,8.198374264177943
2017-11-14 04:00:00,B001,49.25,48.5257472165627,0.7242527834373007
2017-11-14 04:00:00,B003,45.9375,46.46573984089372,0.5282398408937183
2017-11-14 05:00:00,B001,45.5,48.30001866007311,2.800018660073107
2017-11-14 05:00:00,B003,45.375,45.34454861578343,0.03045138421656901
2017-11-14 05:00:00,B002,251.0,251.68042430391594,0.6804243039159417
2017-11-14 06:00:00,B001,46.5,46.31332091677978,0.18667908322021987
2017-11-14 06:00:00,B002,255.5,247.85214229202037,7.647857707979625
2017-11-14 06:00:00,B003,52.375,50.60736986628078,1.7676301337192228
2017-11-14 07:00:00,B002,265.5,252.18115331957674,13.318846680423263
2017-11-14 07:00:00,B003,62.5,61.718751605000286,0.7812483949997144
2017-11-14 07:00:00,B001,49.75,46.98885583387976,2.761144166120239
2017-11-14 08:00:00,B002,252.5,269.82346083297693,17.323460832976934
2017-11-14 08:00:00,B003,76.125,74.40825520150331,1.7167447984966913
2017-11-14 08:00:00,B001,48.0,49.83704357144145,1.8370435714414484
2017-11-14 09:00:00,B003,101.875,94.38982296899563,7.485177031004369
2017-11-14 09:00:00,B001,54.25,55.161305974762605,0.9113059747626053
2017-11-14 09:00:00,B002,269.0,280.58193648287136,11.581936482871356
2017-11-14 10:00:00,B001,81.0,78.62438132910513,2.375618670894866
2017-11-14 10:00:00,B003,127.0,123.91860124920636,3.081398750793639
2017-11-14 10:00:00,B002,293.5,286.56420570903197,6.935794290968033
2017-11-14 11:00:00,B003,156.9375,140.00361872222217,16.93388127777783
2017-11-14 11:00:00,B002,310.5,306.42444400959084,4.075555990409157
2017-11-14 11:00:00,B001,105.0,99.64637360398939,5.353626396010611
2017-11-14 12:00:00,B002,327.0,310.85500408241614,16.144995917583856
2017-11-14 12:00:00,B001,113.25,109.62324360283678,3.62675639716322
2017-11-14 12:00:00,B003,165.0,156.1444315181295,8.855568481870506
2017-11-14 13:00:00,B001,112.25,115.79857431130672,3.548574311306723
2017-11-14 13:00:00,B002,305.0,324.39218189605225,19.39218189605225
2017-11-14 13:00:00,B003,171.25,164.11965158730158,7.1303484126984245
2017-11-14 14:00:00,B001,112.25,113.51967474963244,1.2696747496324434
2017-11-14 14:00:00,B002,315.5,312.1744368466106,3.325563153389396
2017-11-14 14:00:00,B003,168.375,169.52686875984284,1.1518687598428414
2017-11-14 15:00:00,B003,171.0,168.26491399793807,2.7350860020619336
2017-11-14 15:00:00,B001,117.75,115.22122329296481,2.528776707035192
2017-11-14 15:00:00,B002,304.5,314.0862967657343,9.58629676573429
2017-11-14 16:00:00,B002,312.0,309.9082136429124,2.091786357087585
2017-11-14 16:00:00,B003,164.6875,170.19276204309796,5.505262043097957
2017-11-14 16:00:00,B001,118.25,118.55199151763622,0.30199151763622467
2017-11-14 17:00:00,B001,116.0,117.54633976785716,1.5463397678571624
2017-11-14 17:00:00,B002,302.0,301.1530352480548,0.8469647519452224
2017-11-14 17:00:00,B003,149.625,157.1092153148148,7.484215314814804
2017-11-14 18:00:00,B003,129.0625,127.91545082142862,1.147049178571379
2017-11-14 18:00:00,B001,96.25,98.39605154621489,2.146051546214892
2017-11-14 18:00:00,B002,278.0,283.82247026939336,5.822470269393364
2017-11-14 19:00:00,B003,107.625,113.19031036640212,5.565310366402116
2017-11-14 19:00:00,B001,87.25,83.74104132872563,3.508958671274371
2017-11-14 19:00:00,B002,263.5,262.89608159874564,0.6039184012543615
2017-11-14 20:00:00,B003,97.875,92.48602362224995,5.388976377750055
2017-11-14 20:00:00,B001,84.5,82.68218302801866,1.817816971981344
2017-11-14 20:00:00,B002,252.0,252.71236295004715,0.7123629500471509
2017-11-14 21:00:00,B001,80.0,81.08144403199799,1.0814440319979894
2017-11-14 21:00:00,B002,246.5,242.2731874896649,4.226812510335094
2017-11-14 21:00:00,B003,81.625,84.80107516299762,3.17607516299762
2017-11-14 22:00:00,B003,68.5625,71.68670481098414,3.124204810984139
2017-11-14 22:00:00,B001,78.5,78.87039152840671,0.37039152840671363
2017-11-14 22:00:00,B002,247.0,236.40345251946385,10.596547480536145
2017-11-14 23:00:00,B002,247.0,236.56711163728843,10.432888362711566
2017-11-14 23:00:00,B003,55.9375,60.55473703361457,4.617237033614572
2017-11-14 23:00:00,B001,52.25,55.051907478835986,2.801907478835986
2017-11-15 00:00:00,B002,241.5,236.35442144732835,5.145578552671651
2017-11-15 00:00:00,B003,51.0625,51.31658777763033,0.25408777763033186
2017-11-15 00:00:00,B001,46.25,48.74836925729353,2.4983692572935325
2017-11-15 01:00:00,B002,239.0,239.04927071348328,0.04927071348328127
2017-11-15 01:00:00,B003,46.125,49.64482234986574,3.5198223498657413
2017-11-15 01:00:00,B001,44.75,46.189845356842326,1.4398453568423264
2017-11-15 02:00:00,B002,239.5,232.50640073676195,6.993599263238053
2017-11-15 02:00:00,B001,43.5,44.404076694994565,0.9040766949945649
2017-11-15 02:00:00,B003,45.0625,46.11659954003103,1.0540995400310322
2017-11-15 03:00:00,B002,241.5,235.51049026385454,5.989509736145465
2017-11-15 03:00:00,B003,44.625,44.64670610022017,0.02170610022017172
2017-11-15 03:00:00,B001,43.75,44.011678349475254,0.2616783494752539
2017-11-15 04:00:00,B001,43.75,44.01097815562741,0.2609781556274129
2017-11-15 04:00:00,B002,233.5,239.7114156301131,6.211415630113095
2017-11-15 04:00:00,B003,43.125,44.299418491230654,1.1744184912306537
2017-11-15 05:00:00,B001,44.5,43.99768593087247,0.5023140691275287
2017-11-15 05:00:00,B002,232.5,233.6465706851716,1.1465706851716106
2017-11-15 05:00:00,B003,42.0625,43.3941086548944,1.3316086548944028
2017-11-15 06:00:00,B001,46.0,45.48184270624251,0.5181572937574899
2017-11-15 06:00:00,B002,245.5,232.19111055361617,13.30888944638383
2017-11-15 06:00:00,B003,52.1875,46.268552580721206,5.918947419278794
2017-11-15 07:00:00,B002,246.0,248.61310821020626,2.6131082102062635
2017-11-15 07:00:00,B003,64.6875,64.78137099710032,0.09387099710032487
2017-11-15 07:00:00,B001,47.0,46.68078391280134,0.31921608719866157
2017-11-15 08:00:00,B001,46.5,48.677402511319606,2.177402511319606
2017-11-15 08:00:00,B003,77.6875,73.85004446915177,3.8374555308482314
2017-11-15 08:00:00,B002,245.0,252.21421766402122,7.21421766402122
2017-11-15 09:00:00,B003,96.6875,95.24927975244424,1.438220247555762
2017-11-15 09:00:00,B002,269.5,271.52201587164456,2.0220158716445553
2017-11-15 09:00:00,B001,53.25,57.63502902736241,4.385029027362407
2017-11-15 10:00:00,B003,115.8125,122.48165521587306,6.669155215873062
2017-11-15 10:00:00,B001,79.25,76.72375834545367,2.5262416545463253
2017-11-15 10:00:00,B002,282.0,283.1119257070943,1.111925707094315
2017-11-15 11:00:00,B001,102.5,100.86958063682232,1.6304193631776798
2017-11-15 11:00:00,B002,312.0,295.2807762251447,16.719223774855323
2017-11-15 11:00:00,B003,144.5,130.1337821031746,14.36621789682539
2017-11-15 12:00:00,B002,306.0,320.3702497142297,14.370249714229715
2017-11-15 12:00:00,B001,111.25,107.79616030404564,3.4538396959543576
2017-11-15 12:00:00,B003,158.625,149.53184952889168,9.093150471108316
2017-11-15 13:00:00,B001,114.25,116.15097037408108,1.9009703740810835
2017-11-15 13:00:00,B003,166.8125,156.83469843386237,9.977801566137629
2017-11-15 13:00:00,B002,311.0,318.9130664115551,7.913066411555121
2017-11-15 14:00:00,B003,171.375,167.7327865929893,3.6422134070107006
2017-11-15 14:00:00,B001,111.0,113.25166636313584,2.25166636313584
2017-11-15 14:00:00,B002,312.5,312.5498576914461,0.049857691446106855
2017-11-15 15:00:00,B002,296.0,308.912083212961,12.912083212961022
2017-11-15 15:00:00,B001,115.0,115.31059377358343,0.31059377358343454
2017-11-15 15:00:00,B003,166.5625,170.65902810904916,4.09652810904916
2017-11-15 16:00:00,B001,120.0,115.85416778556142,4.145832214438585
2017-11-15 16:00:00,B003,168.375,167.04280058664014,1.3321994133598594
2017-11-15 16:00:00,B002,298.5,303.25150700740727,4.75150700740727
2017-11-15 17:00:00,B001,118.25,117.35608702591034,0.893912974089659
2017-11-15 17:00:00,B002,288.0,292.77285688961047,4.772856889610466
2017-11-15 17:00:00,B003,149.1875,161.90822656050435,12.720726560504346
2017-11-15 18:00:00,B001,97.0,98.78740588888887,1.7874058888888698
2017-11-15 18:00:00,B003,120.5,128.73508213359793,8.235082133597928
2017-11-15 18:00:00,B002,276.0,267.2007747212822,8.799225278717813
2017-11-15 19:00:00,B003,102.75,103.21322318650799,0.46322318650798877
2017-11-15 19:00:00,B001,85.5,84.51639238404555,0.9836076159544547
2017-11-15 19:00:00,B002,256.5,265.5846811750112,9.084681175011212
2017-11-15 20:00:00,B001,80.25,81.68859109423332,1.4385910942333169
2017-11-15 20:00:00,B003,93.625,91.23860978432415,2.3863902156758456
2017-11-15 20:00:00,B002,248.0,243.44474678742088,4.555253212579117
2017-11-15 21:00:00,B003,79.625,83.65946849640574,4.0344684964057365
2017-11-15 21:00:00,B002,242.5,234.7927252271578,7.707274772842197
2017-11-15 21:00:00,B001,79.0,79.78616664105286,0.7861666410528585
2017-11-15 22:00:00,B002,238.0,236.95214946522654,1.0478505347734597
2017-11-15 22:00:00,B003,66.0,70.51008010274889,4.510080102748887
2017-11-15 22:00:00,B001,78.25,79.29318288106444,1.043182881064439
2017-11-15 23:00:00,B003,58.3125,59.601653120942316,1.2891531209423164
2017-11-15 23:00:00,B001,56.0,56.448131764309785,0.4481317643097853
2017-11-15 23:00:00,B002,241.0,232.89268892309676,8.107311076903244
2017-11-16 00:00:00,B003,51.1875,55.331399776760385,4.143899776760385
2017-11-16 00:00:00,B001,46.5,49.57562397526948,3.0756239752694796
2017-11-16 00:00:00,B002,235.5,233.49575897394504,2.004241026054956
2017-11-16 01:00:00,B001,45.75,46.24488136209811,0.49488136209811273
2017-11-16 01:00:00,B003,50.5625,52.513045676192355,1.9505456761923554
2017-11-16 01:00:00,B002,243.5,238.04180415421112,5.458195845788879
2017-11-16 02:00:00,B002,237.0,242.61455683913732,5.614556839137322
2017-11-16 02:00:00,B001,44.5,45.31876603256421,0.8187660325642128
2017-11-16 02:00:00,B003,47.9375,49.55972764367818,1.6222276436781797
2017-11-16 03:00:00,B002,233.0,234.7571373600363,1.757137360036296
2017-11-16 03:00:00,B001,44.0,44.225021432025414,0.22502143202541447
2017-11-16 03:00:00,B003,47.625,47.89207635263047,0.26707635263046825
2017-11-16 04:00:00,B002,235.0,232.62972376178877,2.3702762382112326
2017-11-16 04:00:00,B001,43.25,44.08388669243141,0.8338866924314132
2017-11-16 04:00:00,B003,47.625,47.37745289384679,0.2475471061532133
2017-11-16 05:00:00,B001,43.25,43.35814070987275,0.1081407098727496
2017-11-16 05:00:00,B003,47.4375,47.55448187229742,0.11698187229742274
2017-11-16 05:00:00,B002,239.5,233.96335445659537,5.5366455434046316
2017-11-16 06:00:00,B003,59.375,53.01989139047773,6.355108609522269
2017-11-16 06:00:00,B001,46.25,44.307064031271054,1.9429359687289462
2017-11-16 06:00:00,B002,245.0,236.03791397409304,8.962086025906956
2017-11-16 07:00:00,B001,48.5,46.82181311289112,1.678186887108879
2017-11-16 07:00:00,B002,245.5,248.31661371448743,2.8166137144874313
2017-11-16 07:00:00,B003,64.0,71.31664692926655,7.316646929266554
2017-11-16 08:00:00,B003,80.875,75.0750424260375,5.7999575739625016
2017-11-16 08:00:00,B001,46.75,49.67437668719256,2.924376687192563
2017-11-16 08:00:00,B002,248.5,252.1756803370022,3.6756803370022055
2017-11-16 09:00:00,B001,55.25,55.94691417416006,0.6969141741600566
2017-11-16 09:00:00,B002,274.5,271.2825043500204,3.2174956499795826
2017-11-16 09:00:00,B003,103.0625,96.30076589559354,6.761734104406457
2017-11-16 10:00:00,B001,78.25,79.96086371422226,1.7108637142222562
2017-11-16 10:00:00,B003,122.75,124.60945870370371,1.8594587037037087
2017-11-16 10:00:00,B002,304.0,291.3257802145155,12.674219785484524
2017-11-16 11:00:00,B001,96.0,99.19880483307074,3.1988048330707386
2017-11-16 11:00:00,B003,150.3125,136.15718316798942,14.155316832010584
2017-11-16 11:00:00,B002,313.0,315.12195988815756,2.121959888157562
2017-11-16 12:00:00,B001,103.5,105.64379024966203,2.1437902496620325
2017-11-16 12:00:00,B003,159.875,151.21425199669306,8.660748003306935
2017-11-16 12:00:00,B002,322.0,314.01043457919064,7.989565420809356
2017-11-16 13:00:00,B002,353.0,322.74785061863616,30.252149381363836
2017-11-16 13:00:00,B001,104.5,107.32005016501587,2.8200501650158714
2017-11-16 13:00:00,B003,166.0625,160.7296484007937,5.332851599206293
2017-11-16 14:00:00,B001,105.75,105.82989888112319,0.0798988811231851
2017-11-16 14:00:00,B002,328.0,342.0818157490658,14.081815749065811
2017-11-16 14:00:00,B003,160.0,166.60899019378306,6.6089901937830575
2017-11-16 15:00:00,B001,110.75,109.7970290517564,0.9529709482436033
2017-11-16 15:00:00,B003,158.5625,159.86247397222223,1.299973972222233
2017-11-16 15:00:00,B002,331.0,328.2483721733628,2.7516278266372183
2017-11-16 16:00:00,B003,157.5625,156.4309415940073,1.1315584059927062
2017-11-16 16:00:00,B002,318.5,327.7798965970841,9.279896597084075
2017-11-16 16:00:00,B001,111.25,114.73472167373524,3.484721673735237
2017-11-16 17:00:00,B002,318.5,306.78513085857327,11.714869141426732
2017-11-16 17:00:00,B003,146.8125,146.12132529761902,0.6911747023809767
2017-11-16 17:00:00,B001,111.0,112.40689173015875,1.4068917301587476
2017-11-16 18:00:00,B003,122.375,125.87899573809521,3.503995738095213
2017-11-16 18:00:00,B002,292.5,288.861578099839,3.6384219001610063
2017-11-16 18:00:00,B001,99.25,93.42591628869371,5.824083711306287
2017-11-16 19:00:00,B003,106.75,103.79185837169318,2.9581416283068194
2017-11-16 19:00:00,B002,266.5,272.4686063409054,5.96860634090541
2017-11-16 19:00:00,B001,82.0,85.43855169676645,3.438551696766453
2017-11-16 20:00:00,B001,77.75,78.52034090055999,0.7703409005599866
2017-11-16 20:00:00,B002,249.0,251.88506176912628,2.885061769126281
2017-11-16 20:00:00,B003,94.875,93.2623809376107,1.6126190623892995
2017-11-16 21:00:00,B001,77.0,77.08756937955283,0.08756937955283206
2017-11-16 21:00:00,B002,243.0,236.43701971267558,6.562980287324422
2017-11-16 21:00:00,B003,80.0,83.84367198282754,3.8436719828275443
2017-11-16 22:00:00,B003,60.5,69.75262800394503,9.252628003945034
2017-11-16 22:00:00,B001,72.25,74.26617034647839,2.0161703464783898
2017-11-16 22:00:00,B002,233.0,236.83579107186296,3.835791071862957
2017-11-16 23:00:00,B003,52.8125,57.236327359050954,4.423827359050954
2017-11-16 23:00:00,B001,52.0,50.9171657777778,1.0828342222222034
2017-11-16 23:00:00,B002,232.0,228.78193146114708,3.2180685388529184
2017-11-17 00:00:00,B001,46.25,49.51591482894506,3.265914828945057
2017-11-17 00:00:00,B002,253.0,231.28661162354786,21.713388376452144
2017-11-17 00:00:00,B003,50.375,51.95336055575409,1.578360555754088
2017-11-17 01:00:00,B003,44.75,49.925500913929575,5.175500913929575
2017-11-17 01:00:00,B001,43.5,46.09376784637367,2.593767846373673
2017-11-17 01:00:00,B002,230.5,250.70227600086054,20.202276000860536
2017-11-17 02:00:00,B003,44.1875,44.83050908261061,0.643009082610611
2017-11-17 02:00:00,B001,43.25,43.77739591002528,0.5273959100252767
2017-11-17 02:00:00,B002,227.0,227.9695918986943,0.96959189869429
2017-11-17 03:00:00,B002,234.0,225.43639807128469,8.563601928715315
2017-11-17 03:00:00,B003,44.5625,44.26692715726921,0.29557284273079176
2017-11-17 03:00:00,B001,42.5,43.176201292037085,0.676201292037085
2017-11-17 04:00:00,B002,230.0,233.31272849397806,3.3127284939780566
2017-11-17 04:00:00,B001,43.25,42.163544957933496,1.086455042066504
2017-11-17 04:00:00,B003,44.9375,44.539597544640834,0.3979024553591657
2017-11-17 05:00:00,B003,43.875,44.623707701599116,0.7487077015991161
2017-11-17 05:00:00,B002,229.0,228.52285573328487,0.4771442667151291
2017-11-17 05:00:00,B001,42.25,43.18458806626209,0.9345880662620871
2017-11-17 06:00:00,B003,55.6875,48.82816621578395,6.859333784216048
2017-11-17 06:00:00,B001,45.0,43.12763213556781,1.8723678644321922
2017-11-17 06:00:00,B002,240.0,229.92192336036877,10.078076639631234
2017-11-17 07:00:00,B001,49.0,45.782255696206946,3.2177443037930544
2017-11-17 07:00:00,B002,246.5,239.439962058698,7.060037941301999
2017-11-17 07:00:00,B003,63.125,69.71191815906006,6.586918159060062
2017-11-17 08:00:00,B003,87.8125,75.10734225420751,12.70515774579249
2017-11-17 08:00:00,B002,246.5,251.13491982946687,4.634919829466867
2017-11-17 08:00:00,B001,46.0,49.62350700647904,3.623507006479038
2017-11-17 09:00:00,B003,106.4375,104.41211137542419,2.025388624575811
2017-11-17 09:00:00,B001,51.5,56.88370152128381,5.383701521283811
2017-11-17 09:00:00,B002,261.0,274.3611833994507,13.361183399450681
2017-11-17 10:00:00,B002,282.5,278.8241804453776,3.6758195546224215
2017-11-17 10:00:00,B003,131.75,127.73806721322748,4.011932786772519
2017-11-17 10:00:00,B001,82.0,72.0166296850361,9.983370314963906
2017-11-17 11:00:00,B001,97.5,99.81392777057651,2.3139277705765124
2017-11-17 11:00:00,B003,154.5,142.60252996957672,11.897470030423278
2017-11-17 11:00:00,B002,330.0,314.66644085588115,15.333559144118851
2017-11-17 12:00:00,B003,152.9375,155.84258092063487,2.905080920634873
2017-11-17 12:00:00,B002,352.5,332.7577199596213,19.742280040378716
2017-11-17 12:00:00,B001,104.25,103.98445554830072,0.2655444516992844
2017-11-17 13:00:00,B002,336.0,341.6098199023199,5.6098199023198845
2017-11-17 13:00:00,B001,108.25,106.88792400266723,1.3620759973327665
2017-11-17 13:00:00,B003,153.1875,153.43908304256848,0.25158304256848396
2017-11-17 14:00:00,B001,105.5,108.5029944313354,3.002994431335395
2017-11-17 14:00:00,B003,155.6875,152.92422997643095,2.7632700235690493
2017-11-17 14:00:00,B002,327.0,334.42289145120174,7.422891451201735
2017-11-17 15:00:00,B001,115.25,109.62522829013763,5.624771709862372
2017-11-17 15:00:00,B003,163.75,153.82542706731175,9.92457293268825
2017-11-17 15:00:00,B002,363.0,329.15224102811595,33.84775897188405
2017-11-17 16:00:00,B001,118.75,117.00954045324559,1.7404595467544084
2017-11-17 16:00:00,B003,158.125,162.23350191798943,4.108501917989429
2017-11-17 16:00:00,B002,337.0,351.4346643142858,14.434664314285783
2017-11-17 17:00:00,B002,333.5,315.2042890412698,18.295710958730183
2017-11-17 17:00:00,B003,143.25,144.99847394841268,1.7484739484126806
2017-11-17 17:00:00,B001,114.25,112.84103422222218,1.4089657777778228
2017-11-17 18:00:00,B002,291.0,307.89891324867716,16.89891324867716
2017-11-17 18:00:00,B003,120.75,123.25324792063488,2.5032479206348768
2017-11-17 18:00:00,B001,94.75,96.57150937862096,1.8215093786209593
2017-11-17 19:00:00,B003,101.5,103.93116815740743,2.431168157407427
2017-11-17 19:00:00,B001,82.75,84.6870919699458,1.9370919699457971
2017-11-17 19:00:00,B002,278.0,272.52988578243543,5.470114217564571
2017-11-17 20:00:00,B003,93.875,89.27579434916386,4.59920565083614
2017-11-17 20:00:00,B001,80.5,78.50958456672942,1.9904154332705843
2017-11-17 20:00:00,B002,269.5,264.2193262336924,5.2806737663075864
2017-11-17 21:00:00,B002,261.5,253.05517042241408,8.44482957758592
2017-11-17 21:00:00,B001,77.5,77.88273130740598,0.38273130740597594
2017-11-17 21:00:00,B003,83.0,84.70404785279119,1.7040478527911915
2017-11-17 22:00:00,B002,256.5,252.4633645846736,4.036635415326401
2017-11-17 22:00:00,B003,63.4375,70.11925988450986,6.681759884509859
2017-11-17 22:00:00,B001,74.75,74.0790020772052,0.6709979227947969
2017-11-17 23:00:00,B001,51.75,52.4510953111111,0.7010953111110965
2017-11-17 23:00:00,B003,58.0625,57.29801151799135,0.7644884820086517
2017-11-17 23:00:00,B002,253.5,249.0550137015874,4.444986298412601
2017-11-18 00:00:00,B001,46.25,48.97540436655531,2.72540436655531
2017-11-18 00:00:00,B003,51.5,55.23029432771172,3.730294327711718
2017-11-18 00:00:00,B002,249.5,248.0079234390568,1.4920765609431896
2017-11-18 01:00:00,B002,259.0,247.11700609602136,11.882993903978644
2017-11-18 01:00:00,B001,50.75,46.10530444959627,4.644695550403732
2017-11-18 01:00:00,B003,51.9375,50.21178738293288,1.725712617067117
2017-11-18 02:00:00,B003,51.9375,50.65915268550461,1.2783473144953916
2017-11-18 02:00:00,B002,258.0,254.89525038228288,3.1047496177171183
2017-11-18 02:00:00,B001,51.5,50.1956813744178,1.304318625582198
2017-11-18 03:00:00,B003,52.625,50.56876201016328,2.056237989836717
2017-11-18 03:00:00,B001,51.75,50.55687728074773,1.1931227192522726
2017-11-18 03:00:00,B002,257.0,254.72589882338357,2.2741011766164263
2017-11-18 04:00:00,B002,259.5,254.7382055992037,4.761794400796305
2017-11-18 04:00:00,B001,51.75,50.43745209116087,1.3125479088391288
2017-11-18 04:00:00,B003,52.4375,51.51535303518468,0.9221469648153189
2017-11-18 05:00:00,B002,259.5,256.4085577595777,3.091442240422282
2017-11-18 05:00:00,B003,51.9375,51.054594346983464,0.882905653016536
2017-11-18 05:00:00,B001,50.25,50.42897035265851,0.17897035265851002
2017-11-18 06:00:00,B003,50.4375,52.927616884515864,2.4901168845158637
2017-11-18 06:00:00,B001,44.75,50.225971710129585,5.475971710129585
2017-11-18 06:00:00,B002,257.5,255.3397837627523,2.1602162372477096
2017-11-18 07:00:00,B001,46.0,44.1759784706428,1.8240215293572035
2017-11-18 07:00:00,B003,53.625,52.358735925095516,1.266264074904484
2017-11-18 07:00:00,B002,250.0,256.4744829789466,6.4744829789465825
2017-11-18 08:00:00,B001,43.25,46.6408796346981,3.390879634698102
2017-11-18 08:00:00,B003,54.375,55.4395247834624,1.064524783462403
2017-11-18 08:00:00,B002,256.0,253.47122723033826,2.5287727696617424
2017-11-18 09:00:00,B002,257.0,258.1886226,1.1886225999999738
2017-11-18 09:00:00,B003,57.125,56.75943924944938,0.3655607505506211
2017-11-18 09:00:00,B001,42.0,44.24168012818315,2.241680128183148
2017-11-18 10:00:00,B001,43.75,43.6581599503403,0.0918400496597016
2017-11-18 10:00:00,B003,58.3125,60.39115858803172,2.078658588031722
2017-11-18 10:00:00,B002,253.5,260.5967328142856,7.096732814285588
2017-11-18 11:00:00,B003,68.5,66.79990091021038,1.7000990897896173
2017-11-18 11:00:00,B001,55.25,46.595082171578866,8.654917828421134
2017-11-18 11:00:00,B002,251.5,256.8852774095237,5.385277409523724
2017-11-18 12:00:00,B002,254.5,255.3651837640211,0.8651837640211113
2017-11-18 12:00:00,B003,75.625,69.20333061984124,6.421669380158761
2017-11-18 12:00:00,B001,60.5,59.33865482036454,1.161345179635461
2017-11-18 13:00:00,B003,74.0,71.87615871825398,2.1238412817460244
2017-11-18 13:00:00,B002,250.5,255.93256505396818,5.432565053968176
2017-11-18 13:00:00,B001,64.5,62.98330261810519,1.516697381894808
2017-11-18 14:00:00,B003,75.875,76.7304063240741,0.8554063240740959
2017-11-18 14:00:00,B002,245.0,252.83487856507932,7.834878565079322
2017-11-18 14:00:00,B001,70.75,65.84980341674083,4.900196583259174
2017-11-18 15:00:00,B003,77.625,76.52956927380957,1.095430726190429
2017-11-18 15:00:00,B001,72.25,73.28590118761817,1.0359011876181654
2017-11-18 15:00:00,B002,246.0,245.6789688301587,0.3210311698412909
2017-11-18 16:00:00,B003,73.8125,78.04241522242812,4.229915222428119
2017-11-18 16:00:00,B002,250.5,241.03544268138833,9.464557318611668
2017-11-18 16:00:00,B001,74.75,72.27085269595149,2.47914730404851
2017-11-18 17:00:00,B003,72.6875,72.12607119568878,0.5614288043112197
2017-11-18 17:00:00,B001,76.25,71.47119459113789,4.778805408862112
2017-11-18 17:00:00,B002,256.0,248.52437282735917,7.475627172640827
2017-11-18 18:00:00,B001,54.5,70.86716098544231,16.36716098544231
2017-11-18 18:00:00,B002,259.0,246.3066625930859,12.693337406914111
2017-11-18 18:00:00,B003,67.5,70.05088809084057,2.550888090840573
2017-11-18 19:00:00,B002,252.0,249.82255150678296,2.1774484932170424
2017-11-18 19:00:00,B003,68.875,64.66724469301451,4.20775530698549
2017-11-18 19:00:00,B001,44.0,50.94524146958219,6.945241469582193
2017-11-18 20:00:00,B003,66.875,67.38577054180965,0.5107705418096486
2017-11-18 20:00:00,B002,252.0,242.27897194037433,9.721028059625667
2017-11-18 20:00:00,B001,42.75,43.70185359219637,0.9518535921963718
2017-11-18 21:00:00,B001,44.75,43.09949549867694,1.6505045013230628
2017-11-18 21:00:00,B002,255.5,243.17340177773139,12.326598222268615
2017-11-18 21:00:00,B003,62.5625,62.79319717160821,0.23069717160821313
2017-11-18 22:00:00,B001,44.75,44.13511390450121,0.6148860954987896
2017-11-18 22:00:00,B002,257.5,244.30215101993065,13.197848980069352
2017-11-18 22:00:00,B003,56.0625,58.79465905974544,2.7321590597454417
2017-11-18 23:00:00,B003,52.1875,55.245334768581344,3.057834768581344
2017-11-18 23:00:00,B001,43.75,44.68954416841139,0.9395441684113877
2017-11-18 23:00:00,B002,249.5,250.78470809306634,1.2847080930663424
2017-11-19 00:00:00,B003,51.5625,51.96349802356749,0.4009980235674888
2017-11-19 00:00:00,B002,244.0,240.90755706156298,3.092442938437017
2017-11-19 00:00:00,B001,45.5,44.429342655336555,1.070657344663445
2017-11-19 01:00:00,B002,242.0,239.72323536342535,2.2767646365746543
2017-11-19 01:00:00,B001,44.75,45.17709063290807,0.4270906329080688
2017-11-19 01:00:00,B003,49.0625,51.50188440777942,2.4393844077794213
2017-11-19 02:00:00,B002,239.5,237.4766089042329,2.0233910957670957
2017-11-19 02:00:00,B001,45.25,44.72439586895756,0.5256041310424422
2017-11-19 02:00:00,B003,48.875,48.911762425180704,0.03676242518070438
2017-11-19 03:00:00,B003,46.4375,48.76228933596927,2.324789335969271
2017-11-19 03:00:00,B002,233.5,235.6430786069244,2.143078606924405
2017-11-19 03:00:00,B001,46.0,44.76469581785554,1.2353041821444606
2017-11-19 04:00:00,B003,47.0,46.34322757336566,0.6567724266343404
2017-11-19 04:00:00,B002,233.5,231.2593469873132,2.2406530126868063
2017-11-19 04:00:00,B001,45.25,45.63199237106163,0.381992371061628
2017-11-19 05:00:00,B001,46.25,44.714067123637484,1.5359328763625157
2017-11-19 05:00:00,B003,47.8125,46.78005847806214,1.0324415219378622
2017-11-19 05:00:00,B002,241.0,231.88880586216206,9.111194137837941
2017-11-19 06:00:00,B002,237.5,239.4906058320631,1.9906058320630962
2017-11-19 06:00:00,B001,45.25,46.21108465705853,0.9610846570585281
2017-11-19 06:00:00,B003,46.5625,48.08818373355468,1.5256837335546791
2017-11-19 07:00:00,B003,48.3125,47.28901187606788,1.0234881239321183
2017-11-19 07:00:00,B002,233.0,236.1408231557857,3.1408231557857107
2017-11-19 07:00:00,B001,44.25,45.12511157010015,0.8751115701001524
2017-11-19 08:00:00,B002,240.0,237.32353678546949,2.6764632145305143
2017-11-19 08:00:00,B001,44.75,43.6432494275449,1.1067505724550983
2017-11-19 08:00:00,B003,50.875,49.76929066029782,1.1057093397021802
2017-11-19 09:00:00,B003,56.9375,52.56488670554762,4.372613294452378
2017-11-19 09:00:00,B001,45.0,45.82348618826735,0.8234861882673528
2017-11-19 09:00:00,B002,245.5,243.74430331640218,1.7556966835978187
2017-11-19 10:00:00,B003,57.625,58.76998401375178,1.144984013751781
2017-11-19 10:00:00,B002,237.5,247.59956219682542,10.099562196825417
2017-11-19 10:00:00,B001,44.25,46.03243899266976,1.7824389926697606
2017-11-19 11:00:00,B003,64.5,60.36069869568535,4.13930130431465
2017-11-19 11:00:00,B001,66.75,46.545618308647924,20.204381691352076
2017-11-19 11:00:00,B002,255.5,240.2770041706109,15.222995829389106
2017-11-19 12:00:00,B002,261.0,256.4478461552669,4.552153844733084
2017-11-19 12:00:00,B003,71.3125,67.68199770022468,3.6305022997753156
2017-11-19 12:00:00,B001,73.0,66.16597883642,6.8340211635800046
2017-11-19 13:00:00,B002,246.0,268.28272844091714,22.28272844091714
2017-11-19 13:00:00,B003,73.5,73.03364702581871,0.46635297418129085
2017-11-19 13:00:00,B001,74.5,67.79743458839023,6.702565411609768
2017-11-19 14:00:00,B001,74.75,70.75335474404854,3.9966452559514636
2017-11-19 14:00:00,B002,244.0,252.78798286349203,8.787982863492033
2017-11-19 14:00:00,B003,75.5,74.80525856428571,0.6947414357142918
2017-11-19 15:00:00,B003,76.9375,74.68303758747676,2.254462412523239
2017-11-19 15:00:00,B002,245.0,245.18719656666667,0.18719656666667106
2017-11-19 15:00:00,B001,73.0,72.54920123766233,0.45079876233766925
2017-11-19 16:00:00,B001,73.75,73.02722245198323,0.7227775480167651
2017-11-19 16:00:00,B002,247.5,243.93848819549146,3.561511804508541
2017-11-19 16:00:00,B003,76.0,72.91186088257228,3.0881391174277155
2017-11-19 17:00:00,B001,73.5,70.41952522240521,3.0804747775947874
2017-11-19 17:00:00,B003,77.375,72.27819978493103,5.096800215068967
2017-11-19 17:00:00,B002,253.5,244.3105450281798,9.189454971820197
2017-11-19 18:00:00,B003,73.375,67.29719871722381,6.077801282776193
2017-11-19 18:00:00,B001,49.0,65.27053686596459,16.270536865964587
2017-11-19 18:00:00,B002,245.5,251.54811087932393,6.048110879323929
2017-11-19 19:00:00,B003,67.8125,68.92224030982744,1.109740309827444
2017-11-19 19:00:00,B002,239.0,237.60488324779334,1.3951167522066612
2017-11-19 19:00:00,B001,44.0,46.278652608825375,2.278652608825375
2017-11-19 20:00:00,B002,243.0,230.78507785516632,12.214922144833679
2017-11-19 20:00:00,B003,63.9375,64.5267095709019,0.5892095709019003
2017-11-19 20:00:00,B001,43.75,43.49096978169376,0.2590302183062434
2017-11-19 21:00:00,B003,62.0,62.63296920415902,0.6329692041590178
2017-11-19 21:00:00,B001,49.25,43.827042494210865,5.422957505789135
2017-11-19 21:00:00,B002,243.5,237.61060213544468,5.88939786455532
2017-11-19 22:00:00,B002,237.5,239.27655809371277,1.7765580937127652
2017-11-19 22:00:00,B001,49.5,46.8893859696043,2.610614030395702
2017-11-19 22:00:00,B003,55.0625,58.753451801502024,3.690951801502024
2017-11-19 23:00:00,B002,237.5,232.33449564829996,5.1655043517000365
2017-11-19 23:00:00,B003,52.75,53.13627510364128,0.3862751036412817
2017-11-19 23:00:00,B001,49.0,46.670140833445444,2.329859166554556
2017-11-20 00:00:00,B002,237.5,232.39478591144555,5.1052140885544475
2017-11-20 00:00:00,B003,52.6875,53.06788456774159,0.38038456774158647
2017-11-20 00:00:00,B001,67.5,46.97845865935565,20.521541340644347
2017-11-20 01:00:00,B002,240.5,237.4892997565865,3.0107002434135097
2017-11-20 01:00:00,B003,50.3125,51.7937948412343,1.4812948412343019
2017-11-20 01:00:00,B001,46.75,63.498689415873,16.748689415873002
2017-11-20 02:00:00,B001,44.0,46.268130493913205,2.2681304939132048
2017-11-20 02:00:00,B003,50.1875,49.7291152703046,0.45838472969540334
2017-11-20 02:00:00,B002,244.5,238.4514810250297,6.048518974970307
2017-11-20 03:00:00,B002,245.5,242.0974488505254,3.40255114947459
2017-11-20 03:00:00,B001,43.0,43.823115688650915,0.8231156886509154
2017-11-20 03:00:00,B003,51.25,49.83056948501987,1.419430514980128
2017-11-20 04:00:00,B002,241.5,241.0696278148479,0.43037218515209474
2017-11-20 04:00:00,B003,50.25,50.69141655551978,0.44141655551977976
2017-11-20 04:00:00,B001,42.75,43.19837421427166,0.44837421427165935
2017-11-20 05:00:00,B003,50.625,50.27969628929307,0.3453037107069292
2017-11-20 05:00:00,B002,239.5,240.10657134380128,0.6065713438012779
2017-11-20 05:00:00,B001,43.5,43.1178934311617,0.38210656883830296
2017-11-20 06:00:00,B003,59.75,55.996453953137426,3.7535460468625743
2017-11-20 06:00:00,B002,249.0,237.23628227442606,11.76371772557394
2017-11-20 06:00:00,B001,47.5,45.124949167758174,2.3750508322418256
2017-11-20 07:00:00,B003,70.625,70.56646701171654,0.058532988283459986
2017-11-20 07:00:00,B002,259.5,249.1494736904454,10.350526309554596
2017-11-20 07:00:00,B001,49.75,48.840511722600795,0.9094882773992055
2017-11-20 08:00:00,B003,83.375,80.94145626176471,2.4335437382352865
2017-11-20 08:00:00,B001,50.0,51.487336328357465,1.4873363283574648
2017-11-20 08:00:00,B002,259.0,268.5431005878381,9.543100587838126
2017-11-20 09:00:00,B002,289.5,280.5804388104558,8.919561189544197
2017-11-20 09:00:00,B003,114.1875,100.05215915529098,14.13534084470902
2017-11-20 09:00:00,B001,54.75,57.44720604948387,2.697206049483867
2017-11-20 10:00:00,B002,320.0,302.0450985608791,17.954901439120874
2017-11-20 10:00:00,B001,74.25,69.74696150816995,4.503038491830054
2017-11-20 10:00:00,B003,140.25,128.33648274206345,11.913517257936547
2017-11-20 11:00:00,B002,307.5,310.93401734539975,3.4340173453997522
2017-11-20 11:00:00,B001,94.5,88.75779336728309,5.742206632716915
2017-11-20 11:00:00,B003,160.625,152.71196842436981,7.913031575630185
2017-11-20 12:00:00,B002,317.0,316.94320075557965,0.056799244420346895
2017-11-20 12:00:00,B003,172.5,162.16935023015876,10.330649769841244
2017-11-20 12:00:00,B001,107.25,103.19297539682542,4.0570246031745825
2017-11-20 13:00:00,B001,112.75,110.7082208391797,2.0417791608202975
2017-11-20 13:00:00,B002,332.5,311.39268206044505,21.107317939554946
2017-11-20 13:00:00,B003,174.9375,167.11146635468373,7.826033645316272
2017-11-20 14:00:00,B001,113.0,113.8291162974019,0.829116297401896
2017-11-20 14:00:00,B003,175.625,166.110236457672,9.514763542328012
2017-11-20 14:00:00,B002,348.0,324.3634588081672,23.636541191832805
2017-11-20 15:00:00,B001,114.75,117.82688989502286,3.076889895022859
2017-11-20 15:00:00,B002,324.0,329.9984470186555,5.998447018655497
2017-11-20 15:00:00,B003,173.875,167.02068508755576,6.854314912444238
2017-11-20 16:00:00,B002,332.5,314.9002015558575,17.599798444142493
2017-11-20 16:00:00,B001,118.5,118.73333318064668,0.23333318064668163
2017-11-20 16:00:00,B003,168.625,166.14755601870485,2.4774439812951528
2017-11-20 17:00:00,B003,163.0,160.97129783219697,2.028702167803033
2017-11-20 17:00:00,B002,310.5,306.97069330414143,3.5293066958585655
2017-11-20 17:00:00,B001,118.5,117.09131055462967,1.408689445370328
2017-11-20 18:00:00,B002,276.0,289.42571976532844,13.425719765328438
2017-11-20 18:00:00,B001,98.25,99.02977396031744,0.7797739603174421
2017-11-20 18:00:00,B003,130.125,139.75641429523813,9.63141429523813
2017-11-20 19:00:00,B002,258.5,257.6807560564447,0.8192439435553069
2017-11-20 19:00:00,B001,89.0,85.92038288691728,3.079617113082719
2017-11-20 19:00:00,B003,99.3125,114.62889171031745,15.316391710317447
2017-11-20 20:00:00,B002,250.0,244.04555385097046,5.954446149029536
2017-11-20 20:00:00,B001,89.5,82.74712078412693,6.752879215873065
2017-11-20 20:00:00,B003,91.0625,85.48283765884145,5.579662341158553
2017-11-20 21:00:00,B002,247.0,241.4714189578515,5.528581042148488
2017-11-20 21:00:00,B001,89.0,83.99046570930072,5.009534290699278
2017-11-20 21:00:00,B003,77.3125,80.48805088795334,3.175550887953335
2017-11-20 22:00:00,B003,70.1875,69.57463153826696,0.6128684617330435
2017-11-20 22:00:00,B002,243.0,237.17001813158961,5.8299818684103855
2017-11-20 22:00:00,B001,90.0,83.02190668354974,6.978093316450256
2017-11-20 23:00:00,B003,59.1875,63.66834985578447,4.48084985578447
2017-11-20 23:00:00,B002,241.5,238.35074982864816,3.149250171351838
2017-11-20 23:00:00,B001,84.0,77.95845607900104,6.041543920998961
2017-11-21 00:00:00,B003,53.3125,58.410642743833016,5.098142743833016
2017-11-21 00:00:00,B001,64.25,71.31083057460319,7.060830574603187
2017-11-21 00:00:00,B002,247.5,237.4638458289174,10.036154171082586
2017-11-21 01:00:00,B003,49.75,51.77185088865034,2.0218508886503415
2017-11-21 01:00:00,B002,236.5,243.47224584123444,6.9722458412344395
2017-11-21 01:00:00,B001,82.25,62.817400351516056,19.432599648483944
2017-11-21 02:00:00,B002,234.0,233.857901571053,0.14209842894700841
2017-11-21 02:00:00,B003,49.875,49.21036411842682,0.664635881573183
2017-11-21 02:00:00,B001,73.75,79.26688381216945,5.5168838121694534
2017-11-21 03:00:00,B001,70.75,67.92615399660286,2.8238460033971364
2017-11-21 03:00:00,B002,242.0,233.8063147277405,8.1936852722595
2017-11-21 03:00:00,B003,49.8125,49.626084671321905,0.18641532867809474
2017-11-21 04:00:00,B001,72.5,66.69645979506716,5.803540204932844
2017-11-21 04:00:00,B002,238.5,240.5461982229013,2.046198222901296
2017-11-21 04:00:00,B003,47.9375,49.61813652399974,1.6806365239997376
2017-11-21 05:00:00,B001,70.75,67.66524611740482,3.08475388259518
2017-11-21 05:00:00,B003,47.8125,47.82650708475514,0.014007084755142785
2017-11-21 05:00:00,B002,237.5,235.4923525792763,2.007647420723714
2017-11-21 06:00:00,B003,58.0625,54.0081458521457,4.054354147854298
2017-11-21 06:00:00,B001,69.25,67.19266789792431,2.0573321020756907
2017-11-21 06:00:00,B002,242.5,235.50779989386245,6.992200106137545
2017-11-21 07:00:00,B001,72.5,68.72566045321528,3.7743395467847165
2017-11-21 07:00:00,B003,70.625,71.89690493218697,1.2719049321869704
2017-11-21 07:00:00,B002,249.0,247.13745879911144,1.8625412008885576
2017-11-21 08:00:00,B001,68.5,75.87595862397444,7.375958623974441
2017-11-21 08:00:00,B003,81.9375,81.00105313549041,0.9364468645095911
2017-11-21 08:00:00,B002,266.5,255.04292800000005,11.457071999999954
2017-11-21 09:00:00,B001,76.5,73.99934623960634,2.5006537603936607
2017-11-21 09:00:00,B002,322.0,279.2819850323369,42.71801496766312
2017-11-21 09:00:00,B003,107.375,98.24793335317462,9.127066646825384
2017-11-21 10:00:00,B003,125.625,136.21512712433858,10.59012712433858
2017-11-21 10:00:00,B001,94.5,80.74733040752906,13.752669592470937
2017-11-21 10:00:00,B002,291.5,310.6697060619119,19.16970606191188
2017-11-21 11:00:00,B001,105.25,105.96591214458458,0.7159121445845784
2017-11-21 11:00:00,B003,144.6875,144.69721371428565,0.009713714285652486
2017-11-21 11:00:00,B002,306.0,309.5614942072671,3.561494207267117
2017-11-21 12:00:00,B002,325.0,310.3377044947584,14.662295505241616
2017-11-21 12:00:00,B003,149.125,151.40036562037037,2.2753656203703656
2017-11-21 12:00:00,B001,111.5,117.59113153101578,6.091131531015776
2017-11-21 13:00:00,B002,374.5,319.2251033115635,55.27489668843651
2017-11-21 13:00:00,B001,117.0,117.017496479193,0.01749647919299946
2017-11-21 13:00:00,B003,156.5,151.57323191071418,4.926768089285815
2017-11-21 14:00:00,B002,357.0,360.41135317460316,3.411353174603164
2017-11-21 14:00:00,B003,168.3125,156.49241555735924,11.820084442640763
2017-11-21 14:00:00,B001,110.25,119.49826815748875,9.248268157488752
2017-11-21 15:00:00,B003,169.25,168.07439502513228,1.1756049748677242
2017-11-21 15:00:00,B001,119.5,118.94586335974901,0.554136640250988
2017-11-21 15:00:00,B002,351.5,336.08079033929033,15.419209660709669
2017-11-21 16:00:00,B001,114.75,119.52979869947279,4.779798699472792
2017-11-21 16:00:00,B003,161.8125,169.1234234826482,7.310923482648207
2017-11-21 16:00:00,B002,351.5,328.8601480833981,22.639851916601913
2017-11-21 17:00:00,B003,154.6875,151.11966025396828,3.567839746031723
2017-11-21 17:00:00,B002,322.0,323.23828272698404,1.238282726984039
2017-11-21 17:00:00,B001,115.25,114.10570842866345,1.1442915713365522
2017-11-21 18:00:00,B002,301.0,291.7820873015872,9.217912698412817
2017-11-21 18:00:00,B001,94.5,98.54436712716723,4.044367127167234
2017-11-21 18:00:00,B003,127.375,129.91137873280425,2.536378732804252
2017-11-21 19:00:00,B001,81.0,86.4045794479086,5.404579447908603
2017-11-21 19:00:00,B003,116.8125,110.96551846428571,5.846981535714292
2017-11-21 19:00:00,B002,280.5,284.32289086408167,3.8228908640816712
2017-11-21 20:00:00,B001,78.25,77.00129429786644,1.248705702133563
2017-11-21 20:00:00,B002,260.5,259.62445158734135,0.8755484126586452
2017-11-21 20:00:00,B003,103.625,100.89095549514187,2.734044504858133
2017-11-21 21:00:00,B003,79.0,90.5038153226381,11.503815322638104
2017-11-21 21:00:00,B002,252.0,247.16371865054342,4.836281349456584
2017-11-21 21:00:00,B001,73.5,75.7168597557399,2.216859755739904
2017-11-21 22:00:00,B002,253.0,243.97591152793854,9.024088472061464
2017-11-21 22:00:00,B003,65.5,71.44710682214159,5.947106822141592
2017-11-21 22:00:00,B001,73.0,66.88254363163529,6.117456368364714
2017-11-21 23:00:00,B002,258.5,245.49127548375662,13.008724516243376
2017-11-21 23:00:00,B003,62.5625,59.11257140839688,3.4499285916031184
2017-11-21 23:00:00,B001,47.0,64.30267387065383,17.302673870653834
2017-11-22 00:00:00,B002,257.0,247.67240012784004,9.327599872159965
2017-11-22 00:00:00,B001,46.0,47.33850797550044,1.3385079755004412
2017-11-22 00:00:00,B003,55.5625,56.64496671318936,1.082466713189362
2017-11-22 01:00:00,B003,52.0625,54.305779319757214,2.243279319757214
2017-11-22 01:00:00,B002,247.5,257.76038711253176,10.26038711253176
2017-11-22 01:00:00,B001,44.5,45.727653667669685,1.227653667669685
2017-11-22 02:00:00,B001,44.5,44.50994862026021,0.009948620260210816
2017-11-22 02:00:00,B002,250.5,244.43800049777113,6.061999502228872
2017-11-22 02:00:00,B003,51.9375,51.63068202609353,0.3068179739064689
2017-11-22 03:00:00,B001,47.0,44.41433805600697,2.5856619439930313
2017-11-22 03:00:00,B003,48.0625,51.486732588236954,3.424232588236954
2017-11-22 03:00:00,B002,247.0,247.5758481322048,0.5758481322048112
2017-11-22 04:00:00,B002,257.5,244.574900143809,12.925099856190997
2017-11-22 04:00:00,B001,48.0,47.852503935521625,0.14749606447837493
2017-11-22 04:00:00,B003,46.1875,47.43804297934783,1.250542979347827
2017-11-22 05:00:00,B001,47.25,49.055027470408206,1.8050274704082057
2017-11-22 05:00:00,B003,46.4375,46.55152998216998,0.11402998216998128
2017-11-22 05:00:00,B002,265.0,256.94560809342187,8.054391906578132
2017-11-22 06:00:00,B003,56.625,51.5191300058781,5.105869994121903
2017-11-22 06:00:00,B001,49.75,51.26280216965381,1.5128021696538099
2017-11-22 06:00:00,B002,270.0,260.79853991324006,9.201460086759937
2017-11-22 07:00:00,B002,270.5,264.4404645217918,6.059535478208204
2017-11-22 07:00:00,B003,63.0,71.3542877745025,8.354287774502495
2017-11-22 07:00:00,B001,48.75,54.601183338889456,5.851183338889456
2017-11-22 08:00:00,B001,46.5,54.289962167710385,7.789962167710385
2017-11-22 08:00:00,B003,91.9375,73.72875835423116,18.20874164576884
2017-11-22 08:00:00,B002,268.0,273.7839508957376,5.783950895737576
2017-11-22 09:00:00,B002,298.0,291.1671839380952,6.8328160619047935
2017-11-22 09:00:00,B001,57.0,62.812027794513455,5.812027794513455
2017-11-22 09:00:00,B003,113.375,108.3165288124339,5.058471187566099
2017-11-22 10:00:00,B002,305.5,311.7184492571428,6.218449257142822
2017-11-22 10:00:00,B003,131.6875,132.26798385714284,0.5804838571428377
2017-11-22 10:00:00,B001,85.25,78.1611218201058,7.088878179894195
2017-11-22 11:00:00,B002,326.5,320.3018584634478,6.198141536552214
2017-11-22 11:00:00,B003,147.8125,144.07820569973538,3.7342943002646223
2017-11-22 11:00:00,B001,107.5,100.67392059306255,6.826079406937453
2017-11-22 12:00:00,B002,330.5,325.6599168708484,4.840083129151594
2017-11-22 12:00:00,B003,160.75,150.79532545711228,9.954674542887716
2017-11-22 12:00:00,B001,111.25,114.52280405491753,3.272804054917529
2017-11-22 13:00:00,B003,169.5625,162.5251491269842,7.037350873015811
2017-11-22 13:00:00,B002,326.5,333.00272054324114,6.502720543241139
2017-11-22 13:00:00,B001,118.5,115.59608440690009,2.90391559309991
2017-11-22 14:00:00,B001,116.0,115.71785371893665,0.2821462810633477
2017-11-22 14:00:00,B002,329.0,328.5261600815851,0.47383991841491024
2017-11-22 14:00:00,B003,166.1875,170.19653485052908,4.009034850529076
2017-11-22 15:00:00,B002,371.5,331.14291550793644,40.357084492063564
2017-11-22 15:00:00,B001,119.75,117.02565220219131,2.72434779780869
2017-11-22 15:00:00,B003,170.75,167.55105108068784,3.1989489193121585
2017-11-22 16:00:00,B003,161.5625,173.768702218254,12.206202218253992
2017-11-22 16:00:00,B002,355.5,358.51292339509365,3.012923395093651
2017-11-22 16:00:00,B001,119.5,118.50793563266983,0.9920643673301726
2017-11-22 17:00:00,B001,119.0,117.40766173214288,1.5923382678571159
2017-11-22 17:00:00,B003,155.3125,151.62898304761902,3.683516952380984
2017-11-22 17:00:00,B002,340.0,336.2301501460317,3.76984985396831
2017-11-22 18:00:00,B001,99.5,98.37112458809521,1.1288754119047866
2017-11-22 18:00:00,B003,121.4375,129.66565855026457,8.228158550264567
2017-11-22 18:00:00,B002,326.0,314.11463235873015,11.885367641269852
2017-11-22 19:00:00,B001,84.0,83.49239382754486,0.5076061724551408
2017-11-22 19:00:00,B002,311.5,302.7183291798942,8.781670820105774
2017-11-22 19:00:00,B003,110.9375,104.92018529100535,6.017314708994647
2017-11-22 20:00:00,B002,290.0,294.19566401336436,4.195664013364365
2017-11-22 20:00:00,B003,94.5625,96.33380300924773,1.771303009247731
2017-11-22 20:00:00,B001,81.75,79.97335389806479,1.7766461019352136
2017-11-22 21:00:00,B002,273.5,276.86815048038255,3.3681504803825533
2017-11-22 21:00:00,B003,81.625,82.98640864794982,1.3614086479498155
2017-11-22 21:00:00,B001,79.25,77.12008660798502,2.129913392014984
2017-11-22 22:00:00,B001,76.0,73.86451378537537,2.1354862146246347
2017-11-22 22:00:00,B002,256.5,258.6333383207564,2.1333383207564225
2017-11-22 22:00:00,B003,65.5625,72.75287659603,7.190376596030006
2017-11-22 23:00:00,B002,251.0,246.30785843488357,4.6921415651164295
2017-11-22 23:00:00,B001,58.0,63.036139623809525,5.036139623809525
2017-11-22 23:00:00,B003,61.5,61.87421690894342,0.3742169089434171
2017-11-23 00:00:00,B001,46.5,51.00935399715919,4.509353997159188
2017-11-23 00:00:00,B003,55.5,56.15514377063331,0.655143770633309
2017-11-23 00:00:00,B002,250.5,246.06143303235902,4.4385669676409805
2017-11-23 01:00:00,B003,48.9375,54.21047865665058,5.272978656650579
2017-11-23 01:00:00,B001,47.0,46.44562192960758,0.554378070392417
2017-11-23 01:00:00,B002,251.0,251.77261255681296,0.7726125568129589
2017-11-23 02:00:00,B003,48.75,47.95578079566799,0.7942192043320091
2017-11-23 02:00:00,B002,240.0,251.49432708449385,11.494327084493847
2017-11-23 02:00:00,B001,44.0,46.44441557669789,2.4444155766978923
2017-11-23 03:00:00,B001,44.25,44.36227656459351,0.11227656459350754
2017-11-23 03:00:00,B003,48.5,47.385500187493584,1.1144998125064163
2017-11-23 03:00:00,B002,237.0,240.7923768243675,3.7923768243674942
2017-11-23 04:00:00,B001,44.25,43.81073513974581,0.4392648602541911
2017-11-23 04:00:00,B002,235.0,234.34153602440458,0.6584639755954242
2017-11-23 04:00:00,B003,45.9375,46.96679852994261,1.0292985299426078
2017-11-23 05:00:00,B003,46.3125,45.21614058750945,1.0963594124905498
2017-11-23 05:00:00,B002,236.0,233.8346519000908,2.1653480999092096
2017-11-23 05:00:00,B001,42.75,44.0435789360459,1.293578936045897
2017-11-23 06:00:00,B003,56.5625,52.55967589682539,4.002824103174611
2017-11-23 06:00:00,B001,46.0,46.155355946912394,0.15535594691239396
2017-11-23 06:00:00,B002,244.0,233.33835208454423,10.661647915455774
2017-11-23 07:00:00,B002,246.5,250.64004486949662,4.14004486949662
2017-11-23 07:00:00,B001,50.75,48.24831816502851,2.5016818349714924
2017-11-23 07:00:00,B003,65.0625,68.80078607461526,3.73828607461526
2017-11-23 08:00:00,B003,86.0625,78.08970553429405,7.972794465705945
2017-11-23 08:00:00,B002,262.0,253.9668846767196,8.033115323280413
2017-11-23 08:00:00,B001,46.75,51.23020672888019,4.480206728880191
2017-11-23 09:00:00,B002,308.5,289.86006477460325,18.639935225396755
2017-11-23 09:00:00,B003,102.5,99.24926127387602,3.250738726123984
2017-11-23 09:00:00,B001,53.0,62.90963447128425,9.90963447128425
2017-11-23 10:00:00,B003,129.1875,125.59690253968253,3.5905974603174684
2017-11-23 10:00:00,B001,80.0,74.22886604027451,5.771133959725489
2017-11-23 10:00:00,B002,337.0,320.8574576366611,16.14254236333892
2017-11-23 11:00:00,B001,97.5,98.65824375907572,1.1582437590757166
2017-11-23 11:00:00,B002,349.0,328.1784731442386,20.82152685576142
2017-11-23 11:00:00,B003,146.0,144.0664794695767,1.9335205304232943
2017-11-23 12:00:00,B001,104.25,103.4678710422938,0.782128957706206
2017-11-23 12:00:00,B002,353.0,347.5563980846561,5.443601915343891
2017-11-23 12:00:00,B003,152.125,150.0491906613756,2.0758093386243957
2017-11-23 13:00:00,B002,361.0,350.0061214867725,10.993878513227514
2017-11-23 13:00:00,B001,107.75,107.61136443699743,0.1386355630025662
2017-11-23 13:00:00,B003,163.5,154.8410977914862,8.658902208513808
2017-11-23 14:00:00,B001,104.75,108.82859890173623,4.078598901736228
2017-11-23 14:00:00,B003,163.875,159.9993367936508,3.875663206349202
2017-11-23 14:00:00,B002,342.0,355.63790527065646,13.63790527065646
2017-11-23 15:00:00,B003,168.6875,155.39467551587305,13.292824484126953
2017-11-23 15:00:00,B002,363.5,349.0473501765567,14.452649823443323
2017-11-23 15:00:00,B001,112.25,108.41706466788506,3.8329353321149426
2017-11-23 16:00:00,B002,337.0,357.42734096820317,20.42734096820317
2017-11-23 16:00:00,B001,115.0,115.71492169540997,0.71492169540997
2017-11-23 16:00:00,B003,161.875,166.27132746269848,4.39632746269848
2017-11-23 17:00:00,B002,336.5,320.8654727386244,15.634527261375581
2017-11-23 17:00:00,B003,152.0,147.92548415079366,4.074515849206335
2017-11-23 17:00:00,B001,115.25,112.27257781596502,2.977422184034978
2017-11-23 18:00:00,B001,101.25,97.88762427334017,3.3623757266598346
2017-11-23 18:00:00,B003,129.6875,130.797809728836,1.1103097288360004
2017-11-23 18:00:00,B002,304.5,315.26251118412705,10.76251118412705
2017-11-23 19:00:00,B003,113.1875,114.11297406216929,0.9254740621692861
2017-11-23 19:00:00,B001,83.75,86.31840440606709,2.5684044060670885
2017-11-23 19:00:00,B002,286.5,289.4934657549702,2.9934657549702024
2017-11-23 20:00:00,B002,274.0,273.2462880382145,0.7537119617854842
2017-11-23 20:00:00,B003,103.125,97.8108877486828,5.314112251317198
2017-11-23 20:00:00,B001,79.25,80.12961100746845,0.8796110074684549
2017-11-23 21:00:00,B003,90.4375,90.03312455064933,0.4043754493506668
2017-11-23 21:00:00,B002,266.0,260.96983155043944,5.030168449560563
2017-11-23 21:00:00,B001,75.75,78.25926012017239,2.509260120172385
2017-11-23 22:00:00,B003,70.9375,78.51483556955901,7.577335569559011
2017-11-23 22:00:00,B002,255.5,256.4271699616235,0.9271699616235196
2017-11-23 22:00:00,B001,76.25,73.91444571640977,2.335554283590227
2017-11-23 23:00:00,B003,58.875,65.57952742010578,6.7045274201057765
2017-11-23 23:00:00,B002,252.0,245.29236255340462,6.707637446595385
2017-11-23 23:00:00,B001,52.0,65.93118589365079,13.931185893650792
2017-11-24 00:00:00,B001,44.5,49.44018113702097,4.940181137020971
2017-11-24 00:00:00,B003,54.25,58.567169652987666,4.3171696529876655
2017-11-24 00:00:00,B002,256.5,243.4954858994419,13.004514100558112
2017-11-24 01:00:00,B002,249.5,250.48397333171496,0.9839733317149637
2017-11-24 01:00:00,B003,49.5625,52.12901200287139,2.5665120028713915
2017-11-24 01:00:00,B001,43.5,44.416686556330205,0.9166865563302053
2017-11-24 02:00:00,B002,247.5,247.4391480796365,0.06085192036348985
2017-11-24 02:00:00,B003,48.3125,48.584943656615266,0.27244365661526615
2017-11-24 02:00:00,B001,41.5,43.7836981073639,2.2836981073638967
2017-11-24 03:00:00,B002,249.0,247.25621655057049,1.7437834494295146
2017-11-24 03:00:00,B001,43.0,41.75774834218212,1.2422516578178815
2017-11-24 03:00:00,B003,49.375,48.363502339560476,1.0114976604395238
2017-11-24 04:00:00,B003,50.125,48.45627350280276,1.668726497197241
2017-11-24 04:00:00,B001,41.75,43.26822854714651,1.5182285471465065
2017-11-24 04:00:00,B002,255.5,247.34635173740588,8.153648262594118
2017-11-24 05:00:00,B001,40.0,41.930474703671294,1.930474703671294
2017-11-24 05:00:00,B002,252.0,249.74983278404494,2.2501672159550594
2017-11-24 05:00:00,B003,47.75,50.05050781148103,2.300507811481033
2017-11-24 06:00:00,B001,42.0,41.19219440287689,0.8078055971231066
2017-11-24 06:00:00,B002,255.5,248.88140035415617,6.61859964584383
2017-11-24 06:00:00,B003,56.3125,53.68488425328109,2.6276157467189094
2017-11-24 07:00:00,B001,46.25,43.72091266240949,2.5290873375905107
2017-11-24 07:00:00,B002,259.0,254.93148704444445,4.068512955555548
2017-11-24 07:00:00,B003,67.4375,69.28716789290189,1.8496678929018913
2017-11-24 08:00:00,B003,81.125,76.899292539418,4.225707460582001
2017-11-24 08:00:00,B001,46.25,47.127828178984245,0.8778281789842453
2017-11-24 08:00:00,B002,260.5,262.6942196590961,2.1942196590961203
2017-11-24 09:00:00,B003,101.6875,96.94867218944583,4.73882781055417
2017-11-24 09:00:00,B002,273.0,286.2711802582011,13.271180258201127
2017-11-24 09:00:00,B001,53.75,59.522559582404575,5.7725595824045755
2017-11-24 10:00:00,B002,340.5,296.89279219910884,43.60720780089116
2017-11-24 10:00:00,B001,73.0,75.89133243830246,2.891332438302456
2017-11-24 10:00:00,B003,127.0625,124.3319375917989,2.730562408201095
2017-11-24 11:00:00,B002,342.0,345.0019460547504,3.0019460547504195
2017-11-24 11:00:00,B001,86.75,92.77625590793237,6.0262559079323665
2017-11-24 11:00:00,B003,139.75,142.58647331746027,2.8364733174602748
2017-11-24 12:00:00,B003,141.3125,145.01604105084454,3.703541050844535
2017-11-24 12:00:00,B002,359.5,347.0848395101491,12.415160489850905
2017-11-24 12:00:00,B001,100.25,91.69855559259258,8.551444407407416
2017-11-24 13:00:00,B001,108.75,105.69359576835272,3.056404231647278
2017-11-24 13:00:00,B003,139.625,142.6718876534391,3.046887653439086
2017-11-24 13:00:00,B002,351.0,355.5119026839827,4.511902683982726
2017-11-24 14:00:00,B003,136.875,142.16575246498599,5.290752464985985
2017-11-24 14:00:00,B002,339.5,347.78823753131314,8.288237531313143
2017-11-24 14:00:00,B001,105.25,109.34352764270787,4.093527642707869
2017-11-24 15:00:00,B001,114.5,109.74182462152811,4.75817537847189
2017-11-24 15:00:00,B003,135.6875,134.84000157936504,0.8474984206349632
2017-11-24 15:00:00,B002,339.5,338.8233586134804,0.6766413865195773
2017-11-24 16:00:00,B001,112.25,114.75594860066839,2.5059486006683898
2017-11-24 16:00:00,B003,137.625,133.8200601064425,3.8049398935575027
2017-11-24 16:00:00,B002,337.5,335.15172214603166,2.348277853968341
2017-11-24 17:00:00,B003,127.6875,127.4816353769841,0.20586462301589847
2017-11-24 17:00:00,B002,319.0,320.19944337745216,1.1994433774521553
2017-11-24 17:00:00,B001,110.5,107.84047481666666,2.6595251833333435
2017-11-24 18:00:00,B003,103.625,113.34755021428577,9.722550214285775
2017-11-24 18:00:00,B002,292.0,297.66985810793636,5.6698581079363635
2017-11-24 18:00:00,B001,89.25,95.34520305899474,6.095203058994741
2017-11-24 19:00:00,B002,279.5,274.3085783698125,5.191421630187506
2017-11-24 19:00:00,B003,96.75,92.34199609271288,4.408003907287124
2017-11-24 19:00:00,B001,81.0,80.39354376025267,0.606456239747331
2017-11-24 20:00:00,B001,76.0,77.76954224670828,1.7695422467082835
2017-11-24 20:00:00,B002,269.5,263.8799933961896,5.6200066038103955
2017-11-24 20:00:00,B003,88.0,88.6771457718378,0.6771457718378002
2017-11-24 21:00:00,B003,81.625,78.2286949141253,3.396305085874701
2017-11-24 21:00:00,B001,74.5,73.82789281562034,0.6721071843796551
2017-11-24 21:00:00,B002,260.5,254.78741909488292,5.712580905117079
2017-11-24 22:00:00,B001,73.0,72.11006591966176,0.8899340803382358
2017-11-24 22:00:00,B002,259.5,251.33827547270184,8.161724527298162
2017-11-24 22:00:00,B003,70.0,70.50890669836468,0.508906698364683
2017-11-24 23:00:00,B001,48.75,54.43623896190478,5.6862389619047775
2017-11-24 23:00:00,B002,256.5,251.49293940071803,5.007060599281971
2017-11-24 23:00:00,B003,58.25,62.28168399999998,4.031683999999977
2017-11-25 00:00:00,B003,54.5,58.490578286079106,3.9905782860791064
2017-11-25 00:00:00,B001,46.75,46.31914413183708,0.4308558681629222
2017-11-25 00:00:00,B002,258.5,247.85281473005404,10.647185269945965
2017-11-25 01:00:00,B003,54.1875,52.78241346464019,1.405086535359807
2017-11-25 01:00:00,B001,46.25,46.55283348570978,0.3028334857097832
2017-11-25 01:00:00,B002,262.5,251.68482919999877,10.815170800001226
2017-11-25 02:00:00,B003,53.1875,52.208473167029666,0.9790268329703338
2017-11-25 02:00:00,B001,50.0,46.59653119756535,3.403468802434652
2017-11-25 02:00:00,B002,262.5,252.76997376990292,9.730026230097081
2017-11-25 03:00:00,B002,262.0,254.645832307699,7.35416769230099
2017-11-25 03:00:00,B003,53.9375,52.107398241867216,1.830101758132784
2017-11-25 03:00:00,B001,52.25,48.93447984599802,3.3155201540019803
2017-11-25 04:00:00,B003,55.5625,52.450009497212484,3.112490502787516
2017-11-25 04:00:00,B001,53.75,51.28580018251319,2.464199817486808
2017-11-25 04:00:00,B002,263.0,254.7783501103489,8.221649889651104
2017-11-25 05:00:00,B003,54.25,54.234462473851295,0.015537526148705183
2017-11-25 05:00:00,B002,263.0,255.2628272663269,7.7371727336731055
2017-11-25 05:00:00,B001,54.0,53.045202559359915,0.9547974406400854
2017-11-25 06:00:00,B003,54.8125,55.00089570203059,0.18839570203058997
2017-11-25 06:00:00,B002,253.5,254.4951242756246,0.9951242756245904
2017-11-25 06:00:00,B001,52.0,52.84098397147565,0.8409839714756515
2017-11-25 07:00:00,B001,51.5,52.209367038143085,0.7093670381430854
2017-11-25 07:00:00,B003,54.25,56.8372682891296,2.5872682891295966
2017-11-25 07:00:00,B002,263.0,251.6610514334186,11.338948566581394
2017-11-25 08:00:00,B002,256.0,260.8558353241913,4.8558353241912755
2017-11-25 08:00:00,B003,55.4375,55.79497065784217,0.35747065784217114
2017-11-25 08:00:00,B001,51.75,50.970064449552375,0.7799355504476253
2017-11-25 09:00:00,B003,58.8125,58.233130915541004,0.579369084458996
2017-11-25 09:00:00,B002,260.5,259.9178799174603,0.5821200825396886
2017-11-25 09:00:00,B001,48.5,52.87433099007545,4.37433099007545
2017-11-25 10:00:00,B002,263.5,269.7221874154401,6.222187415440089
2017-11-25 10:00:00,B001,45.75,51.51516010842709,5.765160108427089
2017-11-25 10:00:00,B003,58.9375,62.14289114660631,3.20539114660631
2017-11-25 11:00:00,B001,50.0,48.697569286117734,1.3024307138822664
2017-11-25 11:00:00,B003,63.6875,63.886281756190414,0.19878175619041372
2017-11-25 11:00:00,B002,282.0,270.77765804242415,11.22234195757585
2017-11-25 12:00:00,B001,55.0,55.26884918640426,0.26884918640426037
2017-11-25 12:00:00,B003,64.625,67.72298432100123,3.0979843210012348
2017-11-25 12:00:00,B002,279.5,288.45015757755505,8.950157577555046
2017-11-25 13:00:00,B001,59.25,59.1700896652192,0.07991033478079856
2017-11-25 13:00:00,B003,71.9375,68.68220360782705,3.2552963921729514
2017-11-25 13:00:00,B002,278.0,285.8445048196249,7.844504819624888
2017-11-25 14:00:00,B001,68.0,62.13242552378956,5.867574476210443
2017-11-25 14:00:00,B003,73.9375,73.34327293604107,0.5942270639589253
2017-11-25 14:00:00,B002,279.5,279.590612189418,0.09061218941798188
2017-11-25 15:00:00,B003,76.125,75.20831509574687,0.9166849042531311
2017-11-25 15:00:00,B002,276.0,279.5385174533457,3.538517453345719
2017-11-25 15:00:00,B001,69.75,68.56618141278904,1.1838185872109648
2017-11-25 16:00:00,B001,69.5,70.16608351556035,0.6660835155603451
2017-11-25 16:00:00,B003,79.3125,75.24889281899213,4.0636071810078676
2017-11-25 16:00:00,B002,285.5,279.57420449158246,5.925795508417536
2017-11-25 17:00:00,B003,77.875,74.56413816631857,3.310861833681429
2017-11-25 17:00:00,B002,282.0,281.50390432596663,0.49609567403336996
2017-11-25 17:00:00,B001,71.0,68.88690852972584,2.1130914702741563
2017-11-25 18:00:00,B001,51.0,65.31186639220353,14.311866392203527
2017-11-25 18:00:00,B002,271.0,273.370777665584,2.3707776655840007
2017-11-25 18:00:00,B003,76.875,71.72855328970874,5.146446710291258
2017-11-25 19:00:00,B002,274.0,254.44796382337373,19.552036176626274
2017-11-25 19:00:00,B003,76.0,72.74655625381659,3.2534437461834074
2017-11-25 19:00:00,B001,48.5,46.91200101158149,1.5879989884185122
2017-11-25 20:00:00,B002,270.5,265.8207950197877,4.679204980212319
2017-11-25 20:00:00,B003,70.75,71.99372441700338,1.2437244170033779
2017-11-25 20:00:00,B001,47.5,45.95905050137877,1.5409494986212309
2017-11-25 21:00:00,B003,64.0625,67.66435485185187,3.6018548518518685
2017-11-25 21:00:00,B001,47.5,46.08532700817165,1.414672991828347
2017-11-25 21:00:00,B002,269.0,255.8925949900497,13.107405009950298
2017-11-25 22:00:00,B002,267.5,257.13570448630657,10.364295513693435
2017-11-25 22:00:00,B003,58.4375,62.02446026055557,3.5869602605555713
2017-11-25 22:00:00,B001,46.5,46.28584262772557,0.21415737227442833
2017-11-25 23:00:00,B001,46.75,45.883446908800174,0.866553091199826
2017-11-25 23:00:00,B003,56.8125,58.613865900395005,1.8013659003950053
2017-11-25 23:00:00,B002,276.5,257.5715388866077,18.928461113392302
2017-11-26 00:00:00,B003,53.0,57.51827287846102,4.518272878461019
2017-11-26 00:00:00,B002,254.5,254.4450821677249,0.054917832275094725
2017-11-26 00:00:00,B001,45.25,46.208131728759696,0.958131728759696
2017-11-26 01:00:00,B003,50.9375,53.18892786084119,2.25142786084119
2017-11-26 01:00:00,B002,257.5,252.95577126193274,4.544228738067261
2017-11-26 01:00:00,B001,46.25,44.42869313994173,1.8213068600582716
2017-11-26 02:00:00,B002,255.0,254.55709776364384,0.44290223635616144
2017-11-26 02:00:00,B003,49.625,50.03433783887213,0.4093378388721334
2017-11-26 02:00:00,B001,46.75,45.94026424001695,0.8097357599830488
2017-11-26 03:00:00,B002,264.5,253.19090122890537,11.309098771094625
2017-11-26 03:00:00,B003,50.4375,49.42287349427503,1.0146265057249693
2017-11-26 03:00:00,B001,46.0,46.26409526621864,0.2640952662186393
2017-11-26 04:00:00,B003,51.75,49.76900367702729,1.9809963229727074
2017-11-26 04:00:00,B001,45.25,45.71998763690924,0.46998763690923795
2017-11-26 04:00:00,B002,259.0,256.1272181877062,2.8727818122937947
2017-11-26 05:00:00,B001,44.25,44.788969008843964,0.5389690088439636
2017-11-26 05:00:00,B002,253.5,254.7865105131718,1.2865105131718053
2017-11-26 05:00:00,B003,51.6875,51.43540335579444,0.2520966442055581
2017-11-26 06:00:00,B001,44.75,43.817968652035916,0.9320313479640845
2017-11-26 06:00:00,B002,252.5,252.44529887150202,0.0547011284979817
2017-11-26 06:00:00,B003,49.8125,51.906667022145974,2.0941670221459745
2017-11-26 07:00:00,B002,266.0,252.96832591833538,13.031674081664619
2017-11-26 07:00:00,B001,43.75,43.89027161485044,0.14027161485044104
2017-11-26 07:00:00,B003,50.6875,50.58765920124508,0.09984079875491858
2017-11-26 08:00:00,B003,51.3125,51.117347716776464,0.1951522832235355
2017-11-26 08:00:00,B002,258.5,261.955640727488,3.455640727488003
2017-11-26 08:00:00,B001,43.0,43.667977759049066,0.6679777590490659
2017-11-26 09:00:00,B003,55.8125,53.34055295002245,2.471947049977551
2017-11-26 09:00:00,B001,42.0,43.678235800874184,1.6782358008741838
2017-11-26 09:00:00,B002,261.5,263.85699270207033,2.356992702070329
2017-11-26 10:00:00,B001,41.25,43.38097925582566,2.1309792558256575
2017-11-26 10:00:00,B002,261.5,266.0144526877846,4.514452687784626
2017-11-26 10:00:00,B003,59.0,58.61456691115361,0.3854330888463906
2017-11-26 11:00:00,B001,44.75,43.95313274588914,0.7968672541108575
2017-11-26 11:00:00,B002,275.0,267.9552833883137,7.044716611686283
2017-11-26 11:00:00,B003,66.25,65.87767369431151,0.3723263056884889
2017-11-26 12:00:00,B003,69.5625,66.49802794232218,3.0644720576778184
2017-11-26 12:00:00,B002,271.0,280.6393442828282,9.639344282828176
2017-11-26 12:00:00,B001,48.0,49.05757854493882,1.0575785449388206
2017-11-26 13:00:00,B002,276.0,267.44062649206353,8.55937350793647
2017-11-26 13:00:00,B001,52.5,52.69213087976192,0.192130879761919
2017-11-26 13:00:00,B003,71.75,71.70733286189483,0.04266713810517331
2017-11-26 14:00:00,B003,70.625,73.05044118391197,2.425441183911971
2017-11-26 14:00:00,B002,268.5,279.3584618326118,10.858461832611795
2017-11-26 14:00:00,B001,55.25,54.48324632783382,0.7667536721661818
2017-11-26 15:00:00,B002,271.5,263.4064866063492,8.093513393650824
2017-11-26 15:00:00,B003,70.5625,72.69262559960319,2.13012559960319
2017-11-26 15:00:00,B001,59.75,58.676958567005286,1.0730414329947138
2017-11-26 16:00:00,B002,268.0,271.11984430762243,3.1198443076224294
2017-11-26 16:00:00,B001,63.5,60.84564091672911,2.65435908327089
2017-11-26 16:00:00,B003,73.0625,73.04321631269839,0.01928368730160912
2017-11-26 17:00:00,B003,67.875,71.4248819387288,3.5498819387288023
2017-11-26 17:00:00,B001,66.5,64.51436641199354,1.9856335880064648
2017-11-26 17:00:00,B002,268.0,261.42189394616946,6.578106053830538
2017-11-26 18:00:00,B001,48.5,51.04256635991205,2.542566359912051
2017-11-26 18:00:00,B003,65.8125,67.25305752185282,1.4405575218528242
2017-11-26 18:00:00,B002,257.5,254.44178938846025,3.0582106115397494
2017-11-26 19:00:00,B001,45.0,47.7627234477365,2.762723447736498
2017-11-26 19:00:00,B003,67.6875,62.59077609689105,5.096723903108952
2017-11-26 19:00:00,B002,256.0,252.43783782276222,3.5621621772377807
2017-11-26 20:00:00,B001,46.25,43.88365441070364,2.3663455892963583
2017-11-26 20:00:00,B003,63.25,64.9592961947132,1.709296194713204
2017-11-26 20:00:00,B002,262.0,252.09879653771844,9.901203462281558
2017-11-26 21:00:00,B001,45.75,45.46146633799301,0.2885336620069907
2017-11-26 21:00:00,B003,63.75,58.758060679545295,4.991939320454705
2017-11-26 21:00:00,B002,255.5,252.83262950741482,2.667370492585178
2017-11-26 22:00:00,B002,254.5,251.31518548750984,3.1848145124901635
2017-11-26 22:00:00,B003,61.0,59.94021307998139,1.0597869200186096
2017-11-26 22:00:00,B001,45.0,45.04109039838239,0.04109039838238715
2017-11-26 23:00:00,B003,56.75,58.71512730194593,1.9651273019459268
2017-11-26 23:00:00,B001,44.5,44.44654722124268,0.05345277875731824
2017-11-26 23:00:00,B002,245.5,248.79600040694757,3.29600040694757
2017-11-27 00:00:00,B003,54.5625,57.49628985767384,2.933789857673837
2017-11-27 00:00:00,B001,56.0,44.22301832625914,11.776981673740863
2017-11-27 00:00:00,B002,249.0,239.89051268502178,9.109487314978225
2017-11-27 01:00:00,B003,52.0625,52.753315683632145,0.6908156836321453
2017-11-27 01:00:00,B001,44.75,52.860301317764566,8.110301317764566
2017-11-27 01:00:00,B002,248.5,245.59092399669728,2.909076003302715
2017-11-27 02:00:00,B003,54.0625,51.622936237301126,2.4395637626988744
2017-11-27 02:00:00,B001,44.25,44.372467651968755,0.12246765196875486
2017-11-27 02:00:00,B002,240.5,244.30522996793835,3.8052299679383452
2017-11-27 03:00:00,B001,43.75,43.683078954101624,0.06692104589837555
2017-11-27 03:00:00,B002,238.5,240.54911740762725,2.04911740762725
2017-11-27 03:00:00,B003,52.3125,52.540992491570634,0.22849249157063412
2017-11-27 04:00:00,B001,44.25,43.60800065200188,0.641999347998123
2017-11-27 04:00:00,B002,233.0,238.87288933341347,5.872889333413468
2017-11-27 04:00:00,B003,54.3125,51.865555379954046,2.4469446200459544
2017-11-27 05:00:00,B001,43.75,43.82261150130234,0.07261150130234029
2017-11-27 05:00:00,B002,239.0,236.4034440609962,2.5965559390037924
2017-11-27 05:00:00,B003,53.75,52.97973048537484,0.7702695146251628
2017-11-27 06:00:00,B001,46.0,45.030537956392735,0.9694620436072654
2017-11-27 06:00:00,B002,234.5,239.6675416321872,5.167541632187209
2017-11-27 06:00:00,B003,62.375,58.81136207111569,3.5636379288843116
2017-11-27 07:00:00,B002,242.0,237.80706300600775,4.192936993992248
2017-11-27 07:00:00,B001,48.75,47.25552527636071,1.4944747236392928
2017-11-27 07:00:00,B003,68.75,72.0167446846871,3.2667446846870973
2017-11-27 08:00:00,B003,89.25,77.83495654173281,11.415043458267192
2017-11-27 08:00:00,B001,45.75,51.69277154731169,5.942771547311693
2017-11-27 08:00:00,B002,244.0,249.11252307833794,5.112523078337944
2017-11-27 09:00:00,B001,52.25,59.3511798275026,7.101179827502598
2017-11-27 09:00:00,B002,277.0,267.00983595767184,9.99016404232816
2017-11-27 09:00:00,B003,120.4375,104.88484775363162,15.552652246368382
2017-11-27 10:00:00,B001,76.75,69.47169188888886,7.278308111111144
2017-11-27 10:00:00,B002,303.0,286.54748973622867,16.45251026377133
2017-11-27 10:00:00,B003,138.3125,134.7658280079365,3.5466719920634944
2017-11-27 11:00:00,B001,99.25,93.46762203817578,5.782377961824224
2017-11-27 11:00:00,B003,155.25,149.49588873412705,5.75411126587295
2017-11-27 11:00:00,B002,320.5,314.1605125824308,6.339487417569217
2017-11-27 12:00:00,B003,162.0,158.0130795000001,3.9869204999999113
2017-11-27 12:00:00,B002,350.5,317.2575204196721,33.24247958032788
2017-11-27 12:00:00,B001,114.5,106.8980997879025,7.6019002120975046
2017-11-27 13:00:00,B003,162.625,162.71468742460326,0.0896874246032553
2017-11-27 13:00:00,B002,350.5,333.2516560199061,17.24834398009392
2017-11-27 13:00:00,B001,119.0,115.98029263832129,3.0197073616787122
2017-11-27 14:00:00,B003,159.9375,162.52744997222229,2.5899499722222856
2017-11-27 14:00:00,B001,113.75,116.97954005611209,3.2295400561120857
2017-11-27 14:00:00,B002,344.5,334.59545755958857,9.904542440411433
2017-11-27 15:00:00,B002,347.0,335.75501764738533,11.24498235261467
2017-11-27 15:00:00,B003,161.0,160.20879447222225,0.7912055277777483
2017-11-27 15:00:00,B001,119.0,115.34288728348065,3.65711271651935
2017-11-27 16:00:00,B003,162.375,161.37964875000003,0.9953512499999704
2017-11-27 16:00:00,B002,334.0,332.3471283041404,1.6528716958595737
2017-11-27 16:00:00,B001,124.25,120.14673461757998,4.10326538242002
2017-11-27 17:00:00,B003,149.8125,152.15421384920634,2.341713849206343
2017-11-27 17:00:00,B002,315.0,316.0745110610075,1.074511061007513
2017-11-27 17:00:00,B001,122.75,121.13366176598974,1.6163382340102572
2017-11-27 18:00:00,B002,295.5,288.1257971313133,7.374202868686723
2017-11-27 18:00:00,B001,98.0,102.3541818103175,4.354181810317499
2017-11-27 18:00:00,B003,125.4375,130.26725543835977,4.8297554383597685
2017-11-27 19:00:00,B001,83.5,86.22328998788524,2.723289987885238
2017-11-27 19:00:00,B002,276.0,273.4945726855994,2.505427314400606
2017-11-27 19:00:00,B003,104.4375,109.76892767063488,5.331427670634881
2017-11-27 20:00:00,B001,79.75,80.17179140879121,0.4217914087912078
2017-11-27 20:00:00,B002,264.5,259.00869397861294,5.491306021387061
2017-11-27 20:00:00,B003,92.4375,91.95784812078628,0.4796518792137192
2017-11-27 21:00:00,B001,77.5,76.07769416853456,1.4223058314654367
2017-11-27 21:00:00,B002,258.0,253.2627778223418,4.737222177658197
2017-11-27 21:00:00,B003,83.0,82.18206738229965,0.8179326177003503
2017-11-27 22:00:00,B002,262.0,248.98918303722996,13.010816962770036
2017-11-27 22:00:00,B001,74.5,75.35622483124712,0.8562248312471183
2017-11-27 22:00:00,B003,72.75,73.07780190808084,0.3278019080808434
2017-11-27 23:00:00,B002,265.5,254.59284758649446,10.907152413505543
2017-11-27 23:00:00,B001,69.5,55.46479643333333,14.035203566666667
2017-11-27 23:00:00,B003,60.4375,65.16745995339843,4.729959953398435
2017-11-28 00:00:00,B001,56.0,62.103146645649396,6.103146645649396
2017-11-28 00:00:00,B003,52.375,58.86652631747437,6.491526317474367
2017-11-28 00:00:00,B002,250.0,248.30637665386243,1.6936233461375707
2017-11-28 01:00:00,B002,251.0,247.86994313460053,3.1300568653994674
2017-11-28 01:00:00,B001,66.25,53.73893049596515,12.51106950403485
2017-11-28 01:00:00,B003,50.75,51.595176724900966,0.8451767249009663
2017-11-28 02:00:00,B001,60.25,65.54958850244198,5.299588502441978
2017-11-28 02:00:00,B002,258.5,250.11639453728625,8.383605462713746
2017-11-28 02:00:00,B003,50.6875,49.82221393185892,0.8652860681410814
2017-11-28 03:00:00,B003,52.8125,49.828695216340265,2.9838047836597354
2017-11-28 03:00:00,B001,49.0,60.0216325528897,11.021632552889699
2017-11-28 03:00:00,B002,258.5,254.58108236880963,3.918917631190368
2017-11-28 04:00:00,B001,47.5,47.941387532286164,0.44138753228616423
2017-11-28 04:00:00,B002,250.0,253.4965454463373,3.496545446337308
2017-11-28 04:00:00,B003,49.5625,52.08182388316745,2.519323883167452
2017-11-28 05:00:00,B002,242.5,249.3859117737601,6.885911773760114
2017-11-28 05:00:00,B003,50.4375,49.99322714810324,0.4442728518967627
2017-11-28 05:00:00,B001,48.0,47.03631712834761,0.963682871652388
2017-11-28 06:00:00,B003,59.9375,55.63914297928086,4.298357020719138
2017-11-28 06:00:00,B001,48.0,51.11550328234927,3.115503282349273
2017-11-28 06:00:00,B002,245.0,243.72161959810992,1.2783804018900753
2017-11-28 07:00:00,B002,259.5,251.41491878774778,8.08508121225222
2017-11-28 07:00:00,B003,71.625,74.1651177328381,2.540117732838098
2017-11-28 07:00:00,B001,50.25,53.13194090580271,2.8819409058027077
2017-11-28 08:00:00,B002,245.5,263.5911526117584,18.09115261175839
2017-11-28 08:00:00,B001,49.75,52.935814994210475,3.1858149942104745
2017-11-28 08:00:00,B003,89.4375,83.66086376825392,5.776636231746082
2017-11-28 09:00:00,B001,55.5,56.74549223038666,1.2454922303866596
2017-11-28 09:00:00,B002,281.0,282.50957899834367,1.5095789983436703
2017-11-28 09:00:00,B003,121.25,103.10793804761907,18.142061952380928
2017-11-28 10:00:00,B002,286.5,294.8500485064935,8.350048506493522
2017-11-28 10:00:00,B001,83.75,78.51802454118365,5.2319754588163505
2017-11-28 10:00:00,B003,136.9375,135.67991961904764,1.257580380952362
2017-11-28 11:00:00,B002,308.0,301.08046892816145,6.9195310718385485
2017-11-28 11:00:00,B001,98.25,101.68953446671706,3.4395344667170633
2017-11-28 11:00:00,B003,152.25,145.23957569047627,7.010424309523728
2017-11-28 12:00:00,B002,358.5,324.5680648899712,33.9319351100288
2017-11-28 12:00:00,B001,111.25,107.10822751659576,4.141772483404239
2017-11-28 12:00:00,B003,153.375,155.16490668037514,1.7899066803751396
2017-11-28 13:00:00,B001,111.25,115.05795539013992,3.8079553901399237
2017-11-28 13:00:00,B003,156.5625,154.88617916137565,1.676320838624349
2017-11-28 13:00:00,B002,320.5,350.11704223280424,29.617042232804238
2017-11-28 14:00:00,B003,158.1875,155.4018690467772,2.7856309532228067
2017-11-28 14:00:00,B002,316.5,327.9369243911374,11.436924391137381
2017-11-28 14:00:00,B001,106.0,111.97948794951995,5.9794879495199496
2017-11-28 15:00:00,B003,165.25,155.66419467910046,9.585805320899539
2017-11-28 15:00:00,B002,312.0,332.5503226724387,20.55032267243871
2017-11-28 15:00:00,B001,112.0,110.794613514525,1.2053864854750032
2017-11-28 16:00:00,B001,116.5,117.15988795125044,0.6598879512504396
2017-11-28 16:00:00,B002,303.0,320.3755972063492,17.375597206349198
2017-11-28 16:00:00,B003,157.0625,165.03170035449736,7.96920035449736
2017-11-28 17:00:00,B002,297.5,298.08617083868006,0.5861708386800615
2017-11-28 17:00:00,B003,149.1875,146.55012543253963,2.6373745674603697
2017-11-28 17:00:00,B001,117.0,115.67392693722944,1.3260730627705613
2017-11-28 18:00:00,B002,277.0,276.45467624083875,0.5453237591612492
2017-11-28 18:00:00,B001,97.5,98.8689515576923,1.3689515576922986
2017-11-28 18:00:00,B003,125.875,129.21506468783073,3.3400646878307327
2017-11-28 19:00:00,B003,111.375,109.3647451269842,2.0102548730157963
2017-11-28 19:00:00,B001,83.0,86.06604316014382,3.0660431601438205
2017-11-28 19:00:00,B002,268.5,263.6020448022653,4.897955197734689
2017-11-28 20:00:00,B001,83.0,78.61313061546149,4.386869384538514
2017-11-28 20:00:00,B002,255.5,252.91044826702452,2.5895517329754796
2017-11-28 20:00:00,B003,97.75,96.11953191349204,1.6304680865079604
2017-11-28 21:00:00,B003,84.0,85.02593771626229,1.0259377162622911
2017-11-28 21:00:00,B001,82.25,77.89371064571365,4.356289354286346
2017-11-28 21:00:00,B002,255.0,249.20086278314042,5.799137216859577
2017-11-28 22:00:00,B002,249.0,251.2565028182053,2.2565028182052913
2017-11-28 22:00:00,B003,72.6875,71.76227407105388,0.9252259289461193
2017-11-28 22:00:00,B001,75.75,76.15511601403705,0.40511601403704844
2017-11-28 23:00:00,B003,59.1875,66.63138827142855,7.443888271428548
2017-11-28 23:00:00,B002,249.5,244.615866478986,4.884133521014007
2017-11-28 23:00:00,B001,49.75,53.407874517989406,3.6578745179894057
2017-11-29 00:00:00,B003,54.0625,58.97517739555126,4.912677395551263
2017-11-29 00:00:00,B002,260.0,242.50236255882828,17.49763744117172
2017-11-29 00:00:00,B001,45.75,48.57241673203483,2.8224167320348315
2017-11-29 01:00:00,B001,46.25,46.064494356898685,0.18550564310131534
2017-11-29 01:00:00,B003,50.25,52.26601890239951,2.0160189023995088
2017-11-29 01:00:00,B002,248.0,253.89047265201629,5.890472652016285
2017-11-29 02:00:00,B003,48.875,49.774274466749794,0.8992744667497945
2017-11-29 02:00:00,B002,244.0,246.88739927784206,2.8873992778420643
2017-11-29 02:00:00,B001,46.0,46.277593775563645,0.27759377556364484
2017-11-29 03:00:00,B002,238.5,242.59768585872575,4.097685858725754
2017-11-29 03:00:00,B003,49.875,48.51578234282307,1.3592176571769272
2017-11-29 03:00:00,B001,47.25,46.26145900365352,0.9885409963464795
2017-11-29 04:00:00,B003,49.4375,49.49630866291824,0.0588086629182385
2017-11-29 04:00:00,B002,249.0,238.64307171684075,10.356928283159249
2017-11-29 04:00:00,B001,47.75,46.91427672933041,0.8357232706695896
2017-11-29 05:00:00,B003,49.125,49.52516632235585,0.4001663223558509
2017-11-29 05:00:00,B002,246.5,248.7204458349381,2.22044583493809
2017-11-29 05:00:00,B001,47.75,47.25900311387424,0.49099688612575676
2017-11-29 06:00:00,B003,60.6875,54.477912238991856,6.2095877610081445
2017-11-29 06:00:00,B002,251.0,247.8752572595147,3.1247427404852886
2017-11-29 06:00:00,B001,50.75,48.71271786395981,2.03728213604019
2017-11-29 07:00:00,B002,250.5,253.39650312917914,2.8965031291791377
2017-11-29 07:00:00,B001,50.75,50.56310988428687,0.1868901157131333
2017-11-29 07:00:00,B003,72.25,73.02259656843802,0.7725965684380185
2017-11-29 08:00:00,B002,262.5,257.1324235937951,5.367576406204876
2017-11-29 08:00:00,B001,49.75,50.22038150633377,0.47038150633377285
2017-11-29 08:00:00,B003,86.8125,88.30699247281143,1.4944924728114302
2017-11-29 09:00:00,B002,266.0,286.40915104793237,20.40915104793237
2017-11-29 09:00:00,B003,115.875,102.62654573293658,13.248454267063423
2017-11-29 09:00:00,B001,57.75,56.2774181835647,1.4725818164353015
2017-11-29 10:00:00,B003,137.375,129.66254321428576,7.712456785714238
2017-11-29 10:00:00,B001,87.0,79.55163767123616,7.448362328763835
2017-11-29 10:00:00,B002,275.5,282.5993129183691,7.099312918369094
2017-11-29 11:00:00,B001,100.5,101.95640371894235,1.4564037189423544
2017-11-29 11:00:00,B002,310.0,293.2826772656999,16.717322734300126
2017-11-29 11:00:00,B003,147.6875,144.4625055674603,3.224994432539688
2017-11-29 12:00:00,B003,153.9375,151.71653378439143,2.22096621560857
2017-11-29 12:00:00,B002,336.0,326.9975782079188,9.00242179208118
2017-11-29 12:00:00,B001,103.5,109.35759000890948,5.857590008909483
2017-11-29 13:00:00,B001,108.5,107.41580806774193,1.084191932258065
2017-11-29 13:00:00,B003,154.5625,154.27534548280417,0.2871545171958303
2017-11-29 13:00:00,B002,403.0,331.61846182639874,71.38153817360126
2017-11-29 14:00:00,B001,106.0,108.83551074102958,2.83551074102958
2017-11-29 14:00:00,B002,328.5,383.9566111111111,55.4566111111111
2017-11-29 14:00:00,B003,161.5625,154.6343824523809,6.9281175476191095
2017-11-29 15:00:00,B003,161.0,160.4947930515873,0.505206948412706
2017-11-29 15:00:00,B001,112.5,111.28035802588506,1.2196419741149356
2017-11-29 15:00:00,B002,330.0,332.5809909251242,2.5809909251241834
2017-11-29 16:00:00,B003,161.8125,160.42441333730162,1.3880866626983845
2017-11-29 16:00:00,B001,117.0,115.77867295909348,1.221327040906516
2017-11-29 16:00:00,B002,328.0,333.20122712781045,5.201227127810455
2017-11-29 17:00:00,B003,148.3125,152.0644427830687,3.7519427830686993
2017-11-29 17:00:00,B001,118.25,115.48524103246748,2.764758967532515
2017-11-29 17:00:00,B002,293.5,313.81657057248674,20.31657057248674
2017-11-29 18:00:00,B002,291.0,275.73504045252855,15.264959547471449
2017-11-29 18:00:00,B001,94.0,98.98589882344879,4.985898823448792
2017-11-29 18:00:00,B003,114.25,129.31240331746037,15.062403317460365
2017-11-29 19:00:00,B001,81.5,83.73265218433384,2.232652184333844
2017-11-29 19:00:00,B003,105.8125,100.4553630515873,5.357136948412702
2017-11-29 19:00:00,B002,305.5,273.1120443414577,32.387955658542296
2017-11-29 20:00:00,B002,282.0,283.5634853196989,1.5634853196988843
2017-11-29 20:00:00,B001,78.0,79.44591074111804,1.4459107411180412
2017-11-29 20:00:00,B003,98.625,92.1309890336924,6.494010966307599
2017-11-29 21:00:00,B001,76.5,77.49746143588459,0.9974614358845884
2017-11-29 21:00:00,B003,78.875,85.65555793304213,6.780557933042132
2017-11-29 21:00:00,B002,281.0,264.0477485108758,16.952251489124194
2017-11-29 22:00:00,B002,280.5,262.070510932361,18.429489067638997
2017-11-29 22:00:00,B003,67.375,70.53244535457519,3.157445354575188
2017-11-29 22:00:00,B001,76.25,73.56021362274524,2.6897863772547623
2017-11-29 23:00:00,B003,57.0625,59.39095234729771,2.3284523472977128
2017-11-29 23:00:00,B002,282.5,261.15813502389545,21.341864976104546
2017-11-29 23:00:00,B001,49.0,53.12788792592591,4.127887925925911
2017-11-30 00:00:00,B001,43.25,45.78444413373445,2.5344441337344534
2017-11-30 00:00:00,B003,53.9375,58.8871699697163,4.949669969716297
2017-11-30 00:00:00,B002,287.0,255.81451869289685,31.185481307103146
2017-11-30 01:00:00,B003,51.0625,51.827494205888,0.7649942058880015
2017-11-30 01:00:00,B002,288.5,279.77892690664055,8.72107309335945
2017-11-30 01:00:00,B001,43.25,43.67410840112091,0.4241084011209111
2017-11-30 02:00:00,B003,50.5625,50.08457209647779,0.4779279035222075
2017-11-30 02:00:00,B002,287.0,279.4865838291298,7.513416170870187
2017-11-30 02:00:00,B001,44.0,43.5682062223133,0.4317937776866998
2017-11-30 03:00:00,B001,43.75,44.23602606026733,0.48602606026732786
2017-11-30 03:00:00,B003,50.5,49.80100902292084,0.6989909770791627
2017-11-30 03:00:00,B002,274.5,279.4315135175711,4.931513517571091
2017-11-30 04:00:00,B001,42.75,44.27903820091937,1.5290382009193735
2017-11-30 04:00:00,B003,50.125,49.86836886141507,0.2566311385849289
2017-11-30 04:00:00,B002,266.5,265.3594312100842,1.1405687899157897
2017-11-30 05:00:00,B003,50.0625,49.99465067022013,0.06784932977986813
2017-11-30 05:00:00,B002,269.0,259.1158117439825,9.884188256017524
2017-11-30 05:00:00,B001,43.25,43.02602561048374,0.2239743895162576
2017-11-30 06:00:00,B003,58.25,55.14615421599014,3.103845784009863
2017-11-30 06:00:00,B002,276.0,262.79336798622916,13.206632013770843
2017-11-30 06:00:00,B001,44.0,44.32348613343506,0.32348613343506116
2017-11-30 07:00:00,B003,70.0625,71.95437122338039,1.8918712233803916
2017-11-30 07:00:00,B002,279.0,275.64088534126984,3.3591146587301637
2017-11-30 07:00:00,B001,45.5,44.58432196294695,0.9156780370530484
2017-11-30 08:00:00,B001,48.0,46.312992591524306,1.6870074084756936
2017-11-30 08:00:00,B002,284.0,285.52427700000004,1.5242770000000405
2017-11-30 08:00:00,B003,83.625,85.73924321277053,2.114243212770532
2017-11-30 09:00:00,B001,57.0,56.75021742581464,0.24978257418536032
2017-11-30 09:00:00,B002,306.0,296.88251528970767,9.11748471029233
2017-11-30 09:00:00,B003,100.25,96.55949334656084,3.690506653439158
2017-11-30 10:00:00,B003,124.375,123.86565308266174,0.509346917338263
2017-11-30 10:00:00,B001,75.75,77.62187853642651,1.8718785364265074
2017-11-30 10:00:00,B002,320.0,319.30762853631,0.6923714636899945
2017-11-30 11:00:00,B003,146.0,139.71974343253964,6.280256567460356
2017-11-30 11:00:00,B002,328.0,328.13628971544017,0.13628971544017077
2017-11-30 11:00:00,B001,92.75,96.5675971050709,3.8175971050709023
2017-11-30 12:00:00,B003,151.375,149.60972396560842,1.7652760343915759
2017-11-30 12:00:00,B002,372.5,336.6864404285714,35.813559571428584
2017-11-30 12:00:00,B001,102.25,98.3197636828283,3.9302363171717047
2017-11-30 13:00:00,B001,99.75,107.2620698760012,7.512069876001206
2017-11-30 13:00:00,B002,380.0,370.1599023919192,9.840097608080782
2017-11-30 13:00:00,B003,159.3125,153.26854649999993,6.043953500000072
2017-11-30 14:00:00,B002,393.5,367.3817089352574,26.118291064742607
2017-11-30 14:00:00,B003,159.75,158.42129453174599,1.3287054682540145
2017-11-30 14:00:00,B001,102.75,104.60072389314202,1.8507238931420176
2017-11-30 15:00:00,B002,385.0,372.65533320634904,12.344666793650958
2017-11-30 15:00:00,B001,115.25,109.7857664215735,5.4642335784265015
2017-11-30 15:00:00,B003,157.0,158.3299353055555,1.3299353055554946
2017-11-30 16:00:00,B001,118.25,116.28009652796929,1.9699034720307083
2017-11-30 16:00:00,B003,159.5,154.82021477380948,4.679785226190518
2017-11-30 16:00:00,B002,367.0,366.24492844444444,0.7550715555555598
2017-11-30 17:00:00,B002,349.5,346.22009502857156,3.2799049714284365
2017-11-30 17:00:00,B003,142.6875,148.35066930687822,5.663169306878217
2017-11-30 17:00:00,B001,112.5,117.16316202447095,4.6631620244709495
2017-11-30 18:00:00,B002,333.0,317.37468526984134,15.625314730158664
2017-11-30 18:00:00,B003,123.5625,123.6683298373016,0.10582983730159867
2017-11-30 18:00:00,B001,94.25,96.56510704179892,2.3151070417989246
2017-11-30 19:00:00,B002,314.0,315.86823009523795,1.8682300952379478
2017-11-30 19:00:00,B003,110.625,105.40226538744585,5.222734612554149
2017-11-30 19:00:00,B001,77.25,83.60966388835165,6.359663888351648
2017-11-30 20:00:00,B002,307.0,289.3745406920635,17.625459307936524
2017-11-30 20:00:00,B001,76.75,73.76732255162304,2.982677448376961
2017-11-30 20:00:00,B003,96.3125,95.73236461559696,0.5801353844030359
2017-11-30 21:00:00,B002,302.5,286.0863936772487,16.41360632275132
2017-11-30 21:00:00,B003,89.5,83.82681623418674,5.673183765813263
2017-11-30 21:00:00,B001,76.25,73.81340547095319,2.4365945290468147
2017-11-30 22:00:00,B003,76.375,79.47431619952253,3.0993161995225336
2017-11-30 22:00:00,B002,291.0,284.9235710259259,6.0764289740740765
2017-11-30 22:00:00,B001,73.0,73.65374003323082,0.6537400332308181
2017-11-30 23:00:00,B001,53.25,51.13840730952382,2.1115926904761793
2017-11-30 23:00:00,B003,63.1875,67.51489570234021,4.327395702340212
2017-11-30 23:00:00,B002,290.5,276.69969141111113,13.800308588888868
2017-12-01 00:00:00,B002,273.5098,261.3166720382949,12.193127961705102
2017-12-01 00:00:00,B001,47.9608,50.12252994227999,2.1617299422799903
2017-12-01 00:00:00,B003,56.4306,56.5984388379539,0.16783883795390153
2017-12-01 01:00:00,B002,290.5,270.46855304126984,20.031446958730157
2017-12-01 01:00:00,B001,42.25,47.5615890094325,5.3115890094325025
2017-12-01 01:00:00,B003,52.25,54.53219344640831,2.282193446408307
2017-12-01 02:00:00,B002,292.5,276.6590695854093,15.840930414590673
2017-12-01 02:00:00,B003,50.0625,51.35190060440157,1.2894006044015711
2017-12-01 02:00:00,B001,40.75,42.4142510174877,1.6642510174877003
2017-12-01 03:00:00,B002,294.5,281.7262315501223,12.773768449877707
2017-12-01 03:00:00,B003,50.3125,49.71883243935885,0.5936675606411512
2017-12-01 03:00:00,B001,43.0,40.78764091239346,2.2123590876065435
2017-12-01 04:00:00,B002,287.0,283.322539272027,3.6774607279730276
2017-12-01 04:00:00,B003,50.5625,49.79534646531925,0.7671535346807516
2017-12-01 04:00:00,B001,43.25,42.8119255661748,0.43807443382520006
2017-12-01 05:00:00,B002,287.5,275.92605752634336,11.573942473656643
2017-12-01 05:00:00,B001,44.25,42.92050479183649,1.3294952081635074
2017-12-01 05:00:00,B003,50.0625,50.08886452691805,0.026364526918051467
2017-12-01 06:00:00,B001,43.25,44.77511735460328,1.5251173546032817
2017-12-01 06:00:00,B003,56.4375,55.44277932994996,0.994720670050043
2017-12-01 06:00:00,B002,295.5,277.2791570554439,18.220842944556125
2017-12-01 07:00:00,B002,303.0,286.71840200317473,16.28159799682527
2017-12-01 07:00:00,B003,66.1875,70.01049524150474,3.822995241504742
2017-12-01 07:00:00,B001,46.75,43.93592566512314,2.8140743348768567
2017-12-01 08:00:00,B002,300.0,312.2222278857144,12.222227885714403
2017-12-01 08:00:00,B001,46.5,47.56531493952675,1.0653149395267505
2017-12-01 08:00:00,B003,81.4375,76.28002498537455,5.157475014625447
2017-12-01 09:00:00,B002,319.0,315.0719274838711,3.928072516128907
2017-12-01 09:00:00,B001,52.75,59.6781439149618,6.928143914961801
2017-12-01 09:00:00,B003,100.0,95.52547554468242,4.474524455317578
2017-12-01 10:00:00,B001,68.5,74.1060718964074,5.6060718964074
2017-12-01 10:00:00,B002,320.5,319.379661310053,1.1203386899470047
2017-12-01 10:00:00,B003,121.3125,122.85338195555555,1.5408819555555482
2017-12-01 11:00:00,B003,136.8125,135.87949759656087,0.9330024034391329
2017-12-01 11:00:00,B002,334.5,324.68417193750383,9.815828062496166
2017-12-01 11:00:00,B001,91.75,90.73750051920696,1.0124994807930392
2017-12-01 12:00:00,B003,151.1875,142.6031506028759,8.5843493971241
2017-12-01 12:00:00,B002,343.5,334.9877662211083,8.512233778891698
2017-12-01 12:00:00,B001,99.5,98.35398495396826,1.146015046031735
2017-12-01 13:00:00,B003,147.75,151.84197924867723,4.091979248677234
2017-12-01 13:00:00,B002,324.0,353.07749007089956,29.077490070899557
2017-12-01 13:00:00,B001,106.25,106.31647271922301,0.06647271922301456
2017-12-01 14:00:00,B003,148.25,147.28309956613754,0.9669004338624632
2017-12-01 14:00:00,B002,343.5,331.21066373645243,12.289336263547568
2017-12-01 14:00:00,B001,100.0,107.15756722798217,7.15756722798217
2017-12-01 15:00:00,B001,103.75,109.70523792972755,5.955237929727545
2017-12-01 15:00:00,B003,155.0,147.10644072486764,7.893559275132361
2017-12-01 15:00:00,B002,360.5,355.92083144232794,4.579168557672062
2017-12-01 16:00:00,B003,150.3125,155.1108922076719,4.7983922076718954
2017-12-01 16:00:00,B001,108.5,109.63126741688365,1.1312674168836452
2017-12-01 16:00:00,B002,356.0,358.1292325252525,2.129232525252519
2017-12-01 17:00:00,B003,139.0,139.4533565462963,0.4533565462963054
2017-12-01 17:00:00,B001,108.75,107.79238541358595,0.9576145864140528
2017-12-01 17:00:00,B002,351.0,334.06735383597874,16.932646164021264
2017-12-01 18:00:00,B002,318.0,319.6598678698414,1.6598678698413778
2017-12-01 18:00:00,B003,119.5625,120.06211723412694,0.49961723412694425
2017-12-01 18:00:00,B001,93.75,93.28805817857145,0.4619418214285531
2017-12-01 19:00:00,B001,84.0,82.16683135998467,1.8331686400153302
2017-12-01 19:00:00,B003,107.75,105.74733853439153,2.002661465608469
2017-12-01 19:00:00,B002,302.0,291.2352063492063,10.764793650793706
2017-12-01 20:00:00,B001,82.75,79.80822699171573,2.9417730082842724
2017-12-01 20:00:00,B003,94.5,92.76242906637808,1.7375709336219245
2017-12-01 20:00:00,B002,267.0,287.75314706772485,20.753147067724854
2017-12-01 21:00:00,B003,74.75,86.03238382832816,11.282383828328165
2017-12-01 21:00:00,B001,83.25,79.02764783917581,4.222352160824187
2017-12-01 21:00:00,B002,266.0,252.6345007438426,13.365499256157392
2017-12-01 22:00:00,B003,56.8125,66.02893502950936,9.216435029509356
2017-12-01 22:00:00,B001,81.75,79.27504211572227,2.4749578842777282
2017-12-01 22:00:00,B002,264.0,253.65239140229158,10.347608597708415
2017-12-01 23:00:00,B001,53.0,55.90820713780661,2.908207137806613
2017-12-01 23:00:00,B002,267.0,252.20563688622022,14.79436311377978
2017-12-01 23:00:00,B003,51.0625,55.48794207277067,4.425442072770672
2017-12-02 00:00:00,B002,260.0196,247.23300733857153,12.7865926614285
2017-12-02 00:00:00,B003,59.3611,50.7849971684643,8.5761028315357
2017-12-02 00:00:00,B001,52.9216,50.569974930783225,2.351625069216773
2017-12-02 01:00:00,B003,59.3611,58.654692853107385,0.7064071468926159
2017-12-02 01:00:00,B002,260.0196,250.4257034520857,9.593896547914312
2017-12-02 01:00:00,B001,52.9216,50.96988164041119,1.95171835958881
2017-12-02 02:00:00,B002,260.0196,250.3211983284526,9.69840167154743
2017-12-02 02:00:00,B001,52.9216,51.75161899874296,1.1699810012570353
2017-12-02 02:00:00,B003,59.3611,59.03924797747325,0.32185202252674827
2017-12-02 03:00:00,B002,260.0196,250.89159751139707,9.12800248860296
2017-12-02 03:00:00,B001,52.9216,52.06295141847573,0.858648581524271
2017-12-02 03:00:00,B003,59.3611,58.97529703304349,0.3858029669565113
2017-12-02 04:00:00,B003,59.3611,59.05378461652113,0.30731538347887266
2017-12-02 04:00:00,B002,260.0196,251.37192027328788,8.647679726712141
2017-12-02 04:00:00,B001,52.9216,52.1016125100175,0.8199874899824948
2017-12-02 05:00:00,B002,260.0196,250.91226677396693,9.107333226033091
2017-12-02 05:00:00,B001,52.9216,52.28764266215885,0.6339573378411458
2017-12-02 05:00:00,B003,59.3611,58.873845663936685,0.4872543360633159
2017-12-02 06:00:00,B002,260.0196,250.23249978064686,9.787100219353164
2017-12-02 06:00:00,B003,59.3611,59.158605078914164,0.20249492108583667
2017-12-02 06:00:00,B001,52.9216,51.959219693343755,0.9623803066562431
2017-12-02 07:00:00,B001,52.9216,52.61675225265502,0.3048477473449793
2017-12-02 07:00:00,B002,260.0196,252.33672957647246,7.682870423527561
2017-12-02 07:00:00,B003,59.3611,63.38253111853844,4.0214311185384375
2017-12-02 08:00:00,B001,52.9216,52.851756135053535,0.06984386494646344
2017-12-02 08:00:00,B002,260.0196,262.0534036405382,2.033803640538167
2017-12-02 08:00:00,B003,59.3611,64.75721579312167,5.396115793121673
2017-12-02 09:00:00,B002,260.0196,268.57748947460317,8.557889474603144
2017-12-02 09:00:00,B001,52.9216,53.52193478258767,0.600334782587673
2017-12-02 09:00:00,B003,59.3611,65.44657704153437,6.085477041534368
2017-12-02 10:00:00,B003,59.3611,65.46015240661372,6.0990524066137155
2017-12-02 10:00:00,B002,260.0196,268.12996925238093,8.110369252380906
2017-12-02 10:00:00,B001,52.9216,55.92931571400033,3.0077157140003337
2017-12-02 11:00:00,B002,260.0196,267.8815553317461,7.86195533174606
2017-12-02 11:00:00,B003,59.3611,66.20865990402929,6.847559904029289
2017-12-02 11:00:00,B001,52.9216,57.29331527338276,4.371715273382762
2017-12-02 12:00:00,B002,260.0196,267.8352433126984,7.815643312698398
2017-12-02 12:00:00,B003,59.3611,66.78618342069599,7.425083420695991
2017-12-02 12:00:00,B001,52.9216,57.21478849810892,4.293188498108925
2017-12-02 13:00:00,B003,59.3611,66.41470177222223,7.05360177222223
2017-12-02 13:00:00,B002,260.0196,267.08874861746034,7.069148617460314
2017-12-02 13:00:00,B001,52.9216,57.32693724836914,4.405337248369143
2017-12-02 14:00:00,B003,59.3611,65.6935504484127,6.332450448412693
2017-12-02 14:00:00,B001,52.9216,56.217593515665406,3.2959935156654083
2017-12-02 14:00:00,B002,260.0196,267.2605109269842,7.2409109269841565
2017-12-02 15:00:00,B001,52.9216,55.97835173539399,3.056751735393995
2017-12-02 15:00:00,B002,260.0196,267.2377670222223,7.2181670222222465
2017-12-02 15:00:00,B003,59.3611,66.0150314247253,6.653931424725293
2017-12-02 16:00:00,B001,52.9216,55.42026249068991,2.4986624906899095
2017-12-02 16:00:00,B002,260.0196,263.0057413481216,2.9861413481215777
2017-12-02 16:00:00,B003,59.3611,65.66744854911198,6.306348549111981
2017-12-02 17:00:00,B002,260.0196,255.11293511781855,4.906664882181474
2017-12-02 17:00:00,B001,52.9216,53.59070622201437,0.6691062220143706
2017-12-02 17:00:00,B003,59.3611,63.59819328975233,4.23709328975233
2017-12-02 18:00:00,B003,59.3611,56.305056136770155,3.0560438632298457
2017-12-02 18:00:00,B001,52.9216,52.203186228626876,0.7184137713731218
2017-12-02 18:00:00,B002,260.0196,251.7558766137971,8.263723386202912
2017-12-02 19:00:00,B001,52.9216,49.0900788250959,3.831521174904097
2017-12-02 19:00:00,B003,59.3611,56.38988638677017,2.9712136132298284
2017-12-02 19:00:00,B002,260.0196,250.1639387115043,9.855661288495725
2017-12-02 20:00:00,B003,59.3611,55.809997586458195,3.5511024135418054
2017-12-02 20:00:00,B001,52.9216,49.39504362555875,3.526556374441249
2017-12-02 20:00:00,B002,260.0196,249.71443967326942,10.3051603267306
2017-12-02 21:00:00,B003,59.3611,56.85281646167183,2.508283538328172
2017-12-02 21:00:00,B002,260.0196,249.86408607326942,10.155513926730606
2017-12-02 21:00:00,B001,52.9216,49.50443998931535,3.417160010684647
2017-12-02 22:00:00,B001,52.9216,49.62214719649168,3.2994528035083164
2017-12-02 22:00:00,B002,260.0196,250.98501277662882,9.034587223371204
2017-12-02 22:00:00,B003,59.3611,57.87639979951856,1.4847002004814414
2017-12-02 23:00:00,B001,52.9216,51.09665691646526,1.824943083534741
2017-12-02 23:00:00,B003,59.3611,57.30716135564201,2.0539386443579914
2017-12-02 23:00:00,B002,260.0196,251.16738061037663,8.8522193896234
2017-12-03 00:00:00,B001,42.7108,51.07772817832173,8.366928178321729
2017-12-03 00:00:00,B003,57.4861,57.608019884609504,0.12191988460950398
2017-12-03 00:00:00,B002,244.0098,244.986187496588,0.9763874965879893
2017-12-03 01:00:00,B002,243.0098,239.56934062843055,3.4404593715694602
2017-12-03 01:00:00,B003,57.8611,56.63104015352774,1.2300598464722583
2017-12-03 01:00:00,B001,49.4608,43.93665948326347,5.52414051673653
2017-12-03 02:00:00,B003,56.2361,57.22330089856825,0.987200898568247
2017-12-03 02:00:00,B001,46.0,48.81550181351467,2.815501813514672
2017-12-03 02:00:00,B002,215.5,240.36451911173052,24.864519111730516
2017-12-03 03:00:00,B001,45.0,45.656447127731965,0.6564471277319655
2017-12-03 03:00:00,B002,223.5,215.2588053103809,8.241194689619107
2017-12-03 03:00:00,B003,56.2361,55.52249521206721,0.7136047879327876
2017-12-03 04:00:00,B001,45.75,44.298027762981945,1.4519722370180546
2017-12-03 04:00:00,B002,222.0,227.01536560592876,5.015365605928764
2017-12-03 04:00:00,B003,55.7361,55.41300434062277,0.3230956593772305
2017-12-03 05:00:00,B001,45.5,45.38660866260324,0.11339133739676299
2017-12-03 05:00:00,B003,55.6111,55.59034972488948,0.02075027511052241
2017-12-03 05:00:00,B002,216.5,223.53205551965576,7.032055519655756
2017-12-03 06:00:00,B002,217.5,216.70724970873587,0.7927502912641273
2017-12-03 06:00:00,B001,45.0,45.74048146312508,0.7404814631250787
2017-12-03 06:00:00,B003,55.4861,56.979552835345324,1.4934528353453231
2017-12-03 07:00:00,B002,218.0,216.37256416321605,1.6274358367839454
2017-12-03 07:00:00,B001,47.0,45.040716649660155,1.9592833503398452
2017-12-03 07:00:00,B003,55.4861,57.17002561953319,1.6839256195331913
2017-12-03 08:00:00,B001,42.5,47.463674721970804,4.963674721970804
2017-12-03 08:00:00,B002,229.0,220.19104294369774,8.808957056302262
2017-12-03 08:00:00,B003,55.9861,57.342492923782956,1.3563929237829555
2017-12-03 09:00:00,B001,41.25,43.739322672656755,2.4893226726567548
2017-12-03 09:00:00,B002,229.5,235.25262736670504,5.752627366705042
2017-12-03 09:00:00,B003,58.4861,58.31182631009806,0.1742736899019377
2017-12-03 10:00:00,B002,241.0,232.58778464724435,8.412215352755652
2017-12-03 10:00:00,B003,60.3611,60.97434368567878,0.613243685678782
2017-12-03 10:00:00,B001,43.75,41.84529697520891,1.9047030247910897
2017-12-03 11:00:00,B001,50.0,45.91504550482737,4.0849544951726315
2017-12-03 11:00:00,B003,65.7361,66.34677760917108,0.6106776091710913
2017-12-03 11:00:00,B002,242.5,244.576756173545,2.076756173544993
2017-12-03 12:00:00,B001,60.0,51.98128915784241,8.018710842157589
2017-12-03 12:00:00,B003,69.6111,66.55592096683462,3.0551790331653734
2017-12-03 12:00:00,B002,227.5,241.26901840936517,13.769018409365174
2017-12-03 13:00:00,B001,63.5,61.322028256618566,2.177971743381434
2017-12-03 13:00:00,B002,235.5,233.31941277213107,2.1805872278689264
2017-12-03 13:00:00,B003,72.9861,68.75080671524616,4.235293284753837
2017-12-03 14:00:00,B003,73.7361,69.66014149538879,4.075958504611208
2017-12-03 14:00:00,B001,67.25,64.10036541233525,3.1496345876647496
2017-12-03 14:00:00,B002,235.0,237.26554602318419,2.2655460231841857
2017-12-03 15:00:00,B003,73.3611,69.2623682391598,4.098731760840195
2017-12-03 15:00:00,B001,71.0,66.09818491965669,4.901815080343312
2017-12-03 15:00:00,B002,234.5,237.2710140275133,2.771014027513303
2017-12-03 16:00:00,B003,73.3611,69.3407647547699,4.020335245230086
2017-12-03 16:00:00,B002,234.0,236.6226948534904,2.622694853490401
2017-12-03 16:00:00,B001,72.25,65.13357184527356,7.116428154726435
2017-12-03 17:00:00,B003,73.6111,69.47067956454615,4.140420435453848
2017-12-03 17:00:00,B002,238.0,235.39989371208716,2.600106287912837
2017-12-03 17:00:00,B001,67.5,67.55403085957643,0.054030859576428725
2017-12-03 18:00:00,B003,73.6111,69.22960163459295,4.38149836540704
2017-12-03 18:00:00,B001,36.0,53.912680727009054,17.912680727009054
2017-12-03 18:00:00,B002,236.0,235.73633195693745,0.26366804306255176
2017-12-03 19:00:00,B002,232.5,231.80970238525984,0.6902976147401603
2017-12-03 19:00:00,B001,31.0,35.36473931729202,4.36473931729202
2017-12-03 19:00:00,B003,70.6111,69.30581027703997,1.3052897229600262
2017-12-03 20:00:00,B002,232.5,228.43741993834033,4.0625800616596734
2017-12-03 20:00:00,B001,32.25,25.380270149119276,6.869729850880724
2017-12-03 20:00:00,B003,70.3611,67.4581584826645,2.902941517335492
2017-12-03 21:00:00,B001,35.25,25.308109142383106,9.941890857616894
2017-12-03 21:00:00,B002,231.0,227.89455680317926,3.105443196820744
2017-12-03 21:00:00,B003,60.7361,67.09588991925247,6.359789919252471
2017-12-03 22:00:00,B002,232.0,228.45282334051836,3.547176659481636
2017-12-03 22:00:00,B003,56.6111,59.01813122272677,2.407031222726772
2017-12-03 22:00:00,B001,34.0,32.756804727376334,1.243195272623666
2017-12-03 23:00:00,B001,33.25,29.310190745177042,3.9398092548229577
2017-12-03 23:00:00,B003,55.4861,55.54014294204099,0.054042942040986475
2017-12-03 23:00:00,B002,233.5,228.61798291452865,4.882017085471347
2017-12-04 00:00:00,B003,56.0556,55.97070698888777,0.08489301111222858
2017-12-04 00:00:00,B002,245.0,237.38304585285718,7.61695414714282
2017-12-04 00:00:00,B001,42.0,28.95209224004883,13.047907759951169
2017-12-04 01:00:00,B003,53.0556,55.14358076356782,2.0879807635678205
2017-12-04 01:00:00,B002,236.5,236.31897141916366,0.18102858083634032
2017-12-04 01:00:00,B001,33.75,43.048203206711904,9.298203206711904
2017-12-04 02:00:00,B001,32.5,28.81233991739519,3.687660082604811
2017-12-04 02:00:00,B002,241.0,236.4117308299988,4.588269170001212
2017-12-04 02:00:00,B003,50.6875,52.58208145006307,1.8945814500630718
2017-12-04 03:00:00,B001,43.25,26.38788091848778,16.86211908151222
2017-12-04 03:00:00,B002,236.0,238.66203630827184,2.662036308271837
2017-12-04 03:00:00,B003,49.8125,49.96969882700849,0.15719882700849297
2017-12-04 04:00:00,B001,54.5,43.246622604019876,11.253377395980124
2017-12-04 04:00:00,B003,49.5,50.00090541601151,0.5009054160115127
2017-12-04 04:00:00,B002,243.5,234.78836799799757,8.711632002002432
2017-12-04 05:00:00,B001,45.0,52.273465502882296,7.273465502882296
2017-12-04 05:00:00,B002,241.0,239.9367969369484,1.0632030630515885
2017-12-04 05:00:00,B003,50.0,49.78046712663668,0.2195328733633204
2017-12-04 06:00:00,B001,46.75,45.723695649364075,1.0263043506359253
2017-12-04 06:00:00,B003,53.875,55.127183636539584,1.2521836365395842
2017-12-04 06:00:00,B002,245.0,240.3457959686729,4.654204031327112
2017-12-04 07:00:00,B002,255.5,244.55187636870536,10.948123631294635
2017-12-04 07:00:00,B003,64.125,61.96206750183441,2.1629324981655884
2017-12-04 07:00:00,B001,50.0,47.66917947343821,2.330820526561787
2017-12-04 08:00:00,B001,46.25,50.15907611719181,3.909076117191809
2017-12-04 08:00:00,B002,261.0,258.79720834814816,2.2027916518518396
2017-12-04 08:00:00,B003,90.375,75.99662662634468,14.378373373655322
2017-12-04 09:00:00,B002,280.5,282.4761500258527,1.9761500258526894
2017-12-04 09:00:00,B001,51.75,60.43694705147397,8.686947051473972
2017-12-04 09:00:00,B003,110.9375,109.72210176507934,1.2153982349206558
2017-12-04 10:00:00,B002,314.5,289.9846010192147,24.515398980785278
2017-12-04 10:00:00,B001,78.25,65.17684903333335,13.073150966666645
2017-12-04 10:00:00,B003,132.8125,128.2258641031746,4.586635896825413
2017-12-04 11:00:00,B003,151.6875,140.80204326719576,10.885456732804244
2017-12-04 11:00:00,B002,301.0,317.21543885714294,16.215438857142942
2017-12-04 11:00:00,B001,105.5,93.13620854161498,12.363791458385023
2017-12-04 12:00:00,B002,330.5,322.21505278659396,8.284947213406042
2017-12-04 12:00:00,B003,159.375,156.41055923809526,2.96444076190474
2017-12-04 12:00:00,B001,111.25,111.35539754749851,0.10539754749851227
2017-12-04 13:00:00,B003,170.125,159.53277268253967,10.592227317460328
2017-12-04 13:00:00,B001,114.25,115.06470189000723,0.8147018900072283
2017-12-04 13:00:00,B002,337.0,331.737425925926,5.262574074073996
2017-12-04 14:00:00,B001,109.0,114.60404150305503,5.604041503055029
2017-12-04 14:00:00,B002,317.5,328.73528703703704,11.23528703703704
2017-12-04 14:00:00,B003,167.9375,166.01765085449742,1.9198491455025817
2017-12-04 15:00:00,B002,307.0,318.7368262584437,11.736826258443728
2017-12-04 15:00:00,B003,161.25,164.39592519172066,3.1459251917206643
2017-12-04 15:00:00,B001,111.25,112.38381819263253,1.133818192632532
2017-12-04 16:00:00,B002,357.0,310.66075122222225,46.339248777777755
2017-12-04 16:00:00,B001,113.5,114.1973711544748,0.6973711544747943
2017-12-04 16:00:00,B003,159.25,160.06356167857143,0.8135616785714319
2017-12-04 17:00:00,B003,157.375,150.1857417671957,7.189258232804292
2017-12-04 17:00:00,B002,328.0,333.22174963492074,5.221749634920741
2017-12-04 17:00:00,B001,113.0,113.33369027903092,0.3336902790309182
2017-12-04 18:00:00,B001,88.0,93.13635422883594,5.136354228835941
2017-12-04 18:00:00,B003,123.5,131.74109347407403,8.241093474074034
2017-12-04 18:00:00,B002,298.5,297.05748987301575,1.4425101269842457
2017-12-04 19:00:00,B001,80.5,78.7186818089947,1.7813181910052975
2017-12-04 19:00:00,B003,106.5,104.26072280555555,2.2392771944444547
2017-12-04 19:00:00,B002,277.0,276.1193098641043,0.8806901358956907
2017-12-04 20:00:00,B001,79.5,74.92868716705236,4.5713128329476405
2017-12-04 20:00:00,B003,100.125,93.94701608932179,6.177983910678208
2017-12-04 20:00:00,B002,266.0,261.5008536728166,4.499146327183382
2017-12-04 21:00:00,B001,78.0,75.31723796230523,2.682762037694772
2017-12-04 21:00:00,B003,89.5,88.20289658039754,1.2971034196024647
2017-12-04 21:00:00,B002,265.5,252.90053066948647,12.599469330513529
2017-12-04 22:00:00,B003,69.75,79.5486267966364,9.798626796636398
2017-12-04 22:00:00,B002,261.0,254.4220791593752,6.577920840624813
2017-12-04 22:00:00,B001,75.75,74.28039257909217,1.4696074209078347
2017-12-04 23:00:00,B003,60.875,62.54119410939751,1.6661941093975088
2017-12-04 23:00:00,B002,256.5,251.137636802394,5.362363197605987
2017-12-04 23:00:00,B001,56.25,53.22947623650797,3.0205237634920294
2017-12-05 00:00:00,B001,59.25,49.94332452164248,9.30667547835752
2017-12-05 00:00:00,B003,55.8125,58.414838488362015,2.6023384883620153
2017-12-05 00:00:00,B002,254.0,250.27187740508418,3.728122594915817
2017-12-05 01:00:00,B001,47.0,57.52362312265333,10.523623122653333
2017-12-05 01:00:00,B003,53.625,54.1755602541705,0.5505602541704988
2017-12-05 01:00:00,B002,251.0,249.9179783306855,1.0820216693145142
2017-12-05 02:00:00,B001,47.25,44.405657105860335,2.8443428941396647
2017-12-05 02:00:00,B002,250.5,248.03892702722626,2.461072972773735
2017-12-05 02:00:00,B003,50.875,52.07515357587219,1.2001535758721928
2017-12-05 03:00:00,B001,47.75,47.09883358061652,0.651166419383479
2017-12-05 03:00:00,B002,254.0,245.626527405077,8.373472594922987
2017-12-05 03:00:00,B003,51.1875,50.10512179839074,1.0823782016092593
2017-12-05 04:00:00,B002,258.5,250.23540747244814,8.264592527551855
2017-12-05 04:00:00,B003,51.375,52.59126456655872,1.2162645665587206
2017-12-05 04:00:00,B001,45.75,47.755883500958376,2.005883500958376
2017-12-05 05:00:00,B003,51.1875,51.38338529631968,0.19588529631968044
2017-12-05 05:00:00,B001,46.5,45.33411982142096,1.1658801785790374
2017-12-05 05:00:00,B002,256.0,253.5564452209131,2.4435547790868952
2017-12-05 06:00:00,B002,261.5,251.53561767273504,9.964382327264957
2017-12-05 06:00:00,B003,57.875,56.43849358848962,1.4365064115103792
2017-12-05 06:00:00,B001,47.25,46.85783563883448,0.3921643611655199
2017-12-05 07:00:00,B002,267.5,255.32001207319124,12.179987926808764
2017-12-05 07:00:00,B003,73.0625,72.48628491720979,0.5762150827902133
2017-12-05 07:00:00,B001,47.0,48.606625167945346,1.6066251679453458
2017-12-05 08:00:00,B002,261.5,268.99278745072144,7.492787450721437
2017-12-05 08:00:00,B001,47.25,48.95472193891031,1.7047219389103105
2017-12-05 08:00:00,B003,87.1875,89.64267335432805,2.4551733543280534
2017-12-05 09:00:00,B001,59.0,58.12859549067855,0.8714045093214509
2017-12-05 09:00:00,B002,299.0,289.2005582227934,9.799441777206596
2017-12-05 09:00:00,B003,109.0,102.97990500476189,6.020094995238111
2017-12-05 10:00:00,B002,324.5,314.3063929723859,10.19360702761412
2017-12-05 10:00:00,B003,128.5,133.9252364457672,5.4252364457672115
2017-12-05 10:00:00,B001,82.25,80.04470246125116,2.2052975387488374
2017-12-05 11:00:00,B001,101.5,101.2044146954162,0.2955853045837955
2017-12-05 11:00:00,B002,325.0,327.35886988936977,2.358869889369771
2017-12-05 11:00:00,B003,144.125,145.08630710317453,0.9613071031745335
2017-12-05 12:00:00,B002,346.0,329.57487935161134,16.425120648388656
2017-12-05 12:00:00,B003,152.5625,151.64438959920633,0.9181104007936653
2017-12-05 12:00:00,B001,111.5,108.04132336835966,3.458676631640344
2017-12-05 13:00:00,B002,334.5,349.6561004271284,15.156100427128422
2017-12-05 13:00:00,B003,155.75,153.82584777958147,1.9241522204185344
2017-12-05 13:00:00,B001,114.0,115.6087719928375,1.6087719928375037
2017-12-05 14:00:00,B002,331.5,326.2104349932641,5.289565006735927
2017-12-05 14:00:00,B003,158.8125,154.19929246834596,4.613207531654041
2017-12-05 14:00:00,B001,115.25,113.75854591082738,1.4914540891726205
2017-12-05 15:00:00,B002,341.5,332.5113961292786,8.98860387072142
2017-12-05 15:00:00,B003,159.75,157.1490525132276,2.6009474867724123
2017-12-05 15:00:00,B001,116.5,115.96823913627954,0.5317608637204643
2017-12-05 16:00:00,B002,337.0,341.0306679315054,4.030667931505377
2017-12-05 16:00:00,B003,159.375,157.03151553003426,2.3434844699657447
2017-12-05 16:00:00,B001,118.0,117.47673369570128,0.5232663042987156
2017-12-05 17:00:00,B002,324.5,323.3951210201059,1.1048789798941243
2017-12-05 17:00:00,B003,159.4375,149.7841686904762,9.653331309523793
2017-12-05 17:00:00,B001,114.75,117.79241783928575,3.042417839285747
2017-12-05 18:00:00,B002,305.5,298.2368267770877,7.2631732229123145
2017-12-05 18:00:00,B001,95.75,96.83578502698413,1.0857850269841265
2017-12-05 18:00:00,B003,128.625,133.42184975582006,4.7968497558200625
2017-12-05 19:00:00,B001,85.75,83.72960542643456,2.02039457356544
2017-12-05 19:00:00,B003,112.1875,110.95954813095238,1.2279518690476152
2017-12-05 19:00:00,B002,291.5,285.2588381208661,6.2411618791339265
2017-12-05 20:00:00,B001,83.5,81.92024204267477,1.5797579573252278
2017-12-05 20:00:00,B003,97.6875,96.57011597883599,1.117384021164014
2017-12-05 20:00:00,B002,273.5,271.50843661342907,1.991563386570931
2017-12-05 21:00:00,B001,76.75,80.82210193779096,4.072101937790961
2017-12-05 21:00:00,B003,90.0,86.70961267211051,3.2903873278894906
2017-12-05 21:00:00,B002,263.5,263.4275345792311,0.07246542076887863
2017-12-05 22:00:00,B003,79.6875,77.74229919045993,1.9452008095400686
2017-12-05 22:00:00,B002,257.5,254.10187998886957,3.3981200111304304
2017-12-05 22:00:00,B001,76.0,74.07702099221643,1.9229790077835673
2017-12-05 23:00:00,B003,61.9375,68.16518987724866,6.227689877248665
2017-12-05 23:00:00,B002,254.5,252.32366219968856,2.176337800311444
2017-12-05 23:00:00,B001,72.25,53.86890851851853,18.38109148148147
2017-12-06 00:00:00,B002,269.6939,245.95053423355662,23.74336576644336
2017-12-06 00:00:00,B003,77.2232,57.73436534831653,19.488834651683476
2017-12-06 00:00:00,B001,74.2398,64.44310706890803,9.796692931091968
2017-12-06 01:00:00,B002,281.3878,255.15688171993528,26.230918280064742
2017-12-06 01:00:00,B001,82.4796,71.37993433033586,11.099665669664148
2017-12-06 01:00:00,B003,101.9464,74.66210828941803,27.284291710581968
2017-12-06 02:00:00,B001,82.4796,79.33749456666675,3.1421054333332563
2017-12-06 02:00:00,B002,281.3878,268.83753243767035,12.55026756232968
2017-12-06 02:00:00,B003,101.9464,79.14446719047613,22.801932809523862
2017-12-06 03:00:00,B001,82.4796,79.91013573333343,2.5694642666665715
2017-12-06 03:00:00,B002,281.3878,268.5872811096468,12.800518890353203
2017-12-06 03:00:00,B003,101.9464,80.210345479365,21.736054520634994
2017-12-06 04:00:00,B003,101.9464,81.6704375563676,20.275962443632395
2017-12-06 04:00:00,B002,281.3878,270.12546964464525,11.262330355354777
2017-12-06 04:00:00,B001,82.4796,79.16673632962974,3.3128636703702625
2017-12-06 05:00:00,B003,101.9464,81.01332238412694,20.93307761587306
2017-12-06 05:00:00,B002,281.3878,271.04986670966815,10.337933290331875
2017-12-06 05:00:00,B001,82.4796,79.24311734074087,3.2364826592591385
2017-12-06 06:00:00,B001,82.4796,79.2109347851853,3.2686652148147033
2017-12-06 06:00:00,B003,101.9464,88.88679059489355,13.059609405106443
2017-12-06 06:00:00,B002,281.3878,270.64925332001604,10.738546679983983
2017-12-06 07:00:00,B001,82.4796,79.02345336296308,3.456146637036923
2017-12-06 07:00:00,B003,101.9464,122.61938894285714,20.672988942857145
2017-12-06 07:00:00,B002,281.3878,276.9889533219336,4.398846678066434
2017-12-06 08:00:00,B003,101.9464,122.8832499079365,20.936849907936505
2017-12-06 08:00:00,B002,281.3878,286.4404714997462,5.052671499746168
2017-12-06 08:00:00,B001,82.4796,90.77432526825395,8.294725268253941
2017-12-06 09:00:00,B003,101.9464,124.12273895988451,22.176338959884518
2017-12-06 09:00:00,B001,82.4796,91.43654329841272,8.95694329841271
2017-12-06 09:00:00,B002,281.3878,296.24870918019195,14.860909180191925
2017-12-06 10:00:00,B002,281.3878,294.2232496622112,12.835449662211147
2017-12-06 10:00:00,B001,82.4796,92.0338758650794,9.55427586507939
2017-12-06 10:00:00,B003,101.9464,124.98107274126984,23.034672741269844
2017-12-06 11:00:00,B002,281.3878,291.57773042307554,10.18993042307551
2017-12-06 11:00:00,B001,82.4796,99.10415033516455,16.624550335164543
2017-12-06 11:00:00,B003,101.9464,120.3412623391534,18.394862339153406
2017-12-06 12:00:00,B001,82.4796,91.27427764761903,8.794677647619025
2017-12-06 12:00:00,B003,101.9464,103.20569765548343,1.2592976554834365
2017-12-06 12:00:00,B002,281.3878,290.40998900231006,9.022189002310029
2017-12-06 13:00:00,B002,281.3878,290.13858647689517,8.750786476895144
2017-12-06 13:00:00,B001,82.4796,84.78204020317459,2.3024402031745836
2017-12-06 13:00:00,B003,101.9464,100.06645488006754,1.879945119932458
2017-12-06 14:00:00,B002,281.3878,287.4976770094558,6.109877009455772
2017-12-06 14:00:00,B003,101.9464,101.32651841319387,0.6198815868061303
2017-12-06 14:00:00,B001,82.4796,84.08153878412696,1.6019387841269577
2017-12-06 15:00:00,B003,101.9464,102.01095169428812,0.06455169428812724
2017-12-06 15:00:00,B002,281.3878,286.31896445815926,4.93116445815923
2017-12-06 15:00:00,B001,82.4796,84.09150170476191,1.6119017047619053
2017-12-06 16:00:00,B003,101.9464,102.6585120669784,0.7121120669784062
2017-12-06 16:00:00,B001,82.4796,84.08412700634919,1.604527006349187
2017-12-06 16:00:00,B002,281.3878,287.4508196496822,6.0630196496821895
2017-12-06 17:00:00,B002,281.3878,275.19066193662997,6.197138063370062
2017-12-06 17:00:00,B003,101.9464,97.41665584444445,4.529744155555548
2017-12-06 17:00:00,B001,82.4796,79.57555410762569,2.904045892374313
2017-12-06 18:00:00,B001,82.4796,79.54434706879677,2.9352529312032374
2017-12-06 18:00:00,B002,281.3878,266.12846965103813,15.259330348961896
2017-12-06 18:00:00,B003,101.9464,91.53798259668109,10.408417403318907
2017-12-06 19:00:00,B001,82.4796,79.29954128853706,3.180058711462948
2017-12-06 19:00:00,B003,101.9464,90.95279730660168,10.993602693398316
2017-12-06 19:00:00,B002,281.3878,264.34982349067997,17.03797650932006
2017-12-06 20:00:00,B001,82.4796,79.38051528450028,3.0990847154997283
2017-12-06 20:00:00,B002,281.3878,263.34035054600713,18.047449453992897
2017-12-06 20:00:00,B003,101.9464,89.37188290907811,12.574517090921887
2017-12-06 21:00:00,B002,281.3878,264.88439591654117,16.50340408345886
2017-12-06 21:00:00,B001,82.4796,77.35145956827485,5.128140431725157
2017-12-06 21:00:00,B003,101.9464,88.97156664071593,12.974833359284062
2017-12-06 22:00:00,B003,101.9464,88.17156392121737,13.774836078782627
2017-12-06 22:00:00,B001,82.4796,77.49684036510024,4.9827596348997645
2017-12-06 22:00:00,B002,281.3878,264.6049840043133,16.782815995686747
2017-12-06 23:00:00,B003,101.9464,87.55204212559525,14.394357874404747
2017-12-06 23:00:00,B001,82.4796,71.80212076380158,10.677479236198423
2017-12-06 23:00:00,B002,281.3878,264.3616816801374,17.026118319862633
2017-12-07 00:00:00,B003,78.7857,84.0942186333333,5.308518633333293
2017-12-07 00:00:00,B002,263.1939,260.3591213703297,2.834778629670268
2017-12-07 00:00:00,B001,62.4898,71.48672895163223,8.996928951632228
2017-12-07 01:00:00,B003,78.1607,70.91141145317461,7.249288546825397
2017-12-07 01:00:00,B002,261.1939,253.1842533063715,8.009646693628497
2017-12-07 01:00:00,B001,64.2398,56.88106485381155,7.358735146188451
2017-12-07 02:00:00,B003,54.125,71.58810331507938,17.46310331507938
2017-12-07 02:00:00,B002,233.0,255.278151871757,22.27815187175699
2017-12-07 02:00:00,B001,45.5,57.08842732249514,11.588427322495143
2017-12-07 03:00:00,B001,45.75,44.58946022660599,1.1605397733940066
2017-12-07 03:00:00,B002,229.5,235.40483023900345,5.904830239003445
2017-12-07 03:00:00,B003,55.3125,55.75200626484601,0.43950626484600974
2017-12-07 04:00:00,B001,44.0,44.624548312474595,0.6245483124745945
2017-12-07 04:00:00,B003,53.625,54.502310866965175,0.8773108669651748
2017-12-07 04:00:00,B002,229.0,225.92965429898433,3.0703457010156683
2017-12-07 05:00:00,B001,44.0,44.17650563342024,0.17650563342024128
2017-12-07 05:00:00,B002,229.5,225.77103500178941,3.7289649982105857
2017-12-07 05:00:00,B003,52.875,54.78017612793272,1.9051761279327195
2017-12-07 06:00:00,B001,46.5,45.48773056358139,1.0122694364186131
2017-12-07 06:00:00,B003,64.0625,57.483490685875914,6.579009314124086
2017-12-07 06:00:00,B002,237.5,226.86354465791237,10.636455342087629
2017-12-07 07:00:00,B002,243.0,238.20206614925556,4.7979338507444425
2017-12-07 07:00:00,B001,48.25,47.70432159684683,0.5456784031531683
2017-12-07 07:00:00,B003,82.1875,74.20467150413529,7.982828495864709
2017-12-07 08:00:00,B001,46.5,57.22190966818498,10.721909668184978
2017-12-07 08:00:00,B003,94.6875,95.08079830943144,0.3932983094314437
2017-12-07 08:00:00,B002,243.0,253.1600082611833,10.160008261183293
2017-12-07 09:00:00,B002,265.5,274.37850891615784,8.878508916157841
2017-12-07 09:00:00,B001,53.5,71.75750653074257,18.257506530742575
2017-12-07 09:00:00,B003,110.875,113.83248342328048,2.957483423280479
2017-12-07 10:00:00,B003,134.6875,127.78246855158727,6.905031448412728
2017-12-07 10:00:00,B001,73.25,74.07407763885348,0.8240776388534812
2017-12-07 10:00:00,B002,277.0,287.18129378643584,10.181293786435845
2017-12-07 11:00:00,B003,147.625,141.83244128968252,5.792558710317479
2017-12-07 11:00:00,B002,300.5,289.1932020687831,11.30679793121692
2017-12-07 11:00:00,B001,94.5,85.22377137332661,9.276228626673387
2017-12-07 12:00:00,B002,299.0,312.2979285304571,13.297928530457114
2017-12-07 12:00:00,B001,101.25,103.62323904126987,2.373239041269869
2017-12-07 12:00:00,B003,147.875,149.1751110879267,1.3001110879266946
2017-12-07 13:00:00,B002,291.5,308.77407603315544,17.27407603315544
2017-12-07 13:00:00,B001,103.0,105.25585479925721,2.2558547992572073
2017-12-07 13:00:00,B003,151.4375,148.14380435423016,3.2936956457698443
2017-12-07 14:00:00,B001,100.5,105.08716440032468,4.587164400324681
2017-12-07 14:00:00,B003,151.75,151.1026394656085,0.6473605343915096
2017-12-07 14:00:00,B002,302.0,301.28572045887444,0.7142795411255634
2017-12-07 15:00:00,B002,312.0,312.6521241994549,0.6521241994548745
2017-12-07 15:00:00,B003,149.25,150.24669425,0.9966942499999902
2017-12-07 15:00:00,B001,107.25,107.66638192144765,0.41638192144765185
2017-12-07 16:00:00,B001,107.5,110.75081791739608,3.250817917396077
2017-12-07 16:00:00,B003,147.9375,148.25036528971614,0.312865289716143
2017-12-07 16:00:00,B002,316.0,312.506129339426,3.4938706605739753
2017-12-07 17:00:00,B002,301.5,302.8849772344876,1.3849772344876214
2017-12-07 17:00:00,B001,109.75,106.95649051733824,2.7935094826617615
2017-12-07 17:00:00,B003,143.875,140.97951220634917,2.8954877936508296
2017-12-07 18:00:00,B002,284.0,284.6511097439555,0.6511097439554874
2017-12-07 18:00:00,B003,119.75,123.94592924206349,4.195929242063485
2017-12-07 18:00:00,B001,91.0,94.08942729995748,3.089427299957478
2017-12-07 19:00:00,B001,76.75,82.17164114402152,5.421641144021521
2017-12-07 19:00:00,B003,104.5,103.16767668518521,1.3323233148147864
2017-12-07 19:00:00,B002,275.5,267.2493504475017,8.250649552498317
2017-12-07 20:00:00,B003,96.8125,94.7240847450938,2.088415254906195
2017-12-07 20:00:00,B001,76.75,73.58352136214386,3.1664786378561445
2017-12-07 20:00:00,B002,266.0,259.1950908088738,6.804909191126228
2017-12-07 21:00:00,B003,96.3125,86.91013643941805,9.402363560581946
2017-12-07 21:00:00,B001,77.5,73.96644148198513,3.533558518014871
2017-12-07 21:00:00,B002,259.5,252.72155023069567,6.778449769304331
2017-12-07 22:00:00,B002,252.0,250.87117153647813,1.1288284635218702
2017-12-07 22:00:00,B001,74.75,75.45990919452846,0.7099091945284641
2017-12-07 22:00:00,B003,77.5625,86.68163310132277,9.119133101322774
2017-12-07 23:00:00,B001,48.0,69.87987418495402,21.87987418495402
2017-12-07 23:00:00,B003,60.9375,69.47151654999999,8.53401654999999
2017-12-07 23:00:00,B002,250.0,246.34977252372806,3.6502274762719367
2017-12-08 00:00:00,B001,50.0,46.37669654883786,3.623303451162137
2017-12-08 00:00:00,B002,251.0,244.61263806946815,6.387361930531853
2017-12-08 00:00:00,B003,57.8125,57.977466135546216,0.16496613554621575
2017-12-08 01:00:00,B003,51.9375,55.179180497442395,3.2416804974423954
2017-12-08 01:00:00,B001,44.25,47.05752340269153,2.8075234026915297
2017-12-08 01:00:00,B002,240.5,250.0004678083775,9.500467808377493
2017-12-08 02:00:00,B003,48.8125,52.28012348534028,3.467623485340283
2017-12-08 02:00:00,B002,240.5,241.0402667407631,0.5402667407630872
2017-12-08 02:00:00,B001,43.75,44.05070230347253,0.30070230347252647
2017-12-08 03:00:00,B003,49.125,48.39421913807543,0.7307808619245719
2017-12-08 03:00:00,B002,246.0,241.914957914271,4.085042085728986
2017-12-08 03:00:00,B001,46.25,44.29432786589506,1.9556721341049368
2017-12-08 04:00:00,B002,244.5,253.9027234361399,9.402723436139894
2017-12-08 04:00:00,B003,48.9375,48.875482460561805,0.06201753943819455
2017-12-08 04:00:00,B001,45.25,46.41195388536933,1.1619538853693285
2017-12-08 05:00:00,B002,239.5,249.77846585829064,10.278465858290645
2017-12-08 05:00:00,B001,45.0,44.882166632103576,0.11783336789642362
2017-12-08 05:00:00,B003,49.625,48.619584997642306,1.0054150023576938
2017-12-08 06:00:00,B002,243.5,237.14537531261968,6.354624687380323
2017-12-08 06:00:00,B001,47.0,45.74773308415516,1.2522669158448423
2017-12-08 06:00:00,B003,57.4375,56.54391496854956,0.8935850314504421
2017-12-08 07:00:00,B001,50.0,48.344567064118024,1.6554329358819757
2017-12-08 07:00:00,B002,255.5,251.26934067205386,4.230659327946142
2017-12-08 07:00:00,B003,74.4375,71.71817319082894,2.719326809171065
2017-12-08 08:00:00,B002,258.5,259.7115629895623,1.2115629895623101
2017-12-08 08:00:00,B001,47.75,49.98474235949522,2.234742359495222
2017-12-08 08:00:00,B003,89.0625,89.96599888445964,0.903498884459637
2017-12-08 09:00:00,B003,109.0625,103.18499459722226,5.877505402777743
2017-12-08 09:00:00,B001,56.25,54.08050498967159,2.1694950103284114
2017-12-08 09:00:00,B002,272.5,281.5921476664539,9.092147666453911
2017-12-08 10:00:00,B001,74.25,75.05559300078367,0.8055930007836736
2017-12-08 10:00:00,B002,304.5,291.8397894232804,12.660210576719578
2017-12-08 10:00:00,B003,124.0,130.61424095634922,6.614240956349221
2017-12-08 11:00:00,B002,323.0,317.11580681472714,5.8841931852728635
2017-12-08 11:00:00,B001,90.0,93.2976489762185,3.297648976218497
2017-12-08 11:00:00,B003,142.75,135.64780067989417,7.102199320105825
2017-12-08 12:00:00,B001,100.5,97.75235385873012,2.7476461412698825
2017-12-08 12:00:00,B003,145.5625,147.84422928968252,2.2817292896825165
2017-12-08 12:00:00,B002,342.0,323.79543846896445,18.20456153103555
2017-12-08 13:00:00,B003,149.1875,148.16763573869653,1.0198642613034679
2017-12-08 13:00:00,B002,360.0,342.20737439538254,17.792625604617456
2017-12-08 13:00:00,B001,105.25,106.59094577033952,1.3409457703395162
2017-12-08 14:00:00,B003,152.875,147.92068158333336,4.954318416666638
2017-12-08 14:00:00,B001,102.0,106.58136343878637,4.581363438786369
2017-12-08 14:00:00,B002,338.5,350.6006439199616,12.100643919961612
2017-12-08 15:00:00,B002,339.5,335.4820182052352,4.0179817947648075
2017-12-08 15:00:00,B001,106.25,110.01549279207606,3.76549279207606
2017-12-08 15:00:00,B003,152.8125,153.2045874391534,0.39208743915341415
2017-12-08 16:00:00,B001,114.5,110.7741705367434,3.725829463256602
2017-12-08 16:00:00,B003,150.375,152.1081011428571,1.7331011428570946
2017-12-08 16:00:00,B002,351.0,333.16010185185183,17.839898148148166
2017-12-08 17:00:00,B002,335.0,325.58336569682547,9.416634303174533
2017-12-08 17:00:00,B001,111.0,109.49316330776396,1.5068366922360354
2017-12-08 17:00:00,B003,143.125,139.9322740621693,3.192725937830687
2017-12-08 18:00:00,B001,91.5,95.29887433282131,3.7988743328213133
2017-12-08 18:00:00,B002,293.0,311.997976095238,18.997976095238016
2017-12-08 18:00:00,B003,121.4375,124.19851598412696,2.7610159841269564
2017-12-08 19:00:00,B003,106.0,103.78619480582012,2.2138051941798835
2017-12-08 19:00:00,B002,277.0,274.2725317902271,2.727468209772894
2017-12-08 19:00:00,B001,86.75,82.39772361628795,4.352276383712052
2017-12-08 20:00:00,B002,264.5,259.9377291962574,4.562270803742592
2017-12-08 20:00:00,B001,81.5,80.05722333744123,1.4427766625587708
2017-12-08 20:00:00,B003,99.25,92.12022570925926,7.129774290740741
2017-12-08 21:00:00,B003,88.625,87.14521787248681,1.4797821275131895
2017-12-08 21:00:00,B001,77.5,78.11692608668473,0.6169260866847281
2017-12-08 21:00:00,B002,263.0,254.14012880639663,8.859871193603368
2017-12-08 22:00:00,B001,77.0,73.8797284381818,3.1202715618181998
2017-12-08 22:00:00,B003,73.6875,77.15424811048229,3.4667481104822855
2017-12-08 22:00:00,B002,261.5,253.37308505898827,8.126914941011734
2017-12-08 23:00:00,B001,52.5,53.928289156084645,1.4282891560846451
2017-12-08 23:00:00,B003,64.875,65.47333855,0.598338549999994
2017-12-08 23:00:00,B002,253.0,253.95946890576442,0.9594689057644246
2017-12-09 00:00:00,B001,47.75,51.775285390091625,4.025285390091625
2017-12-09 00:00:00,B003,61.125,58.329631375514595,2.7953686244854055
2017-12-09 00:00:00,B002,248.0,246.04362224936233,1.956377750637671
2017-12-09 01:00:00,B002,255.0,247.51343764212783,7.486562357872174
2017-12-09 01:00:00,B003,62.1875,59.44494734512974,2.7425526548702592
2017-12-09 01:00:00,B001,52.75,46.6118597888257,6.138140211174303
2017-12-09 02:00:00,B002,254.0,251.57696158850356,2.423038411496435
2017-12-09 02:00:00,B001,54.75,51.995110454336896,2.7548895456631044
2017-12-09 02:00:00,B003,61.3125,59.92101337010948,1.3914866298905224
2017-12-09 03:00:00,B002,257.5,250.77123225170155,6.728767748298452
2017-12-09 03:00:00,B003,59.875,59.814665003178234,0.060334996821765685
2017-12-09 03:00:00,B001,54.75,53.636607251014645,1.1133927489853548
2017-12-09 04:00:00,B003,57.875,59.16356057781663,1.2885605778166322
2017-12-09 04:00:00,B002,252.0,255.9366858909797,3.936685890979703
2017-12-09 04:00:00,B001,55.5,53.44772337616905,2.0522766238309487
2017-12-09 05:00:00,B001,55.75,54.33990057844947,1.4100994215505267
2017-12-09 05:00:00,B002,253.5,249.55055337177188,3.9494466282281167
2017-12-09 05:00:00,B003,58.125,56.036475138086956,2.0885248619130437
2017-12-09 06:00:00,B002,253.5,251.24934331534382,2.250656684656178
2017-12-09 06:00:00,B001,55.25,56.20186635324257,0.951866353242572
2017-12-09 06:00:00,B003,58.9375,59.605418980553694,0.6679189805536936
2017-12-09 07:00:00,B003,58.1875,61.79305083573801,3.6055508357380077
2017-12-09 07:00:00,B002,253.5,252.35601221279575,1.143987787204253
2017-12-09 07:00:00,B001,55.5,56.05311081257396,0.5531108125739621
2017-12-09 08:00:00,B003,61.9375,61.4151068556503,0.5223931443496994
2017-12-09 08:00:00,B002,261.5,255.5956697705499,5.904330229450096
2017-12-09 08:00:00,B001,53.75,56.07598087191388,2.3259808719138775
2017-12-09 09:00:00,B003,64.625,66.6938546418761,2.0688546418761007
2017-12-09 09:00:00,B002,253.5,273.8099329730159,20.30993297301592
2017-12-09 09:00:00,B001,52.5,55.405076766639226,2.905076766639226
2017-12-09 10:00:00,B001,49.0,55.14349596120744,6.143495961207442
2017-12-09 10:00:00,B003,64.875,70.10760790793648,5.232607907936483
2017-12-09 10:00:00,B002,199.0,257.95824348465595,58.95824348465595
2017-12-09 11:00:00,B001,53.5,51.9280099049041,1.5719900950958987
2017-12-09 11:00:00,B002,243.5,206.3322535137086,37.167746486291406
2017-12-09 11:00:00,B003,70.125,69.92612299920636,0.1988770007936438
2017-12-09 12:00:00,B001,58.25,57.325499515460095,0.9245004845399052
2017-12-09 12:00:00,B003,71.875,72.3350860636142,0.4600860636141988
2017-12-09 12:00:00,B002,258.5,241.40056121861474,17.09943878138526
2017-12-09 13:00:00,B001,59.75,61.4907857211814,1.7407857211814033
2017-12-09 13:00:00,B003,75.5,71.98495752301591,3.5150424769840924
2017-12-09 13:00:00,B002,261.5,264.2424564662338,2.7424564662338184
2017-12-09 14:00:00,B001,61.75,61.88884310561464,0.1388431056146402
2017-12-09 14:00:00,B003,76.25,68.99818851111108,7.251811488888919
2017-12-09 14:00:00,B002,253.0,271.8951905613276,18.89519056132758
2017-12-09 15:00:00,B001,61.0,63.20627106003489,2.2062710600348865
2017-12-09 15:00:00,B003,79.6875,73.57945152010583,6.108048479894165
2017-12-09 15:00:00,B002,255.5,256.03019675988463,0.5301967598846318
2017-12-09 16:00:00,B002,255.5,257.14411543571424,1.644115435714241
2017-12-09 16:00:00,B001,63.5,61.577421857767476,1.922578142232524
2017-12-09 16:00:00,B003,87.0,79.82658577553183,7.173414224468175
2017-12-09 17:00:00,B002,253.0,252.30115432765064,0.6988456723493641
2017-12-09 17:00:00,B001,63.75,64.46055130262201,0.710551302622008
2017-12-09 17:00:00,B003,87.375,86.94391758650802,0.4310824134919784
2017-12-09 18:00:00,B002,251.0,250.202882064822,0.7971179351779938
2017-12-09 18:00:00,B003,90.125,77.04418680339107,13.08081319660893
2017-12-09 18:00:00,B001,47.0,58.584506343200545,11.584506343200545
2017-12-09 19:00:00,B003,87.8125,84.66214416542813,3.1503558345718687
2017-12-09 19:00:00,B002,250.5,248.10012399555833,2.3998760044416656
2017-12-09 19:00:00,B001,42.5,45.32532372978681,2.8253237297868097
2017-12-09 20:00:00,B002,247.5,246.3527382481184,1.1472617518815866
2017-12-09 20:00:00,B001,41.5,42.87693298318641,1.376932983186407
2017-12-09 20:00:00,B003,78.5,78.20835498526938,0.2916450147306193
2017-12-09 21:00:00,B001,43.0,41.71357652389238,1.2864234761076219
2017-12-09 21:00:00,B002,249.0,238.46991820223687,10.530081797763131
2017-12-09 21:00:00,B003,73.8125,75.69420169003399,1.8817016900339922
2017-12-09 22:00:00,B002,244.5,242.13614229989543,2.3638577001045746
2017-12-09 22:00:00,B001,42.25,43.83238878880151,1.5823887888015093
2017-12-09 22:00:00,B003,66.5625,71.19132815851853,4.62882815851853
2017-12-09 23:00:00,B002,249.0,237.93857282588456,11.061427174115437
2017-12-09 23:00:00,B001,40.75,42.599319549846996,1.8493195498469959
2017-12-09 23:00:00,B003,62.125,59.355832577471226,2.769167422528774
2017-12-10 00:00:00,B002,245.5,241.4012946521696,4.098705347830389
2017-12-10 00:00:00,B003,60.875,58.09393794007751,2.7810620599224904
2017-12-10 00:00:00,B001,36.25,45.43491819732862,9.18491819732862
2017-12-10 01:00:00,B002,239.5,242.90001237764275,3.400012377642753
2017-12-10 01:00:00,B003,62.375,58.20831600101782,4.16668399898218
2017-12-10 01:00:00,B001,45.0,36.36674400915933,8.633255990840667
2017-12-10 02:00:00,B001,44.75,44.415106116774105,0.3348938832258952
2017-12-10 02:00:00,B002,237.0,237.11829333997656,0.11829333997656022
2017-12-10 02:00:00,B003,64.1875,58.22492602168708,5.962573978312918
2017-12-10 03:00:00,B002,244.5,236.35682545517318,8.14317454482682
2017-12-10 03:00:00,B003,61.3125,60.76106254787308,0.551437452126919
2017-12-10 03:00:00,B001,44.0,44.479345711799226,0.47934571179922614
2017-12-10 04:00:00,B003,59.5,60.56609228669959,1.0660922866995932
2017-12-10 04:00:00,B002,239.0,244.34341133718004,5.343411337180044
2017-12-10 04:00:00,B001,44.75,43.88213605698415,0.8678639430158483
2017-12-10 05:00:00,B003,60.25,58.252525931767295,1.9974740682327052
2017-12-10 05:00:00,B001,39.75,44.42812033301712,4.6781203330171195
2017-12-10 05:00:00,B002,229.0,236.86324510685677,7.863245106856766
2017-12-10 06:00:00,B003,60.4375,60.331376907498026,0.10612309250197427
2017-12-10 06:00:00,B001,33.5,40.583797312226665,7.083797312226665
2017-12-10 06:00:00,B002,212.0,227.28216876560018,15.282168765600176
2017-12-10 07:00:00,B001,33.75,29.097480342328037,4.652519657671963
2017-12-10 07:00:00,B002,218.5,212.76778255397096,5.73221744602904
2017-12-10 07:00:00,B003,62.0,64.14011248530804,2.1401124853080375
2017-12-10 08:00:00,B001,32.25,29.189923666666665,3.0600763333333347
2017-12-10 08:00:00,B003,64.6875,64.60820873557898,0.0792912644210162
2017-12-10 08:00:00,B002,218.0,217.107548912037,0.8924510879629963
2017-12-10 09:00:00,B002,225.5,218.47790262385635,7.022097376143648
2017-12-10 09:00:00,B001,32.25,27.541400039886042,4.708599960113958
2017-12-10 09:00:00,B003,61.6875,66.51651017195762,4.82901017195762
2017-12-10 10:00:00,B001,30.75,27.37443471184371,3.3755652881562916
2017-12-10 10:00:00,B003,65.9375,64.88550660275244,1.051993397247557
2017-12-10 10:00:00,B002,242.5,237.3564586307022,5.143541369297793
2017-12-10 11:00:00,B003,69.5625,69.04622931065325,0.5162706893467544
2017-12-10 11:00:00,B002,246.5,241.903292068254,4.5967079317460104
2017-12-10 11:00:00,B001,37.0,28.82504715187948,8.174952848120519
2017-12-10 12:00:00,B002,250.5,244.46104669682535,6.038953303174651
2017-12-10 12:00:00,B003,73.5,71.1933611693624,2.3066388306375956
2017-12-10 12:00:00,B001,42.75,37.99671357648716,4.75328642351284
2017-12-10 13:00:00,B002,247.5,253.0610078888888,5.56100788888881
2017-12-10 13:00:00,B003,72.0625,76.09708859920636,4.034588599206359
2017-12-10 13:00:00,B001,45.0,45.36208190494828,0.3620819049482833
2017-12-10 14:00:00,B002,250.0,246.15797074242417,3.842029257575831
2017-12-10 14:00:00,B001,49.25,47.254615229118244,1.9953847708817563
2017-12-10 14:00:00,B003,81.4375,73.17635379614015,8.261146203859852
2017-12-10 15:00:00,B001,55.25,52.317292226511825,2.9327077734881755
2017-12-10 15:00:00,B003,84.5,77.07756463620801,7.42243536379199
2017-12-10 15:00:00,B002,248.0,251.37030669523804,3.3703066952380425
2017-12-10 16:00:00,B001,56.0,57.92416246554955,1.92416246554955
2017-12-10 16:00:00,B003,85.75,84.08898051170668,1.66101948829332
2017-12-10 16:00:00,B002,248.0,244.15264357295518,3.847356427044815
2017-12-10 17:00:00,B003,80.8125,86.91251134523813,6.10001134523813
2017-12-10 17:00:00,B002,247.0,242.44756459840036,4.552435401599638
2017-12-10 17:00:00,B001,55.5,57.50021148871946,2.000211488719458
2017-12-10 18:00:00,B001,34.75,49.0416367154616,14.2916367154616
2017-12-10 18:00:00,B003,81.0,75.82163016295549,5.178369837044514
2017-12-10 18:00:00,B002,242.0,237.5084878098629,4.491512190137087
2017-12-10 19:00:00,B001,32.5,31.64090363208632,0.8590963679136792
2017-12-10 19:00:00,B003,83.0625,76.09428337744603,6.9682166225539675
2017-12-10 19:00:00,B002,248.5,235.32329339243046,13.176706607569542
2017-12-10 20:00:00,B001,33.25,26.43417075545266,6.815829244547341
2017-12-10 20:00:00,B002,238.0,238.63233610607674,0.6323361060767354
2017-12-10 20:00:00,B003,79.75,75.70938730547681,4.04061269452319
2017-12-10 21:00:00,B001,33.5,27.124482886140484,6.375517113859516
2017-12-10 21:00:00,B003,75.5625,75.04169142288997,0.5208085771100315
2017-12-10 21:00:00,B002,240.5,232.20661906310295,8.293380936897051
2017-12-10 22:00:00,B002,239.5,234.64401065237237,4.855989347627627
2017-12-10 22:00:00,B001,34.0,27.958782886140483,6.041217113859517
2017-12-10 22:00:00,B003,63.75,69.86445588565869,6.1144558856586855
2017-12-10 23:00:00,B001,33.25,29.679309896030595,3.5706901039694046
2017-12-10 23:00:00,B002,234.5,233.8835976205483,0.6164023794516993
2017-12-10 23:00:00,B003,62.8125,57.95031126829729,4.862188731702709
2017-12-11 00:00:00,B002,255.5802,233.86054549897952,21.71965450102047
2017-12-11 00:00:00,B001,45.4449,28.14929995598175,17.295600044018247
2017-12-11 00:00:00,B003,75.2475,58.227943922815236,17.019556077184767
2017-12-11 01:00:00,B002,240.0,248.9852231750293,8.98522317502929
2017-12-11 01:00:00,B001,33.25,42.255187833068725,9.005187833068725
2017-12-11 01:00:00,B003,59.25,74.34506726901316,15.095067269013157
2017-12-11 02:00:00,B002,234.0,239.85040523843162,5.85040523843162
2017-12-11 02:00:00,B003,60.0,59.31230382945029,0.6876961705497067
2017-12-11 02:00:00,B001,32.75,28.43176199346209,4.318238006537911
2017-12-11 03:00:00,B001,34.0,26.74636821092241,7.253631789077591
2017-12-11 03:00:00,B003,62.625,59.47589912653195,3.1491008734680506
2017-12-11 03:00:00,B002,233.5,233.46645681207795,0.033543187922049356
2017-12-11 04:00:00,B003,61.9375,60.03326697164317,1.9042330283568276
2017-12-11 04:00:00,B002,220.5,234.3100690350651,13.810069035065112
2017-12-11 04:00:00,B001,32.0,30.132104732478627,1.867895267521373
2017-12-11 05:00:00,B001,32.25,26.307880061476258,5.942119938523742
2017-12-11 05:00:00,B003,62.75,60.325874361684754,2.424125638315246
2017-12-11 05:00:00,B002,222.0,220.14566019774648,1.85433980225352
2017-12-11 06:00:00,B002,235.5,220.64306072092066,14.856939279079342
2017-12-11 06:00:00,B001,34.75,26.787840949043545,7.962159050956455
2017-12-11 06:00:00,B003,69.5,63.30515431846245,6.194845681537551
2017-12-11 07:00:00,B003,81.75,71.08422157311207,10.665778426887925
2017-12-11 07:00:00,B001,37.25,31.703564819469424,5.546435180530576
2017-12-11 07:00:00,B002,240.5,236.69721130197905,3.8027886980209473
2017-12-11 08:00:00,B001,34.75,39.47075703547657,4.7207570354765735
2017-12-11 08:00:00,B002,247.5,245.7629451369709,1.7370548630291012
2017-12-11 08:00:00,B003,93.8125,94.02628561031749,0.21378561031748688
2017-12-11 09:00:00,B002,261.0,271.26070390476207,10.260703904762067
2017-12-11 09:00:00,B001,68.75,40.44137517371516,28.30862482628484
2017-12-11 09:00:00,B003,118.9375,114.16105859197528,4.7764414080247235
2017-12-11 10:00:00,B003,140.1875,135.65271618253965,4.534783817460351
2017-12-11 10:00:00,B002,270.0,283.79355813412315,13.793558134123145
2017-12-11 10:00:00,B001,76.0,76.08781700066133,0.08781700066133169
2017-12-11 11:00:00,B001,99.75,93.01320900317464,6.736790996825363
2017-12-11 11:00:00,B003,156.3125,152.95704086352328,3.355459136476725
2017-12-11 11:00:00,B002,287.5,281.6464753186097,5.853524681390297
2017-12-11 12:00:00,B001,107.5,109.41549550466851,1.9154955046685131
2017-12-11 12:00:00,B002,334.0,302.7457324242423,31.254267575757694
2017-12-11 12:00:00,B003,165.625,153.8040906587301,11.820909341269896
2017-12-11 13:00:00,B001,115.25,111.38456285780859,3.8654371421914107
2017-12-11 13:00:00,B002,344.5,327.8320155677659,16.667984432234107
2017-12-11 13:00:00,B003,175.75,164.60925505555568,11.140744944444322
2017-12-11 14:00:00,B001,117.0,116.00365495755005,0.9963450424499456
2017-12-11 14:00:00,B002,329.5,335.4112020757022,5.911202075702192
2017-12-11 14:00:00,B003,176.5,164.24185369759877,12.25814630240123
2017-12-11 15:00:00,B003,172.125,165.04781909259268,7.077180907407325
2017-12-11 15:00:00,B001,118.0,117.61780561544751,0.38219438455249133
2017-12-11 15:00:00,B002,334.0,331.99035154660163,2.00964845339837
2017-12-11 16:00:00,B001,119.0,117.59540325339951,1.4045967466004896
2017-12-11 16:00:00,B002,378.5,330.5704752538326,47.929524746167374
2017-12-11 16:00:00,B003,145.3125,164.3522185132276,19.039718513227598
2017-12-11 17:00:00,B001,58.3898,117.7582247346405,59.368424734640506
2017-12-11 17:00:00,B003,90.37,140.2772918571428,49.90729185714281
2017-12-11 17:00:00,B002,273.1604,349.7287460317461,76.5683460317461
2017-12-11 18:00:00,B003,90.37,82.42369483610388,7.9463051638961275
2017-12-11 18:00:00,B001,58.3898,52.17226532975623,6.217534670243772
2017-12-11 18:00:00,B002,273.1604,258.69308411437777,14.467315885622213
2017-12-11 19:00:00,B003,90.37,82.0478607017956,8.322139298204405
2017-12-11 19:00:00,B002,273.1604,259.3149671758488,13.845432824151203
2017-12-11 19:00:00,B001,58.3898,50.38025824139643,8.009541758603568
2017-12-11 20:00:00,B003,90.37,80.77865782525436,9.591342174745648
2017-12-11 20:00:00,B002,273.1604,257.123685260321,16.036714739678985
2017-12-11 20:00:00,B001,58.3898,50.910957272318335,7.478842727681666
2017-12-11 21:00:00,B001,58.3898,51.01474729458864,7.375052705411363
2017-12-11 21:00:00,B003,90.37,80.73062122905937,9.639378770940638
2017-12-11 21:00:00,B002,273.1604,263.02583970312065,10.134560296879329
2017-12-11 22:00:00,B003,90.37,80.17076455771635,10.199235442283651
2017-12-11 22:00:00,B002,273.1604,259.02694946809413,14.13345053190585
2017-12-11 22:00:00,B001,58.3898,51.17597138347753,7.21382861652247
2017-12-11 23:00:00,B002,273.1604,257.82093393158624,15.339466068413742
2017-12-11 23:00:00,B003,90.37,81.9587338348272,8.411266165172805
2017-12-11 23:00:00,B001,58.3898,50.49054663001051,7.899253369989488
2017-12-12 00:00:00,B001,58.3898,50.54493918539772,7.844860814602278
2017-12-12 00:00:00,B002,273.1604,256.5851844217211,16.575215578278858
2017-12-12 00:00:00,B003,90.37,81.32281170353367,9.04718829646633
2017-12-12 01:00:00,B001,58.3898,56.68701321014133,1.7027867898586706
2017-12-12 01:00:00,B002,273.1604,256.7924782672147,16.367921732785305
2017-12-12 01:00:00,B003,90.37,85.08466811468253,5.2853318853174756
2017-12-12 02:00:00,B002,273.1604,261.7633377598653,11.397062240134687
2017-12-12 02:00:00,B003,90.37,82.73601309523809,7.633986904761912
2017-12-12 02:00:00,B001,58.3898,57.271227274142355,1.1185727258576463
2017-12-12 03:00:00,B003,90.37,83.31140148412697,7.0585985158730296
2017-12-12 03:00:00,B002,273.1604,267.3079352318319,5.85246476816809
2017-12-12 03:00:00,B001,58.3898,57.441391564939074,0.9484084350609265
2017-12-12 04:00:00,B002,273.1604,263.39869875246677,9.76170124753321
2017-12-12 04:00:00,B003,90.37,83.77240035079363,6.597599649206373
2017-12-12 04:00:00,B001,58.3898,57.49530829979866,0.8944917002013426
2017-12-12 05:00:00,B002,273.1604,265.31148569841275,7.848914301587229
2017-12-12 05:00:00,B003,90.37,83.99457851746031,6.375421482539693
2017-12-12 05:00:00,B001,58.3898,57.50417382966879,0.8856261703312143
2017-12-12 06:00:00,B002,273.1604,269.7960617603175,3.3643382396824677
2017-12-12 06:00:00,B003,90.37,87.51543854166665,2.8545614583333503
2017-12-12 06:00:00,B001,58.3898,58.02430886292576,0.36549113707424397
2017-12-12 07:00:00,B002,273.1604,272.7883075529101,0.37209244708986944
2017-12-12 07:00:00,B003,90.37,93.96626636084655,3.596266360846542
2017-12-12 07:00:00,B001,58.3898,59.43560255468253,1.0458025546825311
2017-12-12 08:00:00,B002,273.1604,282.08780606878315,8.92740606878317
2017-12-12 08:00:00,B001,58.3898,59.56612099126983,1.1763209912698258
2017-12-12 08:00:00,B003,90.37,94.96549336084655,4.595493360846547
2017-12-12 09:00:00,B001,58.3898,66.23426617792603,7.84446617792603
2017-12-12 09:00:00,B003,90.37,99.4503071931217,9.080307193121698
2017-12-12 09:00:00,B002,273.1604,289.1386954790765,15.978295479076507
2017-12-12 10:00:00,B001,58.3898,77.9779733865546,19.588173386554594
2017-12-12 10:00:00,B003,90.37,99.86745399417988,9.497453994179878
2017-12-12 10:00:00,B002,273.1604,294.81489705050507,21.654497050505086
2017-12-12 11:00:00,B003,90.37,95.66283649365077,5.292836493650768
2017-12-12 11:00:00,B002,273.1604,301.20479569841274,28.044395698412757
2017-12-12 11:00:00,B001,58.3898,62.56428863030822,4.174488630308218
2017-12-12 12:00:00,B001,58.3898,59.4478717122099,1.0580717122099017
2017-12-12 12:00:00,B003,90.37,93.30908777222226,2.9390877722222513
2017-12-12 12:00:00,B002,273.1604,298.05704080000004,24.896640800000057
2017-12-12 13:00:00,B003,90.37,94.52417749758519,4.154177497585181
2017-12-12 13:00:00,B002,273.1604,298.306886515392,25.14648651539204
2017-12-12 13:00:00,B001,58.3898,59.231503186813086,0.8417031868130849
2017-12-12 14:00:00,B002,273.1604,293.5432977592592,20.382897759259208
2017-12-12 14:00:00,B001,58.3898,58.801654003313054,0.4118540033130529
2017-12-12 14:00:00,B003,90.37,94.4773666617827,4.107366661782692
2017-12-12 15:00:00,B002,273.1604,293.0744672513228,19.91406725132282
2017-12-12 15:00:00,B001,58.3898,58.6904288578585,0.3006288578584986
2017-12-12 15:00:00,B003,90.37,94.28823180670196,3.9182318067019537
2017-12-12 16:00:00,B002,273.1604,289.1081174005772,15.947717400577233
2017-12-12 16:00:00,B001,58.3898,58.602405409825366,0.2126054098253647
2017-12-12 16:00:00,B003,90.37,94.14350438179355,3.7735043817935434
2017-12-12 17:00:00,B003,90.37,92.28334026813188,1.9133402681318756
2017-12-12 17:00:00,B002,273.1604,270.840982353921,2.319417646078989
2017-12-12 17:00:00,B001,58.3898,58.875645212540064,0.4858452125400632
2017-12-12 18:00:00,B003,90.37,87.58730028033182,2.7826997196681873
2017-12-12 18:00:00,B002,273.1604,265.6688944581228,7.4915055418771885
2017-12-12 18:00:00,B001,58.3898,56.783600503521484,1.6061994964785171
2017-12-12 19:00:00,B002,273.1604,263.19217653550834,9.968223464491643
2017-12-12 19:00:00,B001,58.3898,55.987558382331024,2.4022416176689774
2017-12-12 19:00:00,B003,90.37,87.15413754524411,3.215862454755893
2017-12-12 20:00:00,B003,90.37,85.0858317320084,5.284168267991603
2017-12-12 20:00:00,B002,273.1604,260.03668452682757,13.12371547317241
2017-12-12 20:00:00,B001,58.3898,56.18887922924963,2.200920770750372
2017-12-12 21:00:00,B001,58.3898,56.39288145000401,1.9969185499959892
2017-12-12 21:00:00,B003,90.37,85.00272549363302,5.367274506366982
2017-12-12 21:00:00,B002,273.1604,261.30929970936717,11.851100290632814
2017-12-12 22:00:00,B003,90.37,84.61882331792363,5.751176682076377
2017-12-12 22:00:00,B002,273.1604,260.77627506892765,12.384124931072336
2017-12-12 22:00:00,B001,58.3898,56.49846956134808,1.89133043865192
2017-12-12 23:00:00,B003,90.37,85.1163521949318,5.253647805068198
2017-12-12 23:00:00,B002,273.1604,259.7291476371898,13.431252362810199
2017-12-12 23:00:00,B001,58.3898,56.67563629936606,1.7141637006339394
2017-12-13 00:00:00,B003,90.37,91.53462086641608,1.1646208664160724
2017-12-13 00:00:00,B001,58.3898,57.38700370475067,1.0027962952493326
2017-12-13 00:00:00,B002,273.1604,263.78256235165946,9.377837648340517
2017-12-13 01:00:00,B002,273.1604,261.4956165484848,11.664783451515177
2017-12-13 01:00:00,B003,90.37,87.40512375679049,2.964876243209517
2017-12-13 01:00:00,B001,58.3898,57.31552429329056,1.074275706709443
2017-12-13 02:00:00,B003,90.37,86.45101616155235,3.9189838384476587
2017-12-13 02:00:00,B001,58.3898,56.78993446508466,1.5998655349153381
2017-12-13 02:00:00,B002,273.1604,264.4330979190476,8.72730208095237
2017-12-13 03:00:00,B003,90.37,87.02291061879434,3.347089381205663
2017-12-13 03:00:00,B001,58.3898,57.04989044766099,1.3399095523390088
2017-12-13 03:00:00,B002,273.1604,265.43550736095233,7.724892639047653
2017-12-13 04:00:00,B001,58.3898,57.08894222543878,1.3008577745612229
2017-12-13 04:00:00,B003,90.37,86.8706614749723,3.49933852502771
2017-12-13 04:00:00,B002,273.1604,270.58300102126987,2.577398978730116
2017-12-13 05:00:00,B002,273.1604,266.9105840768254,6.2498159231745944
2017-12-13 05:00:00,B001,58.3898,57.500283775470564,0.8895162245294372
2017-12-13 05:00:00,B003,90.37,86.65368486386114,3.71631513613886
2017-12-13 06:00:00,B002,273.1604,267.8273096932275,5.333090306772476
2017-12-13 06:00:00,B001,58.3898,58.73811941250759,0.34831941250758547
2017-12-13 06:00:00,B003,90.37,87.05200908990545,3.317990910094551
2017-12-13 07:00:00,B002,273.1604,271.5558748021164,1.6045251978835608
2017-12-13 07:00:00,B003,90.37,105.2244469775133,14.854446977513291
2017-12-13 07:00:00,B001,58.3898,65.07939697826544,6.689596978265435
2017-12-13 08:00:00,B003,90.37,104.98424485767198,14.614244857671977
2017-12-13 08:00:00,B002,273.1604,286.2137494615427,13.053349461542723
2017-12-13 08:00:00,B001,58.3898,63.13244511361639,4.7426451136163905
2017-12-13 09:00:00,B002,273.1604,286.0865713862434,12.926171386243425
2017-12-13 09:00:00,B003,90.37,105.37782181005295,15.007821810052945
2017-12-13 09:00:00,B001,58.3898,63.468898501187006,5.079098501187005
2017-12-13 10:00:00,B002,273.1604,287.87203140740746,14.71163140740748
2017-12-13 10:00:00,B001,58.3898,64.81925146034233,6.429451460342328
2017-12-13 10:00:00,B003,90.37,108.03898191587305,17.668981915873047
2017-12-13 11:00:00,B003,90.37,106.48909691031751,16.11909691031751
2017-12-13 11:00:00,B002,273.1604,283.93569979963803,10.775299799638049
2017-12-13 11:00:00,B001,58.3898,59.867148675449805,1.4773486754498037
2017-12-13 12:00:00,B001,58.3898,59.299259634576785,0.909459634576784
2017-12-13 12:00:00,B003,90.37,98.4140179801587,8.0440179801587
2017-12-13 12:00:00,B002,273.1604,284.00910419381796,10.84870419381798
2017-12-13 13:00:00,B003,90.37,94.6765554447972,4.306555444797198
2017-12-13 13:00:00,B001,58.3898,59.45857507616924,1.0687750761692385
2017-12-13 13:00:00,B002,273.1604,285.83496551127826,12.674565511278274
2017-12-13 14:00:00,B002,273.1604,281.5298816483516,8.36948164835161
2017-12-13 14:00:00,B003,90.37,94.42858835273368,4.058588352733679
2017-12-13 14:00:00,B001,58.3898,59.34108549818266,0.9512854981826564
2017-12-13 15:00:00,B001,58.3898,59.2962218988327,0.9064218988326971
2017-12-13 15:00:00,B002,273.1604,284.51211742238934,11.351717422389356
2017-12-13 15:00:00,B003,90.37,94.4791858654321,4.109185865432096
2017-12-13 16:00:00,B003,90.37,94.20238524003528,3.832385240035279
2017-12-13 16:00:00,B002,273.1604,277.99884296207193,4.838442962071952
2017-12-13 16:00:00,B001,58.3898,59.158235026135344,0.768435026135343
2017-12-13 17:00:00,B003,90.37,92.28482143809524,1.914821438095231
2017-12-13 17:00:00,B001,58.3898,59.499879791182224,1.1100797911822227
2017-12-13 17:00:00,B002,273.1604,266.66147234480417,6.498927655195814
2017-12-13 18:00:00,B001,58.3898,57.681703492789666,0.7080965072103353
2017-12-13 18:00:00,B002,273.1604,261.3745000816358,11.78589991836418
2017-12-13 18:00:00,B003,90.37,85.83677763854611,4.533222361453895
2017-12-13 19:00:00,B002,273.1604,259.50819085619963,13.652209143800349
2017-12-13 19:00:00,B003,90.37,86.11903766337483,4.250962336625179
2017-12-13 19:00:00,B001,58.3898,56.95776204262167,1.4320379573783342
2017-12-13 20:00:00,B002,273.1604,259.03602197437317,14.124378025626811
2017-12-13 20:00:00,B003,90.37,85.64131573973417,4.728684260265837
2017-12-13 20:00:00,B001,58.3898,56.31732982497635,2.0724701750236534
2017-12-13 21:00:00,B002,273.1604,259.41732551042537,13.74307448957461
2017-12-13 21:00:00,B003,90.37,85.41040821427116,4.959591785728847
2017-12-13 21:00:00,B001,58.3898,56.54711171760362,1.8426882823963808
2017-12-13 22:00:00,B002,273.1604,259.82835160440845,13.332048395591528
2017-12-13 22:00:00,B003,90.37,85.32509312759663,5.044906872403374
2017-12-13 22:00:00,B001,58.3898,56.48324616089334,1.9065538391066639
2017-12-13 23:00:00,B002,273.1604,259.671733903206,13.488666096793963
2017-12-13 23:00:00,B003,90.37,85.65970361013632,4.710296389863686
2017-12-13 23:00:00,B001,58.3898,56.49329972591291,1.8965002740870887
2017-12-14 00:00:00,B001,58.3898,56.90506936494716,1.4847306350528413
2017-12-14 00:00:00,B003,90.37,91.81453494022824,1.4445349402282375
2017-12-14 00:00:00,B002,273.1604,257.0492219345442,16.11117806545576
2017-12-14 01:00:00,B002,273.1604,262.99669826282695,10.163701737173028
2017-12-14 01:00:00,B001,58.3898,56.99130702315633,1.39849297684367
2017-12-14 01:00:00,B003,90.37,89.4216151830131,0.948384816986902
2017-12-14 02:00:00,B002,273.1604,268.1132823439775,5.047117656022465
2017-12-14 02:00:00,B001,58.3898,58.462790449967194,0.07299044996719317
2017-12-14 02:00:00,B003,90.37,83.83627333539405,6.53372666460595
2017-12-14 03:00:00,B002,273.1604,265.6517933128664,7.508606687133579
2017-12-14 03:00:00,B001,58.3898,58.693595417361706,0.30379541736170523
2017-12-14 03:00:00,B003,90.37,84.72319346137566,5.646806538624347
2017-12-14 04:00:00,B003,90.37,83.55730054015595,6.812699459844055
2017-12-14 04:00:00,B002,273.1604,264.81827747159656,8.342122528403422
2017-12-14 04:00:00,B001,58.3898,58.71286580306183,0.3230658030618301
2017-12-14 05:00:00,B002,273.1604,265.12050540969176,8.039894590308222
2017-12-14 05:00:00,B001,58.3898,58.27208441666891,0.11771558333109056
2017-12-14 05:00:00,B003,90.37,83.77154359571148,6.598456404288527
2017-12-14 06:00:00,B001,58.3898,58.64917935723555,0.2593793572355523
2017-12-14 06:00:00,B003,90.37,84.60983407929011,5.760165920709895
2017-12-14 06:00:00,B002,273.1604,266.99962357635843,6.1607764236415505
2017-12-14 07:00:00,B001,58.3898,59.72614154557101,1.3363415455710097
2017-12-14 07:00:00,B003,90.37,100.60717463148148,10.23717463148148
2017-12-14 07:00:00,B002,273.1604,272.1983871666666,0.9620128333334037
2017-12-14 08:00:00,B002,273.1604,284.2596084126984,11.099208412698431
2017-12-14 08:00:00,B001,58.3898,59.595789983283524,1.2059899832835228
2017-12-14 08:00:00,B003,90.37,103.98052671481484,13.610526714814839
2017-12-14 09:00:00,B001,58.3898,59.395768180638015,1.005968180638014
2017-12-14 09:00:00,B002,273.1604,289.2244970668337,16.06409706683371
2017-12-14 09:00:00,B003,90.37,105.8471793156085,15.477179315608495
2017-12-14 10:00:00,B001,58.3898,64.86427992403787,6.4744799240378725
2017-12-14 10:00:00,B002,273.1604,288.7705433604846,15.610143360484642
2017-12-14 10:00:00,B003,90.37,106.72760269365084,16.357602693650833
2017-12-14 11:00:00,B002,273.1604,291.25643464884445,18.096034648844466
2017-12-14 11:00:00,B001,58.3898,61.24386305692316,2.8540630569231595
2017-12-14 11:00:00,B003,90.37,104.41237399213247,14.042373992132468
2017-12-14 12:00:00,B001,58.3898,60.46503822898997,2.075238228989967
2017-12-14 12:00:00,B002,273.1604,295.6421155481481,22.481715548148145
2017-12-14 12:00:00,B003,90.37,97.42207786984123,7.052077869841227
2017-12-14 13:00:00,B003,90.37,94.47720951728398,4.107209517283977
2017-12-14 13:00:00,B002,273.1604,293.6220490878307,20.461649087830722
2017-12-14 13:00:00,B001,58.3898,59.91743298019245,1.5276329801924504
2017-12-14 14:00:00,B003,90.37,94.21199669664905,3.8419966966490477
2017-12-14 14:00:00,B002,273.1604,288.13750442054163,14.97710442054165
2017-12-14 14:00:00,B001,58.3898,59.76662594497935,1.3768259449793518
2017-12-14 15:00:00,B003,90.37,93.95914396966492,3.589143969664917
2017-12-14 15:00:00,B002,273.1604,290.82011234858396,17.65971234858398
2017-12-14 15:00:00,B001,58.3898,59.107452369077464,0.717652369077463
2017-12-14 16:00:00,B001,58.3898,59.24676329908666,0.856963299086658
2017-12-14 16:00:00,B003,90.37,93.74724169029986,3.3772416902998543
2017-12-14 16:00:00,B002,273.1604,289.5730352134681,16.412635213468093
2017-12-14 17:00:00,B001,58.3898,58.98018743014212,0.5903874301421155
2017-12-14 17:00:00,B002,273.1604,271.6881767186636,1.472223281336369
2017-12-14 17:00:00,B003,90.37,92.39460821375663,2.024608213756622
2017-12-14 18:00:00,B001,58.3898,57.25435751857999,1.1354424814200144
2017-12-14 18:00:00,B002,273.1604,262.7252832593513,10.43511674064871
2017-12-14 18:00:00,B003,90.37,86.20195025126708,4.168049748732926
2017-12-14 19:00:00,B002,273.1604,261.8835236231635,11.27687637683647
2017-12-14 19:00:00,B001,58.3898,56.743459068362924,1.6463409316370772
2017-12-14 19:00:00,B003,90.37,84.6982366883598,5.6717633116402055
2017-12-14 20:00:00,B003,90.37,83.50248934067967,6.867510659320331
2017-12-14 20:00:00,B001,58.3898,56.12300543056123,2.2667945694387726
2017-12-14 20:00:00,B002,273.1604,260.11318548030647,13.047214519693512
2017-12-14 21:00:00,B001,58.3898,55.58611423381756,2.80368576618244
2017-12-14 21:00:00,B002,273.1604,266.47437466811834,6.686025331881638
2017-12-14 21:00:00,B003,90.37,83.12847713892528,7.241522861074728
2017-12-14 22:00:00,B001,58.3898,55.239866371566606,3.149933628433395
2017-12-14 22:00:00,B003,90.37,83.21616855657207,7.153831443427933
2017-12-14 22:00:00,B002,273.1604,261.9009226396033,11.259477360396659
2017-12-14 23:00:00,B002,273.1604,261.6909064509946,11.469493549005392
2017-12-14 23:00:00,B003,90.37,83.1986761613757,7.1713238386243034
2017-12-14 23:00:00,B001,58.3898,57.959114077798915,0.4306859222010857
2017-12-15 00:00:00,B003,90.37,93.0475882089947,2.677588208994692
2017-12-15 00:00:00,B001,58.3898,57.55119190324118,0.8386080967588185
2017-12-15 00:00:00,B002,273.1604,256.5359754659452,16.624424534054754
2017-12-15 01:00:00,B002,273.1604,261.60334300442514,11.55705699557484
2017-12-15 01:00:00,B001,58.3898,58.55162521776765,0.16182521776764958
2017-12-15 01:00:00,B003,90.37,86.72080537089944,3.6491946291005632
2017-12-15 02:00:00,B003,90.37,82.60574202617492,7.764257973825082
2017-12-15 02:00:00,B001,58.3898,58.080916245381594,0.30888375461840667
2017-12-15 02:00:00,B002,273.1604,265.64921310014427,7.511186899855716
2017-12-15 03:00:00,B001,58.3898,58.850204562591884,0.4604045625918829
2017-12-15 03:00:00,B003,90.37,82.43560102269562,7.934398977304383
2017-12-15 03:00:00,B002,273.1604,265.2812582007792,7.879141799220804
2017-12-15 04:00:00,B001,58.3898,58.96071510874342,0.5709151087434208
2017-12-15 04:00:00,B002,273.1604,265.91206497769946,7.248335022300523
2017-12-15 04:00:00,B003,90.37,82.85619227003457,7.5138077299654356
2017-12-15 05:00:00,B002,273.1604,266.5477551935725,6.612644806427454
2017-12-15 05:00:00,B001,58.3898,58.41068021630816,0.020880216308157173
2017-12-15 05:00:00,B003,90.37,82.62475979225677,7.745240207743237
2017-12-15 06:00:00,B003,90.37,84.41647421041489,5.953525789585115
2017-12-15 06:00:00,B002,273.1604,266.33268641844023,6.827713581559749
2017-12-15 06:00:00,B001,58.3898,58.53165332548793,0.14185332548792928
2017-12-15 07:00:00,B003,90.37,100.29774616534392,9.927746165343919
2017-12-15 07:00:00,B002,273.1604,273.19447404353053,0.03407404353055199
2017-12-15 07:00:00,B001,58.3898,59.23762104701537,0.8478210470153655
2017-12-15 08:00:00,B002,273.1604,286.87306578932174,13.712665789321761
2017-12-15 08:00:00,B003,90.37,102.5788743941799,12.208874394179901
2017-12-15 08:00:00,B001,58.3898,59.231444665823204,0.8416446658232033
2017-12-15 09:00:00,B002,273.1604,287.8515419711399,14.691141971139928
2017-12-15 09:00:00,B003,90.37,105.9768880079365,15.60688800793649
2017-12-15 09:00:00,B001,58.3898,59.659864858415794,1.2700648584157932
2017-12-15 10:00:00,B003,90.37,109.27323915899474,18.903239158994737
2017-12-15 10:00:00,B002,273.1604,290.0841724610137,16.923772461013698
2017-12-15 10:00:00,B001,58.3898,64.44140601186858,6.051606011868579
2017-12-15 11:00:00,B003,90.37,105.98966103518521,15.619661035185203
2017-12-15 11:00:00,B002,273.1604,295.29734834126975,22.136948341269772
2017-12-15 11:00:00,B001,58.3898,60.37869226938827,1.9888922693882662
2017-12-15 12:00:00,B001,58.3898,59.767973194176626,1.3781731941766253
2017-12-15 12:00:00,B002,273.1604,294.8826473327108,21.722247332710822
2017-12-15 12:00:00,B003,90.37,97.47968043174603,7.109680431746028
2017-12-15 13:00:00,B001,58.3898,59.364690350766324,0.9748903507663229
2017-12-15 13:00:00,B003,90.37,94.50661150776017,4.136611507760165
2017-12-15 13:00:00,B002,273.1604,293.45697766089455,20.29657766089457
2017-12-15 14:00:00,B001,58.3898,60.37513669105918,1.9853366910591816
2017-12-15 14:00:00,B003,90.37,94.41470449506174,4.044704495061737
2017-12-15 14:00:00,B002,273.1604,293.27533331216927,20.114933312169285
2017-12-15 15:00:00,B003,90.37,94.2797919395062,3.909791939506192
2017-12-15 15:00:00,B002,273.1604,289.9691992698413,16.808799269841302
2017-12-15 15:00:00,B001,58.3898,59.09276360009089,0.7029636000908894
2017-12-15 16:00:00,B001,58.3898,58.87458649016412,0.4847864901641188
2017-12-15 16:00:00,B002,273.1604,289.327222058201,16.166822058201035
2017-12-15 16:00:00,B003,90.37,93.95501166966493,3.5850116696649224
2017-12-15 17:00:00,B001,58.3898,59.087572991553,0.697772991553002
2017-12-15 17:00:00,B003,90.37,92.4850129994709,2.115012999470892
2017-12-15 17:00:00,B002,273.1604,269.33676999536016,3.823630004639824
2017-12-15 18:00:00,B002,273.1604,263.47353750305643,9.686862496943547
2017-12-15 18:00:00,B001,58.3898,57.09512745571243,1.2946725442875717
2017-12-15 18:00:00,B003,90.37,86.08383407819214,4.286165921807864
2017-12-15 19:00:00,B001,58.3898,56.14806385176854,2.2417361482314604
2017-12-15 19:00:00,B002,273.1604,261.9851194499779,11.17528055002208
2017-12-15 19:00:00,B003,90.37,85.08493926839328,5.28506073160672
2017-12-15 20:00:00,B001,58.3898,55.95817669327909,2.4316233067209083
2017-12-15 20:00:00,B002,273.1604,264.0669804549482,9.093419545051802
2017-12-15 20:00:00,B003,90.37,83.65431029665412,6.7156897033458876
2017-12-15 21:00:00,B002,273.1604,259.8987223371347,13.261677662865281
2017-12-15 21:00:00,B003,90.37,83.15131615025811,7.218683849741893
2017-12-15 21:00:00,B001,58.3898,56.21853188950737,2.1712681104926332
2017-12-15 22:00:00,B002,273.1604,260.53768192502645,12.622718074973534
2017-12-15 22:00:00,B003,90.37,83.62675640926089,6.743243590739112
2017-12-15 22:00:00,B001,58.3898,56.18872507573041,2.201074924269591
2017-12-15 23:00:00,B002,273.1604,262.59225240048096,10.568147599519023
2017-12-15 23:00:00,B001,58.3898,58.614308730875734,0.22450873087573342
2017-12-15 23:00:00,B003,90.37,83.36791990840995,7.002080091590059
2017-12-16 00:00:00,B003,90.37,93.39553191317187,3.0255319131718608
2017-12-16 00:00:00,B001,58.3898,58.49868204639234,0.10888204639233834
2017-12-16 00:00:00,B002,273.1604,263.20652952010585,9.953870479894135
2017-12-16 01:00:00,B003,90.37,88.99487258541495,1.3751274145850516
2017-12-16 01:00:00,B001,58.3898,58.1180184410203,0.27178155897970413
2017-12-16 01:00:00,B002,273.1604,265.3945835,7.765816499999971
2017-12-16 02:00:00,B002,273.1604,267.3844952269842,5.775904773015782
2017-12-16 02:00:00,B003,90.37,85.28742131835145,5.082578681648556
2017-12-16 02:00:00,B001,58.3898,57.42926268496935,0.9605373150306491
2017-12-16 03:00:00,B003,90.37,85.2729271627959,5.097072837204109
2017-12-16 03:00:00,B001,58.3898,57.61595616628043,0.7738438337195745
2017-12-16 03:00:00,B002,273.1604,267.05005518744593,6.110344812554047
2017-12-16 04:00:00,B002,273.1604,267.9440224747475,5.216377525252483
2017-12-16 04:00:00,B003,90.37,85.8631500391535,4.506849960846509
2017-12-16 04:00:00,B001,58.3898,57.45538246225112,0.9344175377488781
2017-12-16 05:00:00,B001,58.3898,58.09679544968311,0.2930045503168941
2017-12-16 05:00:00,B002,273.1604,272.8358818650795,0.3245181349204813
2017-12-16 05:00:00,B003,90.37,85.77123277248683,4.598767227513179
2017-12-16 06:00:00,B001,58.3898,58.64189414502158,0.2520941450215801
2017-12-16 06:00:00,B002,273.1604,274.05576262698423,0.8953626269842516
2017-12-16 06:00:00,B003,90.37,85.87922630582015,4.49077369417985
2017-12-16 07:00:00,B001,58.3898,60.157704105247646,1.767904105247645
2017-12-16 07:00:00,B002,273.1604,273.94504913612315,0.7846491361231642
2017-12-16 07:00:00,B003,90.37,100.69256734232809,10.322567342328085
2017-12-16 08:00:00,B001,58.3898,60.43370543998271,2.0439054399827086
2017-12-16 08:00:00,B003,90.37,100.69863134232808,10.32863134232808
2017-12-16 08:00:00,B002,273.1604,280.0770285339845,6.916628533984522
2017-12-16 09:00:00,B003,90.37,100.9408301756614,10.5708301756614
2017-12-16 09:00:00,B001,58.3898,60.15387836599279,1.7640783659927877
2017-12-16 09:00:00,B002,273.1604,281.91716781969893,8.75676781969895
2017-12-16 10:00:00,B001,58.3898,60.343154771342824,1.9533547713428234
2017-12-16 10:00:00,B002,273.1604,287.60241308994705,14.442013089947068
2017-12-16 10:00:00,B003,90.37,102.52543168227515,12.15543168227515
2017-12-16 11:00:00,B001,58.3898,60.33060730220969,1.9408073022096914
2017-12-16 11:00:00,B002,273.1604,282.15711561017497,8.996715610174988
2017-12-16 11:00:00,B003,90.37,102.82265919973548,12.452659199735479
2017-12-16 12:00:00,B003,90.37,96.25322778253968,5.883227782539677
2017-12-16 12:00:00,B001,58.3898,60.59538501247305,2.205585012473051
2017-12-16 12:00:00,B002,273.1604,280.60919669249915,7.448796692499172
2017-12-16 13:00:00,B003,90.37,91.15959831269845,0.7895983126984447
2017-12-16 13:00:00,B002,273.1604,279.05515455228755,5.894754552287566
2017-12-16 13:00:00,B001,58.3898,60.47740774942906,2.0876077494290612
2017-12-16 14:00:00,B002,273.1604,278.1690722004356,5.008672200435626
2017-12-16 14:00:00,B003,90.37,91.00827257777782,0.638272577777812
2017-12-16 14:00:00,B001,58.3898,60.538127862350414,2.1483278623504134
2017-12-16 15:00:00,B002,273.1604,281.59214386296304,8.43174386296306
2017-12-16 15:00:00,B001,58.3898,59.61222717519471,1.22242717519471
2017-12-16 15:00:00,B003,90.37,91.32630510158732,0.9563051015873185
2017-12-16 16:00:00,B003,90.37,91.2438806222223,0.8738806222223019
2017-12-16 16:00:00,B002,273.1604,278.6866547619047,5.526254761904738
2017-12-16 16:00:00,B001,58.3898,60.32999992574325,1.9401999257432507
2017-12-16 17:00:00,B001,58.3898,59.89132375171111,1.5015237517111117
2017-12-16 17:00:00,B002,273.1604,273.58307089206346,0.4226708920634792
2017-12-16 17:00:00,B003,90.37,88.61078372777789,1.759216272222119
2017-12-16 18:00:00,B001,58.3898,58.59410647347669,0.2043064734766915
2017-12-16 18:00:00,B002,273.1604,263.63358469472837,9.526815305271612
2017-12-16 18:00:00,B003,90.37,84.4099916064454,5.960008393554602
2017-12-16 19:00:00,B001,58.3898,58.62286798366075,0.23306798366074588
2017-12-16 19:00:00,B002,273.1604,263.75156575028393,9.408834249716051
2017-12-16 19:00:00,B003,90.37,84.55058401565174,5.819415984348268
2017-12-16 20:00:00,B001,58.3898,58.017894707642434,0.3719052923575674
2017-12-16 20:00:00,B003,90.37,84.60808175466737,5.761918245332637
2017-12-16 20:00:00,B002,273.1604,265.0020663474045,8.158333652595502
2017-12-16 21:00:00,B003,90.37,84.69559405843691,5.674405941563094
2017-12-16 21:00:00,B001,58.3898,58.068675127564276,0.32112487243572474
2017-12-16 21:00:00,B002,273.1604,269.05824464708996,4.102155352910017
2017-12-16 22:00:00,B002,273.1604,269.02884558359796,4.131554416402025
2017-12-16 22:00:00,B001,58.3898,57.59661409030239,0.7931859096976126
2017-12-16 22:00:00,B003,90.37,83.78131180423283,6.588688195767176
2017-12-16 23:00:00,B003,90.37,84.38488430423284,5.985115695767163
2017-12-16 23:00:00,B002,273.1604,263.84850993030307,9.311890069696915
2017-12-16 23:00:00,B001,58.3898,57.465682137936234,0.9241178620637669
2017-12-17 00:00:00,B002,273.1604,259.715625667725,13.44477433227496
2017-12-17 00:00:00,B003,90.37,93.03112246931225,2.6611224693122466
2017-12-17 00:00:00,B001,58.3898,57.17516856715604,1.2146314328439587
2017-12-17 01:00:00,B003,90.37,89.48163865026459,0.888361349735419
2017-12-17 01:00:00,B001,58.3898,57.19874950486917,1.1910504951308312
2017-12-17 01:00:00,B002,273.1604,265.9501011873017,7.210298812698284
2017-12-17 02:00:00,B002,273.1604,267.2021038927369,5.958296107263095
2017-12-17 02:00:00,B001,58.3898,57.41414930224289,0.9756506977571107
2017-12-17 02:00:00,B003,90.37,85.0580377645503,5.311962235449698
2017-12-17 03:00:00,B002,273.1604,266.7852351133718,6.37516488662817
2017-12-17 03:00:00,B003,90.37,85.15139336455029,5.218606635449717
2017-12-17 03:00:00,B001,58.3898,57.181655707158264,1.2081442928417374
2017-12-17 04:00:00,B002,273.1604,266.45706758162567,6.703332418374316
2017-12-17 04:00:00,B003,90.37,84.89242022050266,5.477579779497347
2017-12-17 04:00:00,B001,58.3898,57.171644951126765,1.2181550488732356
2017-12-17 05:00:00,B003,90.37,85.1356706662543,5.2343293337457055
2017-12-17 05:00:00,B001,58.3898,58.106865913574296,0.28293408642570483
2017-12-17 05:00:00,B002,273.1604,270.4943140195767,2.666085980423304
2017-12-17 06:00:00,B001,58.3898,58.509790683025436,0.11999068302543492
2017-12-17 06:00:00,B002,273.1604,270.3595304079365,2.8008695920634636
2017-12-17 06:00:00,B003,90.37,84.99419469482574,5.375805305174268
2017-12-17 07:00:00,B003,90.37,100.0194008349207,9.649400834920698
2017-12-17 07:00:00,B001,58.3898,59.44324566270732,1.0534456627073183
2017-12-17 07:00:00,B002,273.1604,273.74724343544966,0.5868434354496799
2017-12-17 08:00:00,B001,58.3898,59.472936165915876,1.0831361659158745
2017-12-17 08:00:00,B003,90.37,99.59170950158737,9.22170950158737
2017-12-17 08:00:00,B002,273.1604,282.4295080529101,9.269108052910099
2017-12-17 09:00:00,B001,58.3898,60.00622662677969,1.6164266267796918
2017-12-17 09:00:00,B003,90.37,99.7506985253969,9.380698525396895
2017-12-17 09:00:00,B002,273.1604,286.0215835608466,12.861183560846598
2017-12-17 10:00:00,B002,273.1604,282.9025381957672,9.742138195767211
2017-12-17 10:00:00,B001,58.3898,60.05602078577381,1.6662207857738096
2017-12-17 10:00:00,B003,90.37,100.32655517380957,9.956555173809562
2017-12-17 11:00:00,B001,58.3898,60.37174725486954,1.9819472548695387
2017-12-17 11:00:00,B003,90.37,100.67547373571432,10.305473735714315
2017-12-17 11:00:00,B002,273.1604,282.5198844338624,9.359484433862406
2017-12-17 12:00:00,B002,273.1604,281.8418851385281,8.681485138528103
2017-12-17 12:00:00,B003,90.37,96.45493857777781,6.084938577777805
2017-12-17 12:00:00,B001,58.3898,60.31562496276394,1.92582496276394
2017-12-17 13:00:00,B002,273.1604,280.6177480211639,7.457348021163909
2017-12-17 13:00:00,B003,90.37,91.42425533333338,1.0542553333333728
2017-12-17 13:00:00,B001,58.3898,60.379173079430416,1.9893730794304147
2017-12-17 14:00:00,B001,58.3898,60.40742623087592,2.017626230875919
2017-12-17 14:00:00,B003,90.37,91.1610734777778,0.7910734777778003
2017-12-17 14:00:00,B002,273.1604,275.0026197698411,1.8422197698411082
2017-12-17 15:00:00,B002,273.1604,275.0861084444444,1.9257084444444104
2017-12-17 15:00:00,B001,58.3898,60.085318485922166,1.6955184859221646
2017-12-17 15:00:00,B003,90.37,91.07705285555564,0.7070528555556308
2017-12-17 16:00:00,B003,90.37,91.2803867492064,0.9103867492063955
2017-12-17 16:00:00,B001,58.3898,59.976116932603254,1.5863169326032533
2017-12-17 16:00:00,B002,273.1604,274.15228389206345,0.9918838920634698
2017-12-17 17:00:00,B003,90.37,88.67186894920643,1.6981310507935774
2017-12-17 17:00:00,B002,273.1604,268.16127914531023,4.99912085468975
2017-12-17 17:00:00,B001,58.3898,59.57698676613978,1.1871867661397815
2017-12-17 18:00:00,B003,90.37,83.97378886876812,6.39621113123188
2017-12-17 18:00:00,B002,273.1604,263.83632540265654,9.32407459734344
2017-12-17 18:00:00,B001,58.3898,58.38094487544399,0.008855124556014005
2017-12-17 19:00:00,B003,90.37,83.97287298815714,6.397127011842869
2017-12-17 19:00:00,B002,273.1604,261.9595213124527,11.200878687547288
2017-12-17 19:00:00,B001,58.3898,58.568015471010455,0.17821547101045354
2017-12-17 20:00:00,B003,90.37,83.96048941563681,6.40951058436319
2017-12-17 20:00:00,B002,273.1604,261.02608970568116,12.134310294318823
2017-12-17 20:00:00,B001,58.3898,58.594562212055415,0.20476221205541378
2017-12-17 21:00:00,B001,58.3898,58.6476766010427,0.25787660104269605
2017-12-17 21:00:00,B003,90.37,84.342674116751,6.027325883249006
2017-12-17 21:00:00,B002,273.1604,261.2783759835803,11.882024016419678
2017-12-17 22:00:00,B002,273.1604,262.70528067990443,10.455119320095548
2017-12-17 22:00:00,B003,90.37,83.44062749958765,6.929372500412356
2017-12-17 22:00:00,B001,58.3898,58.838910320163315,0.44911032016331376
2017-12-17 23:00:00,B003,90.37,83.94155305514323,6.428446944856773
2017-12-17 23:00:00,B001,58.3898,58.75030804508711,0.36050804508710854
2017-12-17 23:00:00,B002,273.1604,262.1686042328375,10.9917957671625
2017-12-18 00:00:00,B001,58.3898,58.39575261647586,0.005952616475859429
2017-12-18 00:00:00,B002,273.1604,256.2576376506014,16.902762349398586
2017-12-18 00:00:00,B003,90.37,95.76271617158234,5.392716171582336
2017-12-18 01:00:00,B003,90.37,85.99256107323866,4.377438926761343
2017-12-18 01:00:00,B001,58.3898,58.880430948151016,0.49063094815101493
2017-12-18 01:00:00,B002,273.1604,262.68669967488034,10.473700325119637
2017-12-18 02:00:00,B002,273.1604,266.3443825559488,6.81601744405117
2017-12-18 02:00:00,B003,90.37,85.29618768493455,5.073812315065453
2017-12-18 02:00:00,B001,58.3898,58.86015754950057,0.4703575495005694
2017-12-18 03:00:00,B002,273.1604,266.67491413541956,6.485485864580426
2017-12-18 03:00:00,B001,58.3898,58.19704039640181,0.19275960359819067
2017-12-18 03:00:00,B003,90.37,85.35861344564886,5.011386554351148
2017-12-18 04:00:00,B002,273.1604,266.3281852862133,6.832214713786698
2017-12-18 04:00:00,B001,58.3898,58.21344512915418,0.17635487084582024
2017-12-18 04:00:00,B003,90.37,85.66706012847652,4.702939871523483
2017-12-18 05:00:00,B002,273.1604,267.6876329337462,5.472767066253766
2017-12-18 05:00:00,B001,58.3898,58.2885215773538,0.10127842264620313
2017-12-18 05:00:00,B003,90.37,85.38321754403206,4.986782455967941
2017-12-18 06:00:00,B001,58.3898,58.49396330109004,0.1041633010900398
2017-12-18 06:00:00,B003,90.37,85.89732542180985,4.472674578190151
2017-12-18 06:00:00,B002,273.1604,269.5382253187685,3.6221746812314564
2017-12-18 07:00:00,B001,58.3898,58.95933684805784,0.5695368480578367
2017-12-18 07:00:00,B003,90.37,100.12269431798947,9.752694317989466
2017-12-18 07:00:00,B002,273.1604,274.05257531072624,0.8921753107262589
2017-12-18 08:00:00,B003,90.37,103.41462150767195,13.044621507671948
2017-12-18 08:00:00,B001,58.3898,59.18861317421404,0.7988131742140396
2017-12-18 08:00:00,B002,273.1604,285.75972421164016,12.59932421164018
2017-12-18 09:00:00,B003,90.37,106.08358542433864,15.713585424338632
2017-12-18 09:00:00,B001,58.3898,63.9015970663311,5.5117970663310984
2017-12-18 09:00:00,B002,273.1604,289.1573851640211,15.996985164021112
2017-12-18 10:00:00,B003,90.37,106.11509733333338,15.745097333333376
2017-12-18 10:00:00,B001,58.3898,65.84806035033009,7.458260350330086
2017-12-18 10:00:00,B002,273.1604,285.46943587177105,12.309035871771073
2017-12-18 11:00:00,B001,58.3898,61.57919229274658,3.1893922927465823
2017-12-18 11:00:00,B003,90.37,103.73497976746036,13.364979767460355
2017-12-18 11:00:00,B002,273.1604,290.2253630834351,17.064963083435146
2017-12-18 12:00:00,B003,90.37,97.12914618095239,6.759146180952385
2017-12-18 12:00:00,B001,58.3898,59.609467517649655,1.219667517649654
2017-12-18 12:00:00,B002,273.1604,294.4231994379086,21.262799437908598
2017-12-18 13:00:00,B001,58.3898,60.01262237629636,1.6228223762963623
2017-12-18 13:00:00,B002,273.1604,300.62094069981333,27.46054069981335
2017-12-18 13:00:00,B003,90.37,94.68794471375662,4.317944713756617
2017-12-18 14:00:00,B001,58.3898,59.86923196731071,1.4794319673107097
2017-12-18 14:00:00,B002,273.1604,293.28635723015867,20.12595723015869
2017-12-18 14:00:00,B003,90.37,94.44659615661377,4.0765961566137605
2017-12-18 15:00:00,B001,58.3898,59.51855906724988,1.1287590672498808
2017-12-18 15:00:00,B002,273.1604,293.70117637301587,20.540776373015888
2017-12-18 15:00:00,B003,90.37,94.57868047997559,4.208680479975584
2017-12-18 16:00:00,B001,58.3898,59.27963715889928,0.889837158899276
2017-12-18 16:00:00,B003,90.37,94.49879584285715,4.128795842857144
2017-12-18 16:00:00,B002,273.1604,290.6092302728292,17.44883027282924
2017-12-18 17:00:00,B001,58.3898,59.76451064841485,1.3747106484148475
2017-12-18 17:00:00,B003,90.37,92.49811820264546,2.128118202645453
2017-12-18 17:00:00,B002,273.1604,273.065180671568,0.09521932843199465
2017-12-18 18:00:00,B003,90.37,84.29896380423284,6.071036195767164
2017-12-18 18:00:00,B001,58.3898,57.81641293109095,0.5733870689090494
2017-12-18 18:00:00,B002,273.1604,266.949314614002,6.21108538599799
2017-12-18 19:00:00,B003,90.37,84.47471558677253,5.895284413227472
2017-12-18 19:00:00,B001,58.3898,58.34918154297702,0.040618457022979726
2017-12-18 19:00:00,B002,273.1604,265.6851677766467,7.4752322233532595
2017-12-18 20:00:00,B003,90.37,84.2734085478226,6.096591452177407
2017-12-18 20:00:00,B001,58.3898,56.91295134997685,1.4768486500231504
2017-12-18 20:00:00,B002,273.1604,262.43870277897554,10.721697221024442
2017-12-18 21:00:00,B001,58.3898,56.936343182864206,1.4534568171357947
2017-12-18 21:00:00,B002,273.1604,263.58282956429434,9.577570435705638
2017-12-18 21:00:00,B003,90.37,83.74922387243559,6.620776127564412
2017-12-18 22:00:00,B002,273.1604,263.44904197265413,9.711358027345852
2017-12-18 22:00:00,B003,90.37,83.87462941058203,6.495370589417973
2017-12-18 22:00:00,B001,58.3898,56.95098961976527,1.4388103802347345
2017-12-18 23:00:00,B002,273.1604,262.85366741637716,10.306732583622818
2017-12-18 23:00:00,B003,90.37,84.3776520542885,5.992347945711501
2017-12-18 23:00:00,B001,58.3898,56.644224813912174,1.7455751860878266
2017-12-19 00:00:00,B002,273.1604,262.5685896444445,10.59181035555548
2017-12-19 00:00:00,B003,90.37,90.94513605734643,0.5751360573464268
2017-12-19 00:00:00,B001,58.3898,56.43160608847096,1.9581939115290439
2017-12-19 01:00:00,B002,273.1604,267.91660007633476,5.243799923665222
2017-12-19 01:00:00,B003,90.37,86.1377632550265,4.232236744973505
2017-12-19 01:00:00,B001,58.3898,56.472304280124746,1.9174957198752551
2017-12-19 02:00:00,B002,273.1604,268.7990101747474,4.361389825252559
2017-12-19 02:00:00,B001,58.3898,57.21397642108877,1.1758235789112277
2017-12-19 02:00:00,B003,90.37,85.0987346867725,5.271265313227502
2017-12-19 03:00:00,B003,90.37,85.26344150593685,5.106558494063151
2017-12-19 03:00:00,B001,58.3898,57.13443139612772,1.2553686038722844
2017-12-19 03:00:00,B002,273.1604,268.2942900737951,4.866109926204899
2017-12-19 04:00:00,B001,58.3898,57.061706126896944,1.3280938731030574
2017-12-19 04:00:00,B003,90.37,85.1117094772487,5.2582905227513095
2017-12-19 04:00:00,B002,273.1604,268.32082543093793,4.8395745690620515
2017-12-19 05:00:00,B002,273.1604,269.46899622458875,3.6914037754112314
2017-12-19 05:00:00,B003,90.37,85.31007178371463,5.059928216285371
2017-12-19 05:00:00,B001,58.3898,57.94124025681871,0.448559743181292
2017-12-19 06:00:00,B002,273.1604,269.3244116901972,3.835988309802758
2017-12-19 06:00:00,B003,90.37,85.28368372815908,5.0863162718409285
2017-12-19 06:00:00,B001,58.3898,58.488188207099704,0.09838820709970264
2017-12-19 07:00:00,B001,58.3898,59.38298893496437,0.9931889349643654
2017-12-19 07:00:00,B003,90.37,102.71934550793655,12.349345507936548
2017-12-19 07:00:00,B002,273.1604,273.00409505993264,0.15630494006734352
2017-12-19 08:00:00,B003,90.37,103.30156263015873,12.931562630158723
2017-12-19 08:00:00,B002,273.1604,285.68314948465604,12.52274948465606
2017-12-19 08:00:00,B001,58.3898,59.70637647372578,1.3165764737257817
2017-12-19 09:00:00,B001,58.3898,59.81047702928133,1.4206770292813289
2017-12-19 09:00:00,B002,273.1604,290.50443997354495,17.344039973544966
2017-12-19 09:00:00,B003,90.37,103.42021168333335,13.050211683333345
2017-12-19 10:00:00,B002,273.1604,287.6614475767195,14.501047576719543
2017-12-19 10:00:00,B001,58.3898,60.720781822601445,2.3309818226014443
2017-12-19 10:00:00,B003,90.37,104.26447118756616,13.894471187566154
2017-12-19 11:00:00,B001,58.3898,59.733926771518384,1.3441267715183827
2017-12-19 11:00:00,B002,273.1604,289.3885482972583,16.228148297258315
2017-12-19 11:00:00,B003,90.37,104.3214298365079,13.951429836507899
2017-12-19 12:00:00,B003,90.37,98.53019185793649,8.160191857936482
2017-12-19 12:00:00,B001,58.3898,59.243014488355605,0.8532144883556043
2017-12-19 12:00:00,B002,273.1604,288.57279002139404,15.41239002139406
2017-12-19 13:00:00,B001,58.3898,59.65356516613336,1.2637651661333607
2017-12-19 13:00:00,B002,273.1604,287.95924239729584,14.798842397295857
2017-12-19 13:00:00,B003,90.37,94.44131772698417,4.071317726984162
2017-12-19 14:00:00,B001,58.3898,59.58026732067882,1.1904673206788203
2017-12-19 14:00:00,B003,90.37,94.5299757142857,4.159975714285693
2017-12-19 14:00:00,B002,273.1604,287.0870660480895,13.926666048089544
2017-12-19 15:00:00,B003,90.37,94.29126753333333,3.921267533333321
2017-12-19 15:00:00,B002,273.1604,286.9305972226927,13.77019722269273
2017-12-19 15:00:00,B001,58.3898,59.13497449442333,0.7451744944233312
2017-12-19 16:00:00,B003,90.37,94.63165669743587,4.261656697435868
2017-12-19 16:00:00,B002,273.1604,286.91845127189913,13.758051271899149
2017-12-19 16:00:00,B001,58.3898,59.348050597597926,0.9582505975979245
2017-12-19 17:00:00,B002,273.1604,270.9061045438624,2.2542954561375836
2017-12-19 17:00:00,B001,58.3898,58.98002996972423,0.590229969724227
2017-12-19 17:00:00,B003,90.37,92.29438187777778,1.9243818777777761
2017-12-19 18:00:00,B001,58.3898,58.31620503051874,0.0735949694812632
2017-12-19 18:00:00,B002,273.1604,264.98507306782585,8.17532693217413
2017-12-19 18:00:00,B003,90.37,83.87862625616339,6.491373743836618
2017-12-19 19:00:00,B002,273.1604,262.87472891959845,10.285671080401528
2017-12-19 19:00:00,B003,90.37,83.83574844981415,6.534251550185857
2017-12-19 19:00:00,B001,58.3898,58.27152847366305,0.11827152633695448
2017-12-19 20:00:00,B002,273.1604,260.30659817977164,12.853801820228341
2017-12-19 20:00:00,B003,90.37,83.9100816822928,6.459918317707206
2017-12-19 20:00:00,B001,58.3898,58.4823757118228,0.09257571182279634
2017-12-19 21:00:00,B003,90.37,83.83375222546739,6.536247774532612
2017-12-19 21:00:00,B002,273.1604,260.6618915196879,12.498508480312069
2017-12-19 21:00:00,B001,58.3898,58.35656451931131,0.03323548068868831
2017-12-19 22:00:00,B002,273.1604,261.92310156889783,11.237298431102147
2017-12-19 22:00:00,B001,58.3898,58.39951638585995,0.00971638585994583
2017-12-19 22:00:00,B003,90.37,83.92053251953675,6.449467480463255
2017-12-19 23:00:00,B002,273.1604,267.43677064407626,5.72362935592372
2017-12-19 23:00:00,B003,90.37,84.57274751318755,5.797252486812454
2017-12-19 23:00:00,B001,58.3898,58.403070370872506,0.0132703708725046
2017-12-20 00:00:00,B001,58.3898,57.8025638797207,0.5872361202793002
2017-12-20 00:00:00,B002,273.1604,256.20863317705636,16.951766822943625
2017-12-20 00:00:00,B003,90.37,92.89135168608672,2.5213516860867173
2017-12-20 01:00:00,B002,273.1604,264.5198292772006,8.640570722799396
2017-12-20 01:00:00,B003,90.37,86.78004530732568,3.5899546926743255
2017-12-20 01:00:00,B001,58.3898,58.31161952259225,0.07818047740774858
2017-12-20 02:00:00,B003,90.37,86.11515259023271,4.254847409767294
2017-12-20 02:00:00,B002,273.1604,267.307845646176,5.852554353823962
2017-12-20 02:00:00,B001,58.3898,58.51152880855072,0.12172880855072066
2017-12-20 03:00:00,B002,273.1604,267.4888686039538,5.671531396046191
2017-12-20 03:00:00,B003,90.37,86.14002375689937,4.229976243100637
2017-12-20 03:00:00,B001,58.3898,58.608019348694775,0.21821934869477388
2017-12-20 04:00:00,B003,90.37,85.9864141905128,4.383585809487201
2017-12-20 04:00:00,B001,58.3898,58.48925617816335,0.09945617816335073
2017-12-20 04:00:00,B002,273.1604,267.9784824480319,5.18191755196807
2017-12-20 05:00:00,B003,90.37,85.85564379170326,4.514356208296746
2017-12-20 05:00:00,B002,273.1604,274.69286898360195,1.532468983601973
2017-12-20 05:00:00,B001,58.3898,58.43127631065045,0.04147631065045232
2017-12-20 06:00:00,B002,273.1604,269.3723144731641,3.7880855268358573
2017-12-20 06:00:00,B003,90.37,85.80886197741756,4.5611380225824405
2017-12-20 06:00:00,B001,58.3898,58.687863926400844,0.2980639264008431
2017-12-20 07:00:00,B002,273.1604,272.7157035914371,0.4446964085628906
2017-12-20 07:00:00,B003,90.37,103.0786927449736,12.70869274497359
2017-12-20 07:00:00,B001,58.3898,59.38520166056686,0.9954016605668556
2017-12-20 08:00:00,B001,58.3898,59.3762243637767,0.986424363776699
2017-12-20 08:00:00,B002,273.1604,285.9660654539682,12.805665453968231
2017-12-20 08:00:00,B003,90.37,103.19323375370375,12.823233753703747
2017-12-20 09:00:00,B001,58.3898,59.10080137333339,0.7110013733333886
2017-12-20 09:00:00,B002,273.1604,287.21236282726414,14.051962827264163
2017-12-20 09:00:00,B003,90.37,103.54159192989422,13.17159192989422
2017-12-20 10:00:00,B003,90.37,104.5362288539683,14.166228853968292
2017-12-20 10:00:00,B002,273.1604,288.0927627354497,14.932362735449715
2017-12-20 10:00:00,B001,58.3898,60.10352663014557,1.7137266301455725
2017-12-20 11:00:00,B002,273.1604,287.7991765644592,14.638776564459192
2017-12-20 11:00:00,B003,90.37,103.51871752918198,13.14871752918198
2017-12-20 11:00:00,B001,58.3898,59.63868253486427,1.248882534864272
2017-12-20 12:00:00,B002,273.1604,286.9213397441609,13.760939744160908
2017-12-20 12:00:00,B003,90.37,98.67941061904759,8.309410619047583
2017-12-20 12:00:00,B001,58.3898,59.1460252570865,0.7562252570864985
2017-12-20 13:00:00,B001,58.3898,59.4991848681976,1.1093848681976013
2017-12-20 13:00:00,B002,273.1604,286.2796542362245,13.119254236224492
2017-12-20 13:00:00,B003,90.37,94.44057323492065,4.070573234920644
2017-12-20 14:00:00,B001,58.3898,59.29628751541631,0.906487515416309
2017-12-20 14:00:00,B002,273.1604,285.11584259626176,11.955442596261776
2017-12-20 14:00:00,B003,90.37,94.74271565396822,4.372715653968214
2017-12-20 15:00:00,B001,58.3898,59.30827792522238,0.9184779252223763
2017-12-20 15:00:00,B002,273.1604,286.16697873038873,13.006578730388753
2017-12-20 15:00:00,B003,90.37,94.75309042759459,4.383090427594581
2017-12-20 16:00:00,B002,273.1604,284.0252241875316,10.86482418753161
2017-12-20 16:00:00,B001,58.3898,59.235774600665884,0.8459746006658833
2017-12-20 16:00:00,B003,90.37,94.86331236251526,4.493312362515255
2017-12-20 17:00:00,B002,273.1604,270.0295375437902,3.1308624562097975
2017-12-20 17:00:00,B001,58.3898,59.18026890880683,0.7904689088068295
2017-12-20 17:00:00,B003,90.37,92.58416912362637,2.2141691236263625
2017-12-20 18:00:00,B002,273.1604,264.41198420173083,8.74841579826915
2017-12-20 18:00:00,B001,58.3898,58.2966447020213,0.09315529797870425
2017-12-20 18:00:00,B003,90.37,84.68016482827679,5.689835171723217
2017-12-20 19:00:00,B002,273.1604,262.3106035348717,10.849796465128293
2017-12-20 19:00:00,B001,58.3898,58.22038300351795,0.1694169964820489
2017-12-20 19:00:00,B003,90.37,84.53092899494347,5.839071005056539
2017-12-20 20:00:00,B001,58.3898,58.32970342716886,0.060096572831142225
2017-12-20 20:00:00,B002,273.1604,260.2736301832122,12.886769816787762
2017-12-20 20:00:00,B003,90.37,84.3810714638133,5.988928536186705
2017-12-20 21:00:00,B003,90.37,84.5802232385332,5.789776761466811
2017-12-20 21:00:00,B002,273.1604,260.18554466414014,12.974855335859843
2017-12-20 21:00:00,B001,58.3898,58.100910226355296,0.2888897736447049
2017-12-20 22:00:00,B003,90.37,84.45166369918195,5.918336300818055
2017-12-20 22:00:00,B002,273.1604,261.4271881901324,11.733211809867555
2017-12-20 22:00:00,B001,58.3898,58.40161749465259,0.011817494652589744
2017-12-20 23:00:00,B003,90.37,85.0314757449336,5.338524255066403
2017-12-20 23:00:00,B002,273.1604,266.3124395261024,6.847960473897558
2017-12-20 23:00:00,B001,58.3898,58.082557338846115,0.3072426611538859
2017-12-21 00:00:00,B003,75.4975,91.77003871827438,16.272538718274376
2017-12-21 00:00:00,B001,51.1949,57.5400006484559,6.3451006484559045
2017-12-21 00:00:00,B002,260.5802,267.7532838008658,7.173083800865811
2017-12-21 01:00:00,B001,49.4449,49.83404147822704,0.3891414782270459
2017-12-21 01:00:00,B002,251.0802,251.43704599952608,0.35684599952608664
2017-12-21 01:00:00,B003,71.685,67.68675380317458,3.99824619682542
2017-12-21 02:00:00,B003,52.5,60.521649996825424,8.021649996825424
2017-12-21 02:00:00,B001,42.25,47.76953186350615,5.5195318635061525
2017-12-21 02:00:00,B002,236.5,248.10407798635583,11.604077986355833
2017-12-21 03:00:00,B001,43.25,42.98211323313286,0.26788676686714297
2017-12-21 03:00:00,B002,234.5,234.23176225401355,0.268237745986454
2017-12-21 03:00:00,B003,53.25,56.466349804351495,3.216349804351495
2017-12-21 04:00:00,B001,41.75,43.87266204368213,2.1226620436821335
2017-12-21 04:00:00,B003,53.4375,56.349924664844316,2.912424664844316
2017-12-21 04:00:00,B002,234.5,233.58517807450272,0.9148219254972787
2017-12-21 05:00:00,B001,42.25,41.833179672904045,0.4168203270959552
2017-12-21 05:00:00,B002,235.0,233.2509049611929,1.7490950388070985
2017-12-21 05:00:00,B003,53.5625,58.60996846239671,5.047468462396708
2017-12-21 06:00:00,B001,43.25,43.26997131102432,0.019971311024320926
2017-12-21 06:00:00,B002,241.0,234.1328044053907,6.8671955946093135
2017-12-21 06:00:00,B003,56.1875,59.86756982539681,3.6800698253968065
2017-12-21 07:00:00,B001,46.0,44.166358289991344,1.8336417100086564
2017-12-21 07:00:00,B002,246.5,240.83759774179902,5.662402258200984
2017-12-21 07:00:00,B003,69.5,71.69160073975196,2.191600739751962
2017-12-21 08:00:00,B003,81.875,83.0031221950451,1.1281221950450941
2017-12-21 08:00:00,B002,248.5,252.02470584531028,3.5247058453102795
2017-12-21 08:00:00,B001,45.0,48.70573298504031,3.7057329850403065
2017-12-21 09:00:00,B003,96.5625,93.3680943108801,3.194405689119904
2017-12-21 09:00:00,B002,262.0,273.47231903284495,11.47231903284495
2017-12-21 09:00:00,B001,53.0,56.04624765820226,3.0462476582022617
2017-12-21 10:00:00,B003,103.875,116.86301719785163,12.988017197851633
2017-12-21 10:00:00,B002,289.5,283.06545714459315,6.434542855406846
2017-12-21 10:00:00,B001,56.25,60.83865405550555,4.58865405550555
2017-12-21 11:00:00,B003,114.5,117.68955048042328,3.1895504804232786
2017-12-21 11:00:00,B002,281.0,304.754339093097,23.754339093096974
2017-12-21 11:00:00,B001,65.0,59.51694361587251,5.483056384127487
2017-12-21 12:00:00,B002,321.5,285.4311415041982,36.068858495801805
2017-12-21 12:00:00,B001,72.25,67.88835524855511,4.361644751444885
2017-12-21 12:00:00,B003,120.0,126.65470676666673,6.6547067666667346
2017-12-21 13:00:00,B002,315.0,318.18604104567453,3.1860410456745285
2017-12-21 13:00:00,B003,125.0,123.75039902401288,1.2496009759871214
2017-12-21 13:00:00,B001,75.25,71.3420456359565,3.907954364043505
2017-12-21 14:00:00,B001,77.0,73.9140405021588,3.085959497841202
2017-12-21 14:00:00,B002,310.0,310.8408983009982,0.8408983009982194
2017-12-21 14:00:00,B003,125.875,125.77563527717653,0.09936472282346642
2017-12-21 15:00:00,B001,79.0,75.33145384725965,3.6685461527403476
2017-12-21 15:00:00,B002,321.5,313.21714724030414,8.282852759695857
2017-12-21 15:00:00,B003,126.125,126.27699747841511,0.1519974784151117
2017-12-21 16:00:00,B001,79.75,77.98927251710091,1.7607274828990853
2017-12-21 16:00:00,B002,310.5,315.6310615667143,5.1310615667143225
2017-12-21 16:00:00,B003,126.4375,126.2458360716691,0.19166392833089674
2017-12-21 17:00:00,B002,291.0,299.0136474365079,8.013647436507881
2017-12-21 17:00:00,B001,61.75,67.14988898080992,5.399888980809919
2017-12-21 17:00:00,B003,114.5625,121.71022563809521,7.14772563809521
2017-12-21 18:00:00,B001,50.75,55.36190926673143,4.6119092667314305
2017-12-21 18:00:00,B002,291.0,271.28123514062014,19.71876485937986
2017-12-21 18:00:00,B003,100.25,98.03294340649845,2.217056593501553
2017-12-21 19:00:00,B002,266.5,272.17493385519435,5.674933855194354
2017-12-21 19:00:00,B003,87.0,88.45719961907449,1.457199619074487
2017-12-21 19:00:00,B001,44.5,48.54388840859938,4.043888408599379
2017-12-21 20:00:00,B002,260.5,253.0934567988647,7.4065432011352925
2017-12-21 20:00:00,B003,78.875,77.88174570769229,0.9932542923077108
2017-12-21 20:00:00,B001,44.25,44.240972964512956,0.009027035487044088
2017-12-21 21:00:00,B002,254.5,247.72104447566437,6.778955524335629
2017-12-21 21:00:00,B001,45.0,44.27435021842501,0.7256497815749867
2017-12-21 21:00:00,B003,73.6875,70.96641036802171,2.7210896319782876
2017-12-21 22:00:00,B003,67.6875,65.90201208833574,1.7854879116642621
2017-12-21 22:00:00,B002,254.0,244.7159718667529,9.28402813324709
2017-12-21 22:00:00,B001,43.75,44.50857023163633,0.7585702316363268
2017-12-21 23:00:00,B001,43.75,44.305612824187946,0.5556128241879463
2017-12-21 23:00:00,B003,62.125,62.90015457481285,0.7751545748128521
2017-12-21 23:00:00,B002,251.5,245.0640582526921,6.435941747307908
2017-12-22 00:00:00,B003,56.4375,57.927017959123965,1.4895179591239653
2017-12-22 00:00:00,B002,240.0,243.3119264158312,3.311926415831209
2017-12-22 00:00:00,B001,42.25,45.98107811002093,3.731078110020931
2017-12-22 01:00:00,B002,248.5,236.84206782962147,11.65793217037853
2017-12-22 01:00:00,B001,41.75,43.10046117319663,1.3504611731966278
2017-12-22 01:00:00,B003,59.9375,60.47174075570012,0.5342407557001181
2017-12-22 02:00:00,B002,253.0,242.7751142670672,10.22488573293279
2017-12-22 02:00:00,B003,59.375,59.263691907275124,0.11130809272487596
2017-12-22 02:00:00,B001,40.75,42.018032511808066,1.268032511808066
2017-12-22 03:00:00,B002,250.0,246.97913809664828,3.0208619033517152
2017-12-22 03:00:00,B003,58.8125,58.97560931111321,0.16310931111321025
2017-12-22 03:00:00,B001,40.25,41.095684324365905,0.8456843243659051
2017-12-22 04:00:00,B002,248.5,246.0552146149727,2.444785385027302
2017-12-22 04:00:00,B003,58.25,59.418402632153736,1.168402632153736
2017-12-22 04:00:00,B001,40.5,40.93537304928993,0.4353730492899288
2017-12-22 05:00:00,B001,41.0,41.03406470810385,0.03406470810384832
2017-12-22 05:00:00,B002,243.5,244.1948981057033,0.6948981057032881
2017-12-22 05:00:00,B003,58.8125,60.08195643783033,1.2694564378303284
2017-12-22 06:00:00,B002,248.0,242.5858029069593,5.414197093040713
2017-12-22 06:00:00,B003,65.3125,60.73710538413413,4.575394615865868
2017-12-22 06:00:00,B001,40.0,41.55680742566552,1.556807425665518
2017-12-22 07:00:00,B001,43.0,41.411235022795,1.5887649772050025
2017-12-22 07:00:00,B002,249.0,250.24503135990687,1.245031359906875
2017-12-22 07:00:00,B003,71.125,72.97987067559066,1.8548706755906608
2017-12-22 08:00:00,B003,77.375,81.91688711478695,4.541887114786945
2017-12-22 08:00:00,B002,251.5,254.66136211772488,3.1613621177248774
2017-12-22 08:00:00,B001,42.0,44.22932905436664,2.2293290543666373
2017-12-22 09:00:00,B003,92.625,93.27161964553984,0.6466196455398432
2017-12-22 09:00:00,B002,286.0,277.5461829710635,8.453817028936498
2017-12-22 09:00:00,B001,46.75,53.19587821858779,6.4458782185877865
2017-12-22 10:00:00,B003,106.0,110.92898150325603,4.928981503256026
2017-12-22 10:00:00,B002,297.0,296.8460551513842,0.15394484861582214
2017-12-22 10:00:00,B001,51.0,55.447156375100214,4.447156375100214
2017-12-22 11:00:00,B003,118.75,117.42825299312176,1.3217470068782404
2017-12-22 11:00:00,B002,273.5,313.54072651673386,40.040726516733855
2017-12-22 11:00:00,B001,50.75,61.2873717785714,10.537371778571398
2017-12-22 12:00:00,B003,117.125,122.29480262142852,5.169802621428516
2017-12-22 12:00:00,B002,256.5,286.41161695848115,29.911616958481147
2017-12-22 12:00:00,B001,53.5,60.63625723629905,7.136257236299052
2017-12-22 13:00:00,B003,111.375,122.96633550449731,11.591335504497309
2017-12-22 13:00:00,B001,51.5,58.33177402136544,6.83177402136544
2017-12-22 13:00:00,B002,249.0,277.2844976241868,28.284497624186827
2017-12-22 14:00:00,B001,52.25,59.79446436566412,7.544464365664119
2017-12-22 14:00:00,B003,97.9375,122.3658433233738,24.428343323373795
2017-12-22 14:00:00,B002,251.5,266.36207311870345,14.86207311870345
2017-12-22 15:00:00,B001,52.25,59.641389691188806,7.391389691188806
2017-12-22 15:00:00,B003,102.25,100.83167105800868,1.4183289419913194
2017-12-22 15:00:00,B002,252.0,276.17356820033655,24.173568200336547
2017-12-22 16:00:00,B002,245.5,260.6660756291487,15.16607562914868
2017-12-22 16:00:00,B003,95.9375,104.10965385948923,8.172153859489228
2017-12-22 16:00:00,B001,53.0,59.25577898007768,6.255778980077679
2017-12-22 17:00:00,B001,52.25,56.82604623893004,4.57604623893004
2017-12-22 17:00:00,B003,95.5,91.45850258571427,4.041497414285729
2017-12-22 17:00:00,B002,247.0,240.3219752257371,6.678024774262894
2017-12-22 18:00:00,B002,245.5,232.91528498465888,12.584715015341118
2017-12-22 18:00:00,B003,83.875,85.93471828473568,2.0597182847356805
2017-12-22 18:00:00,B001,47.25,52.30431187883455,5.054311878834547
2017-12-22 19:00:00,B003,71.0,74.44834740502648,3.4483474050264817
2017-12-22 19:00:00,B001,43.5,45.9585789214937,2.4585789214936966
2017-12-22 19:00:00,B002,232.5,234.27408240384563,1.7740824038456253
2017-12-22 20:00:00,B002,231.0,226.41430717446332,4.5856928255366824
2017-12-22 20:00:00,B003,63.375,68.04760382843914,4.6726038284391365
2017-12-22 20:00:00,B001,43.25,43.693957939259164,0.44395793925916394
2017-12-22 21:00:00,B001,43.5,43.139086867403286,0.3609131325967141
2017-12-22 21:00:00,B003,58.5,59.37047006210446,0.8704700621044594
2017-12-22 21:00:00,B002,234.5,224.27040714501626,10.229592854983736
2017-12-22 22:00:00,B001,42.25,43.84297742247293,1.5929774224729272
2017-12-22 22:00:00,B003,55.8125,58.53616050408541,2.7236605040854087
2017-12-22 22:00:00,B002,235.5,228.9980594318105,6.501940568189497
2017-12-22 23:00:00,B001,43.0,42.73554553081974,0.26445446918025795
2017-12-22 23:00:00,B003,52.5,56.43401845855095,3.934018458550952
2017-12-22 23:00:00,B002,231.0,230.14014805259993,0.8598519474000739
2017-12-23 00:00:00,B003,47.5,53.020658216563525,5.520658216563525
2017-12-23 00:00:00,B002,226.0,228.79633622070688,2.796336220706877
2017-12-23 00:00:00,B001,35.5,43.122060011079014,7.622060011079014
2017-12-23 01:00:00,B003,56.125,48.75993927622707,7.3650607237729275
2017-12-23 01:00:00,B002,229.5,223.23576192696913,6.264238073030867
2017-12-23 01:00:00,B001,43.25,36.40228552811568,6.8477144718843235
2017-12-23 02:00:00,B003,52.1875,58.79424175591399,6.606741755913987
2017-12-23 02:00:00,B002,231.0,226.77721896932343,4.222781030676572
2017-12-23 02:00:00,B001,36.75,42.5796176780087,5.829617678008702
2017-12-23 03:00:00,B002,228.5,228.00893199905244,0.4910680009475641
2017-12-23 03:00:00,B001,26.5,36.90562022225604,10.40562022225604
2017-12-23 03:00:00,B003,51.875,54.36215141629554,2.4871514162955393
2017-12-23 04:00:00,B003,51.5,51.7885229594847,0.28852295948470186
2017-12-23 04:00:00,B002,226.5,227.21439070685088,0.7143907068508781
2017-12-23 04:00:00,B001,26.75,28.569452097315327,1.8194520973153274
2017-12-23 05:00:00,B001,25.5,28.68288702156861,3.182887021568611
2017-12-23 05:00:00,B003,50.9375,54.348316596657206,3.410816596657206
2017-12-23 05:00:00,B002,227.0,224.25608573627866,2.7439142637213365
2017-12-23 06:00:00,B001,25.0,28.15042744603175,3.150427446031749
2017-12-23 06:00:00,B003,50.75,55.19694278174606,4.44694278174606
2017-12-23 06:00:00,B002,225.5,225.18115577050412,0.3188442294958804
2017-12-23 07:00:00,B002,225.0,226.3183224141133,1.318322414113311
2017-12-23 07:00:00,B001,25.0,28.060007975217612,3.060007975217612
2017-12-23 07:00:00,B003,51.25,58.26249814439942,7.012498144399423
2017-12-23 08:00:00,B002,226.5,228.67799899495924,2.177998994959239
2017-12-23 08:00:00,B001,25.25,28.08767461742116,2.837674617421161
2017-12-23 08:00:00,B003,49.75,58.116007159826935,8.366007159826935
2017-12-23 09:00:00,B001,25.5,29.98255844949495,4.482558449494949
2017-12-23 09:00:00,B003,49.875,56.74022051868719,6.865220518687188
2017-12-23 09:00:00,B002,223.5,229.8435842023088,6.34358420230879
2017-12-23 10:00:00,B003,51.25,56.58367237979829,5.333672379798287
2017-12-23 10:00:00,B001,25.5,30.971963370129878,5.4719633701298775
2017-12-23 10:00:00,B002,225.5,229.19077136943704,3.6907713694370443
2017-12-23 11:00:00,B001,25.5,31.492551468542576,5.992551468542576
2017-12-23 11:00:00,B002,223.5,227.59333540223278,4.093335402232782
2017-12-23 11:00:00,B003,55.75,56.518934569127595,0.7689345691275946
2017-12-23 12:00:00,B001,25.0,29.962671725685425,4.962671725685425
2017-12-23 12:00:00,B002,226.0,227.69215491568053,1.6921549156805327
2017-12-23 12:00:00,B003,58.375,60.586511061618914,2.211511061618914
2017-12-23 13:00:00,B003,56.9375,61.797031930401836,4.859531930401836
2017-12-23 13:00:00,B002,226.5,229.2420891680648,2.7420891680648083
2017-12-23 13:00:00,B001,26.5,31.474855201875908,4.974855201875908
2017-12-23 14:00:00,B001,26.5,30.387031558730154,3.887031558730154
2017-12-23 14:00:00,B003,56.3125,59.325308526045546,3.0128085260455464
2017-12-23 14:00:00,B002,230.5,228.18989219401692,2.3101078059830797
2017-12-23 15:00:00,B003,54.75,58.9811279527218,4.231127952721799
2017-12-23 15:00:00,B001,26.5,30.776588175217604,4.276588175217604
2017-12-23 15:00:00,B002,229.5,231.07864441639975,1.5786444163997544
2017-12-23 16:00:00,B003,56.0625,57.95661036011535,1.8941103601153486
2017-12-23 16:00:00,B001,26.75,28.364369437122363,1.6143694371223631
2017-12-23 16:00:00,B002,229.5,229.1569468576609,0.34305314233910167
2017-12-23 17:00:00,B003,55.875,57.69464451955237,1.8196445195523694
2017-12-23 17:00:00,B001,26.75,27.998176857142845,1.2481768571428447
2017-12-23 17:00:00,B002,231.5,226.29765782840724,5.202342171592761
2017-12-23 18:00:00,B003,52.625,56.161878351073234,3.5368783510732342
2017-12-23 18:00:00,B001,27.25,27.817954634920618,0.5679546349206177
2017-12-23 18:00:00,B002,228.0,227.9811845312675,0.018815468732498175
2017-12-23 19:00:00,B001,26.5,28.943594944444424,2.443594944444424
2017-12-23 19:00:00,B003,54.0625,51.43574398752541,2.626756012474587
2017-12-23 19:00:00,B002,228.0,223.48953982622697,4.510460173773026
2017-12-23 20:00:00,B001,26.0,27.940242472222216,1.9402424722222165
2017-12-23 20:00:00,B003,53.3125,54.16146966883523,0.8489696688352311
2017-12-23 20:00:00,B002,228.5,223.14481262686198,5.355187373138023
2017-12-23 21:00:00,B001,26.25,27.36454696825396,1.1145469682539613
2017-12-23 21:00:00,B003,53.1875,51.27497664318286,1.9125233568171396
2017-12-23 21:00:00,B002,225.0,224.24440370702064,0.7555962929793623
2017-12-23 22:00:00,B001,26.5,27.443621134920626,0.943621134920626
2017-12-23 22:00:00,B003,51.5625,51.29369099932023,0.26880900067976654
2017-12-23 22:00:00,B002,225.0,220.6176185578255,4.3823814421745055
2017-12-23 23:00:00,B003,50.5625,50.166363920242176,0.3961360797578237
2017-12-23 23:00:00,B002,227.5,219.32917125063057,8.170828749369434
2017-12-23 23:00:00,B001,26.75,27.905630534920626,1.1556305349206255
2017-12-24 00:00:00,B002,225.0,223.06767261230993,1.9323273876900657
2017-12-24 00:00:00,B001,27.5,28.476691957142855,0.9766919571428545
2017-12-24 00:00:00,B003,48.9375,49.07041837598032,0.1329183759803172
2017-12-24 01:00:00,B002,219.5,222.59693784098533,3.0969378409853334
2017-12-24 01:00:00,B001,25.5,29.756532422222215,4.2565324222222145
2017-12-24 01:00:00,B003,49.375,49.55606534156043,0.18106534156043352
2017-12-24 02:00:00,B002,219.0,218.57328051937142,0.42671948062857723
2017-12-24 02:00:00,B001,25.0,26.632458101587304,1.6324581015873036
2017-12-24 02:00:00,B003,49.0625,50.21531469364351,1.1528146936435135
2017-12-24 03:00:00,B002,219.0,218.73574621305102,0.26425378694898427
2017-12-24 03:00:00,B003,49.5,49.36545543524287,0.13454456475712817
2017-12-24 03:00:00,B001,24.75,25.18143114285715,0.43143114285715
2017-12-24 04:00:00,B003,49.875,49.983460654665684,0.10846065466568433
2017-12-24 04:00:00,B002,222.0,218.35260435657904,3.647395643420964
2017-12-24 04:00:00,B001,24.75,25.18143114285715,0.43143114285715
2017-12-24 05:00:00,B003,50.0625,50.22431048066865,0.1618104806686489
2017-12-24 05:00:00,B002,221.5,220.17261322196282,1.3273867780371802
2017-12-24 05:00:00,B001,25.25,25.169762603174608,0.08023739682539244
2017-12-24 06:00:00,B003,50.0625,51.18452529498888,1.1220252949888803
2017-12-24 06:00:00,B002,219.5,220.61862872611783,1.1186287261178336
2017-12-24 06:00:00,B001,24.5,25.406345936507936,0.906345936507936
2017-12-24 07:00:00,B003,49.8125,52.63364921111068,2.8211492111106793
2017-12-24 07:00:00,B002,222.5,218.98539421434518,3.5146057856548225
2017-12-24 07:00:00,B001,25.0,24.967294349206348,0.03270565079365184
2017-12-24 08:00:00,B002,221.0,228.1138368320839,7.113836832083905
2017-12-24 08:00:00,B001,25.0,25.33854038095238,0.3385403809523808
2017-12-24 08:00:00,B003,50.0625,51.906253000397754,1.8437530003977542
2017-12-24 09:00:00,B001,25.0,29.352278317460307,4.352278317460307
2017-12-24 09:00:00,B003,48.5625,53.121930856361004,4.559430856361004
2017-12-24 09:00:00,B002,221.0,222.94165676632426,1.9416567663242574
2017-12-24 10:00:00,B001,26.0,28.907599015873004,2.9075990158730036
2017-12-24 10:00:00,B003,48.6875,51.29790217539223,2.610402175392231
2017-12-24 10:00:00,B002,222.0,223.2037686968383,1.2037686968382957
2017-12-24 11:00:00,B001,26.0,29.815165968253968,3.815165968253968
2017-12-24 11:00:00,B003,50.8125,52.49302703730158,1.6805270373015802
2017-12-24 11:00:00,B002,219.0,222.31986626986682,3.3198662698668215
2017-12-24 12:00:00,B003,53.9375,56.62216376853454,2.6846637685345414
2017-12-24 12:00:00,B002,217.0,221.28795658852576,4.287956588525759
2017-12-24 12:00:00,B001,25.75,30.0091373015873,4.259137301587302
2017-12-24 13:00:00,B002,219.5,217.92455997739123,1.575440022608774
2017-12-24 13:00:00,B001,26.25,28.303949,2.0539489999999994
2017-12-24 13:00:00,B003,53.6875,56.47800413891241,2.790504138912411
2017-12-24 14:00:00,B002,224.5,221.4220400798823,3.0779599201177064
2017-12-24 14:00:00,B001,25.5,28.597548317460316,3.0975483174603156
2017-12-24 14:00:00,B003,51.9375,55.72070036190262,3.7832003619026224
2017-12-24 15:00:00,B002,227.0,225.43095767622697,1.5690423237730329
2017-12-24 15:00:00,B001,26.75,28.667061822836658,1.9170618228366578
2017-12-24 15:00:00,B003,50.8125,53.69936683429881,2.8868668342988073
2017-12-24 16:00:00,B002,225.5,224.91863585858192,0.5813641414180779
2017-12-24 16:00:00,B001,27.5,26.111738309523805,1.3882616904761953
2017-12-24 16:00:00,B003,51.0625,53.017585238030925,1.9550852380309252
2017-12-24 17:00:00,B001,31.0,27.221860563492054,3.7781394365079457
2017-12-24 17:00:00,B003,51.3125,53.09941605550113,1.7869160555011305
2017-12-24 17:00:00,B002,221.5,223.65384050026415,2.1538405002641525
2017-12-24 18:00:00,B003,52.125,51.25222247234933,0.8727775276506691
2017-12-24 18:00:00,B002,225.0,218.25637260021878,6.743627399781218
2017-12-24 18:00:00,B001,29.0,29.646880278238324,0.6468802782383243
2017-12-24 19:00:00,B003,51.25,50.49879737779063,0.7512026222093695
2017-12-24 19:00:00,B002,229.5,219.6770017787798,9.822998221220189
2017-12-24 19:00:00,B001,28.5,28.85348492063491,0.35348492063490866
2017-12-24 20:00:00,B003,50.5625,50.637114150774494,0.07461415077449374
2017-12-24 20:00:00,B002,223.0,223.976202627108,0.9762026271079947
2017-12-24 20:00:00,B001,27.25,28.82578223968252,1.5757822396825212
2017-12-24 21:00:00,B003,48.4375,49.51537239918133,1.0778723991813308
2017-12-24 21:00:00,B001,27.5,26.778332817460306,0.7216671825396936
2017-12-24 21:00:00,B002,217.0,218.03666634673596,1.0366663467359558
2017-12-24 22:00:00,B001,26.75,27.368832785714275,0.6188327857142752
2017-12-24 22:00:00,B003,50.0625,48.167693001620734,1.8948069983792664
2017-12-24 22:00:00,B002,220.0,213.61474740852597,6.385252591474028
2017-12-24 23:00:00,B001,27.0,26.39165229365079,0.6083477063492104
2017-12-24 23:00:00,B003,48.75,49.54639747855456,0.7963974785545602
2017-12-24 23:00:00,B002,211.5,217.85758070244577,6.357580702445773
2017-12-25 00:00:00,B001,27.25,28.248618299999997,0.9986182999999969
2017-12-25 00:00:00,B003,47.125,49.433376472909046,2.308376472909046
2017-12-25 00:00:00,B002,215.0,216.70722359673772,1.7072235967377196
2017-12-25 01:00:00,B001,27.25,27.44926459523809,0.19926459523809115
2017-12-25 01:00:00,B003,48.875,47.17344057062084,1.7015594293791594
2017-12-25 01:00:00,B002,223.0,214.46377236028766,8.536227639712337
2017-12-25 02:00:00,B003,47.8125,49.19090989644525,1.3784098964452483
2017-12-25 02:00:00,B002,221.0,223.85196989044817,2.8519698904481743
2017-12-25 02:00:00,B001,25.75,27.369022498412694,1.6190224984126935
2017-12-25 03:00:00,B002,219.0,220.27460325830256,1.2746032583025624
2017-12-25 03:00:00,B001,25.75,25.523387171428578,0.2266128285714224
2017-12-25 03:00:00,B003,49.625,48.23533488819692,1.3896651118030832
2017-12-25 04:00:00,B002,223.0,218.70844811234682,4.291551887653185
2017-12-25 04:00:00,B001,28.0,25.8040935952381,2.1959064047618995
2017-12-25 04:00:00,B003,49.4375,49.983084486138694,0.5455844861386936
2017-12-25 05:00:00,B002,223.0,226.64599045261207,3.645990452612068
2017-12-25 05:00:00,B001,27.5,29.037082112698403,1.5370821126984033
2017-12-25 05:00:00,B003,49.4375,50.40944942116409,0.9719494211640907
2017-12-25 06:00:00,B002,221.5,224.95559807621981,3.4555980762198146
2017-12-25 06:00:00,B003,48.4375,55.14522451719579,6.707724517195793
2017-12-25 06:00:00,B001,27.0,27.833913261904762,0.8339132619047618
2017-12-25 07:00:00,B003,48.5625,60.29911385879976,11.736613858799757
2017-12-25 07:00:00,B002,225.5,224.40367215246675,1.0963278475332459
2017-12-25 07:00:00,B001,26.25,26.938542888888886,0.688542888888886
2017-12-25 08:00:00,B003,56.5,59.168075218588115,2.6680752185881147
2017-12-25 08:00:00,B002,224.0,235.1018384216685,11.101838421668504
2017-12-25 08:00:00,B001,25.75,26.839834722222214,1.0898347222222142
2017-12-25 09:00:00,B003,60.25,71.51327696600104,11.263276966001044
2017-12-25 09:00:00,B002,217.0,245.60104049485454,28.601040494854544
2017-12-25 09:00:00,B001,24.5,40.863985380952386,16.363985380952386
2017-12-25 10:00:00,B002,214.0,243.88047744502168,29.880477445021683
2017-12-25 10:00:00,B001,24.5,41.41092061587302,16.910920615873017
2017-12-25 10:00:00,B003,62.4375,68.43258148639966,5.9950814863996555
2017-12-25 11:00:00,B003,62.0625,69.74067486616161,7.678174866161612
2017-12-25 11:00:00,B001,24.75,42.884222726984135,18.134222726984135
2017-12-25 11:00:00,B002,221.0,227.5414939316206,6.541493931620607
2017-12-25 12:00:00,B001,25.5,43.07544494920635,17.57544494920635
2017-12-25 12:00:00,B003,61.4375,65.6243999873682,4.186899987368193
2017-12-25 12:00:00,B002,223.5,227.31848860490018,3.818488604900182
2017-12-25 13:00:00,B001,25.5,42.011999,16.511999000000003
2017-12-25 13:00:00,B003,60.5,65.27048773462091,4.7704877346209145
2017-12-25 13:00:00,B002,227.0,232.3909257792208,5.390925779220794
2017-12-25 14:00:00,B001,25.75,40.28206458730159,14.53206458730159
2017-12-25 14:00:00,B003,61.5,65.35669011842229,3.856690118422293
2017-12-25 14:00:00,B002,224.5,229.76426138875632,5.264261388756324
2017-12-25 15:00:00,B002,225.0,232.97448901233705,7.974489012337045
2017-12-25 15:00:00,B003,63.5,64.885278087576,1.3852780875759976
2017-12-25 15:00:00,B001,27.0,42.7527194888889,15.7527194888889
2017-12-25 16:00:00,B002,226.5,229.86221076839385,3.362210768393851
2017-12-25 16:00:00,B001,26.25,34.503776980952374,8.253776980952374
2017-12-25 16:00:00,B003,62.6875,65.68193787979796,2.9944378797979567
2017-12-25 17:00:00,B002,226.0,224.4650568958276,1.534943104172413
2017-12-25 17:00:00,B003,61.8125,65.49824459725828,3.685744597258278
2017-12-25 17:00:00,B001,27.0,28.276693577777774,1.276693577777774
2017-12-25 18:00:00,B003,56.0625,57.149214831607146,1.0867148316071464
2017-12-25 18:00:00,B002,221.5,224.75531102100373,3.2553110210037346
2017-12-25 18:00:00,B001,26.25,28.880972214285702,2.630972214285702
2017-12-25 19:00:00,B001,25.75,27.850713369841262,2.1007133698412623
2017-12-25 19:00:00,B002,225.0,219.8475214203562,5.152478579643798
2017-12-25 19:00:00,B003,54.0625,53.50587224731145,0.5566277526885486
2017-12-25 20:00:00,B002,222.0,217.1463548403043,4.853645159695702
2017-12-25 20:00:00,B001,25.75,26.005474336507937,0.2554743365079375
2017-12-25 20:00:00,B003,48.8125,51.570275617828116,2.7577756178281163
2017-12-25 21:00:00,B001,26.25,26.434121084126982,0.18412108412698203
2017-12-25 21:00:00,B003,47.3125,48.359412152002605,1.046912152002605
2017-12-25 21:00:00,B002,221.5,214.0218715913611,7.478128408638895
2017-12-25 22:00:00,B001,26.0,25.99324081428571,0.006759185714290794
2017-12-25 22:00:00,B003,46.6875,46.47497830349158,0.2125216965084178
2017-12-25 22:00:00,B002,223.0,215.14676153520935,7.85323846479065
2017-12-25 23:00:00,B001,26.75,26.463647925396824,0.286352074603176
2017-12-25 23:00:00,B003,46.5,46.165255097010586,0.3347449029894136
2017-12-25 23:00:00,B002,218.0,217.27015475990504,0.72984524009496
2017-12-26 00:00:00,B002,214.5,219.91860601841006,5.41860601841006
2017-12-26 00:00:00,B001,28.5,27.786513604761907,0.7134863952380925
2017-12-26 00:00:00,B003,47.6875,45.849473184421676,1.8380268155783241
2017-12-26 01:00:00,B001,27.5,30.94744250634919,3.4474425063491907
2017-12-26 01:00:00,B003,47.3125,47.90320530662222,0.590705306622219
2017-12-26 01:00:00,B002,229.5,212.92441652413459,16.575583475865415
2017-12-26 02:00:00,B002,227.0,225.73460022056372,1.2653997794362795
2017-12-26 02:00:00,B003,47.1875,46.60622207194,0.5812779280599969
2017-12-26 02:00:00,B001,27.5,30.295905574603168,2.795905574603168
2017-12-26 03:00:00,B003,46.9375,46.88093477156489,0.05656522843511169
2017-12-26 03:00:00,B001,27.5,30.042987865079358,2.5429878650793576
2017-12-26 03:00:00,B002,226.5,225.29923408230093,1.2007659176990728
2017-12-26 04:00:00,B001,27.0,31.68362948941799,4.683629489417989
2017-12-26 04:00:00,B002,225.0,225.10552669274762,0.10552669274761683
2017-12-26 04:00:00,B003,46.875,46.86488420372753,0.010115796272472721
2017-12-26 05:00:00,B001,27.25,30.062317292063483,2.812317292063483
2017-12-26 05:00:00,B002,230.5,222.8683627324285,7.631637267571506
2017-12-26 05:00:00,B003,48.4375,46.81521744049889,1.6222825595011088
2017-12-26 06:00:00,B001,27.25,29.77014614920635,2.520146149206351
2017-12-26 06:00:00,B002,230.0,229.9717146523203,0.028285347679712913
2017-12-26 06:00:00,B003,47.4375,51.608053477910325,4.170553477910325
2017-12-26 07:00:00,B001,27.75,29.49981268253968,1.7498126825396803
2017-12-26 07:00:00,B002,239.5,231.3043964349628,8.195603565037203
2017-12-26 07:00:00,B003,49.125,52.057243042934864,2.9322430429348643
2017-12-26 08:00:00,B002,219.5,240.37132403149874,20.871324031498744
2017-12-26 08:00:00,B003,55.25,54.35861561834189,0.8913843816581135
2017-12-26 08:00:00,B001,28.25,30.156891880952372,1.9068918809523723
2017-12-26 09:00:00,B003,61.125,63.56110338860806,2.4361033886080605
2017-12-26 09:00:00,B002,231.5,254.3584364253968,22.858436425396803
2017-12-26 09:00:00,B001,28.5,40.28651952380952,11.786519523809517
2017-12-26 10:00:00,B003,62.9375,69.25205537290871,6.314555372908714
2017-12-26 10:00:00,B002,236.0,243.60039545639742,7.600395456397422
2017-12-26 10:00:00,B001,30.25,33.99931347936508,3.749313479365078
2017-12-26 11:00:00,B001,29.5,39.326728112698405,9.826728112698405
2017-12-26 11:00:00,B003,63.3125,69.61720047870847,6.304700478708469
2017-12-26 11:00:00,B002,238.0,245.73082684189237,7.730826841892366
2017-12-26 12:00:00,B002,235.0,234.63507871471873,0.36492128528126955
2017-12-26 12:00:00,B001,30.75,35.432160579365075,4.682160579365075
2017-12-26 12:00:00,B003,65.0625,66.19066749003333,1.1281674900333343
2017-12-26 13:00:00,B001,30.5,40.1985530015873,9.6985530015873
2017-12-26 13:00:00,B003,66.875,66.52196123560846,0.3530387643915418
2017-12-26 13:00:00,B002,237.5,243.46501449249635,5.965014492496351
2017-12-26 14:00:00,B003,68.9375,66.92866118275468,2.0088388172453193
2017-12-26 14:00:00,B002,234.0,241.68599135019468,7.6859913501946835
2017-12-26 14:00:00,B001,29.25,39.65624307566136,10.406243075661358
2017-12-26 15:00:00,B003,76.0,68.168924610032,7.831075389968007
2017-12-26 15:00:00,B001,29.0,40.35245066031746,11.352450660317459
2017-12-26 15:00:00,B002,233.5,242.68296952466014,9.182969524660137
2017-12-26 16:00:00,B001,28.5,34.999074706349205,6.499074706349205
2017-12-26 16:00:00,B003,75.375,81.26071743311932,5.885717433119325
2017-12-26 16:00:00,B002,235.0,234.3271878783394,0.6728121216605985
2017-12-26 17:00:00,B002,225.5,228.8522779957104,3.352277995710409
2017-12-26 17:00:00,B001,29.5,29.51633246507935,0.016332465079351266
2017-12-26 17:00:00,B003,76.0625,79.50264140261442,3.4401414026144153
2017-12-26 18:00:00,B003,67.75,69.09070032899655,1.3407003289965473
2017-12-26 18:00:00,B002,218.5,223.5821102108466,5.082110210846594
2017-12-26 18:00:00,B001,29.5,29.323237495238082,0.17676250476191768
2017-12-26 19:00:00,B002,217.5,218.96210108815677,1.4621010881567713
2017-12-26 19:00:00,B001,29.75,29.246277209523807,0.5037227904761927
2017-12-26 19:00:00,B003,63.125,57.153305744616226,5.971694255383774
2017-12-26 20:00:00,B003,52.625,54.651521678386274,2.026521678386274
2017-12-26 20:00:00,B002,210.5,212.21418165671375,1.7141816567137482
2017-12-26 20:00:00,B001,29.75,29.468052667510257,0.281947332489743
2017-12-26 21:00:00,B001,28.5,29.573994223065807,1.0739942230658066
2017-12-26 21:00:00,B002,207.0,205.73118069389758,1.2688193061024151
2017-12-26 21:00:00,B003,50.9375,49.820250889570005,1.117249110429995
2017-12-26 22:00:00,B002,208.0,199.7827648732754,8.217235126724603
2017-12-26 22:00:00,B001,29.75,30.07795894126983,0.3279589412698307
2017-12-26 22:00:00,B003,49.9375,49.238548659050906,0.698951340949094
2017-12-26 23:00:00,B001,27.75,29.969106556399154,2.2191065563991543
2017-12-26 23:00:00,B002,205.0,200.61639932575628,4.3836006742437235
2017-12-26 23:00:00,B003,48.5625,49.01916526269367,0.4566652626936687
2017-12-27 00:00:00,B002,211.0,204.0761885412343,6.923811458765698
2017-12-27 00:00:00,B003,49.4375,47.731600070953476,1.7058999290465238
2017-12-27 00:00:00,B001,30.25,31.65058964338623,1.4005896433862297
2017-12-27 01:00:00,B003,47.6875,49.32503663871286,1.6375366387128594
2017-12-27 01:00:00,B001,30.0,30.971496390476194,0.9714963904761937
2017-12-27 01:00:00,B002,208.5,215.01572136715785,6.515721367157852
2017-12-27 02:00:00,B001,29.0,30.52343278266178,1.5234327826617786
2017-12-27 02:00:00,B002,215.0,209.71792903022924,5.282070969770757
2017-12-27 02:00:00,B003,48.0625,47.68132907768218,0.38117092231782124
2017-12-27 03:00:00,B002,212.0,212.65983186392538,0.6598318639253762
2017-12-27 03:00:00,B001,27.25,30.38197997142856,3.13197997142856
2017-12-27 03:00:00,B003,47.6875,48.13297137767484,0.445471377674842
2017-12-27 04:00:00,B002,216.5,211.89691664944698,4.603083350553021
2017-12-27 04:00:00,B001,27.75,29.549744228571416,1.7997442285714165
2017-12-27 04:00:00,B003,47.5625,47.74285563376173,0.18035563376172803
2017-12-27 05:00:00,B001,27.75,29.852843722222218,2.102843722222218
2017-12-27 05:00:00,B003,47.4375,47.720911261409725,0.28341126140972506
2017-12-27 05:00:00,B002,217.5,212.36963157277106,5.1303684272289445
2017-12-27 06:00:00,B002,218.5,211.97153056906117,6.528469430938827
2017-12-27 06:00:00,B003,47.8125,49.54159015060316,1.729090150603163
2017-12-27 06:00:00,B001,27.75,29.8227088015873,2.0727088015873
2017-12-27 07:00:00,B003,48.3125,50.706354736606364,2.3938547366063645
2017-12-27 07:00:00,B002,230.0,219.610882227223,10.389117772777013
2017-12-27 07:00:00,B001,29.0,31.474078849206343,2.474078849206343
2017-12-27 08:00:00,B001,27.25,36.2470196111111,8.9970196111111
2017-12-27 08:00:00,B003,61.375,52.08572144603175,9.289278553968252
2017-12-27 08:00:00,B002,235.5,233.881707240228,1.6182927597720038
2017-12-27 09:00:00,B003,66.5625,66.85946335250169,0.2969633525016917
2017-12-27 09:00:00,B002,259.0,249.3796508753502,9.620349124649806
2017-12-27 09:00:00,B001,29.75,43.370427369841266,13.620427369841266
2017-12-27 10:00:00,B003,71.625,70.16186096785714,1.4631390321428626
2017-12-27 10:00:00,B002,250.0,274.8111529847375,24.811152984737475
2017-12-27 10:00:00,B001,29.5,42.341996597924286,12.841996597924286
2017-12-27 11:00:00,B001,29.75,42.2692851015873,12.5192851015873
2017-12-27 11:00:00,B003,73.375,88.53599654515028,15.160996545150283
2017-12-27 11:00:00,B002,244.5,267.3528578402931,22.852857840293098
2017-12-27 12:00:00,B002,228.0,256.30849060219776,28.308490602197764
2017-12-27 12:00:00,B001,30.25,44.526957744444424,14.276957744444424
2017-12-27 12:00:00,B003,80.6875,75.48797210450412,5.199527895495876
2017-12-27 13:00:00,B001,32.25,37.611199345002845,5.361199345002845
2017-12-27 13:00:00,B003,85.25,90.40213504100528,5.15213504100528
2017-12-27 13:00:00,B002,239.0,228.9097437752107,10.0902562247893
2017-12-27 14:00:00,B002,222.0,235.9164188766235,13.91641887662351
2017-12-27 14:00:00,B001,30.75,42.370973998901086,11.620973998901086
2017-12-27 14:00:00,B003,82.6875,89.21766582275133,6.530165822751329
2017-12-27 15:00:00,B001,31.25,36.90733875202039,5.657338752020387
2017-12-27 15:00:00,B003,84.125,91.00804706932774,6.883047069327745
2017-12-27 15:00:00,B002,225.0,237.96477930327592,12.964779303275918
2017-12-27 16:00:00,B002,227.0,228.44715995310247,1.4471599531024708
2017-12-27 16:00:00,B001,31.75,37.2942737131868,5.544273713186797
2017-12-27 16:00:00,B003,84.0,90.93755743730158,6.937557437301578
2017-12-27 17:00:00,B001,32.0,32.6666464694806,0.6666464694805967
2017-12-27 17:00:00,B003,81.0625,90.26517875952383,9.202678759523835
2017-12-27 17:00:00,B002,230.0,226.66561727376558,3.3343827262344234
2017-12-27 18:00:00,B001,33.0,32.85317256735388,0.14682743264611986
2017-12-27 18:00:00,B003,75.5625,69.99712420710566,5.5653757928943435
2017-12-27 18:00:00,B002,224.0,226.4911210415204,2.491121041520387
2017-12-27 19:00:00,B001,32.5,32.882950784151106,0.38295078415110595
2017-12-27 19:00:00,B003,72.9375,70.79652905235073,2.140970947649265
2017-12-27 19:00:00,B002,228.0,215.24536463030293,12.75463536969707
2017-12-27 20:00:00,B003,63.5,68.77763012842586,5.277630128425855
2017-12-27 20:00:00,B001,29.5,31.97133306030089,2.471333060300889
2017-12-27 20:00:00,B002,221.5,217.24386312582382,4.256136874176178
2017-12-27 21:00:00,B001,31.25,31.122591960036257,0.1274080399637434
2017-12-27 21:00:00,B003,58.625,56.63127704406509,1.9937229559349134
2017-12-27 21:00:00,B002,218.0,212.67896233449224,5.32103766550776
2017-12-27 22:00:00,B001,32.25,31.213684229997988,1.0363157700020125
2017-12-27 22:00:00,B003,53.3125,51.97075428290598,1.341745717094021
2017-12-27 22:00:00,B002,221.5,213.17501846883158,8.324981531168419
2017-12-27 23:00:00,B002,222.5,213.78250683712403,8.717493162875968
2017-12-27 23:00:00,B003,52.1875,50.1109689312754,2.0765310687245986
2017-12-27 23:00:00,B001,31.25,31.08911902668203,0.16088097331796902
2017-12-28 00:00:00,B001,32.75,31.887290435459768,0.8627095645402321
2017-12-28 00:00:00,B002,226.0,220.6815333014946,5.318466698505404
2017-12-28 00:00:00,B003,51.8125,50.88492756174668,0.9275724382533213
2017-12-28 01:00:00,B001,31.0,31.893797841432004,0.8937978414320042
2017-12-28 01:00:00,B003,50.3125,49.42622321415865,0.8862767858413534
2017-12-28 01:00:00,B002,224.5,225.1669663174983,0.6669663174982929
2017-12-28 02:00:00,B001,31.75,30.74732683628409,1.0026731637159116
2017-12-28 02:00:00,B003,50.0,48.9960778252782,1.0039221747218008
2017-12-28 02:00:00,B002,218.0,221.6904462333531,3.6904462333531
2017-12-28 03:00:00,B001,31.25,29.28410425726414,1.96589574273586
2017-12-28 03:00:00,B002,223.0,215.59569644991353,7.404303550086468
2017-12-28 03:00:00,B003,51.0,48.088428531800595,2.911571468199405
2017-12-28 04:00:00,B002,218.5,221.6541724935633,3.154172493563294
2017-12-28 04:00:00,B001,31.0,29.802189442520696,1.197810557479304
2017-12-28 04:00:00,B003,50.5625,49.208216525605536,1.3542834743944638
2017-12-28 05:00:00,B002,221.0,216.0053123398003,4.994687660199702
2017-12-28 05:00:00,B001,31.0,29.683904579913953,1.3160954200860466
2017-12-28 05:00:00,B003,50.375,48.99826101547096,1.376738984529041
2017-12-28 06:00:00,B002,219.5,218.73099871356254,0.769001286437458
2017-12-28 06:00:00,B001,31.25,29.47910854692611,1.7708914530738902
2017-12-28 06:00:00,B003,50.25,50.87297898813058,0.6229789881305834
2017-12-28 07:00:00,B001,30.25,30.22360017318937,0.02639982681062847
2017-12-28 07:00:00,B003,52.625,51.94731747509437,0.6776825249056273
2017-12-28 07:00:00,B002,222.0,224.91558549305677,2.915585493056767
2017-12-28 08:00:00,B001,29.75,29.504790884737478,0.2452091152625222
2017-12-28 08:00:00,B003,73.5625,61.90207950947571,11.660420490524288
2017-12-28 08:00:00,B002,224.5,227.16454724874473,2.664547248744725
2017-12-28 09:00:00,B003,87.3125,86.52941025542464,0.7830897445753635
2017-12-28 09:00:00,B001,29.0,36.201562764396904,7.201562764396904
2017-12-28 09:00:00,B002,248.0,255.92521674867723,7.925216748677229
2017-12-28 10:00:00,B003,87.5625,98.75057571128306,11.188075711283062
2017-12-28 10:00:00,B001,30.0,42.48881836190475,12.488818361904748
2017-12-28 10:00:00,B002,241.0,267.19238489758817,26.19238489758817
2017-12-28 11:00:00,B003,86.25,103.02874770106578,16.778747701065782
2017-12-28 11:00:00,B001,30.5,42.06441750525029,11.56441750525029
2017-12-28 11:00:00,B002,255.5,259.7241885747407,4.224188574740708
2017-12-28 12:00:00,B003,92.0625,93.30541687291966,1.2429168729196647
2017-12-28 12:00:00,B002,241.0,267.48636571580346,26.48636571580346
2017-12-28 12:00:00,B001,32.0,41.99290498144077,9.992904981440773
2017-12-28 13:00:00,B002,244.5,240.75772223425244,3.742277765747559
2017-12-28 13:00:00,B003,98.9375,96.17845180352737,2.7590481964726337
2017-12-28 13:00:00,B001,31.25,42.075225158323875,10.825225158323875
2017-12-28 14:00:00,B002,233.0,247.87986158682315,14.879861586823154
2017-12-28 14:00:00,B001,30.5,41.95493275921855,11.45493275921855
2017-12-28 14:00:00,B003,97.625,103.77135986284523,6.14635986284523
2017-12-28 15:00:00,B003,94.0,99.23065873215673,5.230658732156726
2017-12-28 15:00:00,B002,234.5,236.65736224640096,2.1573622464009645
2017-12-28 15:00:00,B001,31.0,42.000621749117535,11.000621749117535
2017-12-28 16:00:00,B003,94.0625,97.36713042010582,3.3046304201058234
2017-12-28 16:00:00,B002,226.5,235.4437830560749,8.943783056074892
2017-12-28 16:00:00,B001,31.25,36.91625366657784,5.666253666577838
2017-12-28 17:00:00,B001,31.5,31.770980331212165,0.270980331212165
2017-12-28 17:00:00,B003,96.0,92.06778096984124,3.9322190301587625
2017-12-28 17:00:00,B002,233.5,227.16293710959206,6.337062890407935
2017-12-28 18:00:00,B003,87.4375,84.44249050861227,2.9950094913877336
2017-12-28 18:00:00,B001,33.0,30.99018727357355,2.00981272642645
2017-12-28 18:00:00,B002,236.0,226.09866553968396,9.901334460316036
2017-12-28 19:00:00,B003,82.9375,76.59168342063491,6.345816579365092
2017-12-28 19:00:00,B002,237.5,224.8835113990913,12.616488600908696
2017-12-28 19:00:00,B001,32.75,31.37735639136305,1.372643608636949
2017-12-28 20:00:00,B003,68.0625,75.85005227147751,7.787552271477509
2017-12-28 20:00:00,B001,32.5,30.92046116717564,1.5795388328243583
2017-12-28 20:00:00,B002,228.5,231.38558748943575,2.88558748943575
2017-12-28 21:00:00,B003,66.75,61.88801229440059,4.861987705599411
2017-12-28 21:00:00,B002,234.5,219.64224241978917,14.85775758021083
2017-12-28 21:00:00,B001,33.25,31.567801247364642,1.6821987526353581
2017-12-28 22:00:00,B001,31.5,31.822031360565305,0.3220313605653047
2017-12-28 22:00:00,B003,66.5625,57.30268338623782,9.259816613762183
2017-12-28 22:00:00,B002,230.0,228.31665059320247,1.6833494067975323
2017-12-28 23:00:00,B002,230.5,223.66202725182617,6.837972748173826
2017-12-28 23:00:00,B001,31.25,31.01986580272104,0.23013419727896078
2017-12-28 23:00:00,B003,56.5,48.79541890158174,7.704581098418259
2017-12-29 00:00:00,B002,235.0,225.79504265863244,9.20495734136756
2017-12-29 00:00:00,B003,54.6875,53.077879342545735,1.6096206574542649
2017-12-29 00:00:00,B001,30.75,31.698958647599397,0.9489586475993974
2017-12-29 01:00:00,B002,235.0,230.86305735572594,4.136942644274058
2017-12-29 01:00:00,B003,53.125,53.03501290538502,0.08998709461498322
2017-12-29 01:00:00,B001,31.25,31.16701246976682,0.08298753023317929
2017-12-29 02:00:00,B002,228.5,231.57891539786868,3.078915397868684
2017-12-29 02:00:00,B003,52.5625,52.084898404655135,0.4776015953448649
2017-12-29 02:00:00,B001,32.0,31.090121699603024,0.9098783003969757
2017-12-29 03:00:00,B001,30.75,33.04384808973656,2.2938480897365565
2017-12-29 03:00:00,B003,52.1875,51.15124120453647,1.0362587954635316
2017-12-29 03:00:00,B002,230.5,227.05284459071103,3.4471554092889676
2017-12-29 04:00:00,B002,227.5,228.2417592597845,0.7417592597844873
2017-12-29 04:00:00,B003,51.9375,50.41011718076706,1.5273828192329404
2017-12-29 04:00:00,B001,30.25,31.868789049220055,1.6187890492200552
2017-12-29 05:00:00,B002,228.0,226.37364053307326,1.6263594669267434
2017-12-29 05:00:00,B003,52.1875,50.06436478193934,2.1231352180606606
2017-12-29 05:00:00,B001,30.5,31.92350283310333,1.4235028331033313
2017-12-29 06:00:00,B003,51.6875,54.092313932534125,2.4048139325341253
2017-12-29 06:00:00,B002,229.5,227.48341535514774,2.0165846448522586
2017-12-29 06:00:00,B001,30.5,32.388409639913554,1.8884096399135544
2017-12-29 07:00:00,B003,50.375,53.901384723832784,3.526384723832784
2017-12-29 07:00:00,B002,225.5,228.3269613695691,2.8269613695690907
2017-12-29 07:00:00,B001,29.5,32.22821914326263,2.7282191432626277
2017-12-29 08:00:00,B003,63.875,67.67787917768159,3.8028791776815893
2017-12-29 08:00:00,B002,218.5,231.00391322707534,12.503913227075344
2017-12-29 08:00:00,B001,28.75,32.18645848672936,3.4364584867293573
2017-12-29 09:00:00,B001,27.75,41.943204543295025,14.193204543295025
2017-12-29 09:00:00,B003,70.5,79.75324043968253,9.253240439682529
2017-12-29 09:00:00,B002,220.0,251.5902105238095,31.590210523809503
2017-12-29 10:00:00,B003,69.125,87.69624849839472,18.571248498394723
2017-12-29 10:00:00,B001,28.5,44.174009797354486,15.674009797354486
2017-12-29 10:00:00,B002,220.5,244.41698489692678,23.916984896926778
2017-12-29 11:00:00,B001,29.0,43.18631514924704,14.186315149247037
2017-12-29 11:00:00,B002,224.5,241.08567603492065,16.585676034920652
2017-12-29 11:00:00,B003,84.4375,84.63879009959687,0.20129009959687494
2017-12-29 12:00:00,B002,226.0,229.89434850742006,3.8943485074200623
2017-12-29 12:00:00,B003,85.75,91.29361725036631,5.54361725036631
2017-12-29 12:00:00,B001,30.75,46.052767903174576,15.302767903174576
2017-12-29 13:00:00,B003,85.0625,87.67833257391123,2.6158325739112342
2017-12-29 13:00:00,B002,235.5,234.70640669236565,0.7935933076343531
2017-12-29 13:00:00,B001,29.75,43.591814389417976,13.841814389417976
2017-12-29 14:00:00,B001,31.25,43.18970878465607,11.93970878465607
2017-12-29 14:00:00,B002,233.0,239.95090351803103,6.950903518031026
2017-12-29 14:00:00,B003,84.125,87.62380418131869,3.4988041813186896
2017-12-29 15:00:00,B002,233.5,239.84535790115328,6.345357901153278
2017-12-29 15:00:00,B003,85.0,86.01303703015877,1.0130370301587703
2017-12-29 15:00:00,B001,30.5,44.5138376026048,14.013837602604802
2017-12-29 16:00:00,B001,32.75,36.94653807450677,4.196538074506769
2017-12-29 16:00:00,B002,242.0,234.32979759081772,7.670202409182281
2017-12-29 16:00:00,B003,84.8125,89.09868218518514,4.28618218518514
2017-12-29 17:00:00,B001,33.5,31.978093934167184,1.521906065832816
2017-12-29 17:00:00,B003,82.25,87.99154579153438,5.741545791534378
2017-12-29 17:00:00,B002,243.0,237.01048211678577,5.9895178832142335
2017-12-29 18:00:00,B001,33.5,32.18969102678811,1.3103089732118889
2017-12-29 18:00:00,B003,77.6875,69.2556223020466,8.431877697953396
2017-12-29 18:00:00,B002,241.0,235.37155060943488,5.628449390565123
2017-12-29 19:00:00,B003,73.9375,68.94377567607853,4.9937243239214695
2017-12-29 19:00:00,B001,31.5,32.49838188946617,0.9983818894661667
2017-12-29 19:00:00,B002,242.5,230.99095554202742,11.509044457972578
2017-12-29 20:00:00,B001,28.75,31.894135281690232,3.1441352816902324
2017-12-29 20:00:00,B002,233.5,232.25481041400485,1.2451895859951492
2017-12-29 20:00:00,B003,64.8125,69.34381833670072,4.531318336700721
2017-12-29 21:00:00,B002,233.0,224.55361124941138,8.446388750588625
2017-12-29 21:00:00,B003,62.1875,62.59867168592012,0.41117168592011666
2017-12-29 21:00:00,B001,31.75,31.154432084054314,0.5955679159456864
2017-12-29 22:00:00,B002,235.0,227.1661458268011,7.833854173198887
2017-12-29 22:00:00,B003,60.125,56.361742821918455,3.7632571780815454
2017-12-29 22:00:00,B001,30.75,32.48000645369204,1.7300064536920416
2017-12-29 23:00:00,B002,231.0,228.30725941866064,2.692740581339365
2017-12-29 23:00:00,B001,31.0,32.211856666237985,1.2118566662379848
2017-12-29 23:00:00,B003,57.375,50.36245873328124,7.012541266718763
2017-12-30 00:00:00,B003,49.125,51.378971247749305,2.2539712477493055
2017-12-30 00:00:00,B002,223.0,228.3725692730105,5.372569273010498
2017-12-30 00:00:00,B001,30.25,33.2422412538024,2.9922412538023977
2017-12-30 01:00:00,B003,60.25,48.61223691026163,11.637763089738371
2017-12-30 01:00:00,B002,239.0,222.74914658627634,16.25085341372366
2017-12-30 01:00:00,B001,30.5,32.85706783252091,2.3570678325209116
2017-12-30 02:00:00,B003,54.5,59.942802725508166,5.442802725508166
2017-12-30 02:00:00,B001,30.5,32.93312081778654,2.4331208177865378
2017-12-30 02:00:00,B002,227.0,233.3114821500827,6.311482150082696
2017-12-30 03:00:00,B003,53.6875,52.70682317410674,0.9806768258932621
2017-12-30 03:00:00,B001,30.0,32.658338221685675,2.658338221685675
2017-12-30 03:00:00,B002,211.5,223.51539576444208,12.015395764442076
2017-12-30 04:00:00,B001,29.5,32.17611161579911,2.6761116157991083
2017-12-30 04:00:00,B003,54.625,52.951908052010374,1.6730919479896258
2017-12-30 04:00:00,B002,200.0,210.45702571476556,10.457025714765564
2017-12-30 05:00:00,B002,205.5,203.35722890579737,2.1427710942026295
2017-12-30 05:00:00,B001,27.5,30.797766225703484,3.2977662257034837
2017-12-30 05:00:00,B003,55.4375,52.91134738222978,2.5261526177702223
2017-12-30 06:00:00,B002,213.0,203.90308397998618,9.096916020013822
2017-12-30 06:00:00,B003,53.875,55.11371776959131,1.238717769591311
2017-12-30 06:00:00,B001,27.75,28.772532055555562,1.022532055555562
2017-12-30 07:00:00,B003,53.8125,53.34459823267922,0.46790176732078237
2017-12-30 07:00:00,B001,27.75,29.62519035185184,1.8751903518518382
2017-12-30 07:00:00,B002,220.0,213.00111412157347,6.998885878426535
2017-12-30 08:00:00,B002,224.5,218.01522858290556,6.484771417094436
2017-12-30 08:00:00,B003,52.75,56.14490056199828,3.394900561998277
2017-12-30 08:00:00,B001,27.0,29.566837177248672,2.566837177248672
2017-12-30 09:00:00,B003,53.5,55.93658711989466,2.4365871198946607
2017-12-30 09:00:00,B002,232.0,232.2164774723727,0.2164774723727021
2017-12-30 09:00:00,B001,27.75,30.738247825396822,2.9882478253968223
2017-12-30 10:00:00,B001,27.75,30.675284740740743,2.925284740740743
2017-12-30 10:00:00,B002,232.0,234.86336331327223,2.863363313272231
2017-12-30 10:00:00,B003,55.0,55.832876957788855,0.8328769577888551
2017-12-30 11:00:00,B001,28.0,30.884983772486777,2.884983772486777
2017-12-30 11:00:00,B002,234.5,234.92678699921345,0.42678699921344787
2017-12-30 11:00:00,B003,58.5625,57.82094229077098,0.7415577092290206
2017-12-30 12:00:00,B001,27.75,31.440515476190473,3.6905154761904733
2017-12-30 12:00:00,B002,237.5,240.6582139758689,3.158213975868904
2017-12-30 12:00:00,B003,58.9375,61.54077731887746,2.60327731887746
2017-12-30 13:00:00,B002,238.0,240.67366325616754,2.6736632561675435
2017-12-30 13:00:00,B003,59.8125,61.59651974994585,1.7840197499458483
2017-12-30 13:00:00,B001,30.75,31.576192201058195,0.8261922010581948
2017-12-30 14:00:00,B002,233.5,239.7093317622087,6.209331762208706
2017-12-30 14:00:00,B001,30.25,31.624414670888388,1.3744146708883882
2017-12-30 14:00:00,B003,58.0625,61.89438844112633,3.831888441126331
2017-12-30 15:00:00,B002,236.5,238.31787143119703,1.8178714311970339
2017-12-30 15:00:00,B001,30.5,31.676126016087387,1.1761260160873874
2017-12-30 15:00:00,B003,58.75,60.51708192494945,1.7670819249494514
2017-12-30 16:00:00,B001,30.25,31.33686374570182,1.0868637457018195
2017-12-30 16:00:00,B002,235.0,234.86842744952355,0.13157255047644867
2017-12-30 16:00:00,B003,61.375,60.9243061287336,0.45069387126640237
2017-12-30 17:00:00,B002,238.5,228.99108737323206,9.508912626767938
2017-12-30 17:00:00,B001,31.0,31.392073388630696,0.3920733886306955
2017-12-30 17:00:00,B003,60.75,61.865177079866164,1.1151770798661644
2017-12-30 18:00:00,B001,31.75,31.675191553339385,0.07480844666061515
2017-12-30 18:00:00,B002,242.5,229.7916153102885,12.708384689711494
2017-12-30 18:00:00,B003,60.4375,55.476765479397436,4.960734520602564
2017-12-30 19:00:00,B001,30.25,32.154769819182775,1.9047698191827749
2017-12-30 19:00:00,B002,240.5,234.88260687283756,5.617393127162444
2017-12-30 19:00:00,B003,61.6875,54.989391711572374,6.698108288427626
2017-12-30 20:00:00,B002,236.0,232.12779869988628,3.8722013001137157
2017-12-30 20:00:00,B003,57.875,55.20588587861861,2.6691141213813907
2017-12-30 20:00:00,B001,25.0,30.99596973399928,5.9959697339992815
2017-12-30 21:00:00,B003,58.5625,56.37368102912893,2.1888189708710684
2017-12-30 21:00:00,B002,229.0,227.93079662304717,1.069203376952828
2017-12-30 21:00:00,B001,24.5,25.89575700740741,1.3957570074074113
2017-12-30 22:00:00,B003,51.4375,58.535901286598076,7.098401286598076
2017-12-30 22:00:00,B001,26.75,25.760986039682535,0.9890139603174646
2017-12-30 22:00:00,B002,217.5,223.17027004402664,5.670270044026637
2017-12-30 23:00:00,B002,214.5,213.9726763146423,0.5273236853576861
2017-12-30 23:00:00,B003,49.3125,48.65765793208502,0.6548420679149771
2017-12-30 23:00:00,B001,28.75,27.36484451111111,1.3851554888888913
2017-12-31 00:00:00,B003,50.6875,47.77397896832097,2.913521031679032
2017-12-31 00:00:00,B001,28.25,31.908008537254883,3.658008537254883
2017-12-31 00:00:00,B002,215.5,212.11770957980374,3.382290420196256
2017-12-31 01:00:00,B003,49.6875,48.400539458886605,1.2869605411133946
2017-12-31 01:00:00,B002,197.5,212.63151545009512,15.131515450095122
2017-12-31 01:00:00,B001,26.5,31.123865313756596,4.623865313756596
2017-12-31 02:00:00,B003,50.75,48.72559096833317,2.0244090316668277
2017-12-31 02:00:00,B001,28.5,27.186254838095234,1.313745161904766
2017-12-31 02:00:00,B002,200.5,192.76445630934248,7.735543690657522
2017-12-31 03:00:00,B001,28.25,30.61673965497835,2.3667396549783497
2017-12-31 03:00:00,B003,49.6875,48.5940633514183,1.0934366485817009
2017-12-31 03:00:00,B002,199.5,202.84572346886804,3.3457234688680444
2017-12-31 04:00:00,B002,202.0,202.80279426759398,0.8027942675939812
2017-12-31 04:00:00,B001,28.25,30.19832904391533,1.9483290439153294
2017-12-31 04:00:00,B003,50.3125,48.60929613915309,1.7032038608469122
2017-12-31 05:00:00,B002,200.5,203.4880303524549,2.9880303524548992
2017-12-31 05:00:00,B003,47.75,48.87718044564022,1.1271804456402208
2017-12-31 05:00:00,B001,27.5,29.242455176190468,1.742455176190468
2017-12-31 06:00:00,B002,202.5,203.06618792116123,0.5661879211612302
2017-12-31 06:00:00,B003,47.8125,48.89473547257998,1.0822354725799812
2017-12-31 06:00:00,B001,28.0,28.362405780952376,0.3624057809523755
2017-12-31 07:00:00,B003,48.1875,49.07782814547428,0.8903281454742782
2017-12-31 07:00:00,B002,200.5,204.0351194399568,3.5351194399567873
2017-12-31 07:00:00,B001,28.0,29.82007146507935,1.8200714650793515
2017-12-31 08:00:00,B002,207.0,204.85501342366908,2.144986576330922
2017-12-31 08:00:00,B001,26.25,29.493657290476186,3.243657290476186
2017-12-31 08:00:00,B003,48.4375,49.47467362642684,1.037173626426842
2017-12-31 09:00:00,B001,27.5,29.62096463015873,2.1209646301587313
2017-12-31 09:00:00,B003,48.0625,51.02091182685288,2.958411826852881
2017-12-31 09:00:00,B002,204.5,208.35764793337074,3.8576479333707425
2017-12-31 10:00:00,B001,27.0,30.749526971428562,3.749526971428562
2017-12-31 10:00:00,B003,50.875,50.34603074579184,0.5289692542081568
2017-12-31 10:00:00,B002,210.5,206.28120209136438,4.218797908635622
2017-12-31 11:00:00,B001,28.25,31.06930576507936,2.81930576507936
2017-12-31 11:00:00,B003,55.625,52.618775818284455,3.0062241817155453
2017-12-31 11:00:00,B002,216.5,212.06412494361524,4.435875056384759
2017-12-31 12:00:00,B002,223.0,217.62069729266426,5.379302707335739
2017-12-31 12:00:00,B001,29.25,30.87112166984127,1.6211216698412692
2017-12-31 12:00:00,B003,54.125,58.668524855629016,4.543524855629016
2017-12-31 13:00:00,B002,218.5,224.18569125531386,5.685691255313856
2017-12-31 13:00:00,B001,28.25,32.050958024260474,3.800958024260474
2017-12-31 13:00:00,B003,57.375,55.88036756004176,1.494632439958238
2017-12-31 14:00:00,B002,230.0,219.55885720910146,10.441142790898539
2017-12-31 14:00:00,B001,29.0,31.593518166137564,2.5935181661375637
2017-12-31 14:00:00,B003,60.4375,59.32091402678372,1.1165859732162815
2017-12-31 15:00:00,B002,223.0,229.2900972115346,6.290097211534601
2017-12-31 15:00:00,B001,29.75,31.19944773269824,1.4494477326982391
2017-12-31 15:00:00,B003,58.3125,61.00561397496139,2.693113974961392
2017-12-31 16:00:00,B003,60.4375,59.993139720848355,0.44436027915164544
2017-12-31 16:00:00,B002,220.5,225.28604350830102,4.78604350830102
2017-12-31 16:00:00,B001,29.75,31.163765960535656,1.413765960535656
2017-12-31 17:00:00,B001,29.75,31.511983076123396,1.7619830761233963
2017-12-31 17:00:00,B003,61.5625,60.717004904632205,0.8454950953677951
2017-12-31 17:00:00,B002,218.5,218.12881691305213,0.37118308694786606
2017-12-31 18:00:00,B003,60.5,55.81443085169775,4.68556914830225
2017-12-31 18:00:00,B001,31.0,31.05330404667175,0.05330404667175159
2017-12-31 18:00:00,B002,221.0,214.2835949740774,6.716405025922597
2017-12-31 19:00:00,B001,27.75,31.523508696300652,3.7735086963006523
2017-12-31 19:00:00,B002,217.0,215.78720145545847,1.2127985445415277
2017-12-31 19:00:00,B003,57.0,55.11931611640885,1.8806838835911535
2017-12-31 20:00:00,B002,224.0,212.21641960956885,11.783580390431155
2017-12-31 20:00:00,B003,54.875,54.200382998859546,0.6746170011404544
2017-12-31 20:00:00,B001,26.75,27.595669325396816,0.8456693253968162
2017-12-31 21:00:00,B002,216.5,217.24382520142927,0.7438252014292743
2017-12-31 21:00:00,B003,56.0625,51.53733197270004,4.525168027299962
2017-12-31 21:00:00,B001,28.75,26.079113976190463,2.670886023809537
2017-12-31 22:00:00,B003,53.125,52.498808117831175,0.6261918821688255
2017-12-31 22:00:00,B001,29.75,28.724737063492054,1.0252629365079464
2017-12-31 22:00:00,B002,217.0,210.71239046252904,6.287609537470956
2017-12-31 23:00:00,B002,220.0,211.90369183912412,8.096308160875878
2017-12-31 23:00:00,B001,29.5,31.442669541417104,1.9426695414171036
2017-12-31 23:00:00,B003,52.4375,51.11806937963241,1.3194306203675907
