timestamp,event_severity,action,original_predicted_load,estimated_reduction_kw,reduction_percent,new_predicted_load,battery_soc_percent,ev_load_kw,hvac_load_kw
2017-08-11 16:00:00,ELEVATED,HVAC_SETPOINT_ADJUSTMENT,550.87,19.28,3.5,531.59,80.0,33.86,128.52
2017-08-11 16:00:00,ELEVATED,EV_CHARGING_SHIFT,550.87,27.09,4.92,523.78,80.0,33.86,128.52
2017-08-11 16:00:00,ELEVATED,BATTERY_DISCHARGE,550.87,25.0,4.54,525.87,80.0,33.86,128.52
2017-08-11 16:00:00,ELEVATED,COMBINED_ACTION,550.87,71.37,12.96,479.5,80.0,33.86,128.52
2017-08-14 15:00:00,ELEVATED,HVAC_SETPOINT_ADJUSTMENT,551.23,20.91,3.79,530.32,80.0,50.64,139.39
2017-08-14 15:00:00,ELEVATED,EV_CHARGING_SHIFT,551.23,40.51,7.35,510.72,80.0,50.64,139.39
2017-08-14 15:00:00,ELEVATED,BATTERY_DISCHARGE,551.23,25.0,4.54,526.23,80.0,50.64,139.39
2017-08-14 15:00:00,ELEVATED,COMBINED_ACTION,551.23,86.42,15.68,464.81,80.0,50.64,139.39
2017-08-14 16:00:00,ELEVATED,HVAC_SETPOINT_ADJUSTMENT,563.08,19.55,3.47,543.52,80.0,37.61,130.36
2017-08-14 16:00:00,ELEVATED,EV_CHARGING_SHIFT,563.08,30.09,5.34,532.99,80.0,37.61,130.36
2017-08-14 16:00:00,ELEVATED,BATTERY_DISCHARGE,563.08,25.0,4.44,538.08,80.0,37.61,130.36
2017-08-14 16:00:00,ELEVATED,COMBINED_ACTION,563.08,74.64,13.26,488.44,80.0,37.61,130.36
2017-08-15 15:00:00,ELEVATED,HVAC_SETPOINT_ADJUSTMENT,551.12,19.19,3.48,531.93,80.0,51.36,127.91
2017-08-15 15:00:00,ELEVATED,EV_CHARGING_SHIFT,551.12,41.09,7.46,510.03,80.0,51.36,127.91
2017-08-15 15:00:00,ELEVATED,BATTERY_DISCHARGE,551.12,25.0,4.54,526.12,80.0,51.36,127.91
2017-08-15 15:00:00,ELEVATED,COMBINED_ACTION,551.12,85.27,15.47,465.84,80.0,51.36,127.91
2017-08-15 16:00:00,ELEVATED,HVAC_SETPOINT_ADJUSTMENT,564.9,17.44,3.09,547.46,80.0,0.0,116.25
2017-08-15 16:00:00,ELEVATED,EV_CHARGING_SHIFT,564.9,0.0,0.0,564.9,80.0,0.0,116.25
2017-08-15 16:00:00,ELEVATED,BATTERY_DISCHARGE,564.9,25.0,4.43,539.9,80.0,0.0,116.25
2017-08-15 16:00:00,ELEVATED,COMBINED_ACTION,564.9,42.44,7.51,522.46,80.0,0.0,116.25
2017-08-16 13:00:00,ELEVATED,HVAC_SETPOINT_ADJUSTMENT,557.54,17.9,3.21,539.63,80.0,50.76,119.34
2017-08-16 13:00:00,ELEVATED,EV_CHARGING_SHIFT,557.54,40.61,7.28,516.93,80.0,50.76,119.34
2017-08-16 13:00:00,ELEVATED,BATTERY_DISCHARGE,557.54,25.0,4.48,532.54,80.0,50.76,119.34
2017-08-16 13:00:00,ELEVATED,COMBINED_ACTION,557.54,83.51,14.98,474.03,80.0,50.76,119.34
2017-08-16 15:00:00,ELEVATED,HVAC_SETPOINT_ADJUSTMENT,566.84,19.2,3.39,547.64,80.0,0.0,128.0
2017-08-16 15:00:00,ELEVATED,EV_CHARGING_SHIFT,566.84,0.0,0.0,566.84,80.0,0.0,128.0
2017-08-16 15:00:00,ELEVATED,BATTERY_DISCHARGE,566.84,25.0,4.41,541.84,80.0,0.0,128.0
2017-08-16 15:00:00,ELEVATED,COMBINED_ACTION,566.84,44.2,7.8,522.64,80.0,0.0,128.0
2017-08-16 16:00:00,HIGH,HVAC_SETPOINT_ADJUSTMENT,589.22,22.6,3.83,566.62,80.0,0.0,150.64
2017-08-16 16:00:00,HIGH,EV_CHARGING_SHIFT,589.22,0.0,0.0,589.22,80.0,0.0,150.64
2017-08-16 16:00:00,HIGH,BATTERY_DISCHARGE,589.22,25.0,4.24,564.22,80.0,0.0,150.64
2017-08-16 16:00:00,HIGH,COMBINED_ACTION,589.22,47.6,8.08,541.62,80.0,0.0,150.64
2017-08-17 13:00:00,ELEVATED,HVAC_SETPOINT_ADJUSTMENT,558.7,18.85,3.37,539.85,80.0,0.0,125.68
2017-08-17 13:00:00,ELEVATED,EV_CHARGING_SHIFT,558.7,0.0,0.0,558.7,80.0,0.0,125.68
2017-08-17 13:00:00,ELEVATED,BATTERY_DISCHARGE,558.7,25.0,4.47,533.7,80.0,0.0,125.68
2017-08-17 13:00:00,ELEVATED,COMBINED_ACTION,558.7,43.85,7.85,514.85,80.0,0.0,125.68
2017-08-17 14:00:00,ELEVATED,HVAC_SETPOINT_ADJUSTMENT,561.84,22.94,4.08,538.9,80.0,0.0,152.91
2017-08-17 14:00:00,ELEVATED,EV_CHARGING_SHIFT,561.84,0.0,0.0,561.84,80.0,0.0,152.91
2017-08-17 14:00:00,ELEVATED,BATTERY_DISCHARGE,561.84,25.0,4.45,536.84,80.0,0.0,152.91
2017-08-17 14:00:00,ELEVATED,COMBINED_ACTION,561.84,47.94,8.53,513.9,80.0,0.0,152.91
2017-08-17 15:00:00,ELEVATED,HVAC_SETPOINT_ADJUSTMENT,572.85,23.07,4.03,549.78,80.0,0.0,153.83
2017-08-17 15:00:00,ELEVATED,EV_CHARGING_SHIFT,572.85,0.0,0.0,572.85,80.0,0.0,153.83
2017-08-17 15:00:00,ELEVATED,BATTERY_DISCHARGE,572.85,25.0,4.36,547.85,80.0,0.0,153.83
2017-08-17 15:00:00,ELEVATED,COMBINED_ACTION,572.85,48.07,8.39,524.78,80.0,0.0,153.83
2017-08-17 16:00:00,ELEVATED,HVAC_SETPOINT_ADJUSTMENT,559.21,17.58,3.14,541.63,80.0,49.78,117.19
2017-08-17 16:00:00,ELEVATED,EV_CHARGING_SHIFT,559.21,39.82,7.12,519.39,80.0,49.78,117.19
2017-08-17 16:00:00,ELEVATED,BATTERY_DISCHARGE,559.21,25.0,4.47,534.21,80.0,49.78,117.19
2017-08-17 16:00:00,ELEVATED,COMBINED_ACTION,559.21,82.4,14.74,476.81,80.0,49.78,117.19
2017-08-17 17:00:00,ELEVATED,HVAC_SETPOINT_ADJUSTMENT,552.84,14.06,2.54,538.78,77.5,0.0,93.75
2017-08-17 17:00:00,ELEVATED,EV_CHARGING_SHIFT,552.84,0.0,0.0,552.84,77.5,0.0,93.75
2017-08-17 17:00:00,ELEVATED,BATTERY_DISCHARGE,552.84,25.0,4.52,527.84,77.5,0.0,93.75
2017-08-17 17:00:00,ELEVATED,COMBINED_ACTION,552.84,39.06,7.07,513.78,77.5,0.0,93.75
2017-08-18 13:00:00,ELEVATED,HVAC_SETPOINT_ADJUSTMENT,551.48,22.85,4.14,528.62,80.0,0.0,152.36
2017-08-18 13:00:00,ELEVATED,EV_CHARGING_SHIFT,551.48,0.0,0.0,551.48,80.0,0.0,152.36
2017-08-18 13:00:00,ELEVATED,BATTERY_DISCHARGE,551.48,25.0,4.53,526.48,80.0,0.0,152.36
2017-08-18 13:00:00,ELEVATED,COMBINED_ACTION,551.48,47.85,8.68,503.62,80.0,0.0,152.36
2017-08-22 16:00:00,ELEVATED,HVAC_SETPOINT_ADJUSTMENT,553.23,21.63,3.91,531.6,80.0,26.27,144.2
2017-08-22 16:00:00,ELEVATED,EV_CHARGING_SHIFT,553.23,21.02,3.8,532.21,80.0,26.27,144.2
2017-08-22 16:00:00,ELEVATED,BATTERY_DISCHARGE,553.23,25.0,4.52,528.23,80.0,26.27,144.2
2017-08-22 16:00:00,ELEVATED,COMBINED_ACTION,553.23,67.65,12.23,485.58,80.0,26.27,144.2
2017-08-24 15:00:00,ELEVATED,HVAC_SETPOINT_ADJUSTMENT,561.48,15.39,2.74,546.1,80.0,0.0,102.58
2017-08-24 15:00:00,ELEVATED,EV_CHARGING_SHIFT,561.48,0.0,0.0,561.48,80.0,0.0,102.58
2017-08-24 15:00:00,ELEVATED,BATTERY_DISCHARGE,561.48,25.0,4.45,536.48,80.0,0.0,102.58
2017-08-24 15:00:00,ELEVATED,COMBINED_ACTION,561.48,40.39,7.19,521.1,80.0,0.0,102.58
2017-08-24 16:00:00,ELEVATED,HVAC_SETPOINT_ADJUSTMENT,555.87,22.5,4.05,533.37,80.0,0.0,150.03
2017-08-24 16:00:00,ELEVATED,EV_CHARGING_SHIFT,555.87,0.0,0.0,555.87,80.0,0.0,150.03
2017-08-24 16:00:00,ELEVATED,BATTERY_DISCHARGE,555.87,25.0,4.5,530.87,80.0,0.0,150.03
2017-08-24 16:00:00,ELEVATED,COMBINED_ACTION,555.87,47.5,8.55,508.37,80.0,0.0,150.03
2017-08-29 11:00:00,ELEVATED,HVAC_SETPOINT_ADJUSTMENT,552.31,17.09,3.09,535.22,80.0,0.0,113.93
2017-08-29 11:00:00,ELEVATED,EV_CHARGING_SHIFT,552.31,0.0,0.0,552.31,80.0,0.0,113.93
2017-08-29 11:00:00,ELEVATED,BATTERY_DISCHARGE,552.31,25.0,4.53,527.31,80.0,0.0,113.93
2017-08-29 11:00:00,ELEVATED,COMBINED_ACTION,552.31,42.09,7.62,510.22,80.0,0.0,113.93
2017-08-29 13:00:00,ELEVATED,HVAC_SETPOINT_ADJUSTMENT,576.12,24.38,4.23,551.74,80.0,20.0,162.56
2017-08-29 13:00:00,ELEVATED,EV_CHARGING_SHIFT,576.12,16.0,2.78,560.12,80.0,20.0,162.56
2017-08-29 13:00:00,ELEVATED,BATTERY_DISCHARGE,576.12,25.0,4.34,551.12,80.0,20.0,162.56
2017-08-29 13:00:00,ELEVATED,COMBINED_ACTION,576.12,65.38,11.35,510.74,80.0,20.0,162.56
2017-08-29 15:00:00,ELEVATED,HVAC_SETPOINT_ADJUSTMENT,562.75,22.23,3.95,540.52,80.0,0.0,148.18
2017-08-29 15:00:00,ELEVATED,EV_CHARGING_SHIFT,562.75,0.0,0.0,562.75,80.0,0.0,148.18
2017-08-29 15:00:00,ELEVATED,BATTERY_DISCHARGE,562.75,25.0,4.44,537.75,80.0,0.0,148.18
2017-08-29 15:00:00,ELEVATED,COMBINED_ACTION,562.75,47.23,8.39,515.52,80.0,0.0,148.18
2017-08-31 16:00:00,ELEVATED,HVAC_SETPOINT_ADJUSTMENT,560.49,26.28,4.69,534.21,80.0,47.0,175.18
2017-08-31 16:00:00,ELEVATED,EV_CHARGING_SHIFT,560.49,37.6,6.71,522.89,80.0,47.0,175.18
2017-08-31 16:00:00,ELEVATED,BATTERY_DISCHARGE,560.49,25.0,4.46,535.49,80.0,47.0,175.18
2017-08-31 16:00:00,ELEVATED,COMBINED_ACTION,560.49,88.88,15.86,471.61,80.0,47.0,175.18
2017-09-01 15:00:00,ELEVATED,HVAC_SETPOINT_ADJUSTMENT,564.38,19.32,3.42,545.06,80.0,0.0,128.82
2017-09-01 15:00:00,ELEVATED,EV_CHARGING_SHIFT,564.38,0.0,0.0,564.38,80.0,0.0,128.82
2017-09-01 15:00:00,ELEVATED,BATTERY_DISCHARGE,564.38,25.0,4.43,539.38,80.0,0.0,128.82
2017-09-01 15:00:00,ELEVATED,COMBINED_ACTION,564.38,44.32,7.85,520.06,80.0,0.0,128.82
2017-09-01 16:00:00,ELEVATED,HVAC_SETPOINT_ADJUSTMENT,569.92,20.52,3.6,549.4,80.0,50.41,136.79
2017-09-01 16:00:00,ELEVATED,EV_CHARGING_SHIFT,569.92,40.33,7.08,529.59,80.0,50.41,136.79
2017-09-01 16:00:00,ELEVATED,BATTERY_DISCHARGE,569.92,25.0,4.39,544.92,80.0,50.41,136.79
2017-09-01 16:00:00,ELEVATED,COMBINED_ACTION,569.92,85.85,15.06,484.07,80.0,50.41,136.79
2017-09-05 16:00:00,ELEVATED,HVAC_SETPOINT_ADJUSTMENT,562.14,22.11,3.93,540.03,80.0,24.89,147.38
2017-09-05 16:00:00,ELEVATED,EV_CHARGING_SHIFT,562.14,19.91,3.54,542.22,80.0,24.89,147.38
2017-09-05 16:00:00,ELEVATED,BATTERY_DISCHARGE,562.14,25.0,4.45,537.14,80.0,24.89,147.38
2017-09-05 16:00:00,ELEVATED,COMBINED_ACTION,562.14,67.02,11.92,495.12,80.0,24.89,147.38
2017-09-06 14:00:00,ELEVATED,HVAC_SETPOINT_ADJUSTMENT,553.91,20.84,3.76,533.07,80.0,33.29,138.91
2017-09-06 14:00:00,ELEVATED,EV_CHARGING_SHIFT,553.91,26.63,4.81,527.28,80.0,33.29,138.91
2017-09-06 14:00:00,ELEVATED,BATTERY_DISCHARGE,553.91,25.0,4.51,528.91,80.0,33.29,138.91
2017-09-06 14:00:00,ELEVATED,COMBINED_ACTION,553.91,72.47,13.08,481.44,80.0,33.29,138.91
2017-09-06 16:00:00,ELEVATED,HVAC_SETPOINT_ADJUSTMENT,562.0,20.7,3.68,541.31,80.0,37.41,137.97
2017-09-06 16:00:00,ELEVATED,EV_CHARGING_SHIFT,562.0,29.93,5.33,532.08,80.0,37.41,137.97
2017-09-06 16:00:00,ELEVATED,BATTERY_DISCHARGE,562.0,25.0,4.45,537.0,80.0,37.41,137.97
2017-09-06 16:00:00,ELEVATED,COMBINED_ACTION,562.0,75.62,13.46,486.38,80.0,37.41,137.97
2017-09-12 15:00:00,ELEVATED,HVAC_SETPOINT_ADJUSTMENT,577.82,22.6,3.91,555.22,80.0,32.11,150.64
2017-09-12 15:00:00,ELEVATED,EV_CHARGING_SHIFT,577.82,25.69,4.45,552.13,80.0,32.11,150.64
2017-09-12 15:00:00,ELEVATED,BATTERY_DISCHARGE,577.82,25.0,4.33,552.82,80.0,32.11,150.64
2017-09-12 15:00:00,ELEVATED,COMBINED_ACTION,577.82,73.28,12.68,504.54,80.0,32.11,150.64
2017-09-12 16:00:00,ELEVATED,HVAC_SETPOINT_ADJUSTMENT,575.97,26.16,4.54,549.81,80.0,14.6,174.39
2017-09-12 16:00:00,ELEVATED,EV_CHARGING_SHIFT,575.97,11.68,2.03,564.29,80.0,14.6,174.39
2017-09-12 16:00:00,ELEVATED,BATTERY_DISCHARGE,575.97,25.0,4.34,550.97,80.0,14.6,174.39
2017-09-12 16:00:00,ELEVATED,COMBINED_ACTION,575.97,62.84,10.91,513.13,80.0,14.6,174.39
2017-09-13 13:00:00,ELEVATED,HVAC_SETPOINT_ADJUSTMENT,564.43,25.77,4.57,538.66,80.0,0.0,171.83
2017-09-13 13:00:00,ELEVATED,EV_CHARGING_SHIFT,564.43,0.0,0.0,564.43,80.0,0.0,171.83
2017-09-13 13:00:00,ELEVATED,BATTERY_DISCHARGE,564.43,25.0,4.43,539.43,80.0,0.0,171.83
2017-09-13 13:00:00,ELEVATED,COMBINED_ACTION,564.43,50.77,9.0,513.66,80.0,0.0,171.83
2017-09-13 15:00:00,ELEVATED,HVAC_SETPOINT_ADJUSTMENT,553.14,24.17,4.37,528.98,80.0,16.15,161.12
2017-09-13 15:00:00,ELEVATED,EV_CHARGING_SHIFT,553.14,12.92,2.34,540.22,80.0,16.15,161.12
2017-09-13 15:00:00,ELEVATED,BATTERY_DISCHARGE,553.14,25.0,4.52,528.14,80.0,16.15,161.12
2017-09-13 15:00:00,ELEVATED,COMBINED_ACTION,553.14,62.09,11.22,491.06,80.0,16.15,161.12
2017-09-14 14:00:00,ELEVATED,HVAC_SETPOINT_ADJUSTMENT,556.5,25.1,4.51,531.4,80.0,0.0,167.32
2017-09-14 14:00:00,ELEVATED,EV_CHARGING_SHIFT,556.5,0.0,0.0,556.5,80.0,0.0,167.32
2017-09-14 14:00:00,ELEVATED,BATTERY_DISCHARGE,556.5,25.0,4.49,531.5,80.0,0.0,167.32
2017-09-14 14:00:00,ELEVATED,COMBINED_ACTION,556.5,50.1,9.0,506.4,80.0,0.0,167.32
2017-09-14 15:00:00,ELEVATED,HVAC_SETPOINT_ADJUSTMENT,568.93,25.74,4.53,543.18,80.0,0.0,171.63
2017-09-14 15:00:00,ELEVATED,EV_CHARGING_SHIFT,568.93,0.0,0.0,568.93,80.0,0.0,171.63
2017-09-14 15:00:00,ELEVATED,BATTERY_DISCHARGE,568.93,25.0,4.39,543.93,80.0,0.0,171.63
2017-09-14 15:00:00,ELEVATED,COMBINED_ACTION,568.93,50.74,8.92,518.18,80.0,0.0,171.63
2017-09-14 16:00:00,ELEVATED,HVAC_SETPOINT_ADJUSTMENT,567.53,26.35,4.64,541.18,80.0,0.0,175.65
2017-09-14 16:00:00,ELEVATED,EV_CHARGING_SHIFT,567.53,0.0,0.0,567.53,80.0,0.0,175.65
2017-09-14 16:00:00,ELEVATED,BATTERY_DISCHARGE,567.53,25.0,4.41,542.53,80.0,0.0,175.65
2017-09-14 16:00:00,ELEVATED,COMBINED_ACTION,567.53,51.35,9.05,516.18,80.0,0.0,175.65
2017-09-15 14:00:00,ELEVATED,HVAC_SETPOINT_ADJUSTMENT,567.03,24.64,4.35,542.39,80.0,29.68,164.27
2017-09-15 14:00:00,ELEVATED,EV_CHARGING_SHIFT,567.03,23.74,4.19,543.29,80.0,29.68,164.27
2017-09-15 14:00:00,ELEVATED,BATTERY_DISCHARGE,567.03,25.0,4.41,542.03,80.0,29.68,164.27
2017-09-15 14:00:00,ELEVATED,COMBINED_ACTION,567.03,73.38,12.94,493.65,80.0,29.68,164.27
2017-09-15 15:00:00,ELEVATED,HVAC_SETPOINT_ADJUSTMENT,562.83,27.68,4.92,535.15,80.0,0.0,184.54
2017-09-15 15:00:00,ELEVATED,EV_CHARGING_SHIFT,562.83,0.0,0.0,562.83,80.0,0.0,184.54
2017-09-15 15:00:00,ELEVATED,BATTERY_DISCHARGE,562.83,25.0,4.44,537.83,80.0,0.0,184.54
2017-09-15 15:00:00,ELEVATED,COMBINED_ACTION,562.83,52.68,9.36,510.15,80.0,0.0,184.54
2017-09-15 16:00:00,ELEVATED,HVAC_SETPOINT_ADJUSTMENT,559.18,25.46,4.55,533.71,80.0,29.83,169.76
2017-09-15 16:00:00,ELEVATED,EV_CHARGING_SHIFT,559.18,23.86,4.27,535.31,80.0,29.83,169.76
2017-09-15 16:00:00,ELEVATED,BATTERY_DISCHARGE,559.18,25.0,4.47,534.18,80.0,29.83,169.76
2017-09-15 16:00:00,ELEVATED,COMBINED_ACTION,559.18,74.33,13.29,484.85,80.0,29.83,169.76
2017-09-18 17:00:00,ELEVATED,HVAC_SETPOINT_ADJUSTMENT,561.55,21.56,3.84,540.0,77.5,0.0,143.71
2017-09-18 17:00:00,ELEVATED,EV_CHARGING_SHIFT,561.55,0.0,0.0,561.55,77.5,0.0,143.71
2017-09-18 17:00:00,ELEVATED,BATTERY_DISCHARGE,561.55,25.0,4.45,536.55,77.5,0.0,143.71
2017-09-18 17:00:00,ELEVATED,COMBINED_ACTION,561.55,46.56,8.29,515.0,77.5,0.0,143.71
2017-09-19 15:00:00,ELEVATED,HVAC_SETPOINT_ADJUSTMENT,554.2,25.52,4.61,528.68,80.0,0.0,170.15
2017-09-19 15:00:00,ELEVATED,EV_CHARGING_SHIFT,554.2,0.0,0.0,554.2,80.0,0.0,170.15
2017-09-19 15:00:00,ELEVATED,BATTERY_DISCHARGE,554.2,25.0,4.51,529.2,80.0,0.0,170.15
2017-09-19 15:00:00,ELEVATED,COMBINED_ACTION,554.2,50.52,9.12,503.68,80.0,0.0,170.15
2017-09-22 13:00:00,ELEVATED,HVAC_SETPOINT_ADJUSTMENT,558.62,23.2,4.15,535.41,80.0,11.46,154.69
2017-09-22 13:00:00,ELEVATED,EV_CHARGING_SHIFT,558.62,9.17,1.64,549.45,80.0,11.46,154.69
2017-09-22 13:00:00,ELEVATED,BATTERY_DISCHARGE,558.62,25.0,4.48,533.62,80.0,11.46,154.69
2017-09-22 13:00:00,ELEVATED,COMBINED_ACTION,558.62,57.37,10.27,501.24,80.0,11.46,154.69
2017-09-26 16:00:00,ELEVATED,HVAC_SETPOINT_ADJUSTMENT,561.32,18.63,3.32,542.69,80.0,30.06,124.22
2017-09-26 16:00:00,ELEVATED,EV_CHARGING_SHIFT,561.32,24.05,4.28,537.28,80.0,30.06,124.22
2017-09-26 16:00:00,ELEVATED,BATTERY_DISCHARGE,561.32,25.0,4.45,536.32,80.0,30.06,124.22
2017-09-26 16:00:00,ELEVATED,COMBINED_ACTION,561.32,67.68,12.06,493.64,80.0,30.06,124.22
2017-09-27 15:00:00,ELEVATED,HVAC_SETPOINT_ADJUSTMENT,550.87,20.23,3.67,530.64,80.0,49.75,134.84
2017-09-27 15:00:00,ELEVATED,EV_CHARGING_SHIFT,550.87,39.8,7.22,511.07,80.0,49.75,134.84
2017-09-27 15:00:00,ELEVATED,BATTERY_DISCHARGE,550.87,25.0,4.54,525.87,80.0,49.75,134.84
2017-09-27 15:00:00,ELEVATED,COMBINED_ACTION,550.87,85.03,15.43,465.84,80.0,49.75,134.84
2017-09-27 16:00:00,ELEVATED,HVAC_SETPOINT_ADJUSTMENT,555.51,22.46,4.04,533.05,80.0,29.78,149.7
2017-09-27 16:00:00,ELEVATED,EV_CHARGING_SHIFT,555.51,23.82,4.29,531.68,80.0,29.78,149.7
2017-09-27 16:00:00,ELEVATED,BATTERY_DISCHARGE,555.51,25.0,4.5,530.51,80.0,29.78,149.7
2017-09-27 16:00:00,ELEVATED,COMBINED_ACTION,555.51,71.28,12.83,484.23,80.0,29.78,149.7
2017-09-28 13:00:00,ELEVATED,HVAC_SETPOINT_ADJUSTMENT,553.03,15.88,2.87,537.14,80.0,0.0,105.9
2017-09-28 13:00:00,ELEVATED,EV_CHARGING_SHIFT,553.03,0.0,0.0,553.03,80.0,0.0,105.9
2017-09-28 13:00:00,ELEVATED,BATTERY_DISCHARGE,553.03,25.0,4.52,528.03,80.0,0.0,105.9
2017-09-28 13:00:00,ELEVATED,COMBINED_ACTION,553.03,40.88,7.39,512.14,80.0,0.0,105.9
2017-09-28 14:00:00,ELEVATED,HVAC_SETPOINT_ADJUSTMENT,562.93,21.66,3.85,541.28,80.0,0.0,144.38
2017-09-28 14:00:00,ELEVATED,EV_CHARGING_SHIFT,562.93,0.0,0.0,562.93,80.0,0.0,144.38
2017-09-28 14:00:00,ELEVATED,BATTERY_DISCHARGE,562.93,25.0,4.44,537.93,80.0,0.0,144.38
2017-09-28 14:00:00,ELEVATED,COMBINED_ACTION,562.93,46.66,8.29,516.28,80.0,0.0,144.38
2017-10-02 12:00:00,ELEVATED,HVAC_SETPOINT_ADJUSTMENT,553.24,22.33,4.04,530.91,80.0,0.0,148.84
2017-10-02 12:00:00,ELEVATED,EV_CHARGING_SHIFT,553.24,0.0,0.0,553.24,80.0,0.0,148.84
2017-10-02 12:00:00,ELEVATED,BATTERY_DISCHARGE,553.24,25.0,4.52,528.24,80.0,0.0,148.84
2017-10-02 12:00:00,ELEVATED,COMBINED_ACTION,553.24,47.33,8.55,505.91,80.0,0.0,148.84
2017-10-02 13:00:00,HIGH,HVAC_SETPOINT_ADJUSTMENT,594.81,25.0,4.2,569.81,80.0,28.62,166.66
2017-10-02 13:00:00,HIGH,EV_CHARGING_SHIFT,594.81,22.9,3.85,571.91,80.0,28.62,166.66
2017-10-02 13:00:00,HIGH,BATTERY_DISCHARGE,594.81,25.0,4.2,569.81,80.0,28.62,166.66
2017-10-02 13:00:00,HIGH,COMBINED_ACTION,594.81,72.9,12.26,521.92,80.0,28.62,166.66
2017-10-02 14:00:00,HIGH,HVAC_SETPOINT_ADJUSTMENT,601.8,21.26,3.53,580.54,80.0,0.0,141.75
2017-10-02 14:00:00,HIGH,EV_CHARGING_SHIFT,601.8,0.0,0.0,601.8,80.0,0.0,141.75
2017-10-02 14:00:00,HIGH,BATTERY_DISCHARGE,601.8,25.0,4.15,576.8,80.0,0.0,141.75
2017-10-02 14:00:00,HIGH,COMBINED_ACTION,601.8,46.26,7.69,555.54,80.0,0.0,141.75
2017-10-02 15:00:00,HIGH,HVAC_SETPOINT_ADJUSTMENT,596.09,27.44,4.6,568.65,80.0,0.0,182.94
2017-10-02 15:00:00,HIGH,EV_CHARGING_SHIFT,596.09,0.0,0.0,596.09,80.0,0.0,182.94
2017-10-02 15:00:00,HIGH,BATTERY_DISCHARGE,596.09,25.0,4.19,571.09,80.0,0.0,182.94
2017-10-02 15:00:00,HIGH,COMBINED_ACTION,596.09,52.44,8.8,543.65,80.0,0.0,182.94
2017-10-02 16:00:00,HIGH,HVAC_SETPOINT_ADJUSTMENT,599.96,26.55,4.43,573.41,80.0,26.62,177.01
2017-10-02 16:00:00,HIGH,EV_CHARGING_SHIFT,599.96,21.3,3.55,578.67,80.0,26.62,177.01
2017-10-02 16:00:00,HIGH,BATTERY_DISCHARGE,599.96,25.0,4.17,574.96,80.0,26.62,177.01
2017-10-02 16:00:00,HIGH,COMBINED_ACTION,599.96,72.85,12.14,527.12,80.0,26.62,177.01
2017-10-02 17:00:00,HIGH,HVAC_SETPOINT_ADJUSTMENT,589.55,21.75,3.69,567.8,77.5,0.0,145.0
2017-10-02 17:00:00,HIGH,EV_CHARGING_SHIFT,589.55,0.0,0.0,589.55,77.5,0.0,145.0
2017-10-02 17:00:00,HIGH,BATTERY_DISCHARGE,589.55,25.0,4.24,564.55,77.5,0.0,145.0
2017-10-02 17:00:00,HIGH,COMBINED_ACTION,589.55,46.75,7.93,542.8,77.5,0.0,145.0
2017-10-03 11:00:00,ELEVATED,HVAC_SETPOINT_ADJUSTMENT,564.48,24.7,4.38,539.78,80.0,0.0,164.66
2017-10-03 11:00:00,ELEVATED,EV_CHARGING_SHIFT,564.48,0.0,0.0,564.48,80.0,0.0,164.66
2017-10-03 11:00:00,ELEVATED,BATTERY_DISCHARGE,564.48,25.0,4.43,539.48,80.0,0.0,164.66
2017-10-03 11:00:00,ELEVATED,COMBINED_ACTION,564.48,49.7,8.8,514.78,80.0,0.0,164.66
2017-10-03 12:00:00,HIGH,HVAC_SETPOINT_ADJUSTMENT,609.67,25.83,4.24,583.85,80.0,0.0,172.18
2017-10-03 12:00:00,HIGH,EV_CHARGING_SHIFT,609.67,0.0,0.0,609.67,80.0,0.0,172.18
2017-10-03 12:00:00,HIGH,BATTERY_DISCHARGE,609.67,25.0,4.1,584.67,80.0,0.0,172.18
2017-10-03 12:00:00,HIGH,COMBINED_ACTION,609.67,50.83,8.34,558.85,80.0,0.0,172.18
2017-10-03 13:00:00,HIGH,HVAC_SETPOINT_ADJUSTMENT,591.8,30.57,5.17,561.23,80.0,12.59,203.79
2017-10-03 13:00:00,HIGH,EV_CHARGING_SHIFT,591.8,10.07,1.7,581.73,80.0,12.59,203.79
2017-10-03 13:00:00,HIGH,BATTERY_DISCHARGE,591.8,25.0,4.22,566.8,80.0,12.59,203.79
2017-10-03 13:00:00,HIGH,COMBINED_ACTION,591.8,65.64,11.09,526.16,80.0,12.59,203.79
2017-10-03 14:00:00,HIGH,HVAC_SETPOINT_ADJUSTMENT,604.04,21.87,3.62,582.16,80.0,28.53,145.81
2017-10-03 14:00:00,HIGH,EV_CHARGING_SHIFT,604.04,22.82,3.78,581.21,80.0,28.53,145.81
2017-10-03 14:00:00,HIGH,BATTERY_DISCHARGE,604.04,25.0,4.14,579.04,80.0,28.53,145.81
2017-10-03 14:00:00,HIGH,COMBINED_ACTION,604.04,69.7,11.54,534.34,80.0,28.53,145.81
2017-10-03 15:00:00,HIGH,HVAC_SETPOINT_ADJUSTMENT,598.22,26.19,4.38,572.04,80.0,28.01,174.59
2017-10-03 15:00:00,HIGH,EV_CHARGING_SHIFT,598.22,22.41,3.75,575.82,80.0,28.01,174.59
2017-10-03 15:00:00,HIGH,BATTERY_DISCHARGE,598.22,25.0,4.18,573.22,80.0,28.01,174.59
2017-10-03 15:00:00,HIGH,COMBINED_ACTION,598.22,73.6,12.3,524.63,80.0,28.01,174.59
2017-10-03 16:00:00,HIGH,HVAC_SETPOINT_ADJUSTMENT,599.59,26.7,4.45,572.89,80.0,12.53,177.99
2017-10-03 16:00:00,HIGH,EV_CHARGING_SHIFT,599.59,10.02,1.67,589.56,80.0,12.53,177.99
2017-10-03 16:00:00,HIGH,BATTERY_DISCHARGE,599.59,25.0,4.17,574.59,80.0,12.53,177.99
2017-10-03 16:00:00,HIGH,COMBINED_ACTION,599.59,61.72,10.29,537.87,80.0,12.53,177.99
2017-10-03 17:00:00,ELEVATED,HVAC_SETPOINT_ADJUSTMENT,564.55,23.66,4.19,540.9,77.5,31.78,157.73
2017-10-03 17:00:00,ELEVATED,EV_CHARGING_SHIFT,564.55,25.42,4.5,539.13,77.5,31.78,157.73
2017-10-03 17:00:00,ELEVATED,BATTERY_DISCHARGE,564.55,25.0,4.43,539.55,77.5,31.78,157.73
2017-10-03 17:00:00,ELEVATED,COMBINED_ACTION,564.55,74.08,13.12,490.47,77.5,31.78,157.73
2017-10-04 12:00:00,ELEVATED,HVAC_SETPOINT_ADJUSTMENT,554.09,24.99,4.51,529.1,80.0,27.41,166.57
2017-10-04 12:00:00,ELEVATED,EV_CHARGING_SHIFT,554.09,21.93,3.96,532.16,80.0,27.41,166.57
2017-10-04 12:00:00,ELEVATED,BATTERY_DISCHARGE,554.09,25.0,4.51,529.09,80.0,27.41,166.57
2017-10-04 12:00:00,ELEVATED,COMBINED_ACTION,554.09,71.91,12.98,482.18,80.0,27.41,166.57
2017-10-04 13:00:00,CRITICAL,HVAC_SETPOINT_ADJUSTMENT,618.7,27.68,4.47,591.02,80.0,31.72,184.5
2017-10-04 13:00:00,CRITICAL,EV_CHARGING_SHIFT,618.7,25.38,4.1,593.32,80.0,31.72,184.5
2017-10-04 13:00:00,CRITICAL,BATTERY_DISCHARGE,618.7,25.0,4.04,593.7,80.0,31.72,184.5
2017-10-04 13:00:00,CRITICAL,COMBINED_ACTION,618.7,78.05,12.62,540.64,80.0,31.72,184.5
2017-10-04 14:00:00,HIGH,HVAC_SETPOINT_ADJUSTMENT,596.26,24.78,4.16,571.48,80.0,0.0,165.18
2017-10-04 14:00:00,HIGH,EV_CHARGING_SHIFT,596.26,0.0,0.0,596.26,80.0,0.0,165.18
2017-10-04 14:00:00,HIGH,BATTERY_DISCHARGE,596.26,25.0,4.19,571.26,80.0,0.0,165.18
2017-10-04 14:00:00,HIGH,COMBINED_ACTION,596.26,49.78,8.35,546.48,80.0,0.0,165.18
2017-10-04 15:00:00,ELEVATED,HVAC_SETPOINT_ADJUSTMENT,575.76,22.24,3.86,553.52,80.0,0.0,148.28
2017-10-04 15:00:00,ELEVATED,EV_CHARGING_SHIFT,575.76,0.0,0.0,575.76,80.0,0.0,148.28
2017-10-04 15:00:00,ELEVATED,BATTERY_DISCHARGE,575.76,25.0,4.34,550.76,80.0,0.0,148.28
2017-10-04 15:00:00,ELEVATED,COMBINED_ACTION,575.76,47.24,8.21,528.52,80.0,0.0,148.28
2017-10-04 16:00:00,ELEVATED,HVAC_SETPOINT_ADJUSTMENT,576.29,25.05,4.35,551.24,80.0,0.0,167.0
2017-10-04 16:00:00,ELEVATED,EV_CHARGING_SHIFT,576.29,0.0,0.0,576.29,80.0,0.0,167.0
2017-10-04 16:00:00,ELEVATED,BATTERY_DISCHARGE,576.29,25.0,4.34,551.29,80.0,0.0,167.0
2017-10-04 16:00:00,ELEVATED,COMBINED_ACTION,576.29,50.05,8.68,526.24,80.0,0.0,167.0
2017-10-04 17:00:00,ELEVATED,HVAC_SETPOINT_ADJUSTMENT,553.58,18.45,3.33,535.13,77.5,0.0,123.03
2017-10-04 17:00:00,ELEVATED,EV_CHARGING_SHIFT,553.58,0.0,0.0,553.58,77.5,0.0,123.03
2017-10-04 17:00:00,ELEVATED,BATTERY_DISCHARGE,553.58,25.0,4.52,528.58,77.5,0.0,123.03
2017-10-04 17:00:00,ELEVATED,COMBINED_ACTION,553.58,43.45,7.85,510.13,77.5,0.0,123.03
2017-10-05 12:00:00,ELEVATED,HVAC_SETPOINT_ADJUSTMENT,565.24,23.16,4.1,542.09,80.0,0.0,154.37
2017-10-05 12:00:00,ELEVATED,EV_CHARGING_SHIFT,565.24,0.0,0.0,565.24,80.0,0.0,154.37
2017-10-05 12:00:00,ELEVATED,BATTERY_DISCHARGE,565.24,25.0,4.42,540.24,80.0,0.0,154.37
2017-10-05 12:00:00,ELEVATED,COMBINED_ACTION,565.24,48.16,8.52,517.09,80.0,0.0,154.37
2017-10-05 13:00:00,HIGH,HVAC_SETPOINT_ADJUSTMENT,597.91,21.04,3.52,576.88,80.0,0.0,140.24
2017-10-05 13:00:00,HIGH,EV_CHARGING_SHIFT,597.91,0.0,0.0,597.91,80.0,0.0,140.24
2017-10-05 13:00:00,HIGH,BATTERY_DISCHARGE,597.91,25.0,4.18,572.91,80.0,0.0,140.24
2017-10-05 13:00:00,HIGH,COMBINED_ACTION,597.91,46.04,7.7,551.88,80.0,0.0,140.24
2017-10-05 14:00:00,HIGH,HVAC_SETPOINT_ADJUSTMENT,592.46,28.3,4.78,564.16,80.0,17.62,188.65
2017-10-05 14:00:00,HIGH,EV_CHARGING_SHIFT,592.46,14.1,2.38,578.36,80.0,17.62,188.65
2017-10-05 14:00:00,HIGH,BATTERY_DISCHARGE,592.46,25.0,4.22,567.46,80.0,17.62,188.65
2017-10-05 14:00:00,HIGH,COMBINED_ACTION,592.46,67.39,11.38,525.07,80.0,17.62,188.65
2017-10-05 15:00:00,HIGH,HVAC_SETPOINT_ADJUSTMENT,595.36,22.89,3.84,572.47,80.0,44.6,152.61
2017-10-05 15:00:00,HIGH,EV_CHARGING_SHIFT,595.36,35.68,5.99,559.68,80.0,44.6,152.61
2017-10-05 15:00:00,HIGH,BATTERY_DISCHARGE,595.36,25.0,4.2,570.36,80.0,44.6,152.61
2017-10-05 15:00:00,HIGH,COMBINED_ACTION,595.36,83.57,14.04,511.79,80.0,44.6,152.61
2017-10-05 16:00:00,HIGH,HVAC_SETPOINT_ADJUSTMENT,609.35,24.51,4.02,584.85,80.0,28.34,163.37
2017-10-05 16:00:00,HIGH,EV_CHARGING_SHIFT,609.35,22.67,3.72,586.68,80.0,28.34,163.37
2017-10-05 16:00:00,HIGH,BATTERY_DISCHARGE,609.35,25.0,4.1,584.35,80.0,28.34,163.37
2017-10-05 16:00:00,HIGH,COMBINED_ACTION,609.35,72.18,11.84,537.18,80.0,28.34,163.37
2017-10-05 17:00:00,ELEVATED,HVAC_SETPOINT_ADJUSTMENT,563.44,19.57,3.47,543.87,77.5,0.0,130.49
2017-10-05 17:00:00,ELEVATED,EV_CHARGING_SHIFT,563.44,0.0,0.0,563.44,77.5,0.0,130.49
2017-10-05 17:00:00,ELEVATED,BATTERY_DISCHARGE,563.44,25.0,4.44,538.44,77.5,0.0,130.49
2017-10-05 17:00:00,ELEVATED,COMBINED_ACTION,563.44,44.57,7.91,518.87,77.5,0.0,130.49
2017-10-06 13:00:00,ELEVATED,HVAC_SETPOINT_ADJUSTMENT,569.27,23.33,4.1,545.94,80.0,53.96,155.52
2017-10-06 13:00:00,ELEVATED,EV_CHARGING_SHIFT,569.27,43.17,7.58,526.1,80.0,53.96,155.52
2017-10-06 13:00:00,ELEVATED,BATTERY_DISCHARGE,569.27,25.0,4.39,544.27,80.0,53.96,155.52
2017-10-06 13:00:00,ELEVATED,COMBINED_ACTION,569.27,91.5,16.07,477.77,80.0,53.96,155.52
2017-10-06 14:00:00,ELEVATED,HVAC_SETPOINT_ADJUSTMENT,566.37,26.29,4.64,540.08,80.0,14.82,175.27
2017-10-06 14:00:00,ELEVATED,EV_CHARGING_SHIFT,566.37,11.86,2.09,554.52,80.0,14.82,175.27
2017-10-06 14:00:00,ELEVATED,BATTERY_DISCHARGE,566.37,25.0,4.41,541.37,80.0,14.82,175.27
2017-10-06 14:00:00,ELEVATED,COMBINED_ACTION,566.37,63.15,11.15,503.23,80.0,14.82,175.27
2017-10-06 15:00:00,ELEVATED,HVAC_SETPOINT_ADJUSTMENT,572.74,25.65,4.48,547.09,80.0,33.84,170.97
2017-10-06 15:00:00,ELEVATED,EV_CHARGING_SHIFT,572.74,27.07,4.73,545.66,80.0,33.84,170.97
2017-10-06 15:00:00,ELEVATED,BATTERY_DISCHARGE,572.74,25.0,4.37,547.74,80.0,33.84,170.97
2017-10-06 15:00:00,ELEVATED,COMBINED_ACTION,572.74,77.72,13.57,495.02,80.0,33.84,170.97
2017-10-06 16:00:00,ELEVATED,HVAC_SETPOINT_ADJUSTMENT,573.59,28.58,4.98,545.01,80.0,0.0,190.5
2017-10-06 16:00:00,ELEVATED,EV_CHARGING_SHIFT,573.59,0.0,0.0,573.59,80.0,0.0,190.5
2017-10-06 16:00:00,ELEVATED,BATTERY_DISCHARGE,573.59,25.0,4.36,548.59,80.0,0.0,190.5
2017-10-06 16:00:00,ELEVATED,COMBINED_ACTION,573.59,53.58,9.34,520.01,80.0,0.0,190.5
2017-10-10 12:00:00,ELEVATED,HVAC_SETPOINT_ADJUSTMENT,555.36,22.58,4.07,532.78,80.0,34.07,150.51
2017-10-10 12:00:00,ELEVATED,EV_CHARGING_SHIFT,555.36,27.26,4.91,528.1,80.0,34.07,150.51
2017-10-10 12:00:00,ELEVATED,BATTERY_DISCHARGE,555.36,25.0,4.5,530.36,80.0,34.07,150.51
2017-10-10 12:00:00,ELEVATED,COMBINED_ACTION,555.36,74.83,13.47,480.53,80.0,34.07,150.51
2017-10-10 13:00:00,ELEVATED,HVAC_SETPOINT_ADJUSTMENT,559.51,22.14,3.96,537.38,80.0,0.0,147.57
2017-10-10 13:00:00,ELEVATED,EV_CHARGING_SHIFT,559.51,0.0,0.0,559.51,80.0,0.0,147.57
2017-10-10 13:00:00,ELEVATED,BATTERY_DISCHARGE,559.51,25.0,4.47,534.51,80.0,0.0,147.57
2017-10-10 13:00:00,ELEVATED,COMBINED_ACTION,559.51,47.14,8.42,512.38,80.0,0.0,147.57
2017-10-10 14:00:00,ELEVATED,HVAC_SETPOINT_ADJUSTMENT,569.44,23.86,4.19,545.58,80.0,0.0,159.09
2017-10-10 14:00:00,ELEVATED,EV_CHARGING_SHIFT,569.44,0.0,0.0,569.44,80.0,0.0,159.09
2017-10-10 14:00:00,ELEVATED,BATTERY_DISCHARGE,569.44,25.0,4.39,544.44,80.0,0.0,159.09
2017-10-10 14:00:00,ELEVATED,COMBINED_ACTION,569.44,48.86,8.58,520.58,80.0,0.0,159.09
2017-10-10 15:00:00,ELEVATED,HVAC_SETPOINT_ADJUSTMENT,557.77,24.23,4.34,533.54,80.0,0.0,161.54
2017-10-10 15:00:00,ELEVATED,EV_CHARGING_SHIFT,557.77,0.0,0.0,557.77,80.0,0.0,161.54
2017-10-10 15:00:00,ELEVATED,BATTERY_DISCHARGE,557.77,25.0,4.48,532.77,80.0,0.0,161.54
2017-10-10 15:00:00,ELEVATED,COMBINED_ACTION,557.77,49.23,8.83,508.54,80.0,0.0,161.54
2017-10-10 16:00:00,ELEVATED,HVAC_SETPOINT_ADJUSTMENT,569.49,21.64,3.8,547.85,80.0,0.0,144.25
2017-10-10 16:00:00,ELEVATED,EV_CHARGING_SHIFT,569.49,0.0,0.0,569.49,80.0,0.0,144.25
2017-10-10 16:00:00,ELEVATED,BATTERY_DISCHARGE,569.49,25.0,4.39,544.49,80.0,0.0,144.25
2017-10-10 16:00:00,ELEVATED,COMBINED_ACTION,569.49,46.64,8.19,522.85,80.0,0.0,144.25
2017-10-11 12:00:00,ELEVATED,HVAC_SETPOINT_ADJUSTMENT,551.13,21.84,3.96,529.3,80.0,17.44,145.58
2017-10-11 12:00:00,ELEVATED,EV_CHARGING_SHIFT,551.13,13.95,2.53,537.18,80.0,17.44,145.58
2017-10-11 12:00:00,ELEVATED,BATTERY_DISCHARGE,551.13,25.0,4.54,526.13,80.0,17.44,145.58
2017-10-11 12:00:00,ELEVATED,COMBINED_ACTION,551.13,60.79,11.03,490.34,80.0,17.44,145.58
2017-10-11 13:00:00,ELEVATED,HVAC_SETPOINT_ADJUSTMENT,572.29,22.52,3.93,549.77,80.0,27.79,150.11
2017-10-11 13:00:00,ELEVATED,EV_CHARGING_SHIFT,572.29,22.23,3.88,550.05,80.0,27.79,150.11
2017-10-11 13:00:00,ELEVATED,BATTERY_DISCHARGE,572.29,25.0,4.37,547.29,80.0,27.79,150.11
2017-10-11 13:00:00,ELEVATED,COMBINED_ACTION,572.29,69.75,12.19,502.54,80.0,27.79,150.11
2017-10-11 14:00:00,ELEVATED,HVAC_SETPOINT_ADJUSTMENT,574.25,23.29,4.06,550.96,80.0,42.54,155.26
2017-10-11 14:00:00,ELEVATED,EV_CHARGING_SHIFT,574.25,34.03,5.93,540.22,80.0,42.54,155.26
2017-10-11 14:00:00,ELEVATED,BATTERY_DISCHARGE,574.25,25.0,4.35,549.25,80.0,42.54,155.26
2017-10-11 14:00:00,ELEVATED,COMBINED_ACTION,574.25,82.32,14.34,491.93,80.0,42.54,155.26
2017-10-11 15:00:00,ELEVATED,HVAC_SETPOINT_ADJUSTMENT,563.62,25.61,4.54,538.01,80.0,35.01,170.76
2017-10-11 15:00:00,ELEVATED,EV_CHARGING_SHIFT,563.62,28.01,4.97,535.61,80.0,35.01,170.76
2017-10-11 15:00:00,ELEVATED,BATTERY_DISCHARGE,563.62,25.0,4.44,538.62,80.0,35.01,170.76
2017-10-11 15:00:00,ELEVATED,COMBINED_ACTION,563.62,78.62,13.95,485.0,80.0,35.01,170.76
2017-10-11 16:00:00,ELEVATED,HVAC_SETPOINT_ADJUSTMENT,553.73,24.28,4.38,529.45,80.0,50.73,161.85
2017-10-11 16:00:00,ELEVATED,EV_CHARGING_SHIFT,553.73,40.58,7.33,513.14,80.0,50.73,161.85
2017-10-11 16:00:00,ELEVATED,BATTERY_DISCHARGE,553.73,25.0,4.51,528.73,80.0,50.73,161.85
2017-10-11 16:00:00,ELEVATED,COMBINED_ACTION,553.73,89.86,16.23,463.87,80.0,50.73,161.85
2017-10-12 11:00:00,ELEVATED,HVAC_SETPOINT_ADJUSTMENT,566.21,22.43,3.96,543.78,80.0,28.89,149.55
2017-10-12 11:00:00,ELEVATED,EV_CHARGING_SHIFT,566.21,23.11,4.08,543.1,80.0,28.89,149.55
2017-10-12 11:00:00,ELEVATED,BATTERY_DISCHARGE,566.21,25.0,4.42,541.21,80.0,28.89,149.55
2017-10-12 11:00:00,ELEVATED,COMBINED_ACTION,566.21,70.54,12.46,495.66,80.0,28.89,149.55
2017-10-12 12:00:00,ELEVATED,HVAC_SETPOINT_ADJUSTMENT,575.04,26.24,4.56,548.81,80.0,0.0,174.9
2017-10-12 12:00:00,ELEVATED,EV_CHARGING_SHIFT,575.04,0.0,0.0,575.04,80.0,0.0,174.9
2017-10-12 12:00:00,ELEVATED,BATTERY_DISCHARGE,575.04,25.0,4.35,550.04,80.0,0.0,174.9
2017-10-12 12:00:00,ELEVATED,COMBINED_ACTION,575.04,51.24,8.91,523.81,80.0,0.0,174.9
2017-10-12 13:00:00,ELEVATED,HVAC_SETPOINT_ADJUSTMENT,570.91,25.03,4.38,545.88,80.0,0.0,166.86
2017-10-12 13:00:00,ELEVATED,EV_CHARGING_SHIFT,570.91,0.0,0.0,570.91,80.0,0.0,166.86
2017-10-12 13:00:00,ELEVATED,BATTERY_DISCHARGE,570.91,25.0,4.38,545.91,80.0,0.0,166.86
2017-10-12 13:00:00,ELEVATED,COMBINED_ACTION,570.91,50.03,8.76,520.88,80.0,0.0,166.86
2017-10-12 14:00:00,HIGH,HVAC_SETPOINT_ADJUSTMENT,585.02,19.55,3.34,565.47,80.0,38.7,130.3
2017-10-12 14:00:00,HIGH,EV_CHARGING_SHIFT,585.02,30.96,5.29,554.06,80.0,38.7,130.3
2017-10-12 14:00:00,HIGH,BATTERY_DISCHARGE,585.02,25.0,4.27,560.02,80.0,38.7,130.3
2017-10-12 14:00:00,HIGH,COMBINED_ACTION,585.02,75.5,12.91,509.51,80.0,38.7,130.3
2017-10-12 15:00:00,HIGH,HVAC_SETPOINT_ADJUSTMENT,588.21,24.39,4.15,563.82,80.0,0.0,162.6
2017-10-12 15:00:00,HIGH,EV_CHARGING_SHIFT,588.21,0.0,0.0,588.21,80.0,0.0,162.6
2017-10-12 15:00:00,HIGH,BATTERY_DISCHARGE,588.21,25.0,4.25,563.21,80.0,0.0,162.6
2017-10-12 15:00:00,HIGH,COMBINED_ACTION,588.21,49.39,8.4,538.82,80.0,0.0,162.6
2017-10-12 16:00:00,CRITICAL,HVAC_SETPOINT_ADJUSTMENT,620.11,20.7,3.34,599.41,80.0,0.0,137.99
2017-10-12 16:00:00,CRITICAL,EV_CHARGING_SHIFT,620.11,0.0,0.0,620.11,80.0,0.0,137.99
2017-10-12 16:00:00,CRITICAL,BATTERY_DISCHARGE,620.11,25.0,4.03,595.11,80.0,0.0,137.99
2017-10-12 16:00:00,CRITICAL,COMBINED_ACTION,620.11,45.7,7.37,574.41,80.0,0.0,137.99
2017-10-12 17:00:00,HIGH,HVAC_SETPOINT_ADJUSTMENT,600.74,22.0,3.66,578.74,77.5,0.0,146.67
2017-10-12 17:00:00,HIGH,EV_CHARGING_SHIFT,600.74,0.0,0.0,600.74,77.5,0.0,146.67
2017-10-12 17:00:00,HIGH,BATTERY_DISCHARGE,600.74,25.0,4.16,575.74,77.5,0.0,146.67
2017-10-12 17:00:00,HIGH,COMBINED_ACTION,600.74,47.0,7.82,553.74,77.5,0.0,146.67
2017-10-13 11:00:00,ELEVATED,HVAC_SETPOINT_ADJUSTMENT,552.02,28.55,5.17,523.47,80.0,0.0,190.35
2017-10-13 11:00:00,ELEVATED,EV_CHARGING_SHIFT,552.02,0.0,0.0,552.02,80.0,0.0,190.35
2017-10-13 11:00:00,ELEVATED,BATTERY_DISCHARGE,552.02,25.0,4.53,527.02,80.0,0.0,190.35
2017-10-13 11:00:00,ELEVATED,COMBINED_ACTION,552.02,53.55,9.7,498.47,80.0,0.0,190.35
2017-10-13 12:00:00,HIGH,HVAC_SETPOINT_ADJUSTMENT,584.84,22.95,3.92,561.89,80.0,0.0,152.99
2017-10-13 12:00:00,HIGH,EV_CHARGING_SHIFT,584.84,0.0,0.0,584.84,80.0,0.0,152.99
2017-10-13 12:00:00,HIGH,BATTERY_DISCHARGE,584.84,25.0,4.27,559.84,80.0,0.0,152.99
2017-10-13 12:00:00,HIGH,COMBINED_ACTION,584.84,47.95,8.2,536.89,80.0,0.0,152.99
2017-10-13 13:00:00,HIGH,HVAC_SETPOINT_ADJUSTMENT,594.34,22.27,3.75,572.07,80.0,0.0,148.46
2017-10-13 13:00:00,HIGH,EV_CHARGING_SHIFT,594.34,0.0,0.0,594.34,80.0,0.0,148.46
2017-10-13 13:00:00,HIGH,BATTERY_DISCHARGE,594.34,25.0,4.21,569.34,80.0,0.0,148.46
2017-10-13 13:00:00,HIGH,COMBINED_ACTION,594.34,47.27,7.95,547.07,80.0,0.0,148.46
2017-10-13 14:00:00,HIGH,HVAC_SETPOINT_ADJUSTMENT,606.54,17.01,2.81,589.52,80.0,0.0,113.43
2017-10-13 14:00:00,HIGH,EV_CHARGING_SHIFT,606.54,0.0,0.0,606.54,80.0,0.0,113.43
2017-10-13 14:00:00,HIGH,BATTERY_DISCHARGE,606.54,25.0,4.12,581.54,80.0,0.0,113.43
2017-10-13 14:00:00,HIGH,COMBINED_ACTION,606.54,42.01,6.93,564.52,80.0,0.0,113.43
2017-10-13 15:00:00,ELEVATED,HVAC_SETPOINT_ADJUSTMENT,580.45,18.73,3.23,561.71,80.0,0.0,124.89
2017-10-13 15:00:00,ELEVATED,EV_CHARGING_SHIFT,580.45,0.0,0.0,580.45,80.0,0.0,124.89
2017-10-13 15:00:00,ELEVATED,BATTERY_DISCHARGE,580.45,25.0,4.31,555.45,80.0,0.0,124.89
2017-10-13 15:00:00,ELEVATED,COMBINED_ACTION,580.45,43.73,7.53,536.71,80.0,0.0,124.89
2017-10-13 16:00:00,ELEVATED,HVAC_SETPOINT_ADJUSTMENT,578.03,23.2,4.01,554.84,80.0,17.09,154.64
2017-10-13 16:00:00,ELEVATED,EV_CHARGING_SHIFT,578.03,13.67,2.37,564.36,80.0,17.09,154.64
2017-10-13 16:00:00,ELEVATED,BATTERY_DISCHARGE,578.03,25.0,4.33,553.03,80.0,17.09,154.64
2017-10-13 16:00:00,ELEVATED,COMBINED_ACTION,578.03,61.87,10.7,516.17,80.0,17.09,154.64
2017-10-16 11:00:00,ELEVATED,HVAC_SETPOINT_ADJUSTMENT,559.94,23.3,4.16,536.64,80.0,36.13,155.33
2017-10-16 11:00:00,ELEVATED,EV_CHARGING_SHIFT,559.94,28.9,5.16,531.04,80.0,36.13,155.33
2017-10-16 11:00:00,ELEVATED,BATTERY_DISCHARGE,559.94,25.0,4.46,534.94,80.0,36.13,155.33
2017-10-16 11:00:00,ELEVATED,COMBINED_ACTION,559.94,77.2,13.79,482.74,80.0,36.13,155.33
2017-10-16 12:00:00,ELEVATED,HVAC_SETPOINT_ADJUSTMENT,580.51,19.9,3.43,560.61,80.0,11.52,132.65
2017-10-16 12:00:00,ELEVATED,EV_CHARGING_SHIFT,580.51,9.22,1.59,571.3,80.0,11.52,132.65
2017-10-16 12:00:00,ELEVATED,BATTERY_DISCHARGE,580.51,25.0,4.31,555.51,80.0,11.52,132.65
2017-10-16 12:00:00,ELEVATED,COMBINED_ACTION,580.51,54.11,9.32,526.4,80.0,11.52,132.65
2017-10-16 13:00:00,CRITICAL,HVAC_SETPOINT_ADJUSTMENT,637.95,19.8,3.1,618.15,80.0,0.0,131.99
2017-10-16 13:00:00,CRITICAL,EV_CHARGING_SHIFT,637.95,0.0,0.0,637.95,80.0,0.0,131.99
2017-10-16 13:00:00,CRITICAL,BATTERY_DISCHARGE,637.95,25.0,3.92,612.95,80.0,0.0,131.99
2017-10-16 13:00:00,CRITICAL,COMBINED_ACTION,637.95,44.8,7.02,593.15,80.0,0.0,131.99
2017-10-16 14:00:00,CRITICAL,HVAC_SETPOINT_ADJUSTMENT,613.99,22.18,3.61,591.82,80.0,0.0,147.84
2017-10-16 14:00:00,CRITICAL,EV_CHARGING_SHIFT,613.99,0.0,0.0,613.99,80.0,0.0,147.84
2017-10-16 14:00:00,CRITICAL,BATTERY_DISCHARGE,613.99,25.0,4.07,588.99,80.0,0.0,147.84
2017-10-16 14:00:00,CRITICAL,COMBINED_ACTION,613.99,47.18,7.68,566.82,80.0,0.0,147.84
2017-10-16 15:00:00,HIGH,HVAC_SETPOINT_ADJUSTMENT,592.91,20.78,3.5,572.14,80.0,10.63,138.51
2017-10-16 15:00:00,HIGH,EV_CHARGING_SHIFT,592.91,8.5,1.43,584.41,80.0,10.63,138.51
2017-10-16 15:00:00,HIGH,BATTERY_DISCHARGE,592.91,25.0,4.22,567.91,80.0,10.63,138.51
2017-10-16 15:00:00,HIGH,COMBINED_ACTION,592.91,54.28,9.15,538.63,80.0,10.63,138.51
2017-10-16 16:00:00,HIGH,HVAC_SETPOINT_ADJUSTMENT,600.16,21.11,3.52,579.05,80.0,0.0,140.76
2017-10-16 16:00:00,HIGH,EV_CHARGING_SHIFT,600.16,0.0,0.0,600.16,80.0,0.0,140.76
2017-10-16 16:00:00,HIGH,BATTERY_DISCHARGE,600.16,25.0,4.17,575.16,80.0,0.0,140.76
2017-10-16 16:00:00,HIGH,COMBINED_ACTION,600.16,46.11,7.68,554.05,80.0,0.0,140.76
2017-10-17 11:00:00,ELEVATED,HVAC_SETPOINT_ADJUSTMENT,578.06,24.57,4.25,553.49,80.0,0.0,163.77
2017-10-17 11:00:00,ELEVATED,EV_CHARGING_SHIFT,578.06,0.0,0.0,578.06,80.0,0.0,163.77
2017-10-17 11:00:00,ELEVATED,BATTERY_DISCHARGE,578.06,25.0,4.32,553.06,80.0,0.0,163.77
2017-10-17 11:00:00,ELEVATED,COMBINED_ACTION,578.06,49.57,8.57,528.49,80.0,0.0,163.77
2017-10-17 12:00:00,ELEVATED,HVAC_SETPOINT_ADJUSTMENT,570.91,27.73,4.86,543.18,80.0,54.46,184.85
2017-10-17 12:00:00,ELEVATED,EV_CHARGING_SHIFT,570.91,43.57,7.63,527.34,80.0,54.46,184.85
2017-10-17 12:00:00,ELEVATED,BATTERY_DISCHARGE,570.91,25.0,4.38,545.91,80.0,54.46,184.85
2017-10-17 12:00:00,ELEVATED,COMBINED_ACTION,570.91,96.3,16.87,474.61,80.0,54.46,184.85
2017-10-17 13:00:00,HIGH,HVAC_SETPOINT_ADJUSTMENT,587.09,24.81,4.23,562.28,80.0,49.99,165.42
2017-10-17 13:00:00,HIGH,EV_CHARGING_SHIFT,587.09,39.99,6.81,547.1,80.0,49.99,165.42
2017-10-17 13:00:00,HIGH,BATTERY_DISCHARGE,587.09,25.0,4.26,562.09,80.0,49.99,165.42
2017-10-17 13:00:00,HIGH,COMBINED_ACTION,587.09,89.8,15.3,497.29,80.0,49.99,165.42
2017-10-17 14:00:00,HIGH,HVAC_SETPOINT_ADJUSTMENT,591.64,29.15,4.93,562.49,80.0,50.56,194.33
2017-10-17 14:00:00,HIGH,EV_CHARGING_SHIFT,591.64,40.45,6.84,551.19,80.0,50.56,194.33
2017-10-17 14:00:00,HIGH,BATTERY_DISCHARGE,591.64,25.0,4.23,566.64,80.0,50.56,194.33
2017-10-17 14:00:00,HIGH,COMBINED_ACTION,591.64,94.6,15.99,497.04,80.0,50.56,194.33
2017-10-17 15:00:00,HIGH,HVAC_SETPOINT_ADJUSTMENT,587.09,25.97,4.42,561.12,80.0,20.4,173.15
2017-10-17 15:00:00,HIGH,EV_CHARGING_SHIFT,587.09,16.32,2.78,570.77,80.0,20.4,173.15
2017-10-17 15:00:00,HIGH,BATTERY_DISCHARGE,587.09,25.0,4.26,562.09,80.0,20.4,173.15
2017-10-17 15:00:00,HIGH,COMBINED_ACTION,587.09,67.29,11.46,519.8,80.0,20.4,173.15
2017-10-17 16:00:00,HIGH,HVAC_SETPOINT_ADJUSTMENT,586.77,29.17,4.97,557.6,80.0,15.63,194.45
2017-10-17 16:00:00,HIGH,EV_CHARGING_SHIFT,586.77,12.5,2.13,574.26,80.0,15.63,194.45
2017-10-17 16:00:00,HIGH,BATTERY_DISCHARGE,586.77,25.0,4.26,561.77,80.0,15.63,194.45
2017-10-17 16:00:00,HIGH,COMBINED_ACTION,586.77,66.67,11.36,520.1,80.0,15.63,194.45
2017-10-17 17:00:00,ELEVATED,HVAC_SETPOINT_ADJUSTMENT,576.86,22.98,3.98,553.89,77.5,0.0,153.17
2017-10-17 17:00:00,ELEVATED,EV_CHARGING_SHIFT,576.86,0.0,0.0,576.86,77.5,0.0,153.17
2017-10-17 17:00:00,ELEVATED,BATTERY_DISCHARGE,576.86,25.0,4.33,551.86,77.5,0.0,153.17
2017-10-17 17:00:00,ELEVATED,COMBINED_ACTION,576.86,47.98,8.32,528.89,77.5,0.0,153.17
2017-10-18 11:00:00,ELEVATED,HVAC_SETPOINT_ADJUSTMENT,554.12,24.57,4.43,529.55,80.0,0.0,163.82
2017-10-18 11:00:00,ELEVATED,EV_CHARGING_SHIFT,554.12,0.0,0.0,554.12,80.0,0.0,163.82
2017-10-18 11:00:00,ELEVATED,BATTERY_DISCHARGE,554.12,25.0,4.51,529.12,80.0,0.0,163.82
2017-10-18 11:00:00,ELEVATED,COMBINED_ACTION,554.12,49.57,8.95,504.55,80.0,0.0,163.82
2017-10-18 12:00:00,ELEVATED,HVAC_SETPOINT_ADJUSTMENT,562.36,24.57,4.37,537.78,80.0,0.0,163.83
2017-10-18 12:00:00,ELEVATED,EV_CHARGING_SHIFT,562.36,0.0,0.0,562.36,80.0,0.0,163.83
2017-10-18 12:00:00,ELEVATED,BATTERY_DISCHARGE,562.36,25.0,4.45,537.36,80.0,0.0,163.83
2017-10-18 12:00:00,ELEVATED,COMBINED_ACTION,562.36,49.57,8.82,512.78,80.0,0.0,163.83
2017-10-18 13:00:00,ELEVATED,HVAC_SETPOINT_ADJUSTMENT,571.93,26.58,4.65,545.35,80.0,50.67,177.19
2017-10-18 13:00:00,ELEVATED,EV_CHARGING_SHIFT,571.93,40.54,7.09,531.39,80.0,50.67,177.19
2017-10-18 13:00:00,ELEVATED,BATTERY_DISCHARGE,571.93,25.0,4.37,546.93,80.0,50.67,177.19
2017-10-18 13:00:00,ELEVATED,COMBINED_ACTION,571.93,92.11,16.11,479.81,80.0,50.67,177.19
2017-10-18 14:00:00,ELEVATED,HVAC_SETPOINT_ADJUSTMENT,573.44,25.2,4.39,548.24,80.0,43.9,167.97
2017-10-18 14:00:00,ELEVATED,EV_CHARGING_SHIFT,573.44,35.12,6.12,538.32,80.0,43.9,167.97
2017-10-18 14:00:00,ELEVATED,BATTERY_DISCHARGE,573.44,25.0,4.36,548.44,80.0,43.9,167.97
2017-10-18 14:00:00,ELEVATED,COMBINED_ACTION,573.44,85.32,14.88,488.12,80.0,43.9,167.97
2017-10-18 15:00:00,ELEVATED,HVAC_SETPOINT_ADJUSTMENT,572.69,23.84,4.16,548.85,80.0,0.0,158.94
2017-10-18 15:00:00,ELEVATED,EV_CHARGING_SHIFT,572.69,0.0,0.0,572.69,80.0,0.0,158.94
2017-10-18 15:00:00,ELEVATED,BATTERY_DISCHARGE,572.69,25.0,4.37,547.69,80.0,0.0,158.94
2017-10-18 15:00:00,ELEVATED,COMBINED_ACTION,572.69,48.84,8.53,523.85,80.0,0.0,158.94
2017-10-18 16:00:00,HIGH,HVAC_SETPOINT_ADJUSTMENT,582.67,20.76,3.56,561.91,80.0,0.0,138.39
2017-10-18 16:00:00,HIGH,EV_CHARGING_SHIFT,582.67,0.0,0.0,582.67,80.0,0.0,138.39
2017-10-18 16:00:00,HIGH,BATTERY_DISCHARGE,582.67,25.0,4.29,557.67,80.0,0.0,138.39
2017-10-18 16:00:00,HIGH,COMBINED_ACTION,582.67,45.76,7.85,536.91,80.0,0.0,138.39
2017-10-19 11:00:00,ELEVATED,HVAC_SETPOINT_ADJUSTMENT,555.54,23.61,4.25,531.93,80.0,0.0,157.39
2017-10-19 11:00:00,ELEVATED,EV_CHARGING_SHIFT,555.54,0.0,0.0,555.54,80.0,0.0,157.39
2017-10-19 11:00:00,ELEVATED,BATTERY_DISCHARGE,555.54,25.0,4.5,530.54,80.0,0.0,157.39
2017-10-19 11:00:00,ELEVATED,COMBINED_ACTION,555.54,48.61,8.75,506.93,80.0,0.0,157.39
2017-10-19 12:00:00,ELEVATED,HVAC_SETPOINT_ADJUSTMENT,567.23,22.66,4.0,544.57,80.0,30.96,151.08
2017-10-19 12:00:00,ELEVATED,EV_CHARGING_SHIFT,567.23,24.77,4.37,542.47,80.0,30.96,151.08
2017-10-19 12:00:00,ELEVATED,BATTERY_DISCHARGE,567.23,25.0,4.41,542.23,80.0,30.96,151.08
2017-10-19 12:00:00,ELEVATED,COMBINED_ACTION,567.23,72.43,12.77,494.8,80.0,30.96,151.08
2017-10-19 13:00:00,HIGH,HVAC_SETPOINT_ADJUSTMENT,592.9,24.09,4.06,568.81,80.0,0.0,160.63
2017-10-19 13:00:00,HIGH,EV_CHARGING_SHIFT,592.9,0.0,0.0,592.9,80.0,0.0,160.63
2017-10-19 13:00:00,HIGH,BATTERY_DISCHARGE,592.9,25.0,4.22,567.9,80.0,0.0,160.63
2017-10-19 13:00:00,HIGH,COMBINED_ACTION,592.9,49.09,8.28,543.81,80.0,0.0,160.63
2017-10-19 14:00:00,ELEVATED,HVAC_SETPOINT_ADJUSTMENT,577.36,20.79,3.6,556.57,80.0,0.0,138.63
2017-10-19 14:00:00,ELEVATED,EV_CHARGING_SHIFT,577.36,0.0,0.0,577.36,80.0,0.0,138.63
2017-10-19 14:00:00,ELEVATED,BATTERY_DISCHARGE,577.36,25.0,4.33,552.36,80.0,0.0,138.63
2017-10-19 14:00:00,ELEVATED,COMBINED_ACTION,577.36,45.79,7.93,531.57,80.0,0.0,138.63
2017-10-19 15:00:00,ELEVATED,HVAC_SETPOINT_ADJUSTMENT,568.1,23.07,4.06,545.03,80.0,0.0,153.8
2017-10-19 15:00:00,ELEVATED,EV_CHARGING_SHIFT,568.1,0.0,0.0,568.1,80.0,0.0,153.8
2017-10-19 15:00:00,ELEVATED,BATTERY_DISCHARGE,568.1,25.0,4.4,543.1,80.0,0.0,153.8
2017-10-19 15:00:00,ELEVATED,COMBINED_ACTION,568.1,48.07,8.46,520.03,80.0,0.0,153.8
2017-10-19 16:00:00,HIGH,HVAC_SETPOINT_ADJUSTMENT,599.7,21.59,3.6,578.11,80.0,16.17,143.93
2017-10-19 16:00:00,HIGH,EV_CHARGING_SHIFT,599.7,12.94,2.16,586.76,80.0,16.17,143.93
2017-10-19 16:00:00,HIGH,BATTERY_DISCHARGE,599.7,25.0,4.17,574.7,80.0,16.17,143.93
2017-10-19 16:00:00,HIGH,COMBINED_ACTION,599.7,59.53,9.93,540.17,80.0,16.17,143.93
2017-10-19 17:00:00,ELEVATED,HVAC_SETPOINT_ADJUSTMENT,563.72,20.22,3.59,543.5,77.5,17.67,134.78
2017-10-19 17:00:00,ELEVATED,EV_CHARGING_SHIFT,563.72,14.14,2.51,549.59,77.5,17.67,134.78
2017-10-19 17:00:00,ELEVATED,BATTERY_DISCHARGE,563.72,25.0,4.43,538.72,77.5,17.67,134.78
2017-10-19 17:00:00,ELEVATED,COMBINED_ACTION,563.72,59.35,10.53,504.37,77.5,17.67,134.78
2017-10-20 12:00:00,ELEVATED,HVAC_SETPOINT_ADJUSTMENT,580.43,29.49,5.08,550.94,80.0,0.0,196.57
2017-10-20 12:00:00,ELEVATED,EV_CHARGING_SHIFT,580.43,0.0,0.0,580.43,80.0,0.0,196.57
2017-10-20 12:00:00,ELEVATED,BATTERY_DISCHARGE,580.43,25.0,4.31,555.43,80.0,0.0,196.57
2017-10-20 12:00:00,ELEVATED,COMBINED_ACTION,580.43,54.49,9.39,525.94,80.0,0.0,196.57
2017-10-20 13:00:00,ELEVATED,HVAC_SETPOINT_ADJUSTMENT,573.78,25.72,4.48,548.06,80.0,40.19,171.48
2017-10-20 13:00:00,ELEVATED,EV_CHARGING_SHIFT,573.78,32.15,5.6,541.63,80.0,40.19,171.48
2017-10-20 13:00:00,ELEVATED,BATTERY_DISCHARGE,573.78,25.0,4.36,548.78,80.0,40.19,171.48
2017-10-20 13:00:00,ELEVATED,COMBINED_ACTION,573.78,82.87,14.44,490.91,80.0,40.19,171.48
2017-10-20 14:00:00,HIGH,HVAC_SETPOINT_ADJUSTMENT,584.63,24.1,4.12,560.54,80.0,12.13,160.66
2017-10-20 14:00:00,HIGH,EV_CHARGING_SHIFT,584.63,9.7,1.66,574.93,80.0,12.13,160.66
2017-10-20 14:00:00,HIGH,BATTERY_DISCHARGE,584.63,25.0,4.28,559.63,80.0,12.13,160.66
2017-10-20 14:00:00,HIGH,COMBINED_ACTION,584.63,58.8,10.06,525.83,80.0,12.13,160.66
2017-10-20 15:00:00,ELEVATED,HVAC_SETPOINT_ADJUSTMENT,575.35,24.6,4.28,550.75,80.0,26.15,163.99
2017-10-20 15:00:00,ELEVATED,EV_CHARGING_SHIFT,575.35,20.92,3.64,554.43,80.0,26.15,163.99
2017-10-20 15:00:00,ELEVATED,BATTERY_DISCHARGE,575.35,25.0,4.35,550.35,80.0,26.15,163.99
2017-10-20 15:00:00,ELEVATED,COMBINED_ACTION,575.35,70.52,12.26,504.83,80.0,26.15,163.99
2017-10-20 16:00:00,HIGH,HVAC_SETPOINT_ADJUSTMENT,596.02,28.34,4.76,567.67,80.0,0.0,188.95
2017-10-20 16:00:00,HIGH,EV_CHARGING_SHIFT,596.02,0.0,0.0,596.02,80.0,0.0,188.95
2017-10-20 16:00:00,HIGH,BATTERY_DISCHARGE,596.02,25.0,4.19,571.02,80.0,0.0,188.95
2017-10-20 16:00:00,HIGH,COMBINED_ACTION,596.02,53.34,8.95,542.67,80.0,0.0,188.95
2017-10-23 12:00:00,HIGH,HVAC_SETPOINT_ADJUSTMENT,586.59,25.04,4.27,561.55,80.0,0.0,166.94
2017-10-23 12:00:00,HIGH,EV_CHARGING_SHIFT,586.59,0.0,0.0,586.59,80.0,0.0,166.94
2017-10-23 12:00:00,HIGH,BATTERY_DISCHARGE,586.59,25.0,4.26,561.59,80.0,0.0,166.94
2017-10-23 12:00:00,HIGH,COMBINED_ACTION,586.59,50.04,8.53,536.55,80.0,0.0,166.94
2017-10-23 13:00:00,ELEVATED,HVAC_SETPOINT_ADJUSTMENT,567.13,25.58,4.51,541.55,80.0,0.0,170.54
2017-10-23 13:00:00,ELEVATED,EV_CHARGING_SHIFT,567.13,0.0,0.0,567.13,80.0,0.0,170.54
2017-10-23 13:00:00,ELEVATED,BATTERY_DISCHARGE,567.13,25.0,4.41,542.13,80.0,0.0,170.54
2017-10-23 13:00:00,ELEVATED,COMBINED_ACTION,567.13,50.58,8.92,516.55,80.0,0.0,170.54
2017-10-23 14:00:00,ELEVATED,HVAC_SETPOINT_ADJUSTMENT,560.41,21.31,3.8,539.1,80.0,52.62,142.08
2017-10-23 14:00:00,ELEVATED,EV_CHARGING_SHIFT,560.41,42.1,7.51,518.31,80.0,52.62,142.08
2017-10-23 14:00:00,ELEVATED,BATTERY_DISCHARGE,560.41,25.0,4.46,535.41,80.0,52.62,142.08
2017-10-23 14:00:00,ELEVATED,COMBINED_ACTION,560.41,88.41,15.78,472.0,80.0,52.62,142.08
2017-10-23 15:00:00,ELEVATED,HVAC_SETPOINT_ADJUSTMENT,569.91,26.74,4.69,543.17,80.0,47.26,178.27
2017-10-23 15:00:00,ELEVATED,EV_CHARGING_SHIFT,569.91,37.81,6.63,532.11,80.0,47.26,178.27
2017-10-23 15:00:00,ELEVATED,BATTERY_DISCHARGE,569.91,25.0,4.39,544.91,80.0,47.26,178.27
2017-10-23 15:00:00,ELEVATED,COMBINED_ACTION,569.91,89.55,15.71,480.37,80.0,47.26,178.27
2017-10-23 16:00:00,ELEVATED,HVAC_SETPOINT_ADJUSTMENT,570.18,24.46,4.29,545.72,80.0,0.0,163.08
2017-10-23 16:00:00,ELEVATED,EV_CHARGING_SHIFT,570.18,0.0,0.0,570.18,80.0,0.0,163.08
2017-10-23 16:00:00,ELEVATED,BATTERY_DISCHARGE,570.18,25.0,4.38,545.18,80.0,0.0,163.08
2017-10-23 16:00:00,ELEVATED,COMBINED_ACTION,570.18,49.46,8.67,520.72,80.0,0.0,163.08
2017-10-23 17:00:00,ELEVATED,HVAC_SETPOINT_ADJUSTMENT,578.8,23.15,4.0,555.65,77.5,0.0,154.33
2017-10-23 17:00:00,ELEVATED,EV_CHARGING_SHIFT,578.8,0.0,0.0,578.8,77.5,0.0,154.33
2017-10-23 17:00:00,ELEVATED,BATTERY_DISCHARGE,578.8,25.0,4.32,553.8,77.5,0.0,154.33
2017-10-23 17:00:00,ELEVATED,COMBINED_ACTION,578.8,48.15,8.32,530.65,77.5,0.0,154.33
2017-10-24 12:00:00,ELEVATED,HVAC_SETPOINT_ADJUSTMENT,560.43,23.1,4.12,537.32,80.0,0.0,154.02
2017-10-24 12:00:00,ELEVATED,EV_CHARGING_SHIFT,560.43,0.0,0.0,560.43,80.0,0.0,154.02
2017-10-24 12:00:00,ELEVATED,BATTERY_DISCHARGE,560.43,25.0,4.46,535.43,80.0,0.0,154.02
2017-10-24 12:00:00,ELEVATED,COMBINED_ACTION,560.43,48.1,8.58,512.32,80.0,0.0,154.02
2017-10-24 13:00:00,ELEVATED,HVAC_SETPOINT_ADJUSTMENT,576.16,23.27,4.04,552.89,80.0,0.0,155.15
2017-10-24 13:00:00,ELEVATED,EV_CHARGING_SHIFT,576.16,0.0,0.0,576.16,80.0,0.0,155.15
2017-10-24 13:00:00,ELEVATED,BATTERY_DISCHARGE,576.16,25.0,4.34,551.16,80.0,0.0,155.15
2017-10-24 13:00:00,ELEVATED,COMBINED_ACTION,576.16,48.27,8.38,527.89,80.0,0.0,155.15
2017-10-24 14:00:00,HIGH,HVAC_SETPOINT_ADJUSTMENT,584.91,22.44,3.84,562.47,80.0,0.0,149.6
2017-10-24 14:00:00,HIGH,EV_CHARGING_SHIFT,584.91,0.0,0.0,584.91,80.0,0.0,149.6
2017-10-24 14:00:00,HIGH,BATTERY_DISCHARGE,584.91,25.0,4.27,559.91,80.0,0.0,149.6
2017-10-24 14:00:00,HIGH,COMBINED_ACTION,584.91,47.44,8.11,537.47,80.0,0.0,149.6
2017-10-24 15:00:00,HIGH,HVAC_SETPOINT_ADJUSTMENT,587.39,23.34,3.97,564.06,80.0,0.0,155.58
2017-10-24 15:00:00,HIGH,EV_CHARGING_SHIFT,587.39,0.0,0.0,587.39,80.0,0.0,155.58
2017-10-24 15:00:00,HIGH,BATTERY_DISCHARGE,587.39,25.0,4.26,562.39,80.0,0.0,155.58
2017-10-24 15:00:00,HIGH,COMBINED_ACTION,587.39,48.34,8.23,539.06,80.0,0.0,155.58
2017-10-24 16:00:00,HIGH,HVAC_SETPOINT_ADJUSTMENT,594.69,19.16,3.22,575.53,80.0,0.0,127.71
2017-10-24 16:00:00,HIGH,EV_CHARGING_SHIFT,594.69,0.0,0.0,594.69,80.0,0.0,127.71
2017-10-24 16:00:00,HIGH,BATTERY_DISCHARGE,594.69,25.0,4.2,569.69,80.0,0.0,127.71
2017-10-24 16:00:00,HIGH,COMBINED_ACTION,594.69,44.16,7.43,550.53,80.0,0.0,127.71
2017-10-24 17:00:00,HIGH,HVAC_SETPOINT_ADJUSTMENT,588.77,19.31,3.28,569.45,77.5,0.0,128.76
2017-10-24 17:00:00,HIGH,EV_CHARGING_SHIFT,588.77,0.0,0.0,588.77,77.5,0.0,128.76
2017-10-24 17:00:00,HIGH,BATTERY_DISCHARGE,588.77,25.0,4.25,563.77,77.5,0.0,128.76
2017-10-24 17:00:00,HIGH,COMBINED_ACTION,588.77,44.31,7.53,544.45,77.5,0.0,128.76
2017-10-25 11:00:00,ELEVATED,HVAC_SETPOINT_ADJUSTMENT,551.89,23.92,4.33,527.97,80.0,50.09,159.46
2017-10-25 11:00:00,ELEVATED,EV_CHARGING_SHIFT,551.89,40.07,7.26,511.82,80.0,50.09,159.46
2017-10-25 11:00:00,ELEVATED,BATTERY_DISCHARGE,551.89,25.0,4.53,526.89,80.0,50.09,159.46
2017-10-25 11:00:00,ELEVATED,COMBINED_ACTION,551.89,88.99,16.12,462.9,80.0,50.09,159.46
2017-10-25 12:00:00,ELEVATED,HVAC_SETPOINT_ADJUSTMENT,561.2,25.3,4.51,535.91,80.0,31.28,168.65
2017-10-25 12:00:00,ELEVATED,EV_CHARGING_SHIFT,561.2,25.02,4.46,536.18,80.0,31.28,168.65
2017-10-25 12:00:00,ELEVATED,BATTERY_DISCHARGE,561.2,25.0,4.45,536.2,80.0,31.28,168.65
2017-10-25 12:00:00,ELEVATED,COMBINED_ACTION,561.2,75.32,13.42,485.88,80.0,31.28,168.65
2017-10-25 13:00:00,ELEVATED,HVAC_SETPOINT_ADJUSTMENT,577.28,22.09,3.83,555.19,80.0,0.0,147.29
2017-10-25 13:00:00,ELEVATED,EV_CHARGING_SHIFT,577.28,0.0,0.0,577.28,80.0,0.0,147.29
2017-10-25 13:00:00,ELEVATED,BATTERY_DISCHARGE,577.28,25.0,4.33,552.28,80.0,0.0,147.29
2017-10-25 13:00:00,ELEVATED,COMBINED_ACTION,577.28,47.09,8.16,530.19,80.0,0.0,147.29
2017-10-25 14:00:00,HIGH,HVAC_SETPOINT_ADJUSTMENT,594.8,20.8,3.5,574.0,80.0,43.85,138.67
2017-10-25 14:00:00,HIGH,EV_CHARGING_SHIFT,594.8,35.08,5.9,559.72,80.0,43.85,138.67
2017-10-25 14:00:00,HIGH,BATTERY_DISCHARGE,594.8,25.0,4.2,569.8,80.0,43.85,138.67
2017-10-25 14:00:00,HIGH,COMBINED_ACTION,594.8,80.88,13.6,513.92,80.0,43.85,138.67
2017-10-25 15:00:00,HIGH,HVAC_SETPOINT_ADJUSTMENT,600.31,24.57,4.09,575.74,80.0,0.0,163.79
2017-10-25 15:00:00,HIGH,EV_CHARGING_SHIFT,600.31,0.0,0.0,600.31,80.0,0.0,163.79
2017-10-25 15:00:00,HIGH,BATTERY_DISCHARGE,600.31,25.0,4.16,575.31,80.0,0.0,163.79
2017-10-25 15:00:00,HIGH,COMBINED_ACTION,600.31,49.57,8.26,550.74,80.0,0.0,163.79
2017-10-25 16:00:00,HIGH,HVAC_SETPOINT_ADJUSTMENT,598.52,25.12,4.2,573.4,80.0,16.84,167.46
2017-10-25 16:00:00,HIGH,EV_CHARGING_SHIFT,598.52,13.47,2.25,585.05,80.0,16.84,167.46
2017-10-25 16:00:00,HIGH,BATTERY_DISCHARGE,598.52,25.0,4.18,573.52,80.0,16.84,167.46
2017-10-25 16:00:00,HIGH,COMBINED_ACTION,598.52,63.59,10.62,534.93,80.0,16.84,167.46
2017-10-25 17:00:00,HIGH,HVAC_SETPOINT_ADJUSTMENT,600.92,18.81,3.13,582.11,77.5,0.0,125.4
2017-10-25 17:00:00,HIGH,EV_CHARGING_SHIFT,600.92,0.0,0.0,600.92,77.5,0.0,125.4
2017-10-25 17:00:00,HIGH,BATTERY_DISCHARGE,600.92,25.0,4.16,575.92,77.5,0.0,125.4
2017-10-25 17:00:00,HIGH,COMBINED_ACTION,600.92,43.81,7.29,557.11,77.5,0.0,125.4
2017-10-26 11:00:00,ELEVATED,HVAC_SETPOINT_ADJUSTMENT,558.04,29.12,5.22,528.92,80.0,0.0,194.15
2017-10-26 11:00:00,ELEVATED,EV_CHARGING_SHIFT,558.04,0.0,0.0,558.04,80.0,0.0,194.15
2017-10-26 11:00:00,ELEVATED,BATTERY_DISCHARGE,558.04,25.0,4.48,533.04,80.0,0.0,194.15
2017-10-26 11:00:00,ELEVATED,COMBINED_ACTION,558.04,54.12,9.7,503.92,80.0,0.0,194.15
2017-10-26 12:00:00,ELEVATED,HVAC_SETPOINT_ADJUSTMENT,558.8,25.01,4.48,533.8,80.0,0.0,166.72
2017-10-26 12:00:00,ELEVATED,EV_CHARGING_SHIFT,558.8,0.0,0.0,558.8,80.0,0.0,166.72
2017-10-26 12:00:00,ELEVATED,BATTERY_DISCHARGE,558.8,25.0,4.47,533.8,80.0,0.0,166.72
2017-10-26 12:00:00,ELEVATED,COMBINED_ACTION,558.8,50.01,8.95,508.8,80.0,0.0,166.72
2017-10-26 13:00:00,ELEVATED,HVAC_SETPOINT_ADJUSTMENT,579.56,25.72,4.44,553.84,80.0,0.0,171.5
2017-10-26 13:00:00,ELEVATED,EV_CHARGING_SHIFT,579.56,0.0,0.0,579.56,80.0,0.0,171.5
2017-10-26 13:00:00,ELEVATED,BATTERY_DISCHARGE,579.56,25.0,4.31,554.56,80.0,0.0,171.5
2017-10-26 13:00:00,ELEVATED,COMBINED_ACTION,579.56,50.72,8.75,528.84,80.0,0.0,171.5
2017-10-26 14:00:00,ELEVATED,HVAC_SETPOINT_ADJUSTMENT,574.51,26.98,4.7,547.53,80.0,0.0,179.84
2017-10-26 14:00:00,ELEVATED,EV_CHARGING_SHIFT,574.51,0.0,0.0,574.51,80.0,0.0,179.84
2017-10-26 14:00:00,ELEVATED,BATTERY_DISCHARGE,574.51,25.0,4.35,549.51,80.0,0.0,179.84
2017-10-26 14:00:00,ELEVATED,COMBINED_ACTION,574.51,51.98,9.05,522.53,80.0,0.0,179.84
2017-10-26 15:00:00,HIGH,HVAC_SETPOINT_ADJUSTMENT,581.46,27.92,4.8,553.54,80.0,0.0,186.13
2017-10-26 15:00:00,HIGH,EV_CHARGING_SHIFT,581.46,0.0,0.0,581.46,80.0,0.0,186.13
2017-10-26 15:00:00,HIGH,BATTERY_DISCHARGE,581.46,25.0,4.3,556.46,80.0,0.0,186.13
2017-10-26 15:00:00,HIGH,COMBINED_ACTION,581.46,52.92,9.1,528.54,80.0,0.0,186.13
2017-10-26 16:00:00,HIGH,HVAC_SETPOINT_ADJUSTMENT,599.52,26.68,4.45,572.84,80.0,19.17,177.87
2017-10-26 16:00:00,HIGH,EV_CHARGING_SHIFT,599.52,15.34,2.56,584.19,80.0,19.17,177.87
2017-10-26 16:00:00,HIGH,BATTERY_DISCHARGE,599.52,25.0,4.17,574.52,80.0,19.17,177.87
2017-10-26 16:00:00,HIGH,COMBINED_ACTION,599.52,67.02,11.18,532.51,80.0,19.17,177.87
2017-10-26 17:00:00,ELEVATED,HVAC_SETPOINT_ADJUSTMENT,579.15,21.92,3.78,557.24,77.5,42.86,146.11
2017-10-26 17:00:00,ELEVATED,EV_CHARGING_SHIFT,579.15,34.29,5.92,544.87,77.5,42.86,146.11
2017-10-26 17:00:00,ELEVATED,BATTERY_DISCHARGE,579.15,25.0,4.32,554.15,77.5,42.86,146.11
2017-10-26 17:00:00,ELEVATED,COMBINED_ACTION,579.15,81.2,14.02,497.95,77.5,42.86,146.11
2017-10-27 12:00:00,ELEVATED,HVAC_SETPOINT_ADJUSTMENT,574.47,28.18,4.91,546.29,80.0,51.54,187.88
2017-10-27 12:00:00,ELEVATED,EV_CHARGING_SHIFT,574.47,41.23,7.18,533.24,80.0,51.54,187.88
2017-10-27 12:00:00,ELEVATED,BATTERY_DISCHARGE,574.47,25.0,4.35,549.47,80.0,51.54,187.88
2017-10-27 12:00:00,ELEVATED,COMBINED_ACTION,574.47,94.41,16.43,480.06,80.0,51.54,187.88
2017-10-27 13:00:00,ELEVATED,HVAC_SETPOINT_ADJUSTMENT,575.43,30.65,5.33,544.78,80.0,10.32,204.31
2017-10-27 13:00:00,ELEVATED,EV_CHARGING_SHIFT,575.43,8.26,1.43,567.17,80.0,10.32,204.31
2017-10-27 13:00:00,ELEVATED,BATTERY_DISCHARGE,575.43,25.0,4.34,550.43,80.0,10.32,204.31
2017-10-27 13:00:00,ELEVATED,COMBINED_ACTION,575.43,63.9,11.11,511.52,80.0,10.32,204.31
2017-10-27 14:00:00,ELEVATED,HVAC_SETPOINT_ADJUSTMENT,578.77,27.24,4.71,551.53,80.0,0.0,181.6
2017-10-27 14:00:00,ELEVATED,EV_CHARGING_SHIFT,578.77,0.0,0.0,578.77,80.0,0.0,181.6
2017-10-27 14:00:00,ELEVATED,BATTERY_DISCHARGE,578.77,25.0,4.32,553.77,80.0,0.0,181.6
2017-10-27 14:00:00,ELEVATED,COMBINED_ACTION,578.77,52.24,9.03,526.53,80.0,0.0,181.6
2017-10-27 15:00:00,HIGH,HVAC_SETPOINT_ADJUSTMENT,595.95,22.54,3.78,573.42,80.0,21.15,150.25
2017-10-27 15:00:00,HIGH,EV_CHARGING_SHIFT,595.95,16.92,2.84,579.03,80.0,21.15,150.25
2017-10-27 15:00:00,HIGH,BATTERY_DISCHARGE,595.95,25.0,4.19,570.95,80.0,21.15,150.25
2017-10-27 15:00:00,HIGH,COMBINED_ACTION,595.95,64.46,10.82,531.5,80.0,21.15,150.25
2017-10-27 16:00:00,ELEVATED,HVAC_SETPOINT_ADJUSTMENT,572.64,26.01,4.54,546.62,80.0,32.21,173.42
2017-10-27 16:00:00,ELEVATED,EV_CHARGING_SHIFT,572.64,25.77,4.5,546.87,80.0,32.21,173.42
2017-10-27 16:00:00,ELEVATED,BATTERY_DISCHARGE,572.64,25.0,4.37,547.64,80.0,32.21,173.42
2017-10-27 16:00:00,ELEVATED,COMBINED_ACTION,572.64,76.78,13.41,495.86,80.0,32.21,173.42
2017-10-30 13:00:00,HIGH,HVAC_SETPOINT_ADJUSTMENT,588.63,31.0,5.27,557.62,80.0,17.03,206.68
2017-10-30 13:00:00,HIGH,EV_CHARGING_SHIFT,588.63,13.62,2.31,575.0,80.0,17.03,206.68
2017-10-30 13:00:00,HIGH,BATTERY_DISCHARGE,588.63,25.0,4.25,563.63,80.0,17.03,206.68
2017-10-30 13:00:00,HIGH,COMBINED_ACTION,588.63,69.63,11.83,519.0,80.0,17.03,206.68
2017-10-30 14:00:00,HIGH,HVAC_SETPOINT_ADJUSTMENT,586.65,29.44,5.02,557.21,80.0,24.99,196.3
2017-10-30 14:00:00,HIGH,EV_CHARGING_SHIFT,586.65,19.99,3.41,566.66,80.0,24.99,196.3
2017-10-30 14:00:00,HIGH,BATTERY_DISCHARGE,586.65,25.0,4.26,561.65,80.0,24.99,196.3
2017-10-30 14:00:00,HIGH,COMBINED_ACTION,586.65,74.44,12.69,512.22,80.0,24.99,196.3
2017-10-30 15:00:00,HIGH,HVAC_SETPOINT_ADJUSTMENT,597.98,28.6,4.78,569.38,80.0,0.0,190.67
2017-10-30 15:00:00,HIGH,EV_CHARGING_SHIFT,597.98,0.0,0.0,597.98,80.0,0.0,190.67
2017-10-30 15:00:00,HIGH,BATTERY_DISCHARGE,597.98,25.0,4.18,572.98,80.0,0.0,190.67
2017-10-30 15:00:00,HIGH,COMBINED_ACTION,597.98,53.6,8.96,544.38,80.0,0.0,190.67
2017-10-30 16:00:00,CRITICAL,HVAC_SETPOINT_ADJUSTMENT,625.85,30.09,4.81,595.76,80.0,43.08,200.62
2017-10-30 16:00:00,CRITICAL,EV_CHARGING_SHIFT,625.85,34.46,5.51,591.39,80.0,43.08,200.62
2017-10-30 16:00:00,CRITICAL,BATTERY_DISCHARGE,625.85,25.0,3.99,600.85,80.0,43.08,200.62
2017-10-30 16:00:00,CRITICAL,COMBINED_ACTION,625.85,89.56,14.31,536.3,80.0,43.08,200.62
2017-10-30 17:00:00,ELEVATED,HVAC_SETPOINT_ADJUSTMENT,562.74,25.49,4.53,537.25,77.5,0.0,169.92
2017-10-30 17:00:00,ELEVATED,EV_CHARGING_SHIFT,562.74,0.0,0.0,562.74,77.5,0.0,169.92
2017-10-30 17:00:00,ELEVATED,BATTERY_DISCHARGE,562.74,25.0,4.44,537.74,77.5,0.0,169.92
2017-10-30 17:00:00,ELEVATED,COMBINED_ACTION,562.74,50.49,8.97,512.25,77.5,0.0,169.92
2017-10-31 13:00:00,ELEVATED,HVAC_SETPOINT_ADJUSTMENT,553.39,25.69,4.64,527.71,80.0,15.85,171.24
2017-10-31 13:00:00,ELEVATED,EV_CHARGING_SHIFT,553.39,12.68,2.29,540.71,80.0,15.85,171.24
2017-10-31 13:00:00,ELEVATED,BATTERY_DISCHARGE,553.39,25.0,4.52,528.39,80.0,15.85,171.24
2017-10-31 13:00:00,ELEVATED,COMBINED_ACTION,553.39,63.37,11.45,490.03,80.0,15.85,171.24
2017-10-31 14:00:00,HIGH,HVAC_SETPOINT_ADJUSTMENT,603.03,27.6,4.58,575.43,80.0,0.0,183.99
2017-10-31 14:00:00,HIGH,EV_CHARGING_SHIFT,603.03,0.0,0.0,603.03,80.0,0.0,183.99
2017-10-31 14:00:00,HIGH,BATTERY_DISCHARGE,603.03,25.0,4.15,578.03,80.0,0.0,183.99
2017-10-31 14:00:00,HIGH,COMBINED_ACTION,603.03,52.6,8.72,550.43,80.0,0.0,183.99
2017-10-31 15:00:00,HIGH,HVAC_SETPOINT_ADJUSTMENT,599.92,24.12,4.02,575.8,80.0,25.94,160.79
2017-10-31 15:00:00,HIGH,EV_CHARGING_SHIFT,599.92,20.75,3.46,579.17,80.0,25.94,160.79
2017-10-31 15:00:00,HIGH,BATTERY_DISCHARGE,599.92,25.0,4.17,574.92,80.0,25.94,160.79
2017-10-31 15:00:00,HIGH,COMBINED_ACTION,599.92,69.87,11.65,530.05,80.0,25.94,160.79
2017-10-31 16:00:00,HIGH,HVAC_SETPOINT_ADJUSTMENT,582.87,29.18,5.01,553.69,80.0,48.69,194.52
2017-10-31 16:00:00,HIGH,EV_CHARGING_SHIFT,582.87,38.95,6.68,543.92,80.0,48.69,194.52
2017-10-31 16:00:00,HIGH,BATTERY_DISCHARGE,582.87,25.0,4.29,557.87,80.0,48.69,194.52
2017-10-31 16:00:00,HIGH,COMBINED_ACTION,582.87,93.13,15.98,489.74,80.0,48.69,194.52
2017-10-31 17:00:00,ELEVATED,HVAC_SETPOINT_ADJUSTMENT,560.37,26.17,4.67,534.19,77.5,0.0,174.49
2017-10-31 17:00:00,ELEVATED,EV_CHARGING_SHIFT,560.37,0.0,0.0,560.37,77.5,0.0,174.49
2017-10-31 17:00:00,ELEVATED,BATTERY_DISCHARGE,560.37,25.0,4.46,535.37,77.5,0.0,174.49
2017-10-31 17:00:00,ELEVATED,COMBINED_ACTION,560.37,51.17,9.13,509.19,77.5,0.0,174.49
2017-11-01 11:00:00,ELEVATED,HVAC_SETPOINT_ADJUSTMENT,554.13,27.4,4.94,526.73,80.0,0.0,182.64
2017-11-01 11:00:00,ELEVATED,EV_CHARGING_SHIFT,554.13,0.0,0.0,554.13,80.0,0.0,182.64
2017-11-01 11:00:00,ELEVATED,BATTERY_DISCHARGE,554.13,25.0,4.51,529.13,80.0,0.0,182.64
2017-11-01 11:00:00,ELEVATED,COMBINED_ACTION,554.13,52.4,9.46,501.73,80.0,0.0,182.64
2017-11-01 12:00:00,ELEVATED,HVAC_SETPOINT_ADJUSTMENT,572.19,22.58,3.95,549.61,80.0,54.3,150.53
2017-11-01 12:00:00,ELEVATED,EV_CHARGING_SHIFT,572.19,43.44,7.59,528.75,80.0,54.3,150.53
2017-11-01 12:00:00,ELEVATED,BATTERY_DISCHARGE,572.19,25.0,4.37,547.19,80.0,54.3,150.53
2017-11-01 12:00:00,ELEVATED,COMBINED_ACTION,572.19,91.02,15.91,481.17,80.0,54.3,150.53
2017-11-01 13:00:00,HIGH,HVAC_SETPOINT_ADJUSTMENT,590.56,27.09,4.59,563.47,80.0,0.0,180.58
2017-11-01 13:00:00,HIGH,EV_CHARGING_SHIFT,590.56,0.0,0.0,590.56,80.0,0.0,180.58
2017-11-01 13:00:00,HIGH,BATTERY_DISCHARGE,590.56,25.0,4.23,565.56,80.0,0.0,180.58
2017-11-01 13:00:00,HIGH,COMBINED_ACTION,590.56,52.09,8.82,538.47,80.0,0.0,180.58
2017-11-01 14:00:00,HIGH,HVAC_SETPOINT_ADJUSTMENT,599.27,28.01,4.67,571.26,80.0,0.0,186.71
2017-11-01 14:00:00,HIGH,EV_CHARGING_SHIFT,599.27,0.0,0.0,599.27,80.0,0.0,186.71
2017-11-01 14:00:00,HIGH,BATTERY_DISCHARGE,599.27,25.0,4.17,574.27,80.0,0.0,186.71
2017-11-01 14:00:00,HIGH,COMBINED_ACTION,599.27,53.01,8.85,546.26,80.0,0.0,186.71
2017-11-01 15:00:00,HIGH,HVAC_SETPOINT_ADJUSTMENT,608.87,27.6,4.53,581.27,80.0,54.65,183.99
2017-11-01 15:00:00,HIGH,EV_CHARGING_SHIFT,608.87,43.72,7.18,565.15,80.0,54.65,183.99
2017-11-01 15:00:00,HIGH,BATTERY_DISCHARGE,608.87,25.0,4.11,583.87,80.0,54.65,183.99
2017-11-01 15:00:00,HIGH,COMBINED_ACTION,608.87,96.32,15.82,512.55,80.0,54.65,183.99
2017-11-01 16:00:00,HIGH,HVAC_SETPOINT_ADJUSTMENT,603.95,28.88,4.78,575.08,80.0,52.67,192.51
2017-11-01 16:00:00,HIGH,EV_CHARGING_SHIFT,603.95,42.14,6.98,561.82,80.0,52.67,192.51
2017-11-01 16:00:00,HIGH,BATTERY_DISCHARGE,603.95,25.0,4.14,578.95,80.0,52.67,192.51
2017-11-01 16:00:00,HIGH,COMBINED_ACTION,603.95,96.01,15.9,507.94,80.0,52.67,192.51
2017-11-01 17:00:00,ELEVATED,HVAC_SETPOINT_ADJUSTMENT,570.19,20.7,3.63,549.49,77.5,16.39,137.97
2017-11-01 17:00:00,ELEVATED,EV_CHARGING_SHIFT,570.19,13.11,2.3,557.08,77.5,16.39,137.97
2017-11-01 17:00:00,ELEVATED,BATTERY_DISCHARGE,570.19,25.0,4.38,545.19,77.5,16.39,137.97
2017-11-01 17:00:00,ELEVATED,COMBINED_ACTION,570.19,58.81,10.31,511.38,77.5,16.39,137.97
2017-11-02 11:00:00,ELEVATED,HVAC_SETPOINT_ADJUSTMENT,574.66,28.89,5.03,545.77,80.0,0.0,192.6
2017-11-02 11:00:00,ELEVATED,EV_CHARGING_SHIFT,574.66,0.0,0.0,574.66,80.0,0.0,192.6
2017-11-02 11:00:00,ELEVATED,BATTERY_DISCHARGE,574.66,25.0,4.35,549.66,80.0,0.0,192.6
2017-11-02 11:00:00,ELEVATED,COMBINED_ACTION,574.66,53.89,9.38,520.77,80.0,0.0,192.6
2017-11-02 12:00:00,HIGH,HVAC_SETPOINT_ADJUSTMENT,604.24,32.43,5.37,571.81,80.0,44.88,216.19
2017-11-02 12:00:00,HIGH,EV_CHARGING_SHIFT,604.24,35.9,5.94,568.33,80.0,44.88,216.19
2017-11-02 12:00:00,HIGH,BATTERY_DISCHARGE,604.24,25.0,4.14,579.24,80.0,44.88,216.19
2017-11-02 12:00:00,HIGH,COMBINED_ACTION,604.24,93.33,15.45,510.91,80.0,44.88,216.19
2017-11-02 13:00:00,HIGH,HVAC_SETPOINT_ADJUSTMENT,583.09,29.66,5.09,553.43,80.0,18.27,197.72
2017-11-02 13:00:00,HIGH,EV_CHARGING_SHIFT,583.09,14.62,2.51,568.47,80.0,18.27,197.72
2017-11-02 13:00:00,HIGH,BATTERY_DISCHARGE,583.09,25.0,4.29,558.09,80.0,18.27,197.72
2017-11-02 13:00:00,HIGH,COMBINED_ACTION,583.09,69.27,11.88,513.82,80.0,18.27,197.72
2017-11-02 14:00:00,HIGH,HVAC_SETPOINT_ADJUSTMENT,600.87,26.1,4.34,574.77,80.0,0.0,174.02
2017-11-02 14:00:00,HIGH,EV_CHARGING_SHIFT,600.87,0.0,0.0,600.87,80.0,0.0,174.02
2017-11-02 14:00:00,HIGH,BATTERY_DISCHARGE,600.87,25.0,4.16,575.87,80.0,0.0,174.02
2017-11-02 14:00:00,HIGH,COMBINED_ACTION,600.87,51.1,8.5,549.77,80.0,0.0,174.02
2017-11-02 15:00:00,HIGH,HVAC_SETPOINT_ADJUSTMENT,594.79,29.74,5.0,565.05,80.0,40.31,198.29
2017-11-02 15:00:00,HIGH,EV_CHARGING_SHIFT,594.79,32.25,5.42,562.55,80.0,40.31,198.29
2017-11-02 15:00:00,HIGH,BATTERY_DISCHARGE,594.79,25.0,4.2,569.79,80.0,40.31,198.29
2017-11-02 15:00:00,HIGH,COMBINED_ACTION,594.79,86.99,14.63,507.8,80.0,40.31,198.29
2017-11-02 16:00:00,HIGH,HVAC_SETPOINT_ADJUSTMENT,598.4,30.05,5.02,568.35,80.0,0.0,200.35
2017-11-02 16:00:00,HIGH,EV_CHARGING_SHIFT,598.4,0.0,0.0,598.4,80.0,0.0,200.35
2017-11-02 16:00:00,HIGH,BATTERY_DISCHARGE,598.4,25.0,4.18,573.4,80.0,0.0,200.35
2017-11-02 16:00:00,HIGH,COMBINED_ACTION,598.4,55.05,9.2,543.35,80.0,0.0,200.35
2017-11-02 17:00:00,ELEVATED,HVAC_SETPOINT_ADJUSTMENT,571.78,21.57,3.77,550.21,77.5,0.0,143.78
2017-11-02 17:00:00,ELEVATED,EV_CHARGING_SHIFT,571.78,0.0,0.0,571.78,77.5,0.0,143.78
2017-11-02 17:00:00,ELEVATED,BATTERY_DISCHARGE,571.78,25.0,4.37,546.78,77.5,0.0,143.78
2017-11-02 17:00:00,ELEVATED,COMBINED_ACTION,571.78,46.57,8.14,525.21,77.5,0.0,143.78
2017-11-03 11:00:00,ELEVATED,HVAC_SETPOINT_ADJUSTMENT,575.89,32.82,5.7,543.07,80.0,0.0,218.79
2017-11-03 11:00:00,ELEVATED,EV_CHARGING_SHIFT,575.89,0.0,0.0,575.89,80.0,0.0,218.79
2017-11-03 11:00:00,ELEVATED,BATTERY_DISCHARGE,575.89,25.0,4.34,550.89,80.0,0.0,218.79
2017-11-03 11:00:00,ELEVATED,COMBINED_ACTION,575.89,57.82,10.04,518.07,80.0,0.0,218.79
2017-11-03 12:00:00,HIGH,HVAC_SETPOINT_ADJUSTMENT,585.41,26.64,4.55,558.77,80.0,25.62,177.63
2017-11-03 12:00:00,HIGH,EV_CHARGING_SHIFT,585.41,20.5,3.5,564.92,80.0,25.62,177.63
2017-11-03 12:00:00,HIGH,BATTERY_DISCHARGE,585.41,25.0,4.27,560.41,80.0,25.62,177.63
2017-11-03 12:00:00,HIGH,COMBINED_ACTION,585.41,72.14,12.32,513.27,80.0,25.62,177.63
2017-11-03 13:00:00,HIGH,HVAC_SETPOINT_ADJUSTMENT,602.1,27.62,4.59,574.48,80.0,25.48,184.12
2017-11-03 13:00:00,HIGH,EV_CHARGING_SHIFT,602.1,20.38,3.39,581.71,80.0,25.48,184.12
2017-11-03 13:00:00,HIGH,BATTERY_DISCHARGE,602.1,25.0,4.15,577.1,80.0,25.48,184.12
2017-11-03 13:00:00,HIGH,COMBINED_ACTION,602.1,73.0,12.12,529.09,80.0,25.48,184.12
2017-11-03 14:00:00,HIGH,HVAC_SETPOINT_ADJUSTMENT,601.66,24.08,4.0,577.58,80.0,53.74,160.52
2017-11-03 14:00:00,HIGH,EV_CHARGING_SHIFT,601.66,42.99,7.15,558.67,80.0,53.74,160.52
2017-11-03 14:00:00,HIGH,BATTERY_DISCHARGE,601.66,25.0,4.16,576.66,80.0,53.74,160.52
2017-11-03 14:00:00,HIGH,COMBINED_ACTION,601.66,92.07,15.3,509.59,80.0,53.74,160.52
2017-11-03 15:00:00,CRITICAL,HVAC_SETPOINT_ADJUSTMENT,612.56,23.71,3.87,588.85,80.0,0.0,158.06
2017-11-03 15:00:00,CRITICAL,EV_CHARGING_SHIFT,612.56,0.0,0.0,612.56,80.0,0.0,158.06
2017-11-03 15:00:00,CRITICAL,BATTERY_DISCHARGE,612.56,25.0,4.08,587.56,80.0,0.0,158.06
2017-11-03 15:00:00,CRITICAL,COMBINED_ACTION,612.56,48.71,7.95,563.85,80.0,0.0,158.06
2017-11-03 16:00:00,HIGH,HVAC_SETPOINT_ADJUSTMENT,605.63,26.43,4.36,579.2,80.0,0.0,176.18
2017-11-03 16:00:00,HIGH,EV_CHARGING_SHIFT,605.63,0.0,0.0,605.63,80.0,0.0,176.18
2017-11-03 16:00:00,HIGH,BATTERY_DISCHARGE,605.63,25.0,4.13,580.63,80.0,0.0,176.18
2017-11-03 16:00:00,HIGH,COMBINED_ACTION,605.63,51.43,8.49,554.2,80.0,0.0,176.18
2017-11-06 12:00:00,ELEVATED,HVAC_SETPOINT_ADJUSTMENT,566.05,31.52,5.57,534.53,80.0,36.65,210.16
2017-11-06 12:00:00,ELEVATED,EV_CHARGING_SHIFT,566.05,29.32,5.18,536.73,80.0,36.65,210.16
2017-11-06 12:00:00,ELEVATED,BATTERY_DISCHARGE,566.05,25.0,4.42,541.05,80.0,36.65,210.16
2017-11-06 12:00:00,ELEVATED,COMBINED_ACTION,566.05,85.84,15.17,480.21,80.0,36.65,210.16
2017-11-06 13:00:00,HIGH,HVAC_SETPOINT_ADJUSTMENT,592.16,31.39,5.3,560.77,80.0,0.0,209.25
2017-11-06 13:00:00,HIGH,EV_CHARGING_SHIFT,592.16,0.0,0.0,592.16,80.0,0.0,209.25
2017-11-06 13:00:00,HIGH,BATTERY_DISCHARGE,592.16,25.0,4.22,567.16,80.0,0.0,209.25
2017-11-06 13:00:00,HIGH,COMBINED_ACTION,592.16,56.39,9.52,535.77,80.0,0.0,209.25
2017-11-06 14:00:00,ELEVATED,HVAC_SETPOINT_ADJUSTMENT,569.82,30.41,5.34,539.42,80.0,0.0,202.7
2017-11-06 14:00:00,ELEVATED,EV_CHARGING_SHIFT,569.82,0.0,0.0,569.82,80.0,0.0,202.7
2017-11-06 14:00:00,ELEVATED,BATTERY_DISCHARGE,569.82,25.0,4.39,544.82,80.0,0.0,202.7
2017-11-06 14:00:00,ELEVATED,COMBINED_ACTION,569.82,55.4,9.72,514.42,80.0,0.0,202.7
2017-11-06 15:00:00,ELEVATED,HVAC_SETPOINT_ADJUSTMENT,577.95,30.97,5.36,546.98,80.0,26.11,206.47
2017-11-06 15:00:00,ELEVATED,EV_CHARGING_SHIFT,577.95,20.89,3.61,557.06,80.0,26.11,206.47
2017-11-06 15:00:00,ELEVATED,BATTERY_DISCHARGE,577.95,25.0,4.33,552.95,80.0,26.11,206.47
2017-11-06 15:00:00,ELEVATED,COMBINED_ACTION,577.95,76.86,13.3,501.09,80.0,26.11,206.47
2017-11-06 16:00:00,CRITICAL,HVAC_SETPOINT_ADJUSTMENT,618.79,27.74,4.48,591.05,80.0,0.0,184.95
2017-11-06 16:00:00,CRITICAL,EV_CHARGING_SHIFT,618.79,0.0,0.0,618.79,80.0,0.0,184.95
2017-11-06 16:00:00,CRITICAL,BATTERY_DISCHARGE,618.79,25.0,4.04,593.79,80.0,0.0,184.95
2017-11-06 16:00:00,CRITICAL,COMBINED_ACTION,618.79,52.74,8.52,566.05,80.0,0.0,184.95
2017-11-06 17:00:00,ELEVATED,HVAC_SETPOINT_ADJUSTMENT,557.23,26.58,4.77,530.65,77.5,0.0,177.2
2017-11-06 17:00:00,ELEVATED,EV_CHARGING_SHIFT,557.23,0.0,0.0,557.23,77.5,0.0,177.2
2017-11-06 17:00:00,ELEVATED,BATTERY_DISCHARGE,557.23,25.0,4.49,532.23,77.5,0.0,177.2
2017-11-06 17:00:00,ELEVATED,COMBINED_ACTION,557.23,51.58,9.26,505.65,77.5,0.0,177.2
2017-11-07 12:00:00,ELEVATED,HVAC_SETPOINT_ADJUSTMENT,566.16,31.15,5.5,535.0,80.0,34.91,207.68
2017-11-07 12:00:00,ELEVATED,EV_CHARGING_SHIFT,566.16,27.93,4.93,538.23,80.0,34.91,207.68
2017-11-07 12:00:00,ELEVATED,BATTERY_DISCHARGE,566.16,25.0,4.42,541.16,80.0,34.91,207.68
2017-11-07 12:00:00,ELEVATED,COMBINED_ACTION,566.16,84.08,14.85,482.08,80.0,34.91,207.68
2017-11-07 13:00:00,ELEVATED,HVAC_SETPOINT_ADJUSTMENT,578.74,30.97,5.35,547.77,80.0,29.37,206.44
2017-11-07 13:00:00,ELEVATED,EV_CHARGING_SHIFT,578.74,23.5,4.06,555.24,80.0,29.37,206.44
2017-11-07 13:00:00,ELEVATED,BATTERY_DISCHARGE,578.74,25.0,4.32,553.74,80.0,29.37,206.44
2017-11-07 13:00:00,ELEVATED,COMBINED_ACTION,578.74,79.46,13.73,499.27,80.0,29.37,206.44
2017-11-07 14:00:00,HIGH,HVAC_SETPOINT_ADJUSTMENT,598.41,32.29,5.4,566.12,80.0,0.0,215.26
2017-11-07 14:00:00,HIGH,EV_CHARGING_SHIFT,598.41,0.0,0.0,598.41,80.0,0.0,215.26
2017-11-07 14:00:00,HIGH,BATTERY_DISCHARGE,598.41,25.0,4.18,573.41,80.0,0.0,215.26
2017-11-07 14:00:00,HIGH,COMBINED_ACTION,598.41,57.29,9.57,541.12,80.0,0.0,215.26
2017-11-07 15:00:00,ELEVATED,HVAC_SETPOINT_ADJUSTMENT,579.35,29.68,5.12,549.67,80.0,0.0,197.87
2017-11-07 15:00:00,ELEVATED,EV_CHARGING_SHIFT,579.35,0.0,0.0,579.35,80.0,0.0,197.87
2017-11-07 15:00:00,ELEVATED,BATTERY_DISCHARGE,579.35,25.0,4.32,554.35,80.0,0.0,197.87
2017-11-07 15:00:00,ELEVATED,COMBINED_ACTION,579.35,54.68,9.44,524.67,80.0,0.0,197.87
2017-11-07 16:00:00,HIGH,HVAC_SETPOINT_ADJUSTMENT,602.24,29.64,4.92,572.6,80.0,19.5,197.61
2017-11-07 16:00:00,HIGH,EV_CHARGING_SHIFT,602.24,15.6,2.59,586.64,80.0,19.5,197.61
2017-11-07 16:00:00,HIGH,BATTERY_DISCHARGE,602.24,25.0,4.15,577.24,80.0,19.5,197.61
2017-11-07 16:00:00,HIGH,COMBINED_ACTION,602.24,70.24,11.66,532.0,80.0,19.5,197.61
2017-11-07 17:00:00,ELEVATED,HVAC_SETPOINT_ADJUSTMENT,565.43,25.76,4.56,539.67,77.5,28.78,171.73
2017-11-07 17:00:00,ELEVATED,EV_CHARGING_SHIFT,565.43,23.02,4.07,542.41,77.5,28.78,171.73
2017-11-07 17:00:00,ELEVATED,BATTERY_DISCHARGE,565.43,25.0,4.42,540.43,77.5,28.78,171.73
2017-11-07 17:00:00,ELEVATED,COMBINED_ACTION,565.43,73.78,13.05,491.65,77.5,28.78,171.73
2017-11-08 12:00:00,ELEVATED,HVAC_SETPOINT_ADJUSTMENT,564.21,33.68,5.97,530.53,80.0,0.0,224.53
2017-11-08 12:00:00,ELEVATED,EV_CHARGING_SHIFT,564.21,0.0,0.0,564.21,80.0,0.0,224.53
2017-11-08 12:00:00,ELEVATED,BATTERY_DISCHARGE,564.21,25.0,4.43,539.21,80.0,0.0,224.53
2017-11-08 12:00:00,ELEVATED,COMBINED_ACTION,564.21,58.68,10.4,505.53,80.0,0.0,224.53
2017-11-08 13:00:00,HIGH,HVAC_SETPOINT_ADJUSTMENT,585.94,32.07,5.47,553.87,80.0,0.0,213.78
2017-11-08 13:00:00,HIGH,EV_CHARGING_SHIFT,585.94,0.0,0.0,585.94,80.0,0.0,213.78
2017-11-08 13:00:00,HIGH,BATTERY_DISCHARGE,585.94,25.0,4.27,560.94,80.0,0.0,213.78
2017-11-08 13:00:00,HIGH,COMBINED_ACTION,585.94,57.07,9.74,528.87,80.0,0.0,213.78
2017-11-08 14:00:00,ELEVATED,HVAC_SETPOINT_ADJUSTMENT,578.68,32.31,5.58,546.36,80.0,53.58,215.41
2017-11-08 14:00:00,ELEVATED,EV_CHARGING_SHIFT,578.68,42.86,7.41,535.81,80.0,53.58,215.41
2017-11-08 14:00:00,ELEVATED,BATTERY_DISCHARGE,578.68,25.0,4.32,553.68,80.0,53.58,215.41
2017-11-08 14:00:00,ELEVATED,COMBINED_ACTION,578.68,100.18,17.31,478.5,80.0,53.58,215.41
2017-11-08 15:00:00,HIGH,HVAC_SETPOINT_ADJUSTMENT,588.22,28.06,4.77,560.16,80.0,11.53,187.07
2017-11-08 15:00:00,HIGH,EV_CHARGING_SHIFT,588.22,9.22,1.57,579.0,80.0,11.53,187.07
2017-11-08 15:00:00,HIGH,BATTERY_DISCHARGE,588.22,25.0,4.25,563.22,80.0,11.53,187.07
2017-11-08 15:00:00,HIGH,COMBINED_ACTION,588.22,62.28,10.59,525.94,80.0,11.53,187.07
2017-11-08 16:00:00,HIGH,HVAC_SETPOINT_ADJUSTMENT,585.36,32.07,5.48,553.29,80.0,0.0,213.8
2017-11-08 16:00:00,HIGH,EV_CHARGING_SHIFT,585.36,0.0,0.0,585.36,80.0,0.0,213.8
2017-11-08 16:00:00,HIGH,BATTERY_DISCHARGE,585.36,25.0,4.27,560.36,80.0,0.0,213.8
2017-11-08 16:00:00,HIGH,COMBINED_ACTION,585.36,57.07,9.75,528.29,80.0,0.0,213.8
2017-11-08 17:00:00,ELEVATED,HVAC_SETPOINT_ADJUSTMENT,563.66,26.95,4.78,536.71,77.5,0.0,179.66
2017-11-08 17:00:00,ELEVATED,EV_CHARGING_SHIFT,563.66,0.0,0.0,563.66,77.5,0.0,179.66
2017-11-08 17:00:00,ELEVATED,BATTERY_DISCHARGE,563.66,25.0,4.44,538.66,77.5,0.0,179.66
2017-11-08 17:00:00,ELEVATED,COMBINED_ACTION,563.66,51.95,9.22,511.71,77.5,0.0,179.66
2017-11-09 12:00:00,ELEVATED,HVAC_SETPOINT_ADJUSTMENT,563.56,27.53,4.88,536.04,80.0,48.34,183.52
2017-11-09 12:00:00,ELEVATED,EV_CHARGING_SHIFT,563.56,38.67,6.86,524.89,80.0,48.34,183.52
2017-11-09 12:00:00,ELEVATED,BATTERY_DISCHARGE,563.56,25.0,4.44,538.56,80.0,48.34,183.52
2017-11-09 12:00:00,ELEVATED,COMBINED_ACTION,563.56,91.2,16.18,472.36,80.0,48.34,183.52
2017-11-09 13:00:00,ELEVATED,HVAC_SETPOINT_ADJUSTMENT,579.28,25.49,4.4,553.79,80.0,0.0,169.93
2017-11-09 13:00:00,ELEVATED,EV_CHARGING_SHIFT,579.28,0.0,0.0,579.28,80.0,0.0,169.93
2017-11-09 13:00:00,ELEVATED,BATTERY_DISCHARGE,579.28,25.0,4.32,554.28,80.0,0.0,169.93
2017-11-09 13:00:00,ELEVATED,COMBINED_ACTION,579.28,50.49,8.72,528.79,80.0,0.0,169.93
2017-11-09 14:00:00,HIGH,HVAC_SETPOINT_ADJUSTMENT,583.47,30.42,5.21,553.05,80.0,0.0,202.83
2017-11-09 14:00:00,HIGH,EV_CHARGING_SHIFT,583.47,0.0,0.0,583.47,80.0,0.0,202.83
2017-11-09 14:00:00,HIGH,BATTERY_DISCHARGE,583.47,25.0,4.28,558.47,80.0,0.0,202.83
2017-11-09 14:00:00,HIGH,COMBINED_ACTION,583.47,55.42,9.5,528.05,80.0,0.0,202.83
2017-11-09 15:00:00,HIGH,HVAC_SETPOINT_ADJUSTMENT,595.63,29.19,4.9,566.44,80.0,0.0,194.63
2017-11-09 15:00:00,HIGH,EV_CHARGING_SHIFT,595.63,0.0,0.0,595.63,80.0,0.0,194.63
2017-11-09 15:00:00,HIGH,BATTERY_DISCHARGE,595.63,25.0,4.2,570.63,80.0,0.0,194.63
2017-11-09 15:00:00,HIGH,COMBINED_ACTION,595.63,54.19,9.1,541.44,80.0,0.0,194.63
2017-11-09 16:00:00,HIGH,HVAC_SETPOINT_ADJUSTMENT,583.02,29.19,5.01,553.83,80.0,22.92,194.61
2017-11-09 16:00:00,HIGH,EV_CHARGING_SHIFT,583.02,18.34,3.14,564.69,80.0,22.92,194.61
2017-11-09 16:00:00,HIGH,BATTERY_DISCHARGE,583.02,25.0,4.29,558.02,80.0,22.92,194.61
2017-11-09 16:00:00,HIGH,COMBINED_ACTION,583.02,72.53,12.44,510.5,80.0,22.92,194.61
2017-11-09 17:00:00,ELEVATED,HVAC_SETPOINT_ADJUSTMENT,560.1,26.61,4.75,533.49,77.5,0.0,177.39
2017-11-09 17:00:00,ELEVATED,EV_CHARGING_SHIFT,560.1,0.0,0.0,560.1,77.5,0.0,177.39
2017-11-09 17:00:00,ELEVATED,BATTERY_DISCHARGE,560.1,25.0,4.46,535.1,77.5,0.0,177.39
2017-11-09 17:00:00,ELEVATED,COMBINED_ACTION,560.1,51.61,9.21,508.49,77.5,0.0,177.39
2017-11-10 12:00:00,ELEVATED,HVAC_SETPOINT_ADJUSTMENT,574.65,28.48,4.96,546.17,80.0,0.0,189.84
2017-11-10 12:00:00,ELEVATED,EV_CHARGING_SHIFT,574.65,0.0,0.0,574.65,80.0,0.0,189.84
2017-11-10 12:00:00,ELEVATED,BATTERY_DISCHARGE,574.65,25.0,4.35,549.65,80.0,0.0,189.84
2017-11-10 12:00:00,ELEVATED,COMBINED_ACTION,574.65,53.48,9.31,521.17,80.0,0.0,189.84
2017-11-10 13:00:00,ELEVATED,HVAC_SETPOINT_ADJUSTMENT,576.82,26.71,4.63,550.11,80.0,48.38,178.09
2017-11-10 13:00:00,ELEVATED,EV_CHARGING_SHIFT,576.82,38.7,6.71,538.12,80.0,48.38,178.09
2017-11-10 13:00:00,ELEVATED,BATTERY_DISCHARGE,576.82,25.0,4.33,551.82,80.0,48.38,178.09
2017-11-10 13:00:00,ELEVATED,COMBINED_ACTION,576.82,90.42,15.68,486.4,80.0,48.38,178.09
2017-11-10 14:00:00,ELEVATED,HVAC_SETPOINT_ADJUSTMENT,560.56,28.41,5.07,532.15,80.0,43.53,189.4
2017-11-10 14:00:00,ELEVATED,EV_CHARGING_SHIFT,560.56,34.82,6.21,525.73,80.0,43.53,189.4
2017-11-10 14:00:00,ELEVATED,BATTERY_DISCHARGE,560.56,25.0,4.46,535.56,80.0,43.53,189.4
2017-11-10 14:00:00,ELEVATED,COMBINED_ACTION,560.56,88.23,15.74,472.32,80.0,43.53,189.4
2017-11-10 15:00:00,ELEVATED,HVAC_SETPOINT_ADJUSTMENT,563.84,26.04,4.62,537.8,80.0,0.0,173.6
2017-11-10 15:00:00,ELEVATED,EV_CHARGING_SHIFT,563.84,0.0,0.0,563.84,80.0,0.0,173.6
2017-11-10 15:00:00,ELEVATED,BATTERY_DISCHARGE,563.84,25.0,4.43,538.84,80.0,0.0,173.6
2017-11-10 15:00:00,ELEVATED,COMBINED_ACTION,563.84,51.04,9.05,512.8,80.0,0.0,173.6
2017-11-10 16:00:00,ELEVATED,HVAC_SETPOINT_ADJUSTMENT,561.45,32.1,5.72,529.35,80.0,46.52,214.0
2017-11-10 16:00:00,ELEVATED,EV_CHARGING_SHIFT,561.45,37.22,6.63,524.23,80.0,46.52,214.0
2017-11-10 16:00:00,ELEVATED,BATTERY_DISCHARGE,561.45,25.0,4.45,536.45,80.0,46.52,214.0
2017-11-10 16:00:00,ELEVATED,COMBINED_ACTION,561.45,94.32,16.8,467.13,80.0,46.52,214.0
2017-11-13 12:00:00,ELEVATED,HVAC_SETPOINT_ADJUSTMENT,574.92,33.54,5.83,541.39,80.0,0.0,223.58
2017-11-13 12:00:00,ELEVATED,EV_CHARGING_SHIFT,574.92,0.0,0.0,574.92,80.0,0.0,223.58
2017-11-13 12:00:00,ELEVATED,BATTERY_DISCHARGE,574.92,25.0,4.35,549.92,80.0,0.0,223.58
2017-11-13 12:00:00,ELEVATED,COMBINED_ACTION,574.92,58.54,10.18,516.39,80.0,0.0,223.58
2017-11-13 13:00:00,ELEVATED,HVAC_SETPOINT_ADJUSTMENT,577.67,32.11,5.56,545.57,80.0,0.0,214.05
2017-11-13 13:00:00,ELEVATED,EV_CHARGING_SHIFT,577.67,0.0,0.0,577.67,80.0,0.0,214.05
2017-11-13 13:00:00,ELEVATED,BATTERY_DISCHARGE,577.67,25.0,4.33,552.67,80.0,0.0,214.05
2017-11-13 13:00:00,ELEVATED,COMBINED_ACTION,577.67,57.11,9.89,520.57,80.0,0.0,214.05
2017-11-13 14:00:00,HIGH,HVAC_SETPOINT_ADJUSTMENT,609.22,31.62,5.19,577.59,80.0,0.0,210.81
2017-11-13 14:00:00,HIGH,EV_CHARGING_SHIFT,609.22,0.0,0.0,609.22,80.0,0.0,210.81
2017-11-13 14:00:00,HIGH,BATTERY_DISCHARGE,609.22,25.0,4.1,584.22,80.0,0.0,210.81
2017-11-13 14:00:00,HIGH,COMBINED_ACTION,609.22,56.62,9.29,552.59,80.0,0.0,210.81
2017-11-13 15:00:00,HIGH,HVAC_SETPOINT_ADJUSTMENT,609.42,33.5,5.5,575.92,80.0,26.25,223.36
2017-11-13 15:00:00,HIGH,EV_CHARGING_SHIFT,609.42,21.0,3.45,588.42,80.0,26.25,223.36
2017-11-13 15:00:00,HIGH,BATTERY_DISCHARGE,609.42,25.0,4.1,584.42,80.0,26.25,223.36
2017-11-13 15:00:00,HIGH,COMBINED_ACTION,609.42,79.5,13.05,529.92,80.0,26.25,223.36
2017-11-13 16:00:00,HIGH,HVAC_SETPOINT_ADJUSTMENT,591.33,33.21,5.62,558.11,80.0,0.0,221.42
2017-11-13 16:00:00,HIGH,EV_CHARGING_SHIFT,591.33,0.0,0.0,591.33,80.0,0.0,221.42
2017-11-13 16:00:00,HIGH,BATTERY_DISCHARGE,591.33,25.0,4.23,566.33,80.0,0.0,221.42
2017-11-13 16:00:00,HIGH,COMBINED_ACTION,591.33,58.21,9.84,533.11,80.0,0.0,221.42
2017-11-13 17:00:00,ELEVATED,HVAC_SETPOINT_ADJUSTMENT,567.89,29.81,5.25,538.07,77.5,0.0,198.76
2017-11-13 17:00:00,ELEVATED,EV_CHARGING_SHIFT,567.89,0.0,0.0,567.89,77.5,0.0,198.76
2017-11-13 17:00:00,ELEVATED,BATTERY_DISCHARGE,567.89,25.0,4.4,542.89,77.5,0.0,198.76
2017-11-13 17:00:00,ELEVATED,COMBINED_ACTION,567.89,54.81,9.65,513.07,77.5,0.0,198.76
2017-11-14 12:00:00,ELEVATED,HVAC_SETPOINT_ADJUSTMENT,576.62,30.04,5.21,546.59,80.0,0.0,200.24
2017-11-14 12:00:00,ELEVATED,EV_CHARGING_SHIFT,576.62,0.0,0.0,576.62,80.0,0.0,200.24
2017-11-14 12:00:00,ELEVATED,BATTERY_DISCHARGE,576.62,25.0,4.34,551.62,80.0,0.0,200.24
2017-11-14 12:00:00,ELEVATED,COMBINED_ACTION,576.62,55.04,9.54,521.59,80.0,0.0,200.24
2017-11-14 13:00:00,HIGH,HVAC_SETPOINT_ADJUSTMENT,604.31,31.75,5.25,572.56,80.0,31.46,211.69
2017-11-14 13:00:00,HIGH,EV_CHARGING_SHIFT,604.31,25.17,4.16,579.14,80.0,31.46,211.69
2017-11-14 13:00:00,HIGH,BATTERY_DISCHARGE,604.31,25.0,4.14,579.31,80.0,31.46,211.69
2017-11-14 13:00:00,HIGH,COMBINED_ACTION,604.31,81.92,13.56,522.39,80.0,31.46,211.69
2017-11-14 14:00:00,HIGH,HVAC_SETPOINT_ADJUSTMENT,595.22,30.56,5.13,564.66,80.0,17.02,203.73
2017-11-14 14:00:00,HIGH,EV_CHARGING_SHIFT,595.22,13.62,2.29,581.6,80.0,17.02,203.73
2017-11-14 14:00:00,HIGH,BATTERY_DISCHARGE,595.22,25.0,4.2,570.22,80.0,17.02,203.73
2017-11-14 14:00:00,HIGH,COMBINED_ACTION,595.22,69.18,11.62,526.05,80.0,17.02,203.73
2017-11-14 15:00:00,HIGH,HVAC_SETPOINT_ADJUSTMENT,597.57,31.48,5.27,566.09,80.0,40.29,209.86
2017-11-14 15:00:00,HIGH,EV_CHARGING_SHIFT,597.57,32.23,5.39,565.34,80.0,40.29,209.86
2017-11-14 15:00:00,HIGH,BATTERY_DISCHARGE,597.57,25.0,4.18,572.57,80.0,40.29,209.86
2017-11-14 15:00:00,HIGH,COMBINED_ACTION,597.57,88.71,14.85,508.86,80.0,40.29,209.86
2017-11-14 16:00:00,HIGH,HVAC_SETPOINT_ADJUSTMENT,598.65,30.39,5.08,568.26,80.0,0.0,202.62
2017-11-14 16:00:00,HIGH,EV_CHARGING_SHIFT,598.65,0.0,0.0,598.65,80.0,0.0,202.62
2017-11-14 16:00:00,HIGH,BATTERY_DISCHARGE,598.65,25.0,4.18,573.65,80.0,0.0,202.62
2017-11-14 16:00:00,HIGH,COMBINED_ACTION,598.65,55.39,9.25,543.26,80.0,0.0,202.62
2017-11-14 17:00:00,ELEVATED,HVAC_SETPOINT_ADJUSTMENT,575.81,28.19,4.9,547.62,77.5,0.0,187.95
2017-11-14 17:00:00,ELEVATED,EV_CHARGING_SHIFT,575.81,0.0,0.0,575.81,77.5,0.0,187.95
2017-11-14 17:00:00,ELEVATED,BATTERY_DISCHARGE,575.81,25.0,4.34,550.81,77.5,0.0,187.95
2017-11-14 17:00:00,ELEVATED,COMBINED_ACTION,575.81,53.19,9.24,522.62,77.5,0.0,187.95
2017-11-15 12:00:00,ELEVATED,HVAC_SETPOINT_ADJUSTMENT,577.7,28.4,4.92,549.29,80.0,0.0,189.36
2017-11-15 12:00:00,ELEVATED,EV_CHARGING_SHIFT,577.7,0.0,0.0,577.7,80.0,0.0,189.36
2017-11-15 12:00:00,ELEVATED,BATTERY_DISCHARGE,577.7,25.0,4.33,552.7,80.0,0.0,189.36
2017-11-15 12:00:00,ELEVATED,COMBINED_ACTION,577.7,53.4,9.24,524.29,80.0,0.0,189.36
2017-11-15 13:00:00,HIGH,HVAC_SETPOINT_ADJUSTMENT,591.9,23.77,4.02,568.13,80.0,14.59,158.48
2017-11-15 13:00:00,HIGH,EV_CHARGING_SHIFT,591.9,11.67,1.97,580.23,80.0,14.59,158.48
2017-11-15 13:00:00,HIGH,BATTERY_DISCHARGE,591.9,25.0,4.22,566.9,80.0,14.59,158.48
2017-11-15 13:00:00,HIGH,COMBINED_ACTION,591.9,60.44,10.21,531.45,80.0,14.59,158.48
2017-11-15 14:00:00,HIGH,HVAC_SETPOINT_ADJUSTMENT,593.53,25.53,4.3,568.0,80.0,0.0,170.23
2017-11-15 14:00:00,HIGH,EV_CHARGING_SHIFT,593.53,0.0,0.0,593.53,80.0,0.0,170.23
2017-11-15 14:00:00,HIGH,BATTERY_DISCHARGE,593.53,25.0,4.21,568.53,80.0,0.0,170.23
2017-11-15 14:00:00,HIGH,COMBINED_ACTION,593.53,50.53,8.51,543.0,80.0,0.0,170.23
2017-11-15 15:00:00,HIGH,HVAC_SETPOINT_ADJUSTMENT,594.88,29.49,4.96,565.39,80.0,39.79,196.58
2017-11-15 15:00:00,HIGH,EV_CHARGING_SHIFT,594.88,31.83,5.35,563.05,80.0,39.79,196.58
2017-11-15 15:00:00,HIGH,BATTERY_DISCHARGE,594.88,25.0,4.2,569.88,80.0,39.79,196.58
2017-11-15 15:00:00,HIGH,COMBINED_ACTION,594.88,86.32,14.51,508.56,80.0,39.79,196.58
2017-11-15 16:00:00,HIGH,HVAC_SETPOINT_ADJUSTMENT,586.15,23.94,4.08,562.21,80.0,22.54,159.58
2017-11-15 16:00:00,HIGH,EV_CHARGING_SHIFT,586.15,18.03,3.08,568.12,80.0,22.54,159.58
2017-11-15 16:00:00,HIGH,BATTERY_DISCHARGE,586.15,25.0,4.27,561.15,80.0,22.54,159.58
2017-11-15 16:00:00,HIGH,COMBINED_ACTION,586.15,66.97,11.43,519.18,80.0,22.54,159.58
2017-11-15 17:00:00,ELEVATED,HVAC_SETPOINT_ADJUSTMENT,572.04,26.79,4.68,545.24,77.5,26.15,178.63
2017-11-15 17:00:00,ELEVATED,EV_CHARGING_SHIFT,572.04,20.92,3.66,551.12,77.5,26.15,178.63
2017-11-15 17:00:00,ELEVATED,BATTERY_DISCHARGE,572.04,25.0,4.37,547.04,77.5,26.15,178.63
2017-11-15 17:00:00,ELEVATED,COMBINED_ACTION,572.04,72.71,12.71,499.32,77.5,26.15,178.63
2017-11-16 12:00:00,ELEVATED,HVAC_SETPOINT_ADJUSTMENT,570.87,28.2,4.94,542.67,80.0,33.96,187.98
2017-11-16 12:00:00,ELEVATED,EV_CHARGING_SHIFT,570.87,27.17,4.76,543.7,80.0,33.96,187.98
2017-11-16 12:00:00,ELEVATED,BATTERY_DISCHARGE,570.87,25.0,4.38,545.87,80.0,33.96,187.98
2017-11-16 12:00:00,ELEVATED,COMBINED_ACTION,570.87,80.37,14.08,490.5,80.0,33.96,187.98
2017-11-16 13:00:00,HIGH,HVAC_SETPOINT_ADJUSTMENT,590.8,25.31,4.28,565.49,80.0,0.0,168.73
2017-11-16 13:00:00,HIGH,EV_CHARGING_SHIFT,590.8,0.0,0.0,590.8,80.0,0.0,168.73
2017-11-16 13:00:00,HIGH,BATTERY_DISCHARGE,590.8,25.0,4.23,565.8,80.0,0.0,168.73
2017-11-16 13:00:00,HIGH,COMBINED_ACTION,590.8,50.31,8.52,540.49,80.0,0.0,168.73
2017-11-16 14:00:00,CRITICAL,HVAC_SETPOINT_ADJUSTMENT,614.52,27.06,4.4,587.46,80.0,0.0,180.42
2017-11-16 14:00:00,CRITICAL,EV_CHARGING_SHIFT,614.52,0.0,0.0,614.52,80.0,0.0,180.42
2017-11-16 14:00:00,CRITICAL,BATTERY_DISCHARGE,614.52,25.0,4.07,589.52,80.0,0.0,180.42
2017-11-16 14:00:00,CRITICAL,COMBINED_ACTION,614.52,52.06,8.47,562.46,80.0,0.0,180.42
2017-11-16 15:00:00,HIGH,HVAC_SETPOINT_ADJUSTMENT,597.91,28.47,4.76,569.43,80.0,0.0,189.82
2017-11-16 15:00:00,HIGH,EV_CHARGING_SHIFT,597.91,0.0,0.0,597.91,80.0,0.0,189.82
2017-11-16 15:00:00,HIGH,BATTERY_DISCHARGE,597.91,25.0,4.18,572.91,80.0,0.0,189.82
2017-11-16 15:00:00,HIGH,COMBINED_ACTION,597.91,53.47,8.94,544.43,80.0,0.0,189.82
2017-11-16 16:00:00,HIGH,HVAC_SETPOINT_ADJUSTMENT,598.95,30.8,5.14,568.15,80.0,0.0,205.31
2017-11-16 16:00:00,HIGH,EV_CHARGING_SHIFT,598.95,0.0,0.0,598.95,80.0,0.0,205.31
2017-11-16 16:00:00,HIGH,BATTERY_DISCHARGE,598.95,25.0,4.17,573.95,80.0,0.0,205.31
2017-11-16 16:00:00,HIGH,COMBINED_ACTION,598.95,55.8,9.32,543.15,80.0,0.0,205.31
2017-11-16 17:00:00,ELEVATED,HVAC_SETPOINT_ADJUSTMENT,565.31,23.26,4.12,542.05,77.5,0.0,155.1
2017-11-16 17:00:00,ELEVATED,EV_CHARGING_SHIFT,565.31,0.0,0.0,565.31,77.5,0.0,155.1
2017-11-16 17:00:00,ELEVATED,BATTERY_DISCHARGE,565.31,25.0,4.42,540.31,77.5,0.0,155.1
2017-11-16 17:00:00,ELEVATED,COMBINED_ACTION,565.31,48.26,8.54,517.05,77.5,0.0,155.1
2017-11-17 11:00:00,ELEVATED,HVAC_SETPOINT_ADJUSTMENT,557.08,35.06,6.29,522.02,80.0,0.0,233.72
2017-11-17 11:00:00,ELEVATED,EV_CHARGING_SHIFT,557.08,0.0,0.0,557.08,80.0,0.0,233.72
2017-11-17 11:00:00,ELEVATED,BATTERY_DISCHARGE,557.08,25.0,4.49,532.08,80.0,0.0,233.72
2017-11-17 11:00:00,ELEVATED,COMBINED_ACTION,557.08,60.06,10.78,497.02,80.0,0.0,233.72
2017-11-17 12:00:00,HIGH,HVAC_SETPOINT_ADJUSTMENT,592.58,32.61,5.5,559.98,80.0,0.0,217.37
2017-11-17 12:00:00,HIGH,EV_CHARGING_SHIFT,592.58,0.0,0.0,592.58,80.0,0.0,217.37
2017-11-17 12:00:00,HIGH,BATTERY_DISCHARGE,592.58,25.0,4.22,567.58,80.0,0.0,217.37
2017-11-17 12:00:00,HIGH,COMBINED_ACTION,592.58,57.61,9.72,534.98,80.0,0.0,217.37
2017-11-17 13:00:00,HIGH,HVAC_SETPOINT_ADJUSTMENT,601.94,32.47,5.39,569.46,80.0,17.97,216.48
2017-11-17 13:00:00,HIGH,EV_CHARGING_SHIFT,601.94,14.38,2.39,587.56,80.0,17.97,216.48
2017-11-17 13:00:00,HIGH,BATTERY_DISCHARGE,601.94,25.0,4.15,576.94,80.0,17.97,216.48
2017-11-17 13:00:00,HIGH,COMBINED_ACTION,601.94,71.85,11.94,530.09,80.0,17.97,216.48
2017-11-17 14:00:00,HIGH,HVAC_SETPOINT_ADJUSTMENT,595.85,34.27,5.75,561.58,80.0,34.43,228.49
2017-11-17 14:00:00,HIGH,EV_CHARGING_SHIFT,595.85,27.54,4.62,568.31,80.0,34.43,228.49
2017-11-17 14:00:00,HIGH,BATTERY_DISCHARGE,595.85,25.0,4.2,570.85,80.0,34.43,228.49
2017-11-17 14:00:00,HIGH,COMBINED_ACTION,595.85,86.82,14.57,509.03,80.0,34.43,228.49
2017-11-17 15:00:00,HIGH,HVAC_SETPOINT_ADJUSTMENT,592.6,28.47,4.8,564.13,80.0,18.86,189.8
2017-11-17 15:00:00,HIGH,EV_CHARGING_SHIFT,592.6,15.09,2.55,577.51,80.0,18.86,189.8
2017-11-17 15:00:00,HIGH,BATTERY_DISCHARGE,592.6,25.0,4.22,567.6,80.0,18.86,189.8
2017-11-17 15:00:00,HIGH,COMBINED_ACTION,592.6,68.56,11.57,524.04,80.0,18.86,189.8
2017-11-17 16:00:00,CRITICAL,HVAC_SETPOINT_ADJUSTMENT,630.68,33.01,5.23,597.67,80.0,0.0,220.04
2017-11-17 16:00:00,CRITICAL,EV_CHARGING_SHIFT,630.68,0.0,0.0,630.68,80.0,0.0,220.04
2017-11-17 16:00:00,CRITICAL,BATTERY_DISCHARGE,630.68,25.0,3.96,605.68,80.0,0.0,220.04
2017-11-17 16:00:00,CRITICAL,COMBINED_ACTION,630.68,58.01,9.2,572.67,80.0,0.0,220.04
2017-11-17 17:00:00,ELEVATED,HVAC_SETPOINT_ADJUSTMENT,573.04,33.68,5.88,539.36,77.5,0.0,224.55
2017-11-17 17:00:00,ELEVATED,EV_CHARGING_SHIFT,573.04,0.0,0.0,573.04,77.5,0.0,224.55
2017-11-17 17:00:00,ELEVATED,BATTERY_DISCHARGE,573.04,25.0,4.36,548.04,77.5,0.0,224.55
2017-11-17 17:00:00,ELEVATED,COMBINED_ACTION,573.04,58.68,10.24,514.36,77.5,0.0,224.55
2017-11-20 11:00:00,ELEVATED,HVAC_SETPOINT_ADJUSTMENT,552.4,27.43,4.97,524.98,80.0,0.0,182.85
2017-11-20 11:00:00,ELEVATED,EV_CHARGING_SHIFT,552.4,0.0,0.0,552.4,80.0,0.0,182.85
2017-11-20 11:00:00,ELEVATED,BATTERY_DISCHARGE,552.4,25.0,4.53,527.4,80.0,0.0,182.85
2017-11-20 11:00:00,ELEVATED,COMBINED_ACTION,552.4,52.43,9.49,499.98,80.0,0.0,182.85
2017-11-20 12:00:00,HIGH,HVAC_SETPOINT_ADJUSTMENT,582.31,28.68,4.93,553.62,80.0,0.0,191.21
2017-11-20 12:00:00,HIGH,EV_CHARGING_SHIFT,582.31,0.0,0.0,582.31,80.0,0.0,191.21
2017-11-20 12:00:00,HIGH,BATTERY_DISCHARGE,582.31,25.0,4.29,557.31,80.0,0.0,191.21
2017-11-20 12:00:00,HIGH,COMBINED_ACTION,582.31,53.68,9.22,528.62,80.0,0.0,191.21
2017-11-20 13:00:00,HIGH,HVAC_SETPOINT_ADJUSTMENT,589.21,30.75,5.22,558.46,80.0,18.42,204.99
2017-11-20 13:00:00,HIGH,EV_CHARGING_SHIFT,589.21,14.74,2.5,574.48,80.0,18.42,204.99
2017-11-20 13:00:00,HIGH,BATTERY_DISCHARGE,589.21,25.0,4.24,564.21,80.0,18.42,204.99
2017-11-20 13:00:00,HIGH,COMBINED_ACTION,589.21,70.48,11.96,518.73,80.0,18.42,204.99
2017-11-20 14:00:00,HIGH,HVAC_SETPOINT_ADJUSTMENT,604.3,31.73,5.25,572.58,80.0,36.08,211.51
2017-11-20 14:00:00,HIGH,EV_CHARGING_SHIFT,604.3,28.86,4.78,575.44,80.0,36.08,211.51
2017-11-20 14:00:00,HIGH,BATTERY_DISCHARGE,604.3,25.0,4.14,579.3,80.0,36.08,211.51
2017-11-20 14:00:00,HIGH,COMBINED_ACTION,604.3,85.59,14.16,518.71,80.0,36.08,211.51
2017-11-20 15:00:00,CRITICAL,HVAC_SETPOINT_ADJUSTMENT,614.85,24.79,4.03,590.05,80.0,0.0,165.29
2017-11-20 15:00:00,CRITICAL,EV_CHARGING_SHIFT,614.85,0.0,0.0,614.85,80.0,0.0,165.29
2017-11-20 15:00:00,CRITICAL,BATTERY_DISCHARGE,614.85,25.0,4.07,589.85,80.0,0.0,165.29
2017-11-20 15:00:00,CRITICAL,COMBINED_ACTION,614.85,49.79,8.1,565.05,80.0,0.0,165.29
2017-11-20 16:00:00,HIGH,HVAC_SETPOINT_ADJUSTMENT,599.78,26.96,4.5,572.82,80.0,0.0,179.75
2017-11-20 16:00:00,HIGH,EV_CHARGING_SHIFT,599.78,0.0,0.0,599.78,80.0,0.0,179.75
2017-11-20 16:00:00,HIGH,BATTERY_DISCHARGE,599.78,25.0,4.17,574.78,80.0,0.0,179.75
2017-11-20 16:00:00,HIGH,COMBINED_ACTION,599.78,51.96,8.66,547.82,80.0,0.0,179.75
2017-11-20 17:00:00,HIGH,HVAC_SETPOINT_ADJUSTMENT,585.03,27.27,4.66,557.76,77.5,0.0,181.82
2017-11-20 17:00:00,HIGH,EV_CHARGING_SHIFT,585.03,0.0,0.0,585.03,77.5,0.0,181.82
2017-11-20 17:00:00,HIGH,BATTERY_DISCHARGE,585.03,25.0,4.27,560.03,77.5,0.0,181.82
2017-11-20 17:00:00,HIGH,COMBINED_ACTION,585.03,52.27,8.94,532.76,77.5,0.0,181.82
2017-11-21 11:00:00,ELEVATED,HVAC_SETPOINT_ADJUSTMENT,560.22,29.28,5.23,530.94,80.0,33.31,195.21
2017-11-21 11:00:00,ELEVATED,EV_CHARGING_SHIFT,560.22,26.65,4.76,533.58,80.0,33.31,195.21
2017-11-21 11:00:00,ELEVATED,BATTERY_DISCHARGE,560.22,25.0,4.46,535.22,80.0,33.31,195.21
2017-11-21 11:00:00,ELEVATED,COMBINED_ACTION,560.22,80.93,14.45,479.3,80.0,33.31,195.21
2017-11-21 12:00:00,ELEVATED,HVAC_SETPOINT_ADJUSTMENT,579.33,24.4,4.21,554.92,80.0,12.42,162.7
2017-11-21 12:00:00,ELEVATED,EV_CHARGING_SHIFT,579.33,9.94,1.72,569.39,80.0,12.42,162.7
2017-11-21 12:00:00,ELEVATED,BATTERY_DISCHARGE,579.33,25.0,4.32,554.33,80.0,12.42,162.7
2017-11-21 12:00:00,ELEVATED,COMBINED_ACTION,579.33,59.34,10.24,519.99,80.0,12.42,162.7
2017-11-21 13:00:00,HIGH,HVAC_SETPOINT_ADJUSTMENT,587.82,24.98,4.25,562.83,80.0,27.35,166.54
2017-11-21 13:00:00,HIGH,EV_CHARGING_SHIFT,587.82,21.88,3.72,565.94,80.0,27.35,166.54
2017-11-21 13:00:00,HIGH,BATTERY_DISCHARGE,587.82,25.0,4.25,562.82,80.0,27.35,166.54
2017-11-21 13:00:00,HIGH,COMBINED_ACTION,587.82,71.86,12.23,515.95,80.0,27.35,166.54
2017-11-21 14:00:00,CRITICAL,HVAC_SETPOINT_ADJUSTMENT,636.4,25.58,4.02,610.83,80.0,19.92,170.51
2017-11-21 14:00:00,CRITICAL,EV_CHARGING_SHIFT,636.4,15.94,2.5,620.47,80.0,19.92,170.51
2017-11-21 14:00:00,CRITICAL,BATTERY_DISCHARGE,636.4,25.0,3.93,611.4,80.0,19.92,170.51
2017-11-21 14:00:00,CRITICAL,COMBINED_ACTION,636.4,66.51,10.45,569.89,80.0,19.92,170.51
2017-11-21 15:00:00,CRITICAL,HVAC_SETPOINT_ADJUSTMENT,623.1,28.57,4.59,594.53,80.0,49.82,190.48
2017-11-21 15:00:00,CRITICAL,EV_CHARGING_SHIFT,623.1,39.86,6.4,583.25,80.0,49.82,190.48
2017-11-21 15:00:00,CRITICAL,BATTERY_DISCHARGE,623.1,25.0,4.01,598.1,80.0,49.82,190.48
2017-11-21 15:00:00,CRITICAL,COMBINED_ACTION,623.1,93.43,14.99,529.67,80.0,49.82,190.48
2017-11-21 16:00:00,CRITICAL,HVAC_SETPOINT_ADJUSTMENT,617.51,23.18,3.75,594.34,80.0,24.5,154.5
2017-11-21 16:00:00,CRITICAL,EV_CHARGING_SHIFT,617.51,19.6,3.17,597.91,80.0,24.5,154.5
2017-11-21 16:00:00,CRITICAL,BATTERY_DISCHARGE,617.51,25.0,4.05,592.51,80.0,24.5,154.5
2017-11-21 16:00:00,CRITICAL,COMBINED_ACTION,617.51,67.78,10.98,549.74,80.0,24.5,154.5
2017-11-21 17:00:00,HIGH,HVAC_SETPOINT_ADJUSTMENT,588.46,26.48,4.5,561.98,77.5,22.63,176.55
2017-11-21 17:00:00,HIGH,EV_CHARGING_SHIFT,588.46,18.1,3.08,570.36,77.5,22.63,176.55
2017-11-21 17:00:00,HIGH,BATTERY_DISCHARGE,588.46,25.0,4.25,563.46,77.5,22.63,176.55
2017-11-21 17:00:00,HIGH,COMBINED_ACTION,588.46,69.59,11.83,518.88,77.5,22.63,176.55
2017-11-22 11:00:00,ELEVATED,HVAC_SETPOINT_ADJUSTMENT,565.05,26.51,4.69,538.54,80.0,0.0,176.76
2017-11-22 11:00:00,ELEVATED,EV_CHARGING_SHIFT,565.05,0.0,0.0,565.05,80.0,0.0,176.76
2017-11-22 11:00:00,ELEVATED,BATTERY_DISCHARGE,565.05,25.0,4.42,540.05,80.0,0.0,176.76
2017-11-22 11:00:00,ELEVATED,COMBINED_ACTION,565.05,51.51,9.12,513.54,80.0,0.0,176.76
2017-11-22 12:00:00,HIGH,HVAC_SETPOINT_ADJUSTMENT,590.98,26.16,4.43,564.82,80.0,0.0,174.37
2017-11-22 12:00:00,HIGH,EV_CHARGING_SHIFT,590.98,0.0,0.0,590.98,80.0,0.0,174.37
2017-11-22 12:00:00,HIGH,BATTERY_DISCHARGE,590.98,25.0,4.23,565.98,80.0,0.0,174.37
2017-11-22 12:00:00,HIGH,COMBINED_ACTION,590.98,51.16,8.66,539.82,80.0,0.0,174.37
2017-11-22 13:00:00,HIGH,HVAC_SETPOINT_ADJUSTMENT,611.12,26.41,4.32,584.71,80.0,30.01,176.09
2017-11-22 13:00:00,HIGH,EV_CHARGING_SHIFT,611.12,24.01,3.93,587.12,80.0,30.01,176.09
2017-11-22 13:00:00,HIGH,BATTERY_DISCHARGE,611.12,25.0,4.09,586.12,80.0,30.01,176.09
2017-11-22 13:00:00,HIGH,COMBINED_ACTION,611.12,75.42,12.34,535.7,80.0,30.01,176.09
2017-11-22 14:00:00,CRITICAL,HVAC_SETPOINT_ADJUSTMENT,614.44,29.13,4.74,585.31,80.0,45.94,194.18
2017-11-22 14:00:00,CRITICAL,EV_CHARGING_SHIFT,614.44,36.75,5.98,577.69,80.0,45.94,194.18
2017-11-22 14:00:00,CRITICAL,BATTERY_DISCHARGE,614.44,25.0,4.07,589.44,80.0,45.94,194.18
2017-11-22 14:00:00,CRITICAL,COMBINED_ACTION,614.44,90.88,14.79,523.56,80.0,45.94,194.18
2017-11-22 15:00:00,CRITICAL,HVAC_SETPOINT_ADJUSTMENT,615.72,25.23,4.1,590.49,80.0,53.79,168.19
2017-11-22 15:00:00,CRITICAL,EV_CHARGING_SHIFT,615.72,43.03,6.99,572.69,80.0,53.79,168.19
2017-11-22 15:00:00,CRITICAL,BATTERY_DISCHARGE,615.72,25.0,4.06,590.72,80.0,53.79,168.19
2017-11-22 15:00:00,CRITICAL,COMBINED_ACTION,615.72,93.26,15.15,522.46,80.0,53.79,168.19
2017-11-22 16:00:00,CRITICAL,HVAC_SETPOINT_ADJUSTMENT,650.79,29.17,4.48,621.62,80.0,46.92,194.47
2017-11-22 16:00:00,CRITICAL,EV_CHARGING_SHIFT,650.79,37.54,5.77,613.25,80.0,46.92,194.47
2017-11-22 16:00:00,CRITICAL,BATTERY_DISCHARGE,650.79,25.0,3.84,625.79,80.0,46.92,194.47
2017-11-22 16:00:00,CRITICAL,COMBINED_ACTION,650.79,91.71,14.09,559.08,80.0,46.92,194.47
2017-11-22 17:00:00,HIGH,HVAC_SETPOINT_ADJUSTMENT,605.27,19.44,3.21,585.83,77.5,0.0,129.58
2017-11-22 17:00:00,HIGH,EV_CHARGING_SHIFT,605.27,0.0,0.0,605.27,77.5,0.0,129.58
2017-11-22 17:00:00,HIGH,BATTERY_DISCHARGE,605.27,25.0,4.13,580.27,77.5,0.0,129.58
2017-11-22 17:00:00,HIGH,COMBINED_ACTION,605.27,44.44,7.34,560.83,77.5,0.0,129.58
2017-11-23 11:00:00,ELEVATED,HVAC_SETPOINT_ADJUSTMENT,570.9,28.23,4.94,542.68,80.0,0.0,188.18
2017-11-23 11:00:00,ELEVATED,EV_CHARGING_SHIFT,570.9,0.0,0.0,570.9,80.0,0.0,188.18
2017-11-23 11:00:00,ELEVATED,BATTERY_DISCHARGE,570.9,25.0,4.38,545.9,80.0,0.0,188.18
2017-11-23 11:00:00,ELEVATED,COMBINED_ACTION,570.9,53.23,9.32,517.68,80.0,0.0,188.18
2017-11-23 12:00:00,HIGH,HVAC_SETPOINT_ADJUSTMENT,601.07,31.45,5.23,569.63,80.0,0.0,209.65
2017-11-23 12:00:00,HIGH,EV_CHARGING_SHIFT,601.07,0.0,0.0,601.07,80.0,0.0,209.65
2017-11-23 12:00:00,HIGH,BATTERY_DISCHARGE,601.07,25.0,4.16,576.07,80.0,0.0,209.65
2017-11-23 12:00:00,HIGH,COMBINED_ACTION,601.07,56.45,9.39,544.63,80.0,0.0,209.65
2017-11-23 13:00:00,CRITICAL,HVAC_SETPOINT_ADJUSTMENT,612.46,32.02,5.23,580.44,80.0,29.19,213.45
2017-11-23 13:00:00,CRITICAL,EV_CHARGING_SHIFT,612.46,23.35,3.81,589.11,80.0,29.19,213.45
2017-11-23 13:00:00,CRITICAL,BATTERY_DISCHARGE,612.46,25.0,4.08,587.46,80.0,29.19,213.45
2017-11-23 13:00:00,CRITICAL,COMBINED_ACTION,612.46,80.37,13.12,532.09,80.0,29.19,213.45
2017-11-23 14:00:00,CRITICAL,HVAC_SETPOINT_ADJUSTMENT,624.47,33.99,5.44,590.48,80.0,0.0,226.57
2017-11-23 14:00:00,CRITICAL,EV_CHARGING_SHIFT,624.47,0.0,0.0,624.47,80.0,0.0,226.57
2017-11-23 14:00:00,CRITICAL,BATTERY_DISCHARGE,624.47,25.0,4.0,599.47,80.0,0.0,226.57
2017-11-23 14:00:00,CRITICAL,COMBINED_ACTION,624.47,58.99,9.45,565.48,80.0,0.0,226.57
2017-11-23 15:00:00,CRITICAL,HVAC_SETPOINT_ADJUSTMENT,612.86,26.99,4.4,585.87,80.0,35.95,179.94
2017-11-23 15:00:00,CRITICAL,EV_CHARGING_SHIFT,612.86,28.76,4.69,584.1,80.0,35.95,179.94
2017-11-23 15:00:00,CRITICAL,BATTERY_DISCHARGE,612.86,25.0,4.08,587.86,80.0,35.95,179.94
2017-11-23 15:00:00,CRITICAL,COMBINED_ACTION,612.86,80.75,13.18,532.11,80.0,35.95,179.94
2017-11-23 16:00:00,CRITICAL,HVAC_SETPOINT_ADJUSTMENT,639.41,31.88,4.99,607.53,80.0,44.9,212.55
2017-11-23 16:00:00,CRITICAL,EV_CHARGING_SHIFT,639.41,35.92,5.62,603.49,80.0,44.9,212.55
2017-11-23 16:00:00,CRITICAL,BATTERY_DISCHARGE,639.41,25.0,3.91,614.41,80.0,44.9,212.55
2017-11-23 16:00:00,CRITICAL,COMBINED_ACTION,639.41,92.8,14.51,546.61,80.0,44.9,212.55
2017-11-23 17:00:00,ELEVATED,HVAC_SETPOINT_ADJUSTMENT,581.06,22.23,3.83,558.83,77.5,43.36,148.22
2017-11-23 17:00:00,ELEVATED,EV_CHARGING_SHIFT,581.06,34.69,5.97,546.38,77.5,43.36,148.22
2017-11-23 17:00:00,ELEVATED,BATTERY_DISCHARGE,581.06,25.0,4.3,556.06,77.5,43.36,148.22
2017-11-23 17:00:00,ELEVATED,COMBINED_ACTION,581.06,81.92,14.1,499.14,77.5,43.36,148.22
2017-11-24 11:00:00,ELEVATED,HVAC_SETPOINT_ADJUSTMENT,580.36,34.11,5.88,546.25,80.0,22.26,227.41
2017-11-24 11:00:00,ELEVATED,EV_CHARGING_SHIFT,580.36,17.81,3.07,562.56,80.0,22.26,227.41
2017-11-24 11:00:00,ELEVATED,BATTERY_DISCHARGE,580.36,25.0,4.31,555.36,80.0,22.26,227.41
2017-11-24 11:00:00,ELEVATED,COMBINED_ACTION,580.36,76.92,13.25,503.45,80.0,22.26,227.41
2017-11-24 12:00:00,HIGH,HVAC_SETPOINT_ADJUSTMENT,583.8,36.03,6.17,547.77,80.0,38.57,240.18
2017-11-24 12:00:00,HIGH,EV_CHARGING_SHIFT,583.8,30.86,5.29,552.94,80.0,38.57,240.18
2017-11-24 12:00:00,HIGH,BATTERY_DISCHARGE,583.8,25.0,4.28,558.8,80.0,38.57,240.18
2017-11-24 12:00:00,HIGH,COMBINED_ACTION,583.8,91.88,15.74,491.92,80.0,38.57,240.18
2017-11-24 13:00:00,HIGH,HVAC_SETPOINT_ADJUSTMENT,603.88,33.61,5.57,570.27,80.0,0.0,224.07
2017-11-24 13:00:00,HIGH,EV_CHARGING_SHIFT,603.88,0.0,0.0,603.88,80.0,0.0,224.07
2017-11-24 13:00:00,HIGH,BATTERY_DISCHARGE,603.88,25.0,4.14,578.88,80.0,0.0,224.07
2017-11-24 13:00:00,HIGH,COMBINED_ACTION,603.88,58.61,9.71,545.27,80.0,0.0,224.07
2017-11-24 14:00:00,HIGH,HVAC_SETPOINT_ADJUSTMENT,599.3,29.67,4.95,569.63,80.0,32.41,197.81
2017-11-24 14:00:00,HIGH,EV_CHARGING_SHIFT,599.3,25.93,4.33,573.37,80.0,32.41,197.81
2017-11-24 14:00:00,HIGH,BATTERY_DISCHARGE,599.3,25.0,4.17,574.3,80.0,32.41,197.81
2017-11-24 14:00:00,HIGH,COMBINED_ACTION,599.3,80.6,13.45,518.7,80.0,32.41,197.81
2017-11-24 15:00:00,HIGH,HVAC_SETPOINT_ADJUSTMENT,583.41,30.15,5.17,553.25,80.0,27.43,201.01
2017-11-24 15:00:00,HIGH,EV_CHARGING_SHIFT,583.41,21.94,3.76,561.46,80.0,27.43,201.01
2017-11-24 15:00:00,HIGH,BATTERY_DISCHARGE,583.41,25.0,4.29,558.41,80.0,27.43,201.01
2017-11-24 15:00:00,HIGH,COMBINED_ACTION,583.41,77.1,13.21,506.31,80.0,27.43,201.01
2017-11-24 16:00:00,HIGH,HVAC_SETPOINT_ADJUSTMENT,583.73,33.03,5.66,550.7,80.0,41.85,220.19
2017-11-24 16:00:00,HIGH,EV_CHARGING_SHIFT,583.73,33.48,5.74,550.25,80.0,41.85,220.19
2017-11-24 16:00:00,HIGH,BATTERY_DISCHARGE,583.73,25.0,4.28,558.73,80.0,41.85,220.19
2017-11-24 16:00:00,HIGH,COMBINED_ACTION,583.73,91.51,15.68,492.22,80.0,41.85,220.19
2017-11-24 17:00:00,ELEVATED,HVAC_SETPOINT_ADJUSTMENT,555.52,31.84,5.73,523.68,77.5,0.0,212.25
2017-11-24 17:00:00,ELEVATED,EV_CHARGING_SHIFT,555.52,0.0,0.0,555.52,77.5,0.0,212.25
2017-11-24 17:00:00,ELEVATED,BATTERY_DISCHARGE,555.52,25.0,4.5,530.52,77.5,0.0,212.25
2017-11-24 17:00:00,ELEVATED,COMBINED_ACTION,555.52,56.84,10.23,498.68,77.5,0.0,212.25
2017-11-27 11:00:00,ELEVATED,HVAC_SETPOINT_ADJUSTMENT,557.12,30.46,5.47,526.66,80.0,0.0,203.07
2017-11-27 11:00:00,ELEVATED,EV_CHARGING_SHIFT,557.12,0.0,0.0,557.12,80.0,0.0,203.07
2017-11-27 11:00:00,ELEVATED,BATTERY_DISCHARGE,557.12,25.0,4.49,532.12,80.0,0.0,203.07
2017-11-27 11:00:00,ELEVATED,COMBINED_ACTION,557.12,55.46,9.95,501.66,80.0,0.0,203.07
2017-11-27 12:00:00,HIGH,HVAC_SETPOINT_ADJUSTMENT,582.17,32.52,5.59,549.65,80.0,0.0,216.8
2017-11-27 12:00:00,HIGH,EV_CHARGING_SHIFT,582.17,0.0,0.0,582.17,80.0,0.0,216.8
2017-11-27 12:00:00,HIGH,BATTERY_DISCHARGE,582.17,25.0,4.29,557.17,80.0,0.0,216.8
2017-11-27 12:00:00,HIGH,COMBINED_ACTION,582.17,57.52,9.88,524.65,80.0,0.0,216.8
2017-11-27 13:00:00,HIGH,HVAC_SETPOINT_ADJUSTMENT,611.95,29.7,4.85,582.25,80.0,28.94,198.01
2017-11-27 13:00:00,HIGH,EV_CHARGING_SHIFT,611.95,23.15,3.78,588.79,80.0,28.94,198.01
2017-11-27 13:00:00,HIGH,BATTERY_DISCHARGE,611.95,25.0,4.09,586.95,80.0,28.94,198.01
2017-11-27 13:00:00,HIGH,COMBINED_ACTION,611.95,77.85,12.72,534.09,80.0,28.94,198.01
2017-11-27 14:00:00,CRITICAL,HVAC_SETPOINT_ADJUSTMENT,614.1,28.26,4.6,585.85,80.0,0.0,188.37
2017-11-27 14:00:00,CRITICAL,EV_CHARGING_SHIFT,614.1,0.0,0.0,614.1,80.0,0.0,188.37
2017-11-27 14:00:00,CRITICAL,BATTERY_DISCHARGE,614.1,25.0,4.07,589.1,80.0,0.0,188.37
2017-11-27 14:00:00,CRITICAL,COMBINED_ACTION,614.1,53.26,8.67,560.85,80.0,0.0,188.37
2017-11-27 15:00:00,HIGH,HVAC_SETPOINT_ADJUSTMENT,611.31,32.15,5.26,579.16,80.0,32.93,214.33
2017-11-27 15:00:00,HIGH,EV_CHARGING_SHIFT,611.31,26.34,4.31,584.96,80.0,32.93,214.33
2017-11-27 15:00:00,HIGH,BATTERY_DISCHARGE,611.31,25.0,4.09,586.31,80.0,32.93,214.33
2017-11-27 15:00:00,HIGH,COMBINED_ACTION,611.31,83.49,13.66,527.81,80.0,32.93,214.33
2017-11-27 16:00:00,CRITICAL,HVAC_SETPOINT_ADJUSTMENT,613.87,30.36,4.95,583.51,80.0,19.31,202.4
2017-11-27 16:00:00,CRITICAL,EV_CHARGING_SHIFT,613.87,15.45,2.52,598.43,80.0,19.31,202.4
2017-11-27 16:00:00,CRITICAL,BATTERY_DISCHARGE,613.87,25.0,4.07,588.87,80.0,19.31,202.4
2017-11-27 16:00:00,CRITICAL,COMBINED_ACTION,613.87,70.81,11.53,543.07,80.0,19.31,202.4
2017-11-27 17:00:00,HIGH,HVAC_SETPOINT_ADJUSTMENT,589.36,26.06,4.42,563.3,77.5,0.0,173.72
2017-11-27 17:00:00,HIGH,EV_CHARGING_SHIFT,589.36,0.0,0.0,589.36,77.5,0.0,173.72
2017-11-27 17:00:00,HIGH,BATTERY_DISCHARGE,589.36,25.0,4.24,564.36,77.5,0.0,173.72
2017-11-27 17:00:00,HIGH,COMBINED_ACTION,589.36,51.06,8.66,538.3,77.5,0.0,173.72
2017-11-28 12:00:00,HIGH,HVAC_SETPOINT_ADJUSTMENT,586.84,31.04,5.29,555.8,80.0,0.0,206.94
2017-11-28 12:00:00,HIGH,EV_CHARGING_SHIFT,586.84,0.0,0.0,586.84,80.0,0.0,206.94
2017-11-28 12:00:00,HIGH,BATTERY_DISCHARGE,586.84,25.0,4.26,561.84,80.0,0.0,206.94
2017-11-28 12:00:00,HIGH,COMBINED_ACTION,586.84,56.04,9.55,530.8,80.0,0.0,206.94
2017-11-28 13:00:00,CRITICAL,HVAC_SETPOINT_ADJUSTMENT,620.06,34.17,5.51,585.89,80.0,22.42,227.79
2017-11-28 13:00:00,CRITICAL,EV_CHARGING_SHIFT,620.06,17.94,2.89,602.13,80.0,22.42,227.79
2017-11-28 13:00:00,CRITICAL,BATTERY_DISCHARGE,620.06,25.0,4.03,595.06,80.0,22.42,227.79
2017-11-28 13:00:00,CRITICAL,COMBINED_ACTION,620.06,77.1,12.43,542.96,80.0,22.42,227.79
2017-11-28 14:00:00,HIGH,HVAC_SETPOINT_ADJUSTMENT,595.32,32.03,5.38,563.29,80.0,0.0,213.52
2017-11-28 14:00:00,HIGH,EV_CHARGING_SHIFT,595.32,0.0,0.0,595.32,80.0,0.0,213.52
2017-11-28 14:00:00,HIGH,BATTERY_DISCHARGE,595.32,25.0,4.2,570.32,80.0,0.0,213.52
2017-11-28 14:00:00,HIGH,COMBINED_ACTION,595.32,57.03,9.58,538.29,80.0,0.0,213.52
2017-11-28 15:00:00,HIGH,HVAC_SETPOINT_ADJUSTMENT,599.01,35.77,5.97,563.24,80.0,53.88,238.49
2017-11-28 15:00:00,HIGH,EV_CHARGING_SHIFT,599.01,43.1,7.2,555.91,80.0,53.88,238.49
2017-11-28 15:00:00,HIGH,BATTERY_DISCHARGE,599.01,25.0,4.17,574.01,80.0,53.88,238.49
2017-11-28 15:00:00,HIGH,COMBINED_ACTION,599.01,103.88,17.34,495.13,80.0,53.88,238.49
2017-11-28 16:00:00,HIGH,HVAC_SETPOINT_ADJUSTMENT,602.57,31.84,5.28,570.73,80.0,0.0,212.26
2017-11-28 16:00:00,HIGH,EV_CHARGING_SHIFT,602.57,0.0,0.0,602.57,80.0,0.0,212.26
2017-11-28 16:00:00,HIGH,BATTERY_DISCHARGE,602.57,25.0,4.15,577.57,80.0,0.0,212.26
2017-11-28 16:00:00,HIGH,COMBINED_ACTION,602.57,56.84,9.43,545.73,80.0,0.0,212.26
2017-11-28 17:00:00,ELEVATED,HVAC_SETPOINT_ADJUSTMENT,560.31,33.54,5.99,526.77,77.5,14.69,223.6
2017-11-28 17:00:00,ELEVATED,EV_CHARGING_SHIFT,560.31,11.75,2.1,548.56,77.5,14.69,223.6
2017-11-28 17:00:00,ELEVATED,BATTERY_DISCHARGE,560.31,25.0,4.46,535.31,77.5,14.69,223.6
2017-11-28 17:00:00,ELEVATED,COMBINED_ACTION,560.31,70.29,12.55,490.02,77.5,14.69,223.6
2017-11-29 12:00:00,HIGH,HVAC_SETPOINT_ADJUSTMENT,588.07,37.21,6.33,550.86,80.0,27.2,248.09
2017-11-29 12:00:00,HIGH,EV_CHARGING_SHIFT,588.07,21.76,3.7,566.31,80.0,27.2,248.09
2017-11-29 12:00:00,HIGH,BATTERY_DISCHARGE,588.07,25.0,4.25,563.07,80.0,27.2,248.09
2017-11-29 12:00:00,HIGH,COMBINED_ACTION,588.07,83.97,14.28,504.1,80.0,27.2,248.09
2017-11-29 13:00:00,HIGH,HVAC_SETPOINT_ADJUSTMENT,593.31,35.99,6.07,557.32,80.0,47.85,239.95
2017-11-29 13:00:00,HIGH,EV_CHARGING_SHIFT,593.31,38.28,6.45,555.03,80.0,47.85,239.95
2017-11-29 13:00:00,HIGH,BATTERY_DISCHARGE,593.31,25.0,4.21,568.31,80.0,47.85,239.95
2017-11-29 13:00:00,HIGH,COMBINED_ACTION,593.31,99.27,16.73,494.04,80.0,47.85,239.95
2017-11-29 14:00:00,CRITICAL,HVAC_SETPOINT_ADJUSTMENT,647.43,28.46,4.4,618.96,80.0,0.0,189.75
2017-11-29 14:00:00,CRITICAL,EV_CHARGING_SHIFT,647.43,0.0,0.0,647.43,80.0,0.0,189.75
2017-11-29 14:00:00,CRITICAL,BATTERY_DISCHARGE,647.43,25.0,3.86,622.43,80.0,0.0,189.75
2017-11-29 14:00:00,CRITICAL,COMBINED_ACTION,647.43,53.46,8.26,593.96,80.0,0.0,189.75
2017-11-29 15:00:00,HIGH,HVAC_SETPOINT_ADJUSTMENT,604.36,35.7,5.91,568.66,80.0,0.0,238.0
2017-11-29 15:00:00,HIGH,EV_CHARGING_SHIFT,604.36,0.0,0.0,604.36,80.0,0.0,238.0
2017-11-29 15:00:00,HIGH,BATTERY_DISCHARGE,604.36,25.0,4.14,579.36,80.0,0.0,238.0
2017-11-29 15:00:00,HIGH,COMBINED_ACTION,604.36,60.7,10.04,543.66,80.0,0.0,238.0
2017-11-29 16:00:00,HIGH,HVAC_SETPOINT_ADJUSTMENT,609.4,31.99,5.25,577.42,80.0,30.91,213.24
2017-11-29 16:00:00,HIGH,EV_CHARGING_SHIFT,609.4,24.73,4.06,584.68,80.0,30.91,213.24
2017-11-29 16:00:00,HIGH,BATTERY_DISCHARGE,609.4,25.0,4.1,584.4,80.0,30.91,213.24
2017-11-29 16:00:00,HIGH,COMBINED_ACTION,609.4,81.71,13.41,527.69,80.0,30.91,213.24
2017-11-29 17:00:00,ELEVATED,HVAC_SETPOINT_ADJUSTMENT,581.37,31.86,5.48,549.5,77.5,0.0,212.41
2017-11-29 17:00:00,ELEVATED,EV_CHARGING_SHIFT,581.37,0.0,0.0,581.37,77.5,0.0,212.41
2017-11-29 17:00:00,ELEVATED,BATTERY_DISCHARGE,581.37,25.0,4.3,556.37,77.5,0.0,212.41
2017-11-29 17:00:00,ELEVATED,COMBINED_ACTION,581.37,56.86,9.78,524.5,77.5,0.0,212.41
2017-11-30 11:00:00,ELEVATED,HVAC_SETPOINT_ADJUSTMENT,564.42,39.72,7.04,524.7,80.0,12.03,264.82
2017-11-30 11:00:00,ELEVATED,EV_CHARGING_SHIFT,564.42,9.62,1.71,554.8,80.0,12.03,264.82
2017-11-30 11:00:00,ELEVATED,BATTERY_DISCHARGE,564.42,25.0,4.43,539.42,80.0,12.03,264.82
2017-11-30 11:00:00,ELEVATED,COMBINED_ACTION,564.42,74.35,13.17,490.08,80.0,12.03,264.82
2017-11-30 12:00:00,HIGH,HVAC_SETPOINT_ADJUSTMENT,584.62,37.16,6.36,547.46,80.0,16.63,247.73
2017-11-30 12:00:00,HIGH,EV_CHARGING_SHIFT,584.62,13.3,2.28,571.31,80.0,16.63,247.73
2017-11-30 12:00:00,HIGH,BATTERY_DISCHARGE,584.62,25.0,4.28,559.62,80.0,16.63,247.73
2017-11-30 12:00:00,HIGH,COMBINED_ACTION,584.62,75.46,12.91,509.15,80.0,16.63,247.73
2017-11-30 13:00:00,CRITICAL,HVAC_SETPOINT_ADJUSTMENT,630.69,37.97,6.02,592.72,80.0,0.0,253.15
2017-11-30 13:00:00,CRITICAL,EV_CHARGING_SHIFT,630.69,0.0,0.0,630.69,80.0,0.0,253.15
2017-11-30 13:00:00,CRITICAL,BATTERY_DISCHARGE,630.69,25.0,3.96,605.69,80.0,0.0,253.15
2017-11-30 13:00:00,CRITICAL,COMBINED_ACTION,630.69,62.97,9.98,567.72,80.0,0.0,253.15
2017-11-30 14:00:00,CRITICAL,HVAC_SETPOINT_ADJUSTMENT,630.4,36.66,5.81,593.75,80.0,0.0,244.37
2017-11-30 14:00:00,CRITICAL,EV_CHARGING_SHIFT,630.4,0.0,0.0,630.4,80.0,0.0,244.37
2017-11-30 14:00:00,CRITICAL,BATTERY_DISCHARGE,630.4,25.0,3.97,605.4,80.0,0.0,244.37
2017-11-30 14:00:00,CRITICAL,COMBINED_ACTION,630.4,61.66,9.78,568.75,80.0,0.0,244.37
2017-11-30 15:00:00,CRITICAL,HVAC_SETPOINT_ADJUSTMENT,640.77,37.65,5.88,603.12,80.0,28.13,251.02
2017-11-30 15:00:00,CRITICAL,EV_CHARGING_SHIFT,640.77,22.5,3.51,618.27,80.0,28.13,251.02
2017-11-30 15:00:00,CRITICAL,BATTERY_DISCHARGE,640.77,25.0,3.9,615.77,80.0,28.13,251.02
2017-11-30 15:00:00,CRITICAL,COMBINED_ACTION,640.77,85.16,13.29,555.61,80.0,28.13,251.02
2017-11-30 16:00:00,CRITICAL,HVAC_SETPOINT_ADJUSTMENT,637.35,38.4,6.03,598.94,80.0,0.0,256.02
2017-11-30 16:00:00,CRITICAL,EV_CHARGING_SHIFT,637.35,0.0,0.0,637.35,80.0,0.0,256.02
2017-11-30 16:00:00,CRITICAL,BATTERY_DISCHARGE,637.35,25.0,3.92,612.35,80.0,0.0,256.02
2017-11-30 16:00:00,CRITICAL,COMBINED_ACTION,637.35,63.4,9.95,573.94,80.0,0.0,256.02
2017-11-30 17:00:00,HIGH,HVAC_SETPOINT_ADJUSTMENT,611.73,35.01,5.72,576.73,77.5,28.69,233.39
2017-11-30 17:00:00,HIGH,EV_CHARGING_SHIFT,611.73,22.95,3.75,588.78,77.5,28.69,233.39
2017-11-30 17:00:00,HIGH,BATTERY_DISCHARGE,611.73,25.0,4.09,586.73,77.5,28.69,233.39
2017-11-30 17:00:00,HIGH,COMBINED_ACTION,611.73,82.96,13.56,528.77,77.5,28.69,233.39
2017-12-01 11:00:00,ELEVATED,HVAC_SETPOINT_ADJUSTMENT,551.3,39.38,7.14,511.92,80.0,0.0,262.55
2017-12-01 11:00:00,ELEVATED,EV_CHARGING_SHIFT,551.3,0.0,0.0,551.3,80.0,0.0,262.55
2017-12-01 11:00:00,ELEVATED,BATTERY_DISCHARGE,551.3,25.0,4.53,526.3,80.0,0.0,262.55
2017-12-01 11:00:00,ELEVATED,COMBINED_ACTION,551.3,64.38,11.68,486.92,80.0,0.0,262.55
2017-12-01 12:00:00,ELEVATED,HVAC_SETPOINT_ADJUSTMENT,575.94,37.2,6.46,538.75,80.0,0.0,247.99
2017-12-01 12:00:00,ELEVATED,EV_CHARGING_SHIFT,575.94,0.0,0.0,575.94,80.0,0.0,247.99
2017-12-01 12:00:00,ELEVATED,BATTERY_DISCHARGE,575.94,25.0,4.34,550.94,80.0,0.0,247.99
2017-12-01 12:00:00,ELEVATED,COMBINED_ACTION,575.94,62.2,10.8,513.75,80.0,0.0,247.99
2017-12-01 13:00:00,HIGH,HVAC_SETPOINT_ADJUSTMENT,611.24,30.26,4.95,580.97,80.0,0.0,201.74
2017-12-01 13:00:00,HIGH,EV_CHARGING_SHIFT,611.24,0.0,0.0,611.24,80.0,0.0,201.74
2017-12-01 13:00:00,HIGH,BATTERY_DISCHARGE,611.24,25.0,4.09,586.24,80.0,0.0,201.74
2017-12-01 13:00:00,HIGH,COMBINED_ACTION,611.24,55.26,9.04,555.97,80.0,0.0,201.74
2017-12-01 14:00:00,HIGH,HVAC_SETPOINT_ADJUSTMENT,585.65,34.29,5.86,551.36,80.0,17.72,228.6
2017-12-01 14:00:00,HIGH,EV_CHARGING_SHIFT,585.65,14.18,2.42,571.48,80.0,17.72,228.6
2017-12-01 14:00:00,HIGH,BATTERY_DISCHARGE,585.65,25.0,4.27,560.65,80.0,17.72,228.6
2017-12-01 14:00:00,HIGH,COMBINED_ACTION,585.65,73.47,12.54,512.19,80.0,17.72,228.6
2017-12-01 15:00:00,CRITICAL,HVAC_SETPOINT_ADJUSTMENT,612.73,36.28,5.92,576.45,80.0,0.0,241.86
2017-12-01 15:00:00,CRITICAL,EV_CHARGING_SHIFT,612.73,0.0,0.0,612.73,80.0,0.0,241.86
2017-12-01 15:00:00,CRITICAL,BATTERY_DISCHARGE,612.73,25.0,4.08,587.73,80.0,0.0,241.86
2017-12-01 15:00:00,CRITICAL,COMBINED_ACTION,612.73,61.28,10.0,551.45,80.0,0.0,241.86
2017-12-01 16:00:00,CRITICAL,HVAC_SETPOINT_ADJUSTMENT,622.87,34.46,5.53,588.42,80.0,21.79,229.7
2017-12-01 16:00:00,CRITICAL,EV_CHARGING_SHIFT,622.87,17.43,2.8,605.44,80.0,21.79,229.7
2017-12-01 16:00:00,CRITICAL,BATTERY_DISCHARGE,622.87,25.0,4.01,597.87,80.0,21.79,229.7
2017-12-01 16:00:00,CRITICAL,COMBINED_ACTION,622.87,76.89,12.34,545.98,80.0,21.79,229.7
2017-12-01 17:00:00,ELEVATED,HVAC_SETPOINT_ADJUSTMENT,581.31,34.83,5.99,546.49,77.5,0.0,232.17
2017-12-01 17:00:00,ELEVATED,EV_CHARGING_SHIFT,581.31,0.0,0.0,581.31,77.5,0.0,232.17
2017-12-01 17:00:00,ELEVATED,BATTERY_DISCHARGE,581.31,25.0,4.3,556.31,77.5,0.0,232.17
2017-12-01 17:00:00,ELEVATED,COMBINED_ACTION,581.31,59.83,10.29,521.49,77.5,0.0,232.17
2017-12-04 11:00:00,ELEVATED,HVAC_SETPOINT_ADJUSTMENT,551.15,29.79,5.4,521.37,80.0,0.0,198.57
2017-12-04 11:00:00,ELEVATED,EV_CHARGING_SHIFT,551.15,0.0,0.0,551.15,80.0,0.0,198.57
2017-12-04 11:00:00,ELEVATED,BATTERY_DISCHARGE,551.15,25.0,4.54,526.15,80.0,0.0,198.57
2017-12-04 11:00:00,ELEVATED,COMBINED_ACTION,551.15,54.79,9.94,496.37,80.0,0.0,198.57
2017-12-04 12:00:00,HIGH,HVAC_SETPOINT_ADJUSTMENT,589.98,32.17,5.45,557.81,80.0,0.0,214.47
2017-12-04 12:00:00,HIGH,EV_CHARGING_SHIFT,589.98,0.0,0.0,589.98,80.0,0.0,214.47
2017-12-04 12:00:00,HIGH,BATTERY_DISCHARGE,589.98,25.0,4.24,564.98,80.0,0.0,214.47
2017-12-04 12:00:00,HIGH,COMBINED_ACTION,589.98,57.17,9.69,532.81,80.0,0.0,214.47
2017-12-04 13:00:00,HIGH,HVAC_SETPOINT_ADJUSTMENT,606.33,33.45,5.52,572.88,80.0,41.81,223.03
2017-12-04 13:00:00,HIGH,EV_CHARGING_SHIFT,606.33,33.45,5.52,572.89,80.0,41.81,223.03
2017-12-04 13:00:00,HIGH,BATTERY_DISCHARGE,606.33,25.0,4.12,581.33,80.0,41.81,223.03
2017-12-04 13:00:00,HIGH,COMBINED_ACTION,606.33,91.9,15.16,514.43,80.0,41.81,223.03
2017-12-04 14:00:00,HIGH,HVAC_SETPOINT_ADJUSTMENT,609.36,29.78,4.89,579.57,80.0,0.0,198.55
2017-12-04 14:00:00,HIGH,EV_CHARGING_SHIFT,609.36,0.0,0.0,609.36,80.0,0.0,198.55
2017-12-04 14:00:00,HIGH,BATTERY_DISCHARGE,609.36,25.0,4.1,584.36,80.0,0.0,198.55
2017-12-04 14:00:00,HIGH,COMBINED_ACTION,609.36,54.78,8.99,554.57,80.0,0.0,198.55
2017-12-04 15:00:00,HIGH,HVAC_SETPOINT_ADJUSTMENT,595.52,30.22,5.08,565.29,80.0,0.0,201.49
2017-12-04 15:00:00,HIGH,EV_CHARGING_SHIFT,595.52,0.0,0.0,595.52,80.0,0.0,201.49
2017-12-04 15:00:00,HIGH,BATTERY_DISCHARGE,595.52,25.0,4.2,570.52,80.0,0.0,201.49
2017-12-04 15:00:00,HIGH,COMBINED_ACTION,595.52,55.22,9.27,540.29,80.0,0.0,201.49
2017-12-04 16:00:00,HIGH,HVAC_SETPOINT_ADJUSTMENT,584.92,29.04,4.96,555.88,80.0,0.0,193.6
2017-12-04 16:00:00,HIGH,EV_CHARGING_SHIFT,584.92,0.0,0.0,584.92,80.0,0.0,193.6
2017-12-04 16:00:00,HIGH,BATTERY_DISCHARGE,584.92,25.0,4.27,559.92,80.0,0.0,193.6
2017-12-04 16:00:00,HIGH,COMBINED_ACTION,584.92,54.04,9.24,530.88,80.0,0.0,193.6
2017-12-04 17:00:00,HIGH,HVAC_SETPOINT_ADJUSTMENT,596.74,31.48,5.28,565.26,77.5,44.37,209.89
2017-12-04 17:00:00,HIGH,EV_CHARGING_SHIFT,596.74,35.5,5.95,561.25,77.5,44.37,209.89
2017-12-04 17:00:00,HIGH,BATTERY_DISCHARGE,596.74,25.0,4.19,571.74,77.5,44.37,209.89
2017-12-04 17:00:00,HIGH,COMBINED_ACTION,596.74,91.98,15.41,504.76,77.5,44.37,209.89
2017-12-05 11:00:00,ELEVATED,HVAC_SETPOINT_ADJUSTMENT,573.65,35.53,6.19,538.11,80.0,0.0,236.9
2017-12-05 11:00:00,ELEVATED,EV_CHARGING_SHIFT,573.65,0.0,0.0,573.65,80.0,0.0,236.9
2017-12-05 11:00:00,ELEVATED,BATTERY_DISCHARGE,573.65,25.0,4.36,548.65,80.0,0.0,236.9
2017-12-05 11:00:00,ELEVATED,COMBINED_ACTION,573.65,60.54,10.55,513.11,80.0,0.0,236.9
2017-12-05 12:00:00,HIGH,HVAC_SETPOINT_ADJUSTMENT,589.26,35.12,5.96,554.14,80.0,0.0,234.13
2017-12-05 12:00:00,HIGH,EV_CHARGING_SHIFT,589.26,0.0,0.0,589.26,80.0,0.0,234.13
2017-12-05 12:00:00,HIGH,BATTERY_DISCHARGE,589.26,25.0,4.24,564.26,80.0,0.0,234.13
2017-12-05 12:00:00,HIGH,COMBINED_ACTION,589.26,60.12,10.2,529.14,80.0,0.0,234.13
2017-12-05 13:00:00,CRITICAL,HVAC_SETPOINT_ADJUSTMENT,619.09,34.1,5.51,584.99,80.0,0.0,227.31
2017-12-05 13:00:00,CRITICAL,EV_CHARGING_SHIFT,619.09,0.0,0.0,619.09,80.0,0.0,227.31
2017-12-05 13:00:00,CRITICAL,BATTERY_DISCHARGE,619.09,25.0,4.04,594.09,80.0,0.0,227.31
2017-12-05 13:00:00,CRITICAL,COMBINED_ACTION,619.09,59.1,9.55,559.99,80.0,0.0,227.31
2017-12-05 14:00:00,HIGH,HVAC_SETPOINT_ADJUSTMENT,594.17,28.25,4.75,565.92,80.0,22.57,188.35
2017-12-05 14:00:00,HIGH,EV_CHARGING_SHIFT,594.17,18.06,3.04,576.11,80.0,22.57,188.35
2017-12-05 14:00:00,HIGH,BATTERY_DISCHARGE,594.17,25.0,4.21,569.17,80.0,22.57,188.35
2017-12-05 14:00:00,HIGH,COMBINED_ACTION,594.17,71.31,12.0,522.86,80.0,22.57,188.35
2017-12-05 15:00:00,HIGH,HVAC_SETPOINT_ADJUSTMENT,605.63,30.66,5.06,574.97,80.0,38.45,204.37
2017-12-05 15:00:00,HIGH,EV_CHARGING_SHIFT,605.63,30.76,5.08,574.87,80.0,38.45,204.37
2017-12-05 15:00:00,HIGH,BATTERY_DISCHARGE,605.63,25.0,4.13,580.63,80.0,38.45,204.37
2017-12-05 15:00:00,HIGH,COMBINED_ACTION,605.63,86.42,14.27,519.21,80.0,38.45,204.37
2017-12-05 16:00:00,CRITICAL,HVAC_SETPOINT_ADJUSTMENT,615.54,34.31,5.57,581.23,80.0,45.77,228.73
2017-12-05 16:00:00,CRITICAL,EV_CHARGING_SHIFT,615.54,36.62,5.95,578.92,80.0,45.77,228.73
2017-12-05 16:00:00,CRITICAL,BATTERY_DISCHARGE,615.54,25.0,4.06,590.54,80.0,45.77,228.73
2017-12-05 16:00:00,CRITICAL,COMBINED_ACTION,615.54,95.93,15.58,519.61,80.0,45.77,228.73
2017-12-05 17:00:00,HIGH,HVAC_SETPOINT_ADJUSTMENT,590.97,25.79,4.36,565.19,77.5,0.0,171.91
2017-12-05 17:00:00,HIGH,EV_CHARGING_SHIFT,590.97,0.0,0.0,590.97,77.5,0.0,171.91
2017-12-05 17:00:00,HIGH,BATTERY_DISCHARGE,590.97,25.0,4.23,565.97,77.5,0.0,171.91
2017-12-05 17:00:00,HIGH,COMBINED_ACTION,590.97,50.79,8.59,540.19,77.5,0.0,171.91
2017-12-07 12:00:00,ELEVATED,HVAC_SETPOINT_ADJUSTMENT,565.1,30.07,5.32,535.02,80.0,18.78,200.49
2017-12-07 12:00:00,ELEVATED,EV_CHARGING_SHIFT,565.1,15.02,2.66,550.07,80.0,18.78,200.49
2017-12-07 12:00:00,ELEVATED,BATTERY_DISCHARGE,565.1,25.0,4.42,540.1,80.0,18.78,200.49
2017-12-07 12:00:00,ELEVATED,COMBINED_ACTION,565.1,70.1,12.4,495.0,80.0,18.78,200.49
2017-12-07 13:00:00,ELEVATED,HVAC_SETPOINT_ADJUSTMENT,562.17,28.08,4.99,534.1,80.0,0.0,187.18
2017-12-07 13:00:00,ELEVATED,EV_CHARGING_SHIFT,562.17,0.0,0.0,562.17,80.0,0.0,187.18
2017-12-07 13:00:00,ELEVATED,BATTERY_DISCHARGE,562.17,25.0,4.45,537.17,80.0,0.0,187.18
2017-12-07 13:00:00,ELEVATED,COMBINED_ACTION,562.17,53.08,9.44,509.1,80.0,0.0,187.18
2017-12-07 14:00:00,ELEVATED,HVAC_SETPOINT_ADJUSTMENT,557.48,24.76,4.44,532.71,80.0,0.0,165.1
2017-12-07 14:00:00,ELEVATED,EV_CHARGING_SHIFT,557.48,0.0,0.0,557.48,80.0,0.0,165.1
2017-12-07 14:00:00,ELEVATED,BATTERY_DISCHARGE,557.48,25.0,4.48,532.48,80.0,0.0,165.1
2017-12-07 14:00:00,ELEVATED,COMBINED_ACTION,557.48,49.76,8.93,507.71,80.0,0.0,165.1
2017-12-07 15:00:00,ELEVATED,HVAC_SETPOINT_ADJUSTMENT,570.57,29.37,5.15,541.19,80.0,0.0,195.83
2017-12-07 15:00:00,ELEVATED,EV_CHARGING_SHIFT,570.57,0.0,0.0,570.57,80.0,0.0,195.83
2017-12-07 15:00:00,ELEVATED,BATTERY_DISCHARGE,570.57,25.0,4.38,545.57,80.0,0.0,195.83
2017-12-07 15:00:00,ELEVATED,COMBINED_ACTION,570.57,54.37,9.53,516.19,80.0,0.0,195.83
2017-12-07 16:00:00,ELEVATED,HVAC_SETPOINT_ADJUSTMENT,571.51,28.08,4.91,543.43,80.0,0.0,187.19
2017-12-07 16:00:00,ELEVATED,EV_CHARGING_SHIFT,571.51,0.0,0.0,571.51,80.0,0.0,187.19
2017-12-07 16:00:00,ELEVATED,BATTERY_DISCHARGE,571.51,25.0,4.37,546.51,80.0,0.0,187.19
2017-12-07 16:00:00,ELEVATED,COMBINED_ACTION,571.51,53.08,9.29,518.43,80.0,0.0,187.19
2017-12-07 17:00:00,ELEVATED,HVAC_SETPOINT_ADJUSTMENT,550.82,30.37,5.51,520.45,77.5,0.0,202.49
2017-12-07 17:00:00,ELEVATED,EV_CHARGING_SHIFT,550.82,0.0,0.0,550.82,77.5,0.0,202.49
2017-12-07 17:00:00,ELEVATED,BATTERY_DISCHARGE,550.82,25.0,4.54,525.82,77.5,0.0,202.49
2017-12-07 17:00:00,ELEVATED,COMBINED_ACTION,550.82,55.37,10.05,495.45,77.5,0.0,202.49
2017-12-08 12:00:00,ELEVATED,HVAC_SETPOINT_ADJUSTMENT,569.39,39.6,6.96,529.79,80.0,0.0,264.02
2017-12-08 12:00:00,ELEVATED,EV_CHARGING_SHIFT,569.39,0.0,0.0,569.39,80.0,0.0,264.02
2017-12-08 12:00:00,ELEVATED,BATTERY_DISCHARGE,569.39,25.0,4.39,544.39,80.0,0.0,264.02
2017-12-08 12:00:00,ELEVATED,COMBINED_ACTION,569.39,64.6,11.35,504.79,80.0,0.0,264.02
2017-12-08 13:00:00,HIGH,HVAC_SETPOINT_ADJUSTMENT,596.97,33.04,5.53,563.93,80.0,20.39,220.24
2017-12-08 13:00:00,HIGH,EV_CHARGING_SHIFT,596.97,16.31,2.73,580.65,80.0,20.39,220.24
2017-12-08 13:00:00,HIGH,BATTERY_DISCHARGE,596.97,25.0,4.19,571.97,80.0,20.39,220.24
2017-12-08 13:00:00,HIGH,COMBINED_ACTION,596.97,74.35,12.45,522.62,80.0,20.39,220.24
2017-12-08 14:00:00,HIGH,HVAC_SETPOINT_ADJUSTMENT,605.1,35.17,5.81,569.93,80.0,0.0,234.46
2017-12-08 14:00:00,HIGH,EV_CHARGING_SHIFT,605.1,0.0,0.0,605.1,80.0,0.0,234.46
2017-12-08 14:00:00,HIGH,BATTERY_DISCHARGE,605.1,25.0,4.13,580.1,80.0,0.0,234.46
2017-12-08 14:00:00,HIGH,COMBINED_ACTION,605.1,60.17,9.94,544.93,80.0,0.0,234.46
2017-12-08 15:00:00,HIGH,HVAC_SETPOINT_ADJUSTMENT,598.7,35.92,6.0,562.78,80.0,21.44,239.47
2017-12-08 15:00:00,HIGH,EV_CHARGING_SHIFT,598.7,17.15,2.86,581.55,80.0,21.44,239.47
2017-12-08 15:00:00,HIGH,BATTERY_DISCHARGE,598.7,25.0,4.18,573.7,80.0,21.44,239.47
2017-12-08 15:00:00,HIGH,COMBINED_ACTION,598.7,78.07,13.04,520.63,80.0,21.44,239.47
2017-12-08 16:00:00,HIGH,HVAC_SETPOINT_ADJUSTMENT,596.04,36.25,6.08,559.79,80.0,0.0,241.66
2017-12-08 16:00:00,HIGH,EV_CHARGING_SHIFT,596.04,0.0,0.0,596.04,80.0,0.0,241.66
2017-12-08 16:00:00,HIGH,BATTERY_DISCHARGE,596.04,25.0,4.19,571.04,80.0,0.0,241.66
2017-12-08 16:00:00,HIGH,COMBINED_ACTION,596.04,61.25,10.28,534.79,80.0,0.0,241.66
2017-12-08 17:00:00,ELEVATED,HVAC_SETPOINT_ADJUSTMENT,575.01,35.39,6.15,539.62,77.5,33.13,235.91
2017-12-08 17:00:00,ELEVATED,EV_CHARGING_SHIFT,575.01,26.5,4.61,548.5,77.5,33.13,235.91
2017-12-08 17:00:00,ELEVATED,BATTERY_DISCHARGE,575.01,25.0,4.35,550.01,77.5,33.13,235.91
2017-12-08 17:00:00,ELEVATED,COMBINED_ACTION,575.01,86.89,15.11,488.12,77.5,33.13,235.91
2017-12-11 12:00:00,ELEVATED,HVAC_SETPOINT_ADJUSTMENT,565.97,40.52,7.16,525.45,80.0,0.0,270.13
2017-12-11 12:00:00,ELEVATED,EV_CHARGING_SHIFT,565.97,0.0,0.0,565.97,80.0,0.0,270.13
2017-12-11 12:00:00,ELEVATED,BATTERY_DISCHARGE,565.97,25.0,4.42,540.97,80.0,0.0,270.13
2017-12-11 12:00:00,ELEVATED,COMBINED_ACTION,565.97,65.52,11.58,500.45,80.0,0.0,270.13
2017-12-11 13:00:00,HIGH,HVAC_SETPOINT_ADJUSTMENT,603.83,35.18,5.83,568.64,80.0,0.0,234.54
2017-12-11 13:00:00,HIGH,EV_CHARGING_SHIFT,603.83,0.0,0.0,603.83,80.0,0.0,234.54
2017-12-11 13:00:00,HIGH,BATTERY_DISCHARGE,603.83,25.0,4.14,578.83,80.0,0.0,234.54
2017-12-11 13:00:00,HIGH,COMBINED_ACTION,603.83,60.18,9.97,543.64,80.0,0.0,234.54
2017-12-11 14:00:00,CRITICAL,HVAC_SETPOINT_ADJUSTMENT,615.66,39.44,6.41,576.22,80.0,0.0,262.91
2017-12-11 14:00:00,CRITICAL,EV_CHARGING_SHIFT,615.66,0.0,0.0,615.66,80.0,0.0,262.91
2017-12-11 14:00:00,CRITICAL,BATTERY_DISCHARGE,615.66,25.0,4.06,590.66,80.0,0.0,262.91
2017-12-11 14:00:00,CRITICAL,COMBINED_ACTION,615.66,64.44,10.47,551.22,80.0,0.0,262.91
2017-12-11 15:00:00,CRITICAL,HVAC_SETPOINT_ADJUSTMENT,614.66,41.42,6.74,573.24,80.0,30.09,276.1
2017-12-11 15:00:00,CRITICAL,EV_CHARGING_SHIFT,614.66,24.07,3.92,590.58,80.0,30.09,276.1
2017-12-11 15:00:00,CRITICAL,BATTERY_DISCHARGE,614.66,25.0,4.07,589.66,80.0,30.09,276.1
2017-12-11 15:00:00,CRITICAL,COMBINED_ACTION,614.66,90.49,14.72,524.17,80.0,30.09,276.1
2017-12-11 16:00:00,CRITICAL,HVAC_SETPOINT_ADJUSTMENT,612.52,37.18,6.07,575.34,80.0,10.12,247.88
2017-12-11 16:00:00,CRITICAL,EV_CHARGING_SHIFT,612.52,8.1,1.32,604.42,80.0,10.12,247.88
2017-12-11 16:00:00,CRITICAL,BATTERY_DISCHARGE,612.52,25.0,4.08,587.52,80.0,10.12,247.88
2017-12-11 16:00:00,CRITICAL,COMBINED_ACTION,612.52,70.28,11.47,542.24,80.0,10.12,247.88
2017-12-11 17:00:00,HIGH,HVAC_SETPOINT_ADJUSTMENT,607.76,34.47,5.67,573.29,77.5,0.0,229.83
2017-12-11 17:00:00,HIGH,EV_CHARGING_SHIFT,607.76,0.0,0.0,607.76,77.5,0.0,229.83
2017-12-11 17:00:00,HIGH,BATTERY_DISCHARGE,607.76,25.0,4.11,582.76,77.5,0.0,229.83
2017-12-11 17:00:00,HIGH,COMBINED_ACTION,607.76,59.47,9.79,548.29,77.5,0.0,229.83
