timestamp,event_severity,executed_action,approval_status,expected_load_without_action,expected_reduction_kw,expected_load_after_action,execution_factor,achieved_reduction_kw,observed_load_after_action,performance_ratio_percent,verification_status,needs_replanning
2017-08-11 16:00:00,ELEVATED,HVAC_SETPOINT_ADJUSTMENT,APPROVED,550.87,19.28,531.59,0.908,17.5,533.37,90.78,SUCCESS,False
2017-08-11 16:00:00,ELEVATED,EV_CHARGING_SHIFT,APPROVED,550.87,27.09,523.78,0.954,25.84,525.03,95.39,SUCCESS,False
2017-08-11 16:00:00,ELEVATED,BATTERY_DISCHARGE,APPROVED,550.87,25.0,525.87,1.039,25.98,524.89,103.91,SUCCESS,False
2017-08-11 16:00:00,ELEVATED,COMBINED_ACTION,APPROVED,550.87,71.37,479.5,0.833,59.45,491.42,83.3,SUCCESS,False
2017-08-14 15:00:00,ELEVATED,HVAC_SETPOINT_ADJUSTMENT,APPROVED,551.23,20.91,530.32,0.927,19.38,531.85,92.69,SUCCESS,False
2017-08-14 15:00:00,ELEVATED,EV_CHARGING_SHIFT,APPROVED,551.23,40.51,510.72,0.778,31.53,519.7,77.84,UNDERPERFORMED,True
2017-08-14 15:00:00,ELEVATED,BATTERY_DISCHARGE,APPROVED,551.23,25.0,526.23,0.786,19.65,531.58,78.6,UNDERPERFORMED,True
2017-08-14 15:00:00,ELEVATED,COMBINED_ACTION,APPROVED,551.23,86.42,464.81,0.998,86.22,465.01,99.76,SUCCESS,False
2017-08-14 16:00:00,ELEVATED,HVAC_SETPOINT_ADJUSTMENT,APPROVED,563.08,19.55,543.52,0.802,15.67,547.41,80.17,SUCCESS,False
2017-08-14 16:00:00,ELEVATED,EV_CHARGING_SHIFT,APPROVED,563.08,30.09,532.99,0.943,28.38,534.7,94.32,SUCCESS,False
2017-08-14 16:00:00,ELEVATED,BATTERY_DISCHARGE,APPROVED,563.08,25.0,538.08,0.828,20.7,542.38,82.79,SUCCESS,False
2017-08-14 16:00:00,ELEVATED,COMBINED_ACTION,APPROVED,563.08,74.64,488.44,0.75,56.01,507.07,75.04,UNDERPERFORMED,True
2017-08-15 15:00:00,ELEVATED,HVAC_SETPOINT_ADJUSTMENT,APPROVED,551.12,19.19,531.93,0.967,18.56,532.56,96.72,SUCCESS,False
2017-08-15 15:00:00,ELEVATED,EV_CHARGING_SHIFT,APPROVED,551.12,41.09,510.03,0.874,35.9,515.22,87.37,SUCCESS,False
2017-08-15 15:00:00,ELEVATED,BATTERY_DISCHARGE,APPROVED,551.12,25.0,526.12,0.838,20.94,530.18,83.77,SUCCESS,False
2017-08-15 15:00:00,ELEVATED,COMBINED_ACTION,APPROVED,551.12,85.27,465.84,0.864,73.64,477.48,86.36,SUCCESS,False
2017-08-15 16:00:00,ELEVATED,HVAC_SETPOINT_ADJUSTMENT,APPROVED,564.9,17.44,547.46,0.769,13.42,551.48,76.93,UNDERPERFORMED,True
2017-08-15 16:00:00,ELEVATED,EV_CHARGING_SHIFT,APPROVED,564.9,0.0,564.9,1.048,0.0,564.9,0.0,UNDERPERFORMED,True
2017-08-15 16:00:00,ELEVATED,BATTERY_DISCHARGE,APPROVED,564.9,25.0,539.9,0.957,23.94,540.96,95.74,SUCCESS,False
2017-08-15 16:00:00,ELEVATED,COMBINED_ACTION,APPROVED,564.9,42.44,522.46,0.939,39.85,525.05,93.89,SUCCESS,False
2017-08-16 13:00:00,ELEVATED,HVAC_SETPOINT_ADJUSTMENT,APPROVED,557.54,17.9,539.63,0.882,15.79,541.75,88.2,SUCCESS,False
2017-08-16 13:00:00,ELEVATED,EV_CHARGING_SHIFT,APPROVED,557.54,40.61,516.93,0.986,40.05,517.49,98.63,SUCCESS,False
2017-08-16 13:00:00,ELEVATED,BATTERY_DISCHARGE,APPROVED,557.54,25.0,532.54,0.819,20.48,537.06,81.94,SUCCESS,False
2017-08-16 13:00:00,ELEVATED,COMBINED_ACTION,APPROVED,557.54,83.51,474.03,0.891,74.43,483.11,89.13,SUCCESS,False
2017-08-16 15:00:00,ELEVATED,HVAC_SETPOINT_ADJUSTMENT,APPROVED,566.84,19.2,547.64,0.925,17.77,549.07,92.55,SUCCESS,False
2017-08-16 15:00:00,ELEVATED,EV_CHARGING_SHIFT,APPROVED,566.84,0.0,566.84,0.779,0.0,566.84,0.0,UNDERPERFORMED,True
2017-08-16 15:00:00,ELEVATED,BATTERY_DISCHARGE,APPROVED,566.84,25.0,541.84,0.787,19.67,547.17,78.69,UNDERPERFORMED,True
2017-08-16 15:00:00,ELEVATED,COMBINED_ACTION,APPROVED,566.84,44.2,522.64,0.989,43.7,523.14,98.87,SUCCESS,False
2017-08-16 16:00:00,HIGH,HVAC_SETPOINT_ADJUSTMENT,APPROVED,589.22,22.6,566.62,0.995,22.5,566.72,99.54,SUCCESS,False
2017-08-16 16:00:00,HIGH,EV_CHARGING_SHIFT,APPROVED,589.22,0.0,589.22,0.782,0.0,589.22,0.0,UNDERPERFORMED,True
2017-08-16 16:00:00,HIGH,BATTERY_DISCHARGE,APPROVED,589.22,25.0,564.22,0.831,20.79,568.43,83.15,SUCCESS,False
2017-08-16 16:00:00,HIGH,COMBINED_ACTION,APPROVED,589.22,47.6,541.62,0.825,39.26,549.96,82.48,SUCCESS,False
2017-08-17 13:00:00,ELEVATED,HVAC_SETPOINT_ADJUSTMENT,APPROVED,558.7,18.85,539.85,1.029,19.4,539.3,102.94,SUCCESS,False
2017-08-17 13:00:00,ELEVATED,EV_CHARGING_SHIFT,APPROVED,558.7,0.0,558.7,1.04,0.0,558.7,0.0,UNDERPERFORMED,True
2017-08-17 13:00:00,ELEVATED,BATTERY_DISCHARGE,APPROVED,558.7,25.0,533.7,0.795,19.86,538.84,79.46,UNDERPERFORMED,True
2017-08-17 13:00:00,ELEVATED,COMBINED_ACTION,APPROVED,558.7,43.85,514.85,0.841,36.88,521.82,84.11,SUCCESS,False
2017-08-17 14:00:00,ELEVATED,HVAC_SETPOINT_ADJUSTMENT,APPROVED,561.84,22.94,538.9,0.863,19.8,542.04,86.31,SUCCESS,False
2017-08-17 14:00:00,ELEVATED,EV_CHARGING_SHIFT,APPROVED,561.84,0.0,561.84,0.994,0.0,561.84,0.0,UNDERPERFORMED,True
2017-08-17 14:00:00,ELEVATED,BATTERY_DISCHARGE,APPROVED,561.84,25.0,536.84,0.804,20.09,541.75,80.38,SUCCESS,False
2017-08-17 14:00:00,ELEVATED,COMBINED_ACTION,APPROVED,561.84,47.94,513.9,0.999,47.91,513.93,99.94,SUCCESS,False
2017-08-17 15:00:00,ELEVATED,HVAC_SETPOINT_ADJUSTMENT,APPROVED,572.85,23.07,549.78,0.764,17.64,555.21,76.44,UNDERPERFORMED,True
2017-08-17 15:00:00,ELEVATED,EV_CHARGING_SHIFT,APPROVED,572.85,0.0,572.85,0.913,0.0,572.85,0.0,UNDERPERFORMED,True
2017-08-17 15:00:00,ELEVATED,BATTERY_DISCHARGE,APPROVED,572.85,25.0,547.85,0.979,24.46,548.39,97.85,SUCCESS,False
2017-08-17 15:00:00,ELEVATED,COMBINED_ACTION,APPROVED,572.85,48.07,524.78,1.039,49.93,522.92,103.87,SUCCESS,False
2017-08-17 16:00:00,ELEVATED,HVAC_SETPOINT_ADJUSTMENT,APPROVED,559.21,17.58,541.63,1.011,17.78,541.43,101.12,SUCCESS,False
2017-08-17 16:00:00,ELEVATED,EV_CHARGING_SHIFT,APPROVED,559.21,39.82,519.39,0.983,39.13,520.08,98.26,SUCCESS,False
2017-08-17 16:00:00,ELEVATED,BATTERY_DISCHARGE,APPROVED,559.21,25.0,534.21,1.008,25.2,534.01,100.79,SUCCESS,False
2017-08-17 16:00:00,ELEVATED,COMBINED_ACTION,APPROVED,559.21,82.4,476.81,0.797,65.64,493.57,79.66,UNDERPERFORMED,True
2017-08-17 17:00:00,ELEVATED,HVAC_SETPOINT_ADJUSTMENT,APPROVED,552.84,14.06,538.78,0.879,12.36,540.48,87.94,SUCCESS,False
2017-08-17 17:00:00,ELEVATED,EV_CHARGING_SHIFT,APPROVED,552.84,0.0,552.84,0.97,0.0,552.84,0.0,UNDERPERFORMED,True
2017-08-17 17:00:00,ELEVATED,BATTERY_DISCHARGE,APPROVED,552.84,25.0,527.84,0.761,19.01,533.83,76.05,UNDERPERFORMED,True
2017-08-17 17:00:00,ELEVATED,COMBINED_ACTION,APPROVED,552.84,39.06,513.78,1.0,39.04,513.8,99.96,SUCCESS,False
2017-08-18 13:00:00,ELEVATED,HVAC_SETPOINT_ADJUSTMENT,APPROVED,551.48,22.85,528.62,0.95,21.7,529.78,94.97,SUCCESS,False
2017-08-18 13:00:00,ELEVATED,EV_CHARGING_SHIFT,APPROVED,551.48,0.0,551.48,1.005,0.0,551.48,0.0,UNDERPERFORMED,True
2017-08-18 13:00:00,ELEVATED,BATTERY_DISCHARGE,APPROVED,551.48,25.0,526.48,0.981,24.52,526.96,98.08,SUCCESS,False
2017-08-18 13:00:00,ELEVATED,COMBINED_ACTION,APPROVED,551.48,47.85,503.62,1.003,47.99,503.49,100.29,SUCCESS,False
2017-08-22 16:00:00,ELEVATED,HVAC_SETPOINT_ADJUSTMENT,APPROVED,553.23,21.63,531.6,0.807,17.46,535.77,80.74,SUCCESS,False
2017-08-22 16:00:00,ELEVATED,EV_CHARGING_SHIFT,APPROVED,553.23,21.02,532.21,1.041,21.89,531.34,104.12,SUCCESS,False
2017-08-22 16:00:00,ELEVATED,BATTERY_DISCHARGE,APPROVED,553.23,25.0,528.23,1.017,25.44,527.79,101.75,SUCCESS,False
2017-08-22 16:00:00,ELEVATED,COMBINED_ACTION,APPROVED,553.23,67.65,485.58,0.969,65.55,487.68,96.9,SUCCESS,False
2017-08-24 15:00:00,ELEVATED,HVAC_SETPOINT_ADJUSTMENT,APPROVED,561.48,15.39,546.1,0.914,14.07,547.41,91.45,SUCCESS,False
2017-08-24 15:00:00,ELEVATED,EV_CHARGING_SHIFT,APPROVED,561.48,0.0,561.48,1.034,0.0,561.48,0.0,UNDERPERFORMED,True
2017-08-24 15:00:00,ELEVATED,BATTERY_DISCHARGE,APPROVED,561.48,25.0,536.48,0.901,22.52,538.96,90.07,SUCCESS,False
2017-08-24 15:00:00,ELEVATED,COMBINED_ACTION,APPROVED,561.48,40.39,521.1,0.758,30.6,530.88,75.76,UNDERPERFORMED,True
2017-08-24 16:00:00,ELEVATED,HVAC_SETPOINT_ADJUSTMENT,APPROVED,555.87,22.5,533.37,0.894,20.12,535.75,89.44,SUCCESS,False
2017-08-24 16:00:00,ELEVATED,EV_CHARGING_SHIFT,APPROVED,555.87,0.0,555.87,0.983,0.0,555.87,0.0,UNDERPERFORMED,True
2017-08-24 16:00:00,ELEVATED,BATTERY_DISCHARGE,APPROVED,555.87,25.0,530.87,0.901,22.52,533.35,90.08,SUCCESS,False
2017-08-24 16:00:00,ELEVATED,COMBINED_ACTION,APPROVED,555.87,47.5,508.37,0.81,38.49,517.38,81.04,SUCCESS,False
2017-08-29 11:00:00,ELEVATED,HVAC_SETPOINT_ADJUSTMENT,APPROVED,552.31,17.09,535.22,0.976,16.67,535.64,97.56,SUCCESS,False
2017-08-29 11:00:00,ELEVATED,EV_CHARGING_SHIFT,APPROVED,552.31,0.0,552.31,0.754,0.0,552.31,0.0,UNDERPERFORMED,True
2017-08-29 11:00:00,ELEVATED,BATTERY_DISCHARGE,APPROVED,552.31,25.0,527.31,0.869,21.72,530.59,86.88,SUCCESS,False
2017-08-29 11:00:00,ELEVATED,COMBINED_ACTION,APPROVED,552.31,42.09,510.22,0.829,34.88,517.43,82.86,SUCCESS,False
2017-08-29 13:00:00,ELEVATED,HVAC_SETPOINT_ADJUSTMENT,APPROVED,576.12,24.38,551.74,0.862,21.01,555.11,86.18,SUCCESS,False
2017-08-29 13:00:00,ELEVATED,EV_CHARGING_SHIFT,APPROVED,576.12,16.0,560.12,0.884,14.15,561.97,88.44,SUCCESS,False
2017-08-29 13:00:00,ELEVATED,BATTERY_DISCHARGE,APPROVED,576.12,25.0,551.12,0.907,22.67,553.45,90.67,SUCCESS,False
2017-08-29 13:00:00,ELEVATED,COMBINED_ACTION,APPROVED,576.12,65.38,510.74,0.934,61.06,515.06,93.39,SUCCESS,False
2017-08-29 15:00:00,ELEVATED,HVAC_SETPOINT_ADJUSTMENT,APPROVED,562.75,22.23,540.52,1.001,22.26,540.49,100.14,SUCCESS,False
2017-08-29 15:00:00,ELEVATED,EV_CHARGING_SHIFT,APPROVED,562.75,0.0,562.75,0.967,0.0,562.75,0.0,UNDERPERFORMED,True
2017-08-29 15:00:00,ELEVATED,BATTERY_DISCHARGE,APPROVED,562.75,25.0,537.75,0.943,23.57,539.18,94.29,SUCCESS,False
2017-08-29 15:00:00,ELEVATED,COMBINED_ACTION,APPROVED,562.75,47.23,515.52,1.012,47.81,514.94,101.22,SUCCESS,False
2017-08-31 16:00:00,ELEVATED,HVAC_SETPOINT_ADJUSTMENT,APPROVED,560.49,26.28,534.21,1.037,27.25,533.24,103.7,SUCCESS,False
2017-08-31 16:00:00,ELEVATED,EV_CHARGING_SHIFT,APPROVED,560.49,37.6,522.89,1.014,38.14,522.35,101.43,SUCCESS,False
2017-08-31 16:00:00,ELEVATED,BATTERY_DISCHARGE,APPROVED,560.49,25.0,535.49,0.971,24.28,536.21,97.12,SUCCESS,False
2017-08-31 16:00:00,ELEVATED,COMBINED_ACTION,APPROVED,560.49,88.88,471.61,0.983,87.38,473.11,98.32,SUCCESS,False
2017-09-01 15:00:00,ELEVATED,HVAC_SETPOINT_ADJUSTMENT,APPROVED,564.38,19.32,545.06,0.76,14.69,549.69,76.04,UNDERPERFORMED,True
2017-09-01 15:00:00,ELEVATED,EV_CHARGING_SHIFT,APPROVED,564.38,0.0,564.38,0.839,0.0,564.38,0.0,UNDERPERFORMED,True
2017-09-01 15:00:00,ELEVATED,BATTERY_DISCHARGE,APPROVED,564.38,25.0,539.38,1.017,25.43,538.95,101.72,SUCCESS,False
2017-09-01 15:00:00,ELEVATED,COMBINED_ACTION,APPROVED,564.38,44.32,520.06,0.81,35.89,528.49,80.99,SUCCESS,False
2017-09-01 16:00:00,ELEVATED,HVAC_SETPOINT_ADJUSTMENT,APPROVED,569.92,20.52,549.4,0.759,15.57,554.35,75.86,UNDERPERFORMED,True
2017-09-01 16:00:00,ELEVATED,EV_CHARGING_SHIFT,APPROVED,569.92,40.33,529.59,0.8,32.28,537.64,80.04,SUCCESS,False
2017-09-01 16:00:00,ELEVATED,BATTERY_DISCHARGE,APPROVED,569.92,25.0,544.92,0.763,19.08,550.84,76.31,UNDERPERFORMED,True
2017-09-01 16:00:00,ELEVATED,COMBINED_ACTION,APPROVED,569.92,85.85,484.07,1.017,87.32,482.6,101.71,SUCCESS,False
2017-09-05 16:00:00,ELEVATED,HVAC_SETPOINT_ADJUSTMENT,APPROVED,562.14,22.11,540.03,0.888,19.64,542.5,88.84,SUCCESS,False
2017-09-05 16:00:00,ELEVATED,EV_CHARGING_SHIFT,APPROVED,562.14,19.91,542.22,1.018,20.26,541.88,101.77,SUCCESS,False
2017-09-05 16:00:00,ELEVATED,BATTERY_DISCHARGE,APPROVED,562.14,25.0,537.14,0.812,20.31,541.83,81.24,SUCCESS,False
2017-09-05 16:00:00,ELEVATED,COMBINED_ACTION,APPROVED,562.14,67.02,495.12,0.764,51.18,510.96,76.37,UNDERPERFORMED,True
2017-09-06 14:00:00,ELEVATED,HVAC_SETPOINT_ADJUSTMENT,APPROVED,553.91,20.84,533.07,0.852,17.75,536.16,85.17,SUCCESS,False
2017-09-06 14:00:00,ELEVATED,EV_CHARGING_SHIFT,APPROVED,553.91,26.63,527.28,1.041,27.73,526.18,104.13,SUCCESS,False
2017-09-06 14:00:00,ELEVATED,BATTERY_DISCHARGE,APPROVED,553.91,25.0,528.91,0.771,19.27,534.64,77.08,UNDERPERFORMED,True
2017-09-06 14:00:00,ELEVATED,COMBINED_ACTION,APPROVED,553.91,72.47,481.44,0.97,70.33,483.58,97.05,SUCCESS,False
2017-09-06 16:00:00,ELEVATED,HVAC_SETPOINT_ADJUSTMENT,APPROVED,562.0,20.7,541.31,0.763,15.79,546.21,76.29,UNDERPERFORMED,True
2017-09-06 16:00:00,ELEVATED,EV_CHARGING_SHIFT,APPROVED,562.0,29.93,532.08,0.759,22.72,539.28,75.92,UNDERPERFORMED,True
2017-09-06 16:00:00,ELEVATED,BATTERY_DISCHARGE,APPROVED,562.0,25.0,537.0,0.901,22.54,539.46,90.14,SUCCESS,False
2017-09-06 16:00:00,ELEVATED,COMBINED_ACTION,APPROVED,562.0,75.62,486.38,0.757,57.24,504.76,75.69,UNDERPERFORMED,True
2017-09-12 15:00:00,ELEVATED,HVAC_SETPOINT_ADJUSTMENT,APPROVED,577.82,22.6,555.22,0.817,18.46,559.36,81.7,SUCCESS,False
2017-09-12 15:00:00,ELEVATED,EV_CHARGING_SHIFT,APPROVED,577.82,25.69,552.13,0.915,23.51,554.31,91.51,SUCCESS,False
2017-09-12 15:00:00,ELEVATED,BATTERY_DISCHARGE,APPROVED,577.82,25.0,552.82,0.949,23.73,554.09,94.93,SUCCESS,False
2017-09-12 15:00:00,ELEVATED,COMBINED_ACTION,APPROVED,577.82,73.28,504.54,1.045,76.61,501.21,104.54,SUCCESS,False
2017-09-12 16:00:00,ELEVATED,HVAC_SETPOINT_ADJUSTMENT,APPROVED,575.97,26.16,549.81,0.991,25.92,550.05,99.08,SUCCESS,False
2017-09-12 16:00:00,ELEVATED,EV_CHARGING_SHIFT,APPROVED,575.97,11.68,564.29,0.85,9.93,566.04,85.01,SUCCESS,False
2017-09-12 16:00:00,ELEVATED,BATTERY_DISCHARGE,APPROVED,575.97,25.0,550.97,0.822,20.55,555.42,82.2,SUCCESS,False
2017-09-12 16:00:00,ELEVATED,COMBINED_ACTION,APPROVED,575.97,62.84,513.13,0.953,59.87,516.1,95.27,SUCCESS,False
2017-09-13 13:00:00,ELEVATED,HVAC_SETPOINT_ADJUSTMENT,APPROVED,564.43,25.77,538.66,0.921,23.74,540.69,92.11,SUCCESS,False
2017-09-13 13:00:00,ELEVATED,EV_CHARGING_SHIFT,APPROVED,564.43,0.0,564.43,0.936,0.0,564.43,0.0,UNDERPERFORMED,True
2017-09-13 13:00:00,ELEVATED,BATTERY_DISCHARGE,APPROVED,564.43,25.0,539.43,1.03,25.76,538.67,103.03,SUCCESS,False
2017-09-13 13:00:00,ELEVATED,COMBINED_ACTION,APPROVED,564.43,50.77,513.66,0.963,48.91,515.52,96.33,SUCCESS,False
2017-09-13 15:00:00,ELEVATED,HVAC_SETPOINT_ADJUSTMENT,APPROVED,553.14,24.17,528.98,0.842,20.34,532.8,84.17,SUCCESS,False
2017-09-13 15:00:00,ELEVATED,EV_CHARGING_SHIFT,APPROVED,553.14,12.92,540.22,0.829,10.7,542.44,82.85,SUCCESS,False
2017-09-13 15:00:00,ELEVATED,BATTERY_DISCHARGE,APPROVED,553.14,25.0,528.14,1.004,25.11,528.03,100.43,SUCCESS,False
2017-09-13 15:00:00,ELEVATED,COMBINED_ACTION,APPROVED,553.14,62.09,491.06,0.858,53.26,499.88,85.78,SUCCESS,False
2017-09-14 14:00:00,ELEVATED,HVAC_SETPOINT_ADJUSTMENT,APPROVED,556.5,25.1,531.4,1.0,25.09,531.41,99.98,SUCCESS,False
2017-09-14 14:00:00,ELEVATED,EV_CHARGING_SHIFT,APPROVED,556.5,0.0,556.5,1.008,0.0,556.5,0.0,UNDERPERFORMED,True
2017-09-14 14:00:00,ELEVATED,BATTERY_DISCHARGE,APPROVED,556.5,25.0,531.5,1.045,26.13,530.37,104.5,SUCCESS,False
2017-09-14 14:00:00,ELEVATED,COMBINED_ACTION,APPROVED,556.5,50.1,506.4,0.75,37.58,518.92,75.01,UNDERPERFORMED,True
2017-09-14 15:00:00,ELEVATED,HVAC_SETPOINT_ADJUSTMENT,APPROVED,568.93,25.74,543.18,0.955,24.58,544.35,95.5,SUCCESS,False
2017-09-14 15:00:00,ELEVATED,EV_CHARGING_SHIFT,APPROVED,568.93,0.0,568.93,0.832,0.0,568.93,0.0,UNDERPERFORMED,True
2017-09-14 15:00:00,ELEVATED,BATTERY_DISCHARGE,APPROVED,568.93,25.0,543.93,0.977,24.42,544.51,97.67,SUCCESS,False
2017-09-14 15:00:00,ELEVATED,COMBINED_ACTION,APPROVED,568.93,50.74,518.18,0.777,39.44,529.49,77.74,UNDERPERFORMED,True
2017-09-14 16:00:00,ELEVATED,HVAC_SETPOINT_ADJUSTMENT,APPROVED,567.53,26.35,541.18,1.009,26.6,540.93,100.95,SUCCESS,False
2017-09-14 16:00:00,ELEVATED,EV_CHARGING_SHIFT,APPROVED,567.53,0.0,567.53,0.943,0.0,567.53,0.0,UNDERPERFORMED,True
2017-09-14 16:00:00,ELEVATED,BATTERY_DISCHARGE,APPROVED,567.53,25.0,542.53,0.925,23.13,544.4,92.52,SUCCESS,False
2017-09-14 16:00:00,ELEVATED,COMBINED_ACTION,APPROVED,567.53,51.35,516.18,0.986,50.62,516.91,98.58,SUCCESS,False
2017-09-15 14:00:00,ELEVATED,HVAC_SETPOINT_ADJUSTMENT,APPROVED,567.03,24.64,542.39,0.845,20.82,546.21,84.5,SUCCESS,False
2017-09-15 14:00:00,ELEVATED,EV_CHARGING_SHIFT,APPROVED,567.03,23.74,543.29,0.782,18.56,548.47,78.19,UNDERPERFORMED,True
2017-09-15 14:00:00,ELEVATED,BATTERY_DISCHARGE,APPROVED,567.03,25.0,542.03,0.89,22.25,544.78,89.0,SUCCESS,False
2017-09-15 14:00:00,ELEVATED,COMBINED_ACTION,APPROVED,567.03,73.38,493.65,0.846,62.1,504.93,84.63,SUCCESS,False
2017-09-15 15:00:00,ELEVATED,HVAC_SETPOINT_ADJUSTMENT,APPROVED,562.83,27.68,535.15,1.031,28.55,534.28,103.13,SUCCESS,False
2017-09-15 15:00:00,ELEVATED,EV_CHARGING_SHIFT,APPROVED,562.83,0.0,562.83,0.943,0.0,562.83,0.0,UNDERPERFORMED,True
2017-09-15 15:00:00,ELEVATED,BATTERY_DISCHARGE,APPROVED,562.83,25.0,537.83,0.944,23.59,539.24,94.38,SUCCESS,False
2017-09-15 15:00:00,ELEVATED,COMBINED_ACTION,APPROVED,562.83,52.68,510.15,0.965,50.85,511.98,96.53,SUCCESS,False
2017-09-15 16:00:00,ELEVATED,HVAC_SETPOINT_ADJUSTMENT,APPROVED,559.18,25.46,533.71,0.826,21.02,538.16,82.56,SUCCESS,False
2017-09-15 16:00:00,ELEVATED,EV_CHARGING_SHIFT,APPROVED,559.18,23.86,535.31,0.902,21.52,537.66,90.21,SUCCESS,False
2017-09-15 16:00:00,ELEVATED,BATTERY_DISCHARGE,APPROVED,559.18,25.0,534.18,0.838,20.95,538.23,83.79,SUCCESS,False
2017-09-15 16:00:00,ELEVATED,COMBINED_ACTION,APPROVED,559.18,74.33,484.85,0.969,72.05,487.13,96.93,SUCCESS,False
2017-09-18 17:00:00,ELEVATED,HVAC_SETPOINT_ADJUSTMENT,APPROVED,561.55,21.56,540.0,0.825,17.78,543.77,82.47,SUCCESS,False
2017-09-18 17:00:00,ELEVATED,EV_CHARGING_SHIFT,APPROVED,561.55,0.0,561.55,0.803,0.0,561.55,0.0,UNDERPERFORMED,True
2017-09-18 17:00:00,ELEVATED,BATTERY_DISCHARGE,APPROVED,561.55,25.0,536.55,0.761,19.01,542.54,76.05,UNDERPERFORMED,True
2017-09-18 17:00:00,ELEVATED,COMBINED_ACTION,APPROVED,561.55,46.56,515.0,0.894,41.62,519.93,89.4,SUCCESS,False
2017-09-19 15:00:00,ELEVATED,HVAC_SETPOINT_ADJUSTMENT,APPROVED,554.2,25.52,528.68,0.95,24.23,529.97,94.95,SUCCESS,False
2017-09-19 15:00:00,ELEVATED,EV_CHARGING_SHIFT,APPROVED,554.2,0.0,554.2,1.001,0.0,554.2,0.0,UNDERPERFORMED,True
2017-09-19 15:00:00,ELEVATED,BATTERY_DISCHARGE,APPROVED,554.2,25.0,529.2,1.034,25.86,528.34,103.42,SUCCESS,False
2017-09-19 15:00:00,ELEVATED,COMBINED_ACTION,APPROVED,554.2,50.52,503.68,0.988,49.9,504.3,98.77,SUCCESS,False
2017-09-22 13:00:00,ELEVATED,HVAC_SETPOINT_ADJUSTMENT,APPROVED,558.62,23.2,535.41,1.005,23.31,535.31,100.47,SUCCESS,False
2017-09-22 13:00:00,ELEVATED,EV_CHARGING_SHIFT,APPROVED,558.62,9.17,549.45,0.966,8.86,549.76,96.61,SUCCESS,False
2017-09-22 13:00:00,ELEVATED,BATTERY_DISCHARGE,APPROVED,558.62,25.0,533.62,0.862,21.56,537.06,86.22,SUCCESS,False
2017-09-22 13:00:00,ELEVATED,COMBINED_ACTION,APPROVED,558.62,57.37,501.24,1.023,58.66,499.96,102.25,SUCCESS,False
2017-09-26 16:00:00,ELEVATED,HVAC_SETPOINT_ADJUSTMENT,APPROVED,561.32,18.63,542.69,0.85,15.83,545.49,85.0,SUCCESS,False
2017-09-26 16:00:00,ELEVATED,EV_CHARGING_SHIFT,APPROVED,561.32,24.05,537.28,0.879,21.14,540.18,87.91,SUCCESS,False
2017-09-26 16:00:00,ELEVATED,BATTERY_DISCHARGE,APPROVED,561.32,25.0,536.32,0.815,20.38,540.94,81.54,SUCCESS,False
2017-09-26 16:00:00,ELEVATED,COMBINED_ACTION,APPROVED,561.32,67.68,493.64,0.766,51.82,509.5,76.57,UNDERPERFORMED,True
2017-09-27 15:00:00,ELEVATED,HVAC_SETPOINT_ADJUSTMENT,APPROVED,550.87,20.23,530.64,0.761,15.39,535.48,76.09,UNDERPERFORMED,True
2017-09-27 15:00:00,ELEVATED,EV_CHARGING_SHIFT,APPROVED,550.87,39.8,511.07,1.043,41.5,509.37,104.28,SUCCESS,False
2017-09-27 15:00:00,ELEVATED,BATTERY_DISCHARGE,APPROVED,550.87,25.0,525.87,1.016,25.39,525.48,101.55,SUCCESS,False
2017-09-27 15:00:00,ELEVATED,COMBINED_ACTION,APPROVED,550.87,85.03,465.84,1.022,86.94,463.93,102.25,SUCCESS,False
2017-09-27 16:00:00,ELEVATED,HVAC_SETPOINT_ADJUSTMENT,APPROVED,555.51,22.46,533.05,0.889,19.96,535.55,88.87,SUCCESS,False
2017-09-27 16:00:00,ELEVATED,EV_CHARGING_SHIFT,APPROVED,555.51,23.82,531.68,0.791,18.83,536.68,79.05,UNDERPERFORMED,True
2017-09-27 16:00:00,ELEVATED,BATTERY_DISCHARGE,APPROVED,555.51,25.0,530.51,0.812,20.31,535.2,81.25,SUCCESS,False
2017-09-27 16:00:00,ELEVATED,COMBINED_ACTION,APPROVED,555.51,71.28,484.23,0.808,57.59,497.92,80.8,SUCCESS,False
2017-09-28 13:00:00,ELEVATED,HVAC_SETPOINT_ADJUSTMENT,APPROVED,553.03,15.88,537.14,0.934,14.83,538.2,93.37,SUCCESS,False
2017-09-28 13:00:00,ELEVATED,EV_CHARGING_SHIFT,APPROVED,553.03,0.0,553.03,0.845,0.0,553.03,0.0,UNDERPERFORMED,True
2017-09-28 13:00:00,ELEVATED,BATTERY_DISCHARGE,APPROVED,553.03,25.0,528.03,0.833,20.83,532.2,83.31,SUCCESS,False
2017-09-28 13:00:00,ELEVATED,COMBINED_ACTION,APPROVED,553.03,40.88,512.14,0.795,32.49,520.54,79.47,UNDERPERFORMED,True
2017-09-28 14:00:00,ELEVATED,HVAC_SETPOINT_ADJUSTMENT,APPROVED,562.93,21.66,541.28,0.857,18.57,544.36,85.72,SUCCESS,False
2017-09-28 14:00:00,ELEVATED,EV_CHARGING_SHIFT,APPROVED,562.93,0.0,562.93,0.944,0.0,562.93,0.0,UNDERPERFORMED,True
2017-09-28 14:00:00,ELEVATED,BATTERY_DISCHARGE,APPROVED,562.93,25.0,537.93,0.773,19.33,543.6,77.34,UNDERPERFORMED,True
2017-09-28 14:00:00,ELEVATED,COMBINED_ACTION,APPROVED,562.93,46.66,516.28,0.885,41.27,521.66,88.46,SUCCESS,False
2017-10-02 12:00:00,ELEVATED,HVAC_SETPOINT_ADJUSTMENT,APPROVED,553.24,22.33,530.91,0.789,17.62,535.62,78.89,UNDERPERFORMED,True
2017-10-02 12:00:00,ELEVATED,EV_CHARGING_SHIFT,APPROVED,553.24,0.0,553.24,1.03,0.0,553.24,0.0,UNDERPERFORMED,True
2017-10-02 12:00:00,ELEVATED,BATTERY_DISCHARGE,APPROVED,553.24,25.0,528.24,0.979,24.47,528.77,97.87,SUCCESS,False
2017-10-02 12:00:00,ELEVATED,COMBINED_ACTION,APPROVED,553.24,47.33,505.91,1.042,49.33,503.91,104.23,SUCCESS,False
2017-10-02 13:00:00,HIGH,HVAC_SETPOINT_ADJUSTMENT,APPROVED,594.81,25.0,569.81,0.884,22.1,572.71,88.41,SUCCESS,False
2017-10-02 13:00:00,HIGH,EV_CHARGING_SHIFT,APPROVED,594.81,22.9,571.91,0.973,22.27,572.54,97.26,SUCCESS,False
2017-10-02 13:00:00,HIGH,BATTERY_DISCHARGE,APPROVED,594.81,25.0,569.81,1.009,25.21,569.6,100.85,SUCCESS,False
2017-10-02 13:00:00,HIGH,COMBINED_ACTION,APPROVED,594.81,72.9,521.92,1.042,75.99,518.82,104.24,SUCCESS,False
2017-10-02 14:00:00,HIGH,HVAC_SETPOINT_ADJUSTMENT,APPROVED,601.8,21.26,580.54,0.902,19.17,582.63,90.19,SUCCESS,False
2017-10-02 14:00:00,HIGH,EV_CHARGING_SHIFT,APPROVED,601.8,0.0,601.8,0.8,0.0,601.8,0.0,UNDERPERFORMED,True
2017-10-02 14:00:00,HIGH,BATTERY_DISCHARGE,APPROVED,601.8,25.0,576.8,0.96,23.99,577.81,95.96,SUCCESS,False
2017-10-02 14:00:00,HIGH,COMBINED_ACTION,APPROVED,601.8,46.26,555.54,0.83,38.42,563.38,83.04,SUCCESS,False
2017-10-02 15:00:00,HIGH,HVAC_SETPOINT_ADJUSTMENT,APPROVED,596.09,27.44,568.65,0.814,22.33,573.76,81.36,SUCCESS,False
2017-10-02 15:00:00,HIGH,EV_CHARGING_SHIFT,APPROVED,596.09,0.0,596.09,0.86,0.0,596.09,0.0,UNDERPERFORMED,True
2017-10-02 15:00:00,HIGH,BATTERY_DISCHARGE,APPROVED,596.09,25.0,571.09,0.994,24.86,571.23,99.43,SUCCESS,False
2017-10-02 15:00:00,HIGH,COMBINED_ACTION,APPROVED,596.09,52.44,543.65,0.77,40.38,555.71,77.0,UNDERPERFORMED,True
2017-10-02 16:00:00,HIGH,HVAC_SETPOINT_ADJUSTMENT,APPROVED,599.96,26.55,573.41,0.756,20.07,579.89,75.58,UNDERPERFORMED,True
2017-10-02 16:00:00,HIGH,EV_CHARGING_SHIFT,APPROVED,599.96,21.3,578.67,1.025,21.83,578.13,102.47,SUCCESS,False
2017-10-02 16:00:00,HIGH,BATTERY_DISCHARGE,APPROVED,599.96,25.0,574.96,0.87,21.76,578.2,87.02,SUCCESS,False
2017-10-02 16:00:00,HIGH,COMBINED_ACTION,APPROVED,599.96,72.85,527.12,0.793,57.74,542.22,79.26,UNDERPERFORMED,True
2017-10-02 17:00:00,HIGH,HVAC_SETPOINT_ADJUSTMENT,APPROVED,589.55,21.75,567.8,1.018,22.14,567.41,101.79,SUCCESS,False
2017-10-02 17:00:00,HIGH,EV_CHARGING_SHIFT,APPROVED,589.55,0.0,589.55,0.951,0.0,589.55,0.0,UNDERPERFORMED,True
2017-10-02 17:00:00,HIGH,BATTERY_DISCHARGE,APPROVED,589.55,25.0,564.55,0.999,24.98,564.57,99.93,SUCCESS,False
2017-10-02 17:00:00,HIGH,COMBINED_ACTION,APPROVED,589.55,46.75,542.8,0.978,45.74,543.81,97.84,SUCCESS,False
2017-10-03 11:00:00,ELEVATED,HVAC_SETPOINT_ADJUSTMENT,APPROVED,564.48,24.7,539.78,0.942,23.28,541.2,94.24,SUCCESS,False
2017-10-03 11:00:00,ELEVATED,EV_CHARGING_SHIFT,APPROVED,564.48,0.0,564.48,0.81,0.0,564.48,0.0,UNDERPERFORMED,True
2017-10-03 11:00:00,ELEVATED,BATTERY_DISCHARGE,APPROVED,564.48,25.0,539.48,1.031,25.77,538.71,103.07,SUCCESS,False
2017-10-03 11:00:00,ELEVATED,COMBINED_ACTION,APPROVED,564.48,49.7,514.78,0.884,43.96,520.52,88.44,SUCCESS,False
2017-10-03 12:00:00,HIGH,HVAC_SETPOINT_ADJUSTMENT,APPROVED,609.67,25.83,583.85,0.784,20.25,589.42,78.39,UNDERPERFORMED,True
2017-10-03 12:00:00,HIGH,EV_CHARGING_SHIFT,APPROVED,609.67,0.0,609.67,0.941,0.0,609.67,0.0,UNDERPERFORMED,True
2017-10-03 12:00:00,HIGH,BATTERY_DISCHARGE,APPROVED,609.67,25.0,584.67,0.764,19.1,590.57,76.39,UNDERPERFORMED,True
2017-10-03 12:00:00,HIGH,COMBINED_ACTION,APPROVED,609.67,50.83,558.85,0.984,50.04,559.63,98.44,SUCCESS,False
2017-10-03 13:00:00,HIGH,HVAC_SETPOINT_ADJUSTMENT,APPROVED,591.8,30.57,561.23,0.941,28.78,563.02,94.13,SUCCESS,False
2017-10-03 13:00:00,HIGH,EV_CHARGING_SHIFT,APPROVED,591.8,10.07,581.73,0.797,8.02,583.78,79.66,UNDERPERFORMED,True
2017-10-03 13:00:00,HIGH,BATTERY_DISCHARGE,APPROVED,591.8,25.0,566.8,0.885,22.13,569.67,88.51,SUCCESS,False
2017-10-03 13:00:00,HIGH,COMBINED_ACTION,APPROVED,591.8,65.64,526.16,0.842,55.29,536.51,84.24,SUCCESS,False
2017-10-03 14:00:00,HIGH,HVAC_SETPOINT_ADJUSTMENT,APPROVED,604.04,21.87,582.16,0.912,19.94,584.1,91.19,SUCCESS,False
2017-10-03 14:00:00,HIGH,EV_CHARGING_SHIFT,APPROVED,604.04,22.82,581.21,1.001,22.84,581.2,100.08,SUCCESS,False
2017-10-03 14:00:00,HIGH,BATTERY_DISCHARGE,APPROVED,604.04,25.0,579.04,1.021,25.52,578.52,102.1,SUCCESS,False
2017-10-03 14:00:00,HIGH,COMBINED_ACTION,APPROVED,604.04,69.7,534.34,1.044,72.78,531.26,104.42,SUCCESS,False
2017-10-03 15:00:00,HIGH,HVAC_SETPOINT_ADJUSTMENT,APPROVED,598.22,26.19,572.04,1.007,26.36,571.86,100.66,SUCCESS,False
2017-10-03 15:00:00,HIGH,EV_CHARGING_SHIFT,APPROVED,598.22,22.41,575.82,1.039,23.28,574.94,103.86,SUCCESS,False
2017-10-03 15:00:00,HIGH,BATTERY_DISCHARGE,APPROVED,598.22,25.0,573.22,0.914,22.86,575.36,91.43,SUCCESS,False
2017-10-03 15:00:00,HIGH,COMBINED_ACTION,APPROVED,598.22,73.6,524.63,0.916,67.4,530.82,91.57,SUCCESS,False
2017-10-03 16:00:00,HIGH,HVAC_SETPOINT_ADJUSTMENT,APPROVED,599.59,26.7,572.89,0.969,25.88,573.71,96.94,SUCCESS,False
2017-10-03 16:00:00,HIGH,EV_CHARGING_SHIFT,APPROVED,599.59,10.02,589.56,0.889,8.91,590.68,88.88,SUCCESS,False
2017-10-03 16:00:00,HIGH,BATTERY_DISCHARGE,APPROVED,599.59,25.0,574.59,0.767,19.19,580.4,76.75,UNDERPERFORMED,True
2017-10-03 16:00:00,HIGH,COMBINED_ACTION,APPROVED,599.59,61.72,537.87,0.753,46.45,553.14,75.27,UNDERPERFORMED,True
2017-10-03 17:00:00,ELEVATED,HVAC_SETPOINT_ADJUSTMENT,APPROVED,564.55,23.66,540.9,1.04,24.61,539.94,104.01,SUCCESS,False
2017-10-03 17:00:00,ELEVATED,EV_CHARGING_SHIFT,APPROVED,564.55,25.42,539.13,1.001,25.45,539.1,100.12,SUCCESS,False
2017-10-03 17:00:00,ELEVATED,BATTERY_DISCHARGE,APPROVED,564.55,25.0,539.55,0.942,23.56,540.99,94.23,SUCCESS,False
2017-10-03 17:00:00,ELEVATED,COMBINED_ACTION,APPROVED,564.55,74.08,490.47,1.03,76.28,488.27,102.97,SUCCESS,False
2017-10-04 12:00:00,ELEVATED,HVAC_SETPOINT_ADJUSTMENT,APPROVED,554.09,24.99,529.1,1.035,25.86,528.23,103.46,SUCCESS,False
2017-10-04 12:00:00,ELEVATED,EV_CHARGING_SHIFT,APPROVED,554.09,21.93,532.16,0.894,19.61,534.48,89.42,SUCCESS,False
2017-10-04 12:00:00,ELEVATED,BATTERY_DISCHARGE,APPROVED,554.09,25.0,529.09,0.978,24.45,529.64,97.78,SUCCESS,False
2017-10-04 12:00:00,ELEVATED,COMBINED_ACTION,APPROVED,554.09,71.91,482.18,0.949,68.26,485.83,94.92,SUCCESS,False
2017-10-04 13:00:00,CRITICAL,HVAC_SETPOINT_ADJUSTMENT,APPROVED,618.7,27.68,591.02,1.038,28.74,589.96,103.81,SUCCESS,False
2017-10-04 13:00:00,CRITICAL,EV_CHARGING_SHIFT,APPROVED,618.7,25.38,593.32,0.83,21.06,597.64,82.98,SUCCESS,False
2017-10-04 13:00:00,CRITICAL,BATTERY_DISCHARGE,APPROVED,618.7,25.0,593.7,0.794,19.86,598.84,79.43,UNDERPERFORMED,True
2017-10-04 13:00:00,CRITICAL,COMBINED_ACTION,APPROVED,618.7,78.05,540.64,0.94,73.4,545.3,94.05,SUCCESS,False
2017-10-04 14:00:00,HIGH,HVAC_SETPOINT_ADJUSTMENT,APPROVED,596.26,24.78,571.48,0.86,21.31,574.95,86.0,SUCCESS,False
2017-10-04 14:00:00,HIGH,EV_CHARGING_SHIFT,APPROVED,596.26,0.0,596.26,0.808,0.0,596.26,0.0,UNDERPERFORMED,True
2017-10-04 14:00:00,HIGH,BATTERY_DISCHARGE,APPROVED,596.26,25.0,571.26,0.866,21.66,574.6,86.62,SUCCESS,False
2017-10-04 14:00:00,HIGH,COMBINED_ACTION,APPROVED,596.26,49.78,546.48,0.785,39.09,557.17,78.52,UNDERPERFORMED,True
2017-10-04 15:00:00,ELEVATED,HVAC_SETPOINT_ADJUSTMENT,APPROVED,575.76,22.24,553.52,0.978,21.76,554.0,97.84,SUCCESS,False
2017-10-04 15:00:00,ELEVATED,EV_CHARGING_SHIFT,APPROVED,575.76,0.0,575.76,0.98,0.0,575.76,0.0,UNDERPERFORMED,True
2017-10-04 15:00:00,ELEVATED,BATTERY_DISCHARGE,APPROVED,575.76,25.0,550.76,0.901,22.51,553.25,90.05,SUCCESS,False
2017-10-04 15:00:00,ELEVATED,COMBINED_ACTION,APPROVED,575.76,47.24,528.52,0.776,36.65,539.11,77.59,UNDERPERFORMED,True
2017-10-04 16:00:00,ELEVATED,HVAC_SETPOINT_ADJUSTMENT,APPROVED,576.29,25.05,551.24,0.852,21.35,554.94,85.21,SUCCESS,False
2017-10-04 16:00:00,ELEVATED,EV_CHARGING_SHIFT,APPROVED,576.29,0.0,576.29,0.964,0.0,576.29,0.0,UNDERPERFORMED,True
2017-10-04 16:00:00,ELEVATED,BATTERY_DISCHARGE,APPROVED,576.29,25.0,551.29,0.847,21.18,555.11,84.72,SUCCESS,False
2017-10-04 16:00:00,ELEVATED,COMBINED_ACTION,APPROVED,576.29,50.05,526.24,0.854,42.74,533.55,85.4,SUCCESS,False
2017-10-04 17:00:00,ELEVATED,HVAC_SETPOINT_ADJUSTMENT,APPROVED,553.58,18.45,535.13,0.794,14.65,538.93,79.41,UNDERPERFORMED,True
2017-10-04 17:00:00,ELEVATED,EV_CHARGING_SHIFT,APPROVED,553.58,0.0,553.58,1.043,0.0,553.58,0.0,UNDERPERFORMED,True
2017-10-04 17:00:00,ELEVATED,BATTERY_DISCHARGE,APPROVED,553.58,25.0,528.58,0.99,24.75,528.83,98.98,SUCCESS,False
2017-10-04 17:00:00,ELEVATED,COMBINED_ACTION,APPROVED,553.58,43.45,510.13,0.894,38.86,514.72,89.45,SUCCESS,False
2017-10-05 12:00:00,ELEVATED,HVAC_SETPOINT_ADJUSTMENT,APPROVED,565.24,23.16,542.09,0.953,22.07,543.17,95.28,SUCCESS,False
2017-10-05 12:00:00,ELEVATED,EV_CHARGING_SHIFT,APPROVED,565.24,0.0,565.24,0.938,0.0,565.24,0.0,UNDERPERFORMED,True
2017-10-05 12:00:00,ELEVATED,BATTERY_DISCHARGE,APPROVED,565.24,25.0,540.24,0.758,18.94,546.3,75.77,UNDERPERFORMED,True
2017-10-05 12:00:00,ELEVATED,COMBINED_ACTION,APPROVED,565.24,48.16,517.09,0.941,45.33,519.91,94.12,SUCCESS,False
2017-10-05 13:00:00,HIGH,HVAC_SETPOINT_ADJUSTMENT,APPROVED,597.91,21.04,576.88,0.904,19.02,578.89,90.39,SUCCESS,False
2017-10-05 13:00:00,HIGH,EV_CHARGING_SHIFT,APPROVED,597.91,0.0,597.91,0.84,0.0,597.91,0.0,UNDERPERFORMED,True
2017-10-05 13:00:00,HIGH,BATTERY_DISCHARGE,APPROVED,597.91,25.0,572.91,1.011,25.27,572.64,101.1,SUCCESS,False
2017-10-05 13:00:00,HIGH,COMBINED_ACTION,APPROVED,597.91,46.04,551.88,0.791,36.41,561.5,79.09,UNDERPERFORMED,True
2017-10-05 14:00:00,HIGH,HVAC_SETPOINT_ADJUSTMENT,APPROVED,592.46,28.3,564.16,0.901,25.49,566.97,90.06,SUCCESS,False
2017-10-05 14:00:00,HIGH,EV_CHARGING_SHIFT,APPROVED,592.46,14.1,578.36,0.936,13.19,579.27,93.56,SUCCESS,False
2017-10-05 14:00:00,HIGH,BATTERY_DISCHARGE,APPROVED,592.46,25.0,567.46,0.839,20.97,571.49,83.87,SUCCESS,False
2017-10-05 14:00:00,HIGH,COMBINED_ACTION,APPROVED,592.46,67.39,525.07,0.788,53.13,539.33,78.84,UNDERPERFORMED,True
2017-10-05 15:00:00,HIGH,HVAC_SETPOINT_ADJUSTMENT,APPROVED,595.36,22.89,572.47,0.96,21.98,573.38,96.04,SUCCESS,False
2017-10-05 15:00:00,HIGH,EV_CHARGING_SHIFT,APPROVED,595.36,35.68,559.68,0.826,29.47,565.89,82.59,SUCCESS,False
2017-10-05 15:00:00,HIGH,BATTERY_DISCHARGE,APPROVED,595.36,25.0,570.36,0.794,19.85,575.51,79.4,UNDERPERFORMED,True
2017-10-05 15:00:00,HIGH,COMBINED_ACTION,APPROVED,595.36,83.57,511.79,0.828,69.23,526.13,82.84,SUCCESS,False
2017-10-05 16:00:00,HIGH,HVAC_SETPOINT_ADJUSTMENT,APPROVED,609.35,24.51,584.85,0.762,18.69,590.66,76.24,UNDERPERFORMED,True
2017-10-05 16:00:00,HIGH,EV_CHARGING_SHIFT,APPROVED,609.35,22.67,586.68,0.955,21.64,587.71,95.47,SUCCESS,False
2017-10-05 16:00:00,HIGH,BATTERY_DISCHARGE,APPROVED,609.35,25.0,584.35,0.764,19.09,590.26,76.37,UNDERPERFORMED,True
2017-10-05 16:00:00,HIGH,COMBINED_ACTION,APPROVED,609.35,72.18,537.18,0.833,60.16,549.19,83.34,SUCCESS,False
2017-10-05 17:00:00,ELEVATED,HVAC_SETPOINT_ADJUSTMENT,APPROVED,563.44,19.57,543.87,0.896,17.53,545.91,89.55,SUCCESS,False
2017-10-05 17:00:00,ELEVATED,EV_CHARGING_SHIFT,APPROVED,563.44,0.0,563.44,0.957,0.0,563.44,0.0,UNDERPERFORMED,True
2017-10-05 17:00:00,ELEVATED,BATTERY_DISCHARGE,APPROVED,563.44,25.0,538.44,1.019,25.46,537.98,101.86,SUCCESS,False
2017-10-05 17:00:00,ELEVATED,COMBINED_ACTION,APPROVED,563.44,44.57,518.87,0.966,43.07,520.37,96.64,SUCCESS,False
2017-10-06 13:00:00,ELEVATED,HVAC_SETPOINT_ADJUSTMENT,APPROVED,569.27,23.33,545.94,0.797,18.59,550.68,79.68,UNDERPERFORMED,True
2017-10-06 13:00:00,ELEVATED,EV_CHARGING_SHIFT,APPROVED,569.27,43.17,526.1,0.865,37.35,531.92,86.53,SUCCESS,False
2017-10-06 13:00:00,ELEVATED,BATTERY_DISCHARGE,APPROVED,569.27,25.0,544.27,0.849,21.22,548.05,84.87,SUCCESS,False
2017-10-06 13:00:00,ELEVATED,COMBINED_ACTION,APPROVED,569.27,91.5,477.77,1.007,92.14,477.13,100.7,SUCCESS,False
2017-10-06 14:00:00,ELEVATED,HVAC_SETPOINT_ADJUSTMENT,APPROVED,566.37,26.29,540.08,0.865,22.74,543.63,86.51,SUCCESS,False
2017-10-06 14:00:00,ELEVATED,EV_CHARGING_SHIFT,APPROVED,566.37,11.86,554.52,0.895,10.62,555.75,89.54,SUCCESS,False
2017-10-06 14:00:00,ELEVATED,BATTERY_DISCHARGE,APPROVED,566.37,25.0,541.37,0.813,20.32,546.05,81.29,SUCCESS,False
2017-10-06 14:00:00,ELEVATED,COMBINED_ACTION,APPROVED,566.37,63.15,503.23,0.836,52.82,513.55,83.64,SUCCESS,False
2017-10-06 15:00:00,ELEVATED,HVAC_SETPOINT_ADJUSTMENT,APPROVED,572.74,25.65,547.09,0.866,22.21,550.53,86.61,SUCCESS,False
2017-10-06 15:00:00,ELEVATED,EV_CHARGING_SHIFT,APPROVED,572.74,27.07,545.66,0.928,25.12,547.62,92.8,SUCCESS,False
2017-10-06 15:00:00,ELEVATED,BATTERY_DISCHARGE,APPROVED,572.74,25.0,547.74,0.766,19.15,553.59,76.6,UNDERPERFORMED,True
2017-10-06 15:00:00,ELEVATED,COMBINED_ACTION,APPROVED,572.74,77.72,495.02,0.831,64.62,508.12,83.15,SUCCESS,False
2017-10-06 16:00:00,ELEVATED,HVAC_SETPOINT_ADJUSTMENT,APPROVED,573.59,28.58,545.01,0.972,27.77,545.82,97.17,SUCCESS,False
2017-10-06 16:00:00,ELEVATED,EV_CHARGING_SHIFT,APPROVED,573.59,0.0,573.59,0.763,0.0,573.59,0.0,UNDERPERFORMED,True
2017-10-06 16:00:00,ELEVATED,BATTERY_DISCHARGE,APPROVED,573.59,25.0,548.59,0.776,19.41,554.18,77.64,UNDERPERFORMED,True
2017-10-06 16:00:00,ELEVATED,COMBINED_ACTION,APPROVED,573.59,53.58,520.01,0.864,46.29,527.3,86.39,SUCCESS,False
2017-10-10 12:00:00,ELEVATED,HVAC_SETPOINT_ADJUSTMENT,APPROVED,555.36,22.58,532.78,0.776,17.51,537.85,77.57,UNDERPERFORMED,True
2017-10-10 12:00:00,ELEVATED,EV_CHARGING_SHIFT,APPROVED,555.36,27.26,528.1,0.898,24.47,530.89,89.78,SUCCESS,False
2017-10-10 12:00:00,ELEVATED,BATTERY_DISCHARGE,APPROVED,555.36,25.0,530.36,0.796,19.91,535.45,79.64,UNDERPERFORMED,True
2017-10-10 12:00:00,ELEVATED,COMBINED_ACTION,APPROVED,555.36,74.83,480.53,0.987,73.87,481.49,98.72,SUCCESS,False
2017-10-10 13:00:00,ELEVATED,HVAC_SETPOINT_ADJUSTMENT,APPROVED,559.51,22.14,537.38,1.039,23.01,536.5,103.94,SUCCESS,False
2017-10-10 13:00:00,ELEVATED,EV_CHARGING_SHIFT,APPROVED,559.51,0.0,559.51,0.923,0.0,559.51,0.0,UNDERPERFORMED,True
2017-10-10 13:00:00,ELEVATED,BATTERY_DISCHARGE,APPROVED,559.51,25.0,534.51,0.764,19.1,540.41,76.39,UNDERPERFORMED,True
2017-10-10 13:00:00,ELEVATED,COMBINED_ACTION,APPROVED,559.51,47.14,512.38,0.939,44.25,515.26,93.87,SUCCESS,False
2017-10-10 14:00:00,ELEVATED,HVAC_SETPOINT_ADJUSTMENT,APPROVED,569.44,23.86,545.58,0.811,19.35,550.09,81.09,SUCCESS,False
2017-10-10 14:00:00,ELEVATED,EV_CHARGING_SHIFT,APPROVED,569.44,0.0,569.44,0.971,0.0,569.44,0.0,UNDERPERFORMED,True
2017-10-10 14:00:00,ELEVATED,BATTERY_DISCHARGE,APPROVED,569.44,25.0,544.44,0.783,19.57,549.87,78.27,UNDERPERFORMED,True
2017-10-10 14:00:00,ELEVATED,COMBINED_ACTION,APPROVED,569.44,48.86,520.58,0.811,39.64,529.8,81.12,SUCCESS,False
2017-10-10 15:00:00,ELEVATED,HVAC_SETPOINT_ADJUSTMENT,APPROVED,557.77,24.23,533.54,0.812,19.68,538.09,81.24,SUCCESS,False
2017-10-10 15:00:00,ELEVATED,EV_CHARGING_SHIFT,APPROVED,557.77,0.0,557.77,0.965,0.0,557.77,0.0,UNDERPERFORMED,True
2017-10-10 15:00:00,ELEVATED,BATTERY_DISCHARGE,APPROVED,557.77,25.0,532.77,0.894,22.34,535.43,89.35,SUCCESS,False
2017-10-10 15:00:00,ELEVATED,COMBINED_ACTION,APPROVED,557.77,49.23,508.54,0.857,42.18,515.59,85.68,SUCCESS,False
2017-10-10 16:00:00,ELEVATED,HVAC_SETPOINT_ADJUSTMENT,APPROVED,569.49,21.64,547.85,0.988,21.38,548.11,98.79,SUCCESS,False
2017-10-10 16:00:00,ELEVATED,EV_CHARGING_SHIFT,APPROVED,569.49,0.0,569.49,0.787,0.0,569.49,0.0,UNDERPERFORMED,True
2017-10-10 16:00:00,ELEVATED,BATTERY_DISCHARGE,APPROVED,569.49,25.0,544.49,0.943,23.57,545.92,94.28,SUCCESS,False
2017-10-10 16:00:00,ELEVATED,COMBINED_ACTION,APPROVED,569.49,46.64,522.85,0.982,45.78,523.71,98.15,SUCCESS,False
2017-10-11 12:00:00,ELEVATED,HVAC_SETPOINT_ADJUSTMENT,APPROVED,551.13,21.84,529.3,1.026,22.4,528.73,102.58,SUCCESS,False
2017-10-11 12:00:00,ELEVATED,EV_CHARGING_SHIFT,APPROVED,551.13,13.95,537.18,0.985,13.74,537.39,98.47,SUCCESS,False
2017-10-11 12:00:00,ELEVATED,BATTERY_DISCHARGE,APPROVED,551.13,25.0,526.13,1.012,25.29,525.84,101.18,SUCCESS,False
2017-10-11 12:00:00,ELEVATED,COMBINED_ACTION,APPROVED,551.13,60.79,490.34,0.966,58.72,492.41,96.59,SUCCESS,False
2017-10-11 13:00:00,ELEVATED,HVAC_SETPOINT_ADJUSTMENT,APPROVED,572.29,22.52,549.77,1.049,23.63,548.66,104.91,SUCCESS,False
2017-10-11 13:00:00,ELEVATED,EV_CHARGING_SHIFT,APPROVED,572.29,22.23,550.05,0.892,19.83,552.46,89.22,SUCCESS,False
2017-10-11 13:00:00,ELEVATED,BATTERY_DISCHARGE,APPROVED,572.29,25.0,547.29,0.763,19.07,553.22,76.27,UNDERPERFORMED,True
2017-10-11 13:00:00,ELEVATED,COMBINED_ACTION,APPROVED,572.29,69.75,502.54,1.017,70.93,501.36,101.69,SUCCESS,False
2017-10-11 14:00:00,ELEVATED,HVAC_SETPOINT_ADJUSTMENT,APPROVED,574.25,23.29,550.96,1.048,24.4,549.85,104.78,SUCCESS,False
2017-10-11 14:00:00,ELEVATED,EV_CHARGING_SHIFT,APPROVED,574.25,34.03,540.22,0.914,31.1,543.15,91.39,SUCCESS,False
2017-10-11 14:00:00,ELEVATED,BATTERY_DISCHARGE,APPROVED,574.25,25.0,549.25,0.878,21.96,552.29,87.83,SUCCESS,False
2017-10-11 14:00:00,ELEVATED,COMBINED_ACTION,APPROVED,574.25,82.32,491.93,0.888,73.12,501.13,88.83,SUCCESS,False
2017-10-11 15:00:00,ELEVATED,HVAC_SETPOINT_ADJUSTMENT,APPROVED,563.62,25.61,538.01,0.905,23.19,540.43,90.53,SUCCESS,False
2017-10-11 15:00:00,ELEVATED,EV_CHARGING_SHIFT,APPROVED,563.62,28.01,535.61,0.831,23.29,540.33,83.15,SUCCESS,False
2017-10-11 15:00:00,ELEVATED,BATTERY_DISCHARGE,APPROVED,563.62,25.0,538.62,0.798,19.94,543.68,79.75,UNDERPERFORMED,True
2017-10-11 15:00:00,ELEVATED,COMBINED_ACTION,APPROVED,563.62,78.62,485.0,0.759,59.65,503.97,75.87,UNDERPERFORMED,True
2017-10-11 16:00:00,ELEVATED,HVAC_SETPOINT_ADJUSTMENT,APPROVED,553.73,24.28,529.45,0.936,22.73,531.0,93.61,SUCCESS,False
2017-10-11 16:00:00,ELEVATED,EV_CHARGING_SHIFT,APPROVED,553.73,40.58,513.14,0.985,39.96,513.77,98.48,SUCCESS,False
2017-10-11 16:00:00,ELEVATED,BATTERY_DISCHARGE,APPROVED,553.73,25.0,528.73,0.962,24.06,529.67,96.25,SUCCESS,False
2017-10-11 16:00:00,ELEVATED,COMBINED_ACTION,APPROVED,553.73,89.86,463.87,0.897,80.64,473.09,89.74,SUCCESS,False
2017-10-12 11:00:00,ELEVATED,HVAC_SETPOINT_ADJUSTMENT,APPROVED,566.21,22.43,543.78,0.813,18.24,547.97,81.33,SUCCESS,False
2017-10-12 11:00:00,ELEVATED,EV_CHARGING_SHIFT,APPROVED,566.21,23.11,543.1,0.778,17.97,548.24,77.75,UNDERPERFORMED,True
2017-10-12 11:00:00,ELEVATED,BATTERY_DISCHARGE,APPROVED,566.21,25.0,541.21,1.015,25.39,540.82,101.54,SUCCESS,False
2017-10-12 11:00:00,ELEVATED,COMBINED_ACTION,APPROVED,566.21,70.54,495.66,0.88,62.08,504.13,88.01,SUCCESS,False
2017-10-12 12:00:00,ELEVATED,HVAC_SETPOINT_ADJUSTMENT,APPROVED,575.04,26.24,548.81,1.028,26.97,548.07,102.78,SUCCESS,False
2017-10-12 12:00:00,ELEVATED,EV_CHARGING_SHIFT,APPROVED,575.04,0.0,575.04,0.877,0.0,575.04,0.0,UNDERPERFORMED,True
2017-10-12 12:00:00,ELEVATED,BATTERY_DISCHARGE,APPROVED,575.04,25.0,550.04,0.753,18.82,556.22,75.29,UNDERPERFORMED,True
2017-10-12 12:00:00,ELEVATED,COMBINED_ACTION,APPROVED,575.04,51.24,523.81,0.762,39.02,536.02,76.15,UNDERPERFORMED,True
2017-10-12 13:00:00,ELEVATED,HVAC_SETPOINT_ADJUSTMENT,APPROVED,570.91,25.03,545.88,0.827,20.7,550.21,82.7,SUCCESS,False
2017-10-12 13:00:00,ELEVATED,EV_CHARGING_SHIFT,APPROVED,570.91,0.0,570.91,0.866,0.0,570.91,0.0,UNDERPERFORMED,True
2017-10-12 13:00:00,ELEVATED,BATTERY_DISCHARGE,APPROVED,570.91,25.0,545.91,1.042,26.06,544.85,104.22,SUCCESS,False
2017-10-12 13:00:00,ELEVATED,COMBINED_ACTION,APPROVED,570.91,50.03,520.88,0.99,49.55,521.36,99.05,SUCCESS,False
2017-10-12 14:00:00,HIGH,HVAC_SETPOINT_ADJUSTMENT,APPROVED,585.02,19.55,565.47,1.012,19.78,565.24,101.18,SUCCESS,False
2017-10-12 14:00:00,HIGH,EV_CHARGING_SHIFT,APPROVED,585.02,30.96,554.06,0.89,27.55,557.47,89.0,SUCCESS,False
2017-10-12 14:00:00,HIGH,BATTERY_DISCHARGE,APPROVED,585.02,25.0,560.02,0.896,22.4,562.62,89.61,SUCCESS,False
2017-10-12 14:00:00,HIGH,COMBINED_ACTION,APPROVED,585.02,75.5,509.51,0.775,58.53,526.49,77.53,UNDERPERFORMED,True
2017-10-12 15:00:00,HIGH,HVAC_SETPOINT_ADJUSTMENT,APPROVED,588.21,24.39,563.82,1.003,24.46,563.75,100.3,SUCCESS,False
2017-10-12 15:00:00,HIGH,EV_CHARGING_SHIFT,APPROVED,588.21,0.0,588.21,0.913,0.0,588.21,0.0,UNDERPERFORMED,True
2017-10-12 15:00:00,HIGH,BATTERY_DISCHARGE,APPROVED,588.21,25.0,563.21,0.858,21.46,566.75,85.85,SUCCESS,False
2017-10-12 15:00:00,HIGH,COMBINED_ACTION,APPROVED,588.21,49.39,538.82,0.978,48.29,539.92,97.76,SUCCESS,False
2017-10-12 16:00:00,CRITICAL,HVAC_SETPOINT_ADJUSTMENT,APPROVED,620.11,20.7,599.41,1.015,21.02,599.09,101.53,SUCCESS,False
2017-10-12 16:00:00,CRITICAL,EV_CHARGING_SHIFT,APPROVED,620.11,0.0,620.11,0.857,0.0,620.11,0.0,UNDERPERFORMED,True
2017-10-12 16:00:00,CRITICAL,BATTERY_DISCHARGE,APPROVED,620.11,25.0,595.11,0.858,21.45,598.66,85.82,SUCCESS,False
2017-10-12 16:00:00,CRITICAL,COMBINED_ACTION,APPROVED,620.11,45.7,574.41,0.944,43.14,576.97,94.41,SUCCESS,False
2017-10-12 17:00:00,HIGH,HVAC_SETPOINT_ADJUSTMENT,APPROVED,600.74,22.0,578.74,0.996,21.91,578.83,99.59,SUCCESS,False
2017-10-12 17:00:00,HIGH,EV_CHARGING_SHIFT,APPROVED,600.74,0.0,600.74,0.843,0.0,600.74,0.0,UNDERPERFORMED,True
2017-10-12 17:00:00,HIGH,BATTERY_DISCHARGE,APPROVED,600.74,25.0,575.74,1.021,25.52,575.22,102.1,SUCCESS,False
2017-10-12 17:00:00,HIGH,COMBINED_ACTION,APPROVED,600.74,47.0,553.74,0.831,39.04,561.7,83.05,SUCCESS,False
2017-10-13 11:00:00,ELEVATED,HVAC_SETPOINT_ADJUSTMENT,APPROVED,552.02,28.55,523.47,0.967,27.61,524.41,96.72,SUCCESS,False
2017-10-13 11:00:00,ELEVATED,EV_CHARGING_SHIFT,APPROVED,552.02,0.0,552.02,0.901,0.0,552.02,0.0,UNDERPERFORMED,True
2017-10-13 11:00:00,ELEVATED,BATTERY_DISCHARGE,APPROVED,552.02,25.0,527.02,0.963,24.07,527.95,96.27,SUCCESS,False
2017-10-13 11:00:00,ELEVATED,COMBINED_ACTION,APPROVED,552.02,53.55,498.47,0.779,41.72,510.3,77.91,UNDERPERFORMED,True
2017-10-13 12:00:00,HIGH,HVAC_SETPOINT_ADJUSTMENT,APPROVED,584.84,22.95,561.89,0.935,21.46,563.38,93.51,SUCCESS,False
2017-10-13 12:00:00,HIGH,EV_CHARGING_SHIFT,APPROVED,584.84,0.0,584.84,1.014,0.0,584.84,0.0,UNDERPERFORMED,True
2017-10-13 12:00:00,HIGH,BATTERY_DISCHARGE,APPROVED,584.84,25.0,559.84,0.982,24.55,560.29,98.21,SUCCESS,False
2017-10-13 12:00:00,HIGH,COMBINED_ACTION,APPROVED,584.84,47.95,536.89,1.003,48.1,536.74,100.31,SUCCESS,False
2017-10-13 13:00:00,HIGH,HVAC_SETPOINT_ADJUSTMENT,APPROVED,594.34,22.27,572.07,0.797,17.74,576.6,79.66,UNDERPERFORMED,True
2017-10-13 13:00:00,HIGH,EV_CHARGING_SHIFT,APPROVED,594.34,0.0,594.34,0.837,0.0,594.34,0.0,UNDERPERFORMED,True
2017-10-13 13:00:00,HIGH,BATTERY_DISCHARGE,APPROVED,594.34,25.0,569.34,0.861,21.53,572.81,86.14,SUCCESS,False
2017-10-13 13:00:00,HIGH,COMBINED_ACTION,APPROVED,594.34,47.27,547.07,0.993,46.95,547.39,99.33,SUCCESS,False
2017-10-13 14:00:00,HIGH,HVAC_SETPOINT_ADJUSTMENT,APPROVED,606.54,17.01,589.52,0.907,15.42,591.12,90.66,SUCCESS,False
2017-10-13 14:00:00,HIGH,EV_CHARGING_SHIFT,APPROVED,606.54,0.0,606.54,1.008,0.0,606.54,0.0,UNDERPERFORMED,True
2017-10-13 14:00:00,HIGH,BATTERY_DISCHARGE,APPROVED,606.54,25.0,581.54,1.013,25.33,581.21,101.31,SUCCESS,False
2017-10-13 14:00:00,HIGH,COMBINED_ACTION,APPROVED,606.54,42.01,564.52,0.938,39.41,567.13,93.82,SUCCESS,False
2017-10-13 15:00:00,ELEVATED,HVAC_SETPOINT_ADJUSTMENT,APPROVED,580.45,18.73,561.71,0.97,18.17,562.28,97.0,SUCCESS,False
2017-10-13 15:00:00,ELEVATED,EV_CHARGING_SHIFT,APPROVED,580.45,0.0,580.45,0.759,0.0,580.45,0.0,UNDERPERFORMED,True
2017-10-13 15:00:00,ELEVATED,BATTERY_DISCHARGE,APPROVED,580.45,25.0,555.45,0.892,22.31,558.14,89.25,SUCCESS,False
2017-10-13 15:00:00,ELEVATED,COMBINED_ACTION,APPROVED,580.45,43.73,536.71,0.855,37.38,543.07,85.48,SUCCESS,False
2017-10-13 16:00:00,ELEVATED,HVAC_SETPOINT_ADJUSTMENT,APPROVED,578.03,23.2,554.84,0.982,22.78,555.25,98.19,SUCCESS,False
2017-10-13 16:00:00,ELEVATED,EV_CHARGING_SHIFT,APPROVED,578.03,13.67,564.36,0.85,11.62,566.41,84.98,SUCCESS,False
2017-10-13 16:00:00,ELEVATED,BATTERY_DISCHARGE,APPROVED,578.03,25.0,553.03,0.831,20.77,557.26,83.06,SUCCESS,False
2017-10-13 16:00:00,ELEVATED,COMBINED_ACTION,APPROVED,578.03,61.87,516.17,0.79,48.9,529.13,79.03,UNDERPERFORMED,True
2017-10-16 11:00:00,ELEVATED,HVAC_SETPOINT_ADJUSTMENT,APPROVED,559.94,23.3,536.64,0.88,20.51,539.43,88.02,SUCCESS,False
2017-10-16 11:00:00,ELEVATED,EV_CHARGING_SHIFT,APPROVED,559.94,28.9,531.04,1.036,29.95,529.99,103.63,SUCCESS,False
2017-10-16 11:00:00,ELEVATED,BATTERY_DISCHARGE,APPROVED,559.94,25.0,534.94,0.968,24.21,535.73,96.82,SUCCESS,False
2017-10-16 11:00:00,ELEVATED,COMBINED_ACTION,APPROVED,559.94,77.2,482.74,0.776,59.92,500.02,77.61,UNDERPERFORMED,True
2017-10-16 12:00:00,ELEVATED,HVAC_SETPOINT_ADJUSTMENT,APPROVED,580.51,19.9,560.61,1.046,20.82,559.69,104.61,SUCCESS,False
2017-10-16 12:00:00,ELEVATED,EV_CHARGING_SHIFT,APPROVED,580.51,9.22,571.3,0.819,7.55,572.96,81.93,SUCCESS,False
2017-10-16 12:00:00,ELEVATED,BATTERY_DISCHARGE,APPROVED,580.51,25.0,555.51,0.937,23.43,557.08,93.71,SUCCESS,False
2017-10-16 12:00:00,ELEVATED,COMBINED_ACTION,APPROVED,580.51,54.11,526.4,1.049,56.74,523.77,104.86,SUCCESS,False
2017-10-16 13:00:00,CRITICAL,HVAC_SETPOINT_ADJUSTMENT,APPROVED,637.95,19.8,618.15,0.985,19.51,618.44,98.54,SUCCESS,False
2017-10-16 13:00:00,CRITICAL,EV_CHARGING_SHIFT,APPROVED,637.95,0.0,637.95,0.87,0.0,637.95,0.0,UNDERPERFORMED,True
2017-10-16 13:00:00,CRITICAL,BATTERY_DISCHARGE,APPROVED,637.95,25.0,612.95,0.98,24.5,613.45,97.98,SUCCESS,False
2017-10-16 13:00:00,CRITICAL,COMBINED_ACTION,APPROVED,637.95,44.8,593.15,0.843,37.75,600.2,84.27,SUCCESS,False
2017-10-16 14:00:00,CRITICAL,HVAC_SETPOINT_ADJUSTMENT,APPROVED,613.99,22.18,591.82,0.948,21.02,592.97,94.76,SUCCESS,False
2017-10-16 14:00:00,CRITICAL,EV_CHARGING_SHIFT,APPROVED,613.99,0.0,613.99,1.03,0.0,613.99,0.0,UNDERPERFORMED,True
2017-10-16 14:00:00,CRITICAL,BATTERY_DISCHARGE,APPROVED,613.99,25.0,588.99,0.753,18.82,595.17,75.26,UNDERPERFORMED,True
2017-10-16 14:00:00,CRITICAL,COMBINED_ACTION,APPROVED,613.99,47.18,566.82,0.844,39.81,574.18,84.37,SUCCESS,False
2017-10-16 15:00:00,HIGH,HVAC_SETPOINT_ADJUSTMENT,APPROVED,592.91,20.78,572.14,0.797,16.56,576.35,79.7,UNDERPERFORMED,True
2017-10-16 15:00:00,HIGH,EV_CHARGING_SHIFT,APPROVED,592.91,8.5,584.41,0.773,6.57,586.34,77.28,UNDERPERFORMED,True
2017-10-16 15:00:00,HIGH,BATTERY_DISCHARGE,APPROVED,592.91,25.0,567.91,0.793,19.83,573.08,79.32,UNDERPERFORMED,True
2017-10-16 15:00:00,HIGH,COMBINED_ACTION,APPROVED,592.91,54.28,538.63,1.036,56.23,536.68,103.59,SUCCESS,False
2017-10-16 16:00:00,HIGH,HVAC_SETPOINT_ADJUSTMENT,APPROVED,600.16,21.11,579.05,0.965,20.37,579.79,96.48,SUCCESS,False
2017-10-16 16:00:00,HIGH,EV_CHARGING_SHIFT,APPROVED,600.16,0.0,600.16,0.931,0.0,600.16,0.0,UNDERPERFORMED,True
2017-10-16 16:00:00,HIGH,BATTERY_DISCHARGE,APPROVED,600.16,25.0,575.16,0.964,24.11,576.05,96.44,SUCCESS,False
2017-10-16 16:00:00,HIGH,COMBINED_ACTION,APPROVED,600.16,46.11,554.05,0.828,38.18,561.98,82.8,SUCCESS,False
2017-10-17 11:00:00,ELEVATED,HVAC_SETPOINT_ADJUSTMENT,APPROVED,578.06,24.57,553.49,0.797,19.59,558.47,79.72,UNDERPERFORMED,True
2017-10-17 11:00:00,ELEVATED,EV_CHARGING_SHIFT,APPROVED,578.06,0.0,578.06,0.861,0.0,578.06,0.0,UNDERPERFORMED,True
2017-10-17 11:00:00,ELEVATED,BATTERY_DISCHARGE,APPROVED,578.06,25.0,553.06,0.807,20.17,557.89,80.69,SUCCESS,False
2017-10-17 11:00:00,ELEVATED,COMBINED_ACTION,APPROVED,578.06,49.57,528.49,1.019,50.53,527.53,101.94,SUCCESS,False
2017-10-17 12:00:00,ELEVATED,HVAC_SETPOINT_ADJUSTMENT,APPROVED,570.91,27.73,543.18,0.967,26.81,544.1,96.68,SUCCESS,False
2017-10-17 12:00:00,ELEVATED,EV_CHARGING_SHIFT,APPROVED,570.91,43.57,527.34,1.023,44.56,526.35,102.28,SUCCESS,False
2017-10-17 12:00:00,ELEVATED,BATTERY_DISCHARGE,APPROVED,570.91,25.0,545.91,1.049,26.21,544.7,104.85,SUCCESS,False
2017-10-17 12:00:00,ELEVATED,COMBINED_ACTION,APPROVED,570.91,96.3,474.61,0.906,87.29,483.62,90.65,SUCCESS,False
2017-10-17 13:00:00,HIGH,HVAC_SETPOINT_ADJUSTMENT,APPROVED,587.09,24.81,562.28,0.929,23.04,564.05,92.87,SUCCESS,False
2017-10-17 13:00:00,HIGH,EV_CHARGING_SHIFT,APPROVED,587.09,39.99,547.1,0.97,38.79,548.3,97.0,SUCCESS,False
2017-10-17 13:00:00,HIGH,BATTERY_DISCHARGE,APPROVED,587.09,25.0,562.09,0.777,19.42,567.67,77.69,UNDERPERFORMED,True
2017-10-17 13:00:00,HIGH,COMBINED_ACTION,APPROVED,587.09,89.8,497.29,1.018,91.43,495.66,101.82,SUCCESS,False
2017-10-17 14:00:00,HIGH,HVAC_SETPOINT_ADJUSTMENT,APPROVED,591.64,29.15,562.49,1.035,30.17,561.47,103.5,SUCCESS,False
2017-10-17 14:00:00,HIGH,EV_CHARGING_SHIFT,APPROVED,591.64,40.45,551.19,0.899,36.35,555.29,89.86,SUCCESS,False
2017-10-17 14:00:00,HIGH,BATTERY_DISCHARGE,APPROVED,591.64,25.0,566.64,0.985,24.62,567.02,98.49,SUCCESS,False
2017-10-17 14:00:00,HIGH,COMBINED_ACTION,APPROVED,591.64,94.6,497.04,0.88,83.28,508.36,88.04,SUCCESS,False
2017-10-17 15:00:00,HIGH,HVAC_SETPOINT_ADJUSTMENT,APPROVED,587.09,25.97,561.12,0.816,21.19,565.9,81.61,SUCCESS,False
2017-10-17 15:00:00,HIGH,EV_CHARGING_SHIFT,APPROVED,587.09,16.32,570.77,0.963,15.72,571.37,96.34,SUCCESS,False
2017-10-17 15:00:00,HIGH,BATTERY_DISCHARGE,APPROVED,587.09,25.0,562.09,0.934,23.35,563.74,93.41,SUCCESS,False
2017-10-17 15:00:00,HIGH,COMBINED_ACTION,APPROVED,587.09,67.29,519.8,1.016,68.36,518.73,101.59,SUCCESS,False
2017-10-17 16:00:00,HIGH,HVAC_SETPOINT_ADJUSTMENT,APPROVED,586.77,29.17,557.6,0.861,25.11,561.66,86.09,SUCCESS,False
2017-10-17 16:00:00,HIGH,EV_CHARGING_SHIFT,APPROVED,586.77,12.5,574.26,0.886,11.08,575.69,88.63,SUCCESS,False
2017-10-17 16:00:00,HIGH,BATTERY_DISCHARGE,APPROVED,586.77,25.0,561.77,0.975,24.38,562.39,97.52,SUCCESS,False
2017-10-17 16:00:00,HIGH,COMBINED_ACTION,APPROVED,586.77,66.67,520.1,0.806,53.72,533.05,80.57,SUCCESS,False
2017-10-17 17:00:00,ELEVATED,HVAC_SETPOINT_ADJUSTMENT,APPROVED,576.86,22.98,553.89,0.895,20.57,556.29,89.52,SUCCESS,False
2017-10-17 17:00:00,ELEVATED,EV_CHARGING_SHIFT,APPROVED,576.86,0.0,576.86,0.868,0.0,576.86,0.0,UNDERPERFORMED,True
2017-10-17 17:00:00,ELEVATED,BATTERY_DISCHARGE,APPROVED,576.86,25.0,551.86,0.971,24.28,552.58,97.14,SUCCESS,False
2017-10-17 17:00:00,ELEVATED,COMBINED_ACTION,APPROVED,576.86,47.98,528.89,0.926,44.45,532.41,92.63,SUCCESS,False
2017-10-18 11:00:00,ELEVATED,HVAC_SETPOINT_ADJUSTMENT,APPROVED,554.12,24.57,529.55,1.015,24.94,529.18,101.49,SUCCESS,False
2017-10-18 11:00:00,ELEVATED,EV_CHARGING_SHIFT,APPROVED,554.12,0.0,554.12,0.978,0.0,554.12,0.0,UNDERPERFORMED,True
2017-10-18 11:00:00,ELEVATED,BATTERY_DISCHARGE,APPROVED,554.12,25.0,529.12,0.808,20.2,533.92,80.81,SUCCESS,False
2017-10-18 11:00:00,ELEVATED,COMBINED_ACTION,APPROVED,554.12,49.57,504.55,0.995,49.33,504.79,99.51,SUCCESS,False
2017-10-18 12:00:00,ELEVATED,HVAC_SETPOINT_ADJUSTMENT,APPROVED,562.36,24.57,537.78,1.045,25.68,536.68,104.52,SUCCESS,False
2017-10-18 12:00:00,ELEVATED,EV_CHARGING_SHIFT,APPROVED,562.36,0.0,562.36,1.031,0.0,562.36,0.0,UNDERPERFORMED,True
2017-10-18 12:00:00,ELEVATED,BATTERY_DISCHARGE,APPROVED,562.36,25.0,537.36,0.822,20.55,541.81,82.2,SUCCESS,False
2017-10-18 12:00:00,ELEVATED,COMBINED_ACTION,APPROVED,562.36,49.57,512.78,0.978,48.46,513.9,97.75,SUCCESS,False
2017-10-18 13:00:00,ELEVATED,HVAC_SETPOINT_ADJUSTMENT,APPROVED,571.93,26.58,545.35,0.853,22.68,549.25,85.31,SUCCESS,False
2017-10-18 13:00:00,ELEVATED,EV_CHARGING_SHIFT,APPROVED,571.93,40.54,531.39,0.85,34.44,537.49,84.95,SUCCESS,False
2017-10-18 13:00:00,ELEVATED,BATTERY_DISCHARGE,APPROVED,571.93,25.0,546.93,0.783,19.57,552.36,78.3,UNDERPERFORMED,True
2017-10-18 13:00:00,ELEVATED,COMBINED_ACTION,APPROVED,571.93,92.11,479.81,0.93,85.69,486.24,93.03,SUCCESS,False
2017-10-18 14:00:00,ELEVATED,HVAC_SETPOINT_ADJUSTMENT,APPROVED,573.44,25.2,548.24,0.869,21.9,551.54,86.9,SUCCESS,False
2017-10-18 14:00:00,ELEVATED,EV_CHARGING_SHIFT,APPROVED,573.44,35.12,538.32,1.021,35.86,537.58,102.12,SUCCESS,False
2017-10-18 14:00:00,ELEVATED,BATTERY_DISCHARGE,APPROVED,573.44,25.0,548.44,1.039,25.98,547.46,103.92,SUCCESS,False
2017-10-18 14:00:00,ELEVATED,COMBINED_ACTION,APPROVED,573.44,85.32,488.12,0.983,83.85,489.59,98.28,SUCCESS,False
2017-10-18 15:00:00,ELEVATED,HVAC_SETPOINT_ADJUSTMENT,APPROVED,572.69,23.84,548.85,1.041,24.82,547.87,104.09,SUCCESS,False
2017-10-18 15:00:00,ELEVATED,EV_CHARGING_SHIFT,APPROVED,572.69,0.0,572.69,1.001,0.0,572.69,0.0,UNDERPERFORMED,True
2017-10-18 15:00:00,ELEVATED,BATTERY_DISCHARGE,APPROVED,572.69,25.0,547.69,0.784,19.61,553.08,78.44,UNDERPERFORMED,True
2017-10-18 15:00:00,ELEVATED,COMBINED_ACTION,APPROVED,572.69,48.84,523.85,0.905,44.2,528.49,90.51,SUCCESS,False
2017-10-18 16:00:00,HIGH,HVAC_SETPOINT_ADJUSTMENT,APPROVED,582.67,20.76,561.91,0.907,18.82,563.85,90.66,SUCCESS,False
2017-10-18 16:00:00,HIGH,EV_CHARGING_SHIFT,APPROVED,582.67,0.0,582.67,0.965,0.0,582.67,0.0,UNDERPERFORMED,True
2017-10-18 16:00:00,HIGH,BATTERY_DISCHARGE,APPROVED,582.67,25.0,557.67,1.014,25.36,557.31,101.44,SUCCESS,False
2017-10-18 16:00:00,HIGH,COMBINED_ACTION,APPROVED,582.67,45.76,536.91,0.984,45.01,537.66,98.36,SUCCESS,False
2017-10-19 11:00:00,ELEVATED,HVAC_SETPOINT_ADJUSTMENT,APPROVED,555.54,23.61,531.93,0.964,22.76,532.78,96.42,SUCCESS,False
2017-10-19 11:00:00,ELEVATED,EV_CHARGING_SHIFT,APPROVED,555.54,0.0,555.54,1.033,0.0,555.54,0.0,UNDERPERFORMED,True
2017-10-19 11:00:00,ELEVATED,BATTERY_DISCHARGE,APPROVED,555.54,25.0,530.54,0.896,22.4,533.14,89.59,SUCCESS,False
2017-10-19 11:00:00,ELEVATED,COMBINED_ACTION,APPROVED,555.54,48.61,506.93,0.816,39.68,515.86,81.64,SUCCESS,False
2017-10-19 12:00:00,ELEVATED,HVAC_SETPOINT_ADJUSTMENT,APPROVED,567.23,22.66,544.57,0.884,20.04,547.19,88.45,SUCCESS,False
2017-10-19 12:00:00,ELEVATED,EV_CHARGING_SHIFT,APPROVED,567.23,24.77,542.47,0.902,22.35,544.88,90.23,SUCCESS,False
2017-10-19 12:00:00,ELEVATED,BATTERY_DISCHARGE,APPROVED,567.23,25.0,542.23,1.007,25.18,542.05,100.72,SUCCESS,False
2017-10-19 12:00:00,ELEVATED,COMBINED_ACTION,APPROVED,567.23,72.43,494.8,0.986,71.4,495.83,98.58,SUCCESS,False
2017-10-19 13:00:00,HIGH,HVAC_SETPOINT_ADJUSTMENT,APPROVED,592.9,24.09,568.81,0.83,20.01,572.89,83.05,SUCCESS,False
2017-10-19 13:00:00,HIGH,EV_CHARGING_SHIFT,APPROVED,592.9,0.0,592.9,0.888,0.0,592.9,0.0,UNDERPERFORMED,True
2017-10-19 13:00:00,HIGH,BATTERY_DISCHARGE,APPROVED,592.9,25.0,567.9,0.815,20.39,572.51,81.55,SUCCESS,False
2017-10-19 13:00:00,HIGH,COMBINED_ACTION,APPROVED,592.9,49.09,543.81,0.894,43.89,549.01,89.42,SUCCESS,False
2017-10-19 14:00:00,ELEVATED,HVAC_SETPOINT_ADJUSTMENT,APPROVED,577.36,20.79,556.57,0.774,16.09,561.27,77.42,UNDERPERFORMED,True
2017-10-19 14:00:00,ELEVATED,EV_CHARGING_SHIFT,APPROVED,577.36,0.0,577.36,0.996,0.0,577.36,0.0,UNDERPERFORMED,True
2017-10-19 14:00:00,ELEVATED,BATTERY_DISCHARGE,APPROVED,577.36,25.0,552.36,0.802,20.05,557.31,80.21,SUCCESS,False
2017-10-19 14:00:00,ELEVATED,COMBINED_ACTION,APPROVED,577.36,45.79,531.57,0.892,40.85,536.51,89.2,SUCCESS,False
2017-10-19 15:00:00,ELEVATED,HVAC_SETPOINT_ADJUSTMENT,APPROVED,568.1,23.07,545.03,0.812,18.72,549.38,81.16,SUCCESS,False
2017-10-19 15:00:00,ELEVATED,EV_CHARGING_SHIFT,APPROVED,568.1,0.0,568.1,0.902,0.0,568.1,0.0,UNDERPERFORMED,True
2017-10-19 15:00:00,ELEVATED,BATTERY_DISCHARGE,APPROVED,568.1,25.0,543.1,0.987,24.68,543.42,98.73,SUCCESS,False
2017-10-19 15:00:00,ELEVATED,COMBINED_ACTION,APPROVED,568.1,48.07,520.03,0.92,44.23,523.87,92.0,SUCCESS,False
2017-10-19 16:00:00,HIGH,HVAC_SETPOINT_ADJUSTMENT,APPROVED,599.7,21.59,578.11,1.004,21.67,578.03,100.39,SUCCESS,False
2017-10-19 16:00:00,HIGH,EV_CHARGING_SHIFT,APPROVED,599.7,12.94,586.76,0.798,10.32,589.38,79.79,UNDERPERFORMED,True
2017-10-19 16:00:00,HIGH,BATTERY_DISCHARGE,APPROVED,599.7,25.0,574.7,1.017,25.43,574.27,101.7,SUCCESS,False
2017-10-19 16:00:00,HIGH,COMBINED_ACTION,APPROVED,599.7,59.53,540.17,0.894,53.21,546.49,89.39,SUCCESS,False
2017-10-19 17:00:00,ELEVATED,HVAC_SETPOINT_ADJUSTMENT,APPROVED,563.72,20.22,543.5,0.874,17.67,546.05,87.41,SUCCESS,False
2017-10-19 17:00:00,ELEVATED,EV_CHARGING_SHIFT,APPROVED,563.72,14.14,549.59,0.843,11.92,551.8,84.33,SUCCESS,False
2017-10-19 17:00:00,ELEVATED,BATTERY_DISCHARGE,APPROVED,563.72,25.0,538.72,0.946,23.64,540.08,94.57,SUCCESS,False
2017-10-19 17:00:00,ELEVATED,COMBINED_ACTION,APPROVED,563.72,59.35,504.37,0.923,54.77,508.95,92.29,SUCCESS,False
2017-10-20 12:00:00,ELEVATED,HVAC_SETPOINT_ADJUSTMENT,APPROVED,580.43,29.49,550.94,0.775,22.86,557.57,77.52,UNDERPERFORMED,True
2017-10-20 12:00:00,ELEVATED,EV_CHARGING_SHIFT,APPROVED,580.43,0.0,580.43,0.95,0.0,580.43,0.0,UNDERPERFORMED,True
2017-10-20 12:00:00,ELEVATED,BATTERY_DISCHARGE,APPROVED,580.43,25.0,555.43,0.842,21.05,559.38,84.19,SUCCESS,False
2017-10-20 12:00:00,ELEVATED,COMBINED_ACTION,APPROVED,580.43,54.49,525.94,0.774,42.15,538.28,77.36,UNDERPERFORMED,True
2017-10-20 13:00:00,ELEVATED,HVAC_SETPOINT_ADJUSTMENT,APPROVED,573.78,25.72,548.06,0.931,23.94,549.84,93.06,SUCCESS,False
2017-10-20 13:00:00,ELEVATED,EV_CHARGING_SHIFT,APPROVED,573.78,32.15,541.63,0.932,29.97,543.81,93.23,SUCCESS,False
2017-10-20 13:00:00,ELEVATED,BATTERY_DISCHARGE,APPROVED,573.78,25.0,548.78,0.912,22.81,550.97,91.25,SUCCESS,False
2017-10-20 13:00:00,ELEVATED,COMBINED_ACTION,APPROVED,573.78,82.87,490.91,0.957,79.29,494.49,95.68,SUCCESS,False
2017-10-20 14:00:00,HIGH,HVAC_SETPOINT_ADJUSTMENT,APPROVED,584.63,24.1,560.54,1.041,25.09,559.54,104.09,SUCCESS,False
2017-10-20 14:00:00,HIGH,EV_CHARGING_SHIFT,APPROVED,584.63,9.7,574.93,0.902,8.75,575.88,90.2,SUCCESS,False
2017-10-20 14:00:00,HIGH,BATTERY_DISCHARGE,APPROVED,584.63,25.0,559.63,0.973,24.33,560.3,97.33,SUCCESS,False
2017-10-20 14:00:00,HIGH,COMBINED_ACTION,APPROVED,584.63,58.8,525.83,0.829,48.76,535.87,82.92,SUCCESS,False
2017-10-20 15:00:00,ELEVATED,HVAC_SETPOINT_ADJUSTMENT,APPROVED,575.35,24.6,550.75,0.931,22.91,552.44,93.15,SUCCESS,False
2017-10-20 15:00:00,ELEVATED,EV_CHARGING_SHIFT,APPROVED,575.35,20.92,554.43,0.811,16.98,558.37,81.15,SUCCESS,False
2017-10-20 15:00:00,ELEVATED,BATTERY_DISCHARGE,APPROVED,575.35,25.0,550.35,0.973,24.33,551.02,97.31,SUCCESS,False
2017-10-20 15:00:00,ELEVATED,COMBINED_ACTION,APPROVED,575.35,70.52,504.83,0.789,55.63,519.72,78.88,UNDERPERFORMED,True
2017-10-20 16:00:00,HIGH,HVAC_SETPOINT_ADJUSTMENT,APPROVED,596.02,28.34,567.67,0.927,26.26,569.76,92.66,SUCCESS,False
2017-10-20 16:00:00,HIGH,EV_CHARGING_SHIFT,APPROVED,596.02,0.0,596.02,0.99,0.0,596.02,0.0,UNDERPERFORMED,True
2017-10-20 16:00:00,HIGH,BATTERY_DISCHARGE,APPROVED,596.02,25.0,571.02,0.884,22.09,573.93,88.38,SUCCESS,False
2017-10-20 16:00:00,HIGH,COMBINED_ACTION,APPROVED,596.02,53.34,542.67,1.019,54.33,541.69,101.86,SUCCESS,False
2017-10-23 12:00:00,HIGH,HVAC_SETPOINT_ADJUSTMENT,APPROVED,586.59,25.04,561.55,1.027,25.71,560.88,102.68,SUCCESS,False
2017-10-23 12:00:00,HIGH,EV_CHARGING_SHIFT,APPROVED,586.59,0.0,586.59,1.006,0.0,586.59,0.0,UNDERPERFORMED,True
2017-10-23 12:00:00,HIGH,BATTERY_DISCHARGE,APPROVED,586.59,25.0,561.59,0.757,18.92,567.67,75.7,UNDERPERFORMED,True
2017-10-23 12:00:00,HIGH,COMBINED_ACTION,APPROVED,586.59,50.04,536.55,0.892,44.65,541.94,89.24,SUCCESS,False
2017-10-23 13:00:00,ELEVATED,HVAC_SETPOINT_ADJUSTMENT,APPROVED,567.13,25.58,541.55,0.881,22.55,544.58,88.14,SUCCESS,False
2017-10-23 13:00:00,ELEVATED,EV_CHARGING_SHIFT,APPROVED,567.13,0.0,567.13,0.973,0.0,567.13,0.0,UNDERPERFORMED,True
2017-10-23 13:00:00,ELEVATED,BATTERY_DISCHARGE,APPROVED,567.13,25.0,542.13,1.022,25.56,541.57,102.23,SUCCESS,False
2017-10-23 13:00:00,ELEVATED,COMBINED_ACTION,APPROVED,567.13,50.58,516.55,0.804,40.65,526.48,80.36,SUCCESS,False
2017-10-23 14:00:00,ELEVATED,HVAC_SETPOINT_ADJUSTMENT,APPROVED,560.41,21.31,539.1,0.974,20.76,539.65,97.4,SUCCESS,False
2017-10-23 14:00:00,ELEVATED,EV_CHARGING_SHIFT,APPROVED,560.41,42.1,518.31,0.981,41.28,519.13,98.06,SUCCESS,False
2017-10-23 14:00:00,ELEVATED,BATTERY_DISCHARGE,APPROVED,560.41,25.0,535.41,0.964,24.11,536.3,96.45,SUCCESS,False
2017-10-23 14:00:00,ELEVATED,COMBINED_ACTION,APPROVED,560.41,88.41,472.0,0.944,83.42,476.99,94.36,SUCCESS,False
2017-10-23 15:00:00,ELEVATED,HVAC_SETPOINT_ADJUSTMENT,APPROVED,569.91,26.74,543.17,0.943,25.22,544.69,94.32,SUCCESS,False
2017-10-23 15:00:00,ELEVATED,EV_CHARGING_SHIFT,APPROVED,569.91,37.81,532.11,1.004,37.96,531.95,100.38,SUCCESS,False
2017-10-23 15:00:00,ELEVATED,BATTERY_DISCHARGE,APPROVED,569.91,25.0,544.91,1.028,25.69,544.22,102.76,SUCCESS,False
2017-10-23 15:00:00,ELEVATED,COMBINED_ACTION,APPROVED,569.91,89.55,480.37,0.781,69.92,499.99,78.08,UNDERPERFORMED,True
2017-10-23 16:00:00,ELEVATED,HVAC_SETPOINT_ADJUSTMENT,APPROVED,570.18,24.46,545.72,0.839,20.52,549.66,83.88,SUCCESS,False
2017-10-23 16:00:00,ELEVATED,EV_CHARGING_SHIFT,APPROVED,570.18,0.0,570.18,0.809,0.0,570.18,0.0,UNDERPERFORMED,True
2017-10-23 16:00:00,ELEVATED,BATTERY_DISCHARGE,APPROVED,570.18,25.0,545.18,0.802,20.04,550.14,80.18,SUCCESS,False
2017-10-23 16:00:00,ELEVATED,COMBINED_ACTION,APPROVED,570.18,49.46,520.72,0.795,39.33,530.85,79.52,UNDERPERFORMED,True
2017-10-23 17:00:00,ELEVATED,HVAC_SETPOINT_ADJUSTMENT,APPROVED,578.8,23.15,555.65,0.926,21.43,557.37,92.58,SUCCESS,False
2017-10-23 17:00:00,ELEVATED,EV_CHARGING_SHIFT,APPROVED,578.8,0.0,578.8,0.933,0.0,578.8,0.0,UNDERPERFORMED,True
2017-10-23 17:00:00,ELEVATED,BATTERY_DISCHARGE,APPROVED,578.8,25.0,553.8,0.783,19.59,559.21,78.35,UNDERPERFORMED,True
2017-10-23 17:00:00,ELEVATED,COMBINED_ACTION,APPROVED,578.8,48.15,530.65,0.768,37.0,541.8,76.84,UNDERPERFORMED,True
2017-10-24 12:00:00,ELEVATED,HVAC_SETPOINT_ADJUSTMENT,APPROVED,560.43,23.1,537.32,1.038,23.98,536.45,103.81,SUCCESS,False
2017-10-24 12:00:00,ELEVATED,EV_CHARGING_SHIFT,APPROVED,560.43,0.0,560.43,1.037,0.0,560.43,0.0,UNDERPERFORMED,True
2017-10-24 12:00:00,ELEVATED,BATTERY_DISCHARGE,APPROVED,560.43,25.0,535.43,0.908,22.71,537.72,90.84,SUCCESS,False
2017-10-24 12:00:00,ELEVATED,COMBINED_ACTION,APPROVED,560.43,48.1,512.32,0.814,39.14,521.29,81.38,SUCCESS,False
2017-10-24 13:00:00,ELEVATED,HVAC_SETPOINT_ADJUSTMENT,APPROVED,576.16,23.27,552.89,1.024,23.84,552.32,102.43,SUCCESS,False
2017-10-24 13:00:00,ELEVATED,EV_CHARGING_SHIFT,APPROVED,576.16,0.0,576.16,0.936,0.0,576.16,0.0,UNDERPERFORMED,True
2017-10-24 13:00:00,ELEVATED,BATTERY_DISCHARGE,APPROVED,576.16,25.0,551.16,1.004,25.1,551.06,100.42,SUCCESS,False
2017-10-24 13:00:00,ELEVATED,COMBINED_ACTION,APPROVED,576.16,48.27,527.89,0.927,44.76,531.4,92.74,SUCCESS,False
2017-10-24 14:00:00,HIGH,HVAC_SETPOINT_ADJUSTMENT,APPROVED,584.91,22.44,562.47,0.887,19.92,564.99,88.75,SUCCESS,False
2017-10-24 14:00:00,HIGH,EV_CHARGING_SHIFT,APPROVED,584.91,0.0,584.91,0.871,0.0,584.91,0.0,UNDERPERFORMED,True
2017-10-24 14:00:00,HIGH,BATTERY_DISCHARGE,APPROVED,584.91,25.0,559.91,0.782,19.56,565.35,78.23,UNDERPERFORMED,True
2017-10-24 14:00:00,HIGH,COMBINED_ACTION,APPROVED,584.91,47.44,537.47,0.929,44.06,540.85,92.87,SUCCESS,False
2017-10-24 15:00:00,HIGH,HVAC_SETPOINT_ADJUSTMENT,APPROVED,587.39,23.34,564.06,0.797,18.61,568.78,79.73,UNDERPERFORMED,True
2017-10-24 15:00:00,HIGH,EV_CHARGING_SHIFT,APPROVED,587.39,0.0,587.39,0.931,0.0,587.39,0.0,UNDERPERFORMED,True
2017-10-24 15:00:00,HIGH,BATTERY_DISCHARGE,APPROVED,587.39,25.0,562.39,0.907,22.69,564.7,90.75,SUCCESS,False
2017-10-24 15:00:00,HIGH,COMBINED_ACTION,APPROVED,587.39,48.34,539.06,0.943,45.57,541.82,94.27,SUCCESS,False
2017-10-24 16:00:00,HIGH,HVAC_SETPOINT_ADJUSTMENT,APPROVED,594.69,19.16,575.53,0.764,14.63,580.06,76.38,UNDERPERFORMED,True
2017-10-24 16:00:00,HIGH,EV_CHARGING_SHIFT,APPROVED,594.69,0.0,594.69,0.858,0.0,594.69,0.0,UNDERPERFORMED,True
2017-10-24 16:00:00,HIGH,BATTERY_DISCHARGE,APPROVED,594.69,25.0,569.69,0.768,19.19,575.5,76.77,UNDERPERFORMED,True
2017-10-24 16:00:00,HIGH,COMBINED_ACTION,APPROVED,594.69,44.16,550.53,0.937,41.39,553.3,93.73,SUCCESS,False
2017-10-24 17:00:00,HIGH,HVAC_SETPOINT_ADJUSTMENT,APPROVED,588.77,19.31,569.45,0.872,16.84,571.93,87.2,SUCCESS,False
2017-10-24 17:00:00,HIGH,EV_CHARGING_SHIFT,APPROVED,588.77,0.0,588.77,0.971,0.0,588.77,0.0,UNDERPERFORMED,True
2017-10-24 17:00:00,HIGH,BATTERY_DISCHARGE,APPROVED,588.77,25.0,563.77,0.995,24.88,563.89,99.53,SUCCESS,False
2017-10-24 17:00:00,HIGH,COMBINED_ACTION,APPROVED,588.77,44.31,544.45,1.039,46.04,542.73,103.9,SUCCESS,False
2017-10-25 11:00:00,ELEVATED,HVAC_SETPOINT_ADJUSTMENT,APPROVED,551.89,23.92,527.97,0.916,21.91,529.98,91.61,SUCCESS,False
2017-10-25 11:00:00,ELEVATED,EV_CHARGING_SHIFT,APPROVED,551.89,40.07,511.82,0.826,33.1,518.79,82.6,SUCCESS,False
2017-10-25 11:00:00,ELEVATED,BATTERY_DISCHARGE,APPROVED,551.89,25.0,526.89,0.895,22.37,529.52,89.46,SUCCESS,False
2017-10-25 11:00:00,ELEVATED,COMBINED_ACTION,APPROVED,551.89,88.99,462.9,0.843,75.0,476.89,84.28,SUCCESS,False
2017-10-25 12:00:00,ELEVATED,HVAC_SETPOINT_ADJUSTMENT,APPROVED,561.2,25.3,535.91,0.862,21.82,539.38,86.24,SUCCESS,False
2017-10-25 12:00:00,ELEVATED,EV_CHARGING_SHIFT,APPROVED,561.2,25.02,536.18,0.86,21.52,539.68,86.0,SUCCESS,False
2017-10-25 12:00:00,ELEVATED,BATTERY_DISCHARGE,APPROVED,561.2,25.0,536.2,1.003,25.08,536.12,100.33,SUCCESS,False
2017-10-25 12:00:00,ELEVATED,COMBINED_ACTION,APPROVED,561.2,75.32,485.88,0.995,74.98,486.22,99.54,SUCCESS,False
2017-10-25 13:00:00,ELEVATED,HVAC_SETPOINT_ADJUSTMENT,APPROVED,577.28,22.09,555.19,0.777,17.16,560.12,77.67,UNDERPERFORMED,True
2017-10-25 13:00:00,ELEVATED,EV_CHARGING_SHIFT,APPROVED,577.28,0.0,577.28,0.996,0.0,577.28,0.0,UNDERPERFORMED,True
2017-10-25 13:00:00,ELEVATED,BATTERY_DISCHARGE,APPROVED,577.28,25.0,552.28,1.006,25.15,552.13,100.59,SUCCESS,False
2017-10-25 13:00:00,ELEVATED,COMBINED_ACTION,APPROVED,577.28,47.09,530.19,0.988,46.54,530.74,98.83,SUCCESS,False
2017-10-25 14:00:00,HIGH,HVAC_SETPOINT_ADJUSTMENT,APPROVED,594.8,20.8,574.0,0.826,17.17,577.63,82.56,SUCCESS,False
2017-10-25 14:00:00,HIGH,EV_CHARGING_SHIFT,APPROVED,594.8,35.08,559.72,1.0,35.08,559.72,99.99,SUCCESS,False
2017-10-25 14:00:00,HIGH,BATTERY_DISCHARGE,APPROVED,594.8,25.0,569.8,0.828,20.69,574.11,82.75,SUCCESS,False
2017-10-25 14:00:00,HIGH,COMBINED_ACTION,APPROVED,594.8,80.88,513.92,0.998,80.73,514.07,99.82,SUCCESS,False
2017-10-25 15:00:00,HIGH,HVAC_SETPOINT_ADJUSTMENT,APPROVED,600.31,24.57,575.74,0.98,24.08,576.23,98.02,SUCCESS,False
2017-10-25 15:00:00,HIGH,EV_CHARGING_SHIFT,APPROVED,600.31,0.0,600.31,0.893,0.0,600.31,0.0,UNDERPERFORMED,True
2017-10-25 15:00:00,HIGH,BATTERY_DISCHARGE,APPROVED,600.31,25.0,575.31,0.788,19.71,580.6,78.84,UNDERPERFORMED,True
2017-10-25 15:00:00,HIGH,COMBINED_ACTION,APPROVED,600.31,49.57,550.74,0.873,43.27,557.04,87.29,SUCCESS,False
2017-10-25 16:00:00,HIGH,HVAC_SETPOINT_ADJUSTMENT,APPROVED,598.52,25.12,573.4,0.824,20.69,577.83,82.36,SUCCESS,False
2017-10-25 16:00:00,HIGH,EV_CHARGING_SHIFT,APPROVED,598.52,13.47,585.05,0.908,12.22,586.3,90.75,SUCCESS,False
2017-10-25 16:00:00,HIGH,BATTERY_DISCHARGE,APPROVED,598.52,25.0,573.52,0.824,20.6,577.92,82.39,SUCCESS,False
2017-10-25 16:00:00,HIGH,COMBINED_ACTION,APPROVED,598.52,63.59,534.93,0.917,58.31,540.21,91.7,SUCCESS,False
2017-10-25 17:00:00,HIGH,HVAC_SETPOINT_ADJUSTMENT,APPROVED,600.92,18.81,582.11,1.012,19.03,581.89,101.16,SUCCESS,False
2017-10-25 17:00:00,HIGH,EV_CHARGING_SHIFT,APPROVED,600.92,0.0,600.92,0.797,0.0,600.92,0.0,UNDERPERFORMED,True
2017-10-25 17:00:00,HIGH,BATTERY_DISCHARGE,APPROVED,600.92,25.0,575.92,0.785,19.61,581.31,78.45,UNDERPERFORMED,True
2017-10-25 17:00:00,HIGH,COMBINED_ACTION,APPROVED,600.92,43.81,557.11,0.961,42.09,558.83,96.07,SUCCESS,False
2017-10-26 11:00:00,ELEVATED,HVAC_SETPOINT_ADJUSTMENT,APPROVED,558.04,29.12,528.92,0.856,24.92,533.12,85.58,SUCCESS,False
2017-10-26 11:00:00,ELEVATED,EV_CHARGING_SHIFT,APPROVED,558.04,0.0,558.04,0.96,0.0,558.04,0.0,UNDERPERFORMED,True
2017-10-26 11:00:00,ELEVATED,BATTERY_DISCHARGE,APPROVED,558.04,25.0,533.04,1.001,25.02,533.02,100.09,SUCCESS,False
2017-10-26 11:00:00,ELEVATED,COMBINED_ACTION,APPROVED,558.04,54.12,503.92,0.856,46.35,511.69,85.64,SUCCESS,False
2017-10-26 12:00:00,ELEVATED,HVAC_SETPOINT_ADJUSTMENT,APPROVED,558.8,25.01,533.8,0.761,19.02,539.78,76.07,UNDERPERFORMED,True
2017-10-26 12:00:00,ELEVATED,EV_CHARGING_SHIFT,APPROVED,558.8,0.0,558.8,0.948,0.0,558.8,0.0,UNDERPERFORMED,True
2017-10-26 12:00:00,ELEVATED,BATTERY_DISCHARGE,APPROVED,558.8,25.0,533.8,0.751,18.78,540.02,75.13,UNDERPERFORMED,True
2017-10-26 12:00:00,ELEVATED,COMBINED_ACTION,APPROVED,558.8,50.01,508.8,0.824,41.2,517.6,82.37,SUCCESS,False
2017-10-26 13:00:00,ELEVATED,HVAC_SETPOINT_ADJUSTMENT,APPROVED,579.56,25.72,553.84,0.912,23.46,556.1,91.23,SUCCESS,False
2017-10-26 13:00:00,ELEVATED,EV_CHARGING_SHIFT,APPROVED,579.56,0.0,579.56,1.034,0.0,579.56,0.0,UNDERPERFORMED,True
2017-10-26 13:00:00,ELEVATED,BATTERY_DISCHARGE,APPROVED,579.56,25.0,554.56,0.881,22.02,557.54,88.09,SUCCESS,False
2017-10-26 13:00:00,ELEVATED,COMBINED_ACTION,APPROVED,579.56,50.72,528.84,0.992,50.32,529.24,99.22,SUCCESS,False
2017-10-26 14:00:00,ELEVATED,HVAC_SETPOINT_ADJUSTMENT,APPROVED,574.51,26.98,547.53,1.013,27.34,547.17,101.34,SUCCESS,False
2017-10-26 14:00:00,ELEVATED,EV_CHARGING_SHIFT,APPROVED,574.51,0.0,574.51,0.775,0.0,574.51,0.0,UNDERPERFORMED,True
2017-10-26 14:00:00,ELEVATED,BATTERY_DISCHARGE,APPROVED,574.51,25.0,549.51,0.785,19.61,554.9,78.45,UNDERPERFORMED,True
2017-10-26 14:00:00,ELEVATED,COMBINED_ACTION,APPROVED,574.51,51.98,522.53,0.751,39.03,535.48,75.08,UNDERPERFORMED,True
2017-10-26 15:00:00,HIGH,HVAC_SETPOINT_ADJUSTMENT,APPROVED,581.46,27.92,553.54,1.005,28.05,553.41,100.48,SUCCESS,False
2017-10-26 15:00:00,HIGH,EV_CHARGING_SHIFT,APPROVED,581.46,0.0,581.46,0.91,0.0,581.46,0.0,UNDERPERFORMED,True
2017-10-26 15:00:00,HIGH,BATTERY_DISCHARGE,APPROVED,581.46,25.0,556.46,0.893,22.34,559.12,89.35,SUCCESS,False
2017-10-26 15:00:00,HIGH,COMBINED_ACTION,APPROVED,581.46,52.92,528.54,0.821,43.47,537.99,82.14,SUCCESS,False
2017-10-26 16:00:00,HIGH,HVAC_SETPOINT_ADJUSTMENT,APPROVED,599.52,26.68,572.84,0.956,25.49,574.03,95.56,SUCCESS,False
2017-10-26 16:00:00,HIGH,EV_CHARGING_SHIFT,APPROVED,599.52,15.34,584.19,0.928,14.24,585.28,92.84,SUCCESS,False
2017-10-26 16:00:00,HIGH,BATTERY_DISCHARGE,APPROVED,599.52,25.0,574.52,0.913,22.82,576.7,91.28,SUCCESS,False
2017-10-26 16:00:00,HIGH,COMBINED_ACTION,APPROVED,599.52,67.02,532.51,1.017,68.17,531.35,101.72,SUCCESS,False
2017-10-26 17:00:00,ELEVATED,HVAC_SETPOINT_ADJUSTMENT,APPROVED,579.15,21.92,557.24,0.825,18.09,561.06,82.54,SUCCESS,False
2017-10-26 17:00:00,ELEVATED,EV_CHARGING_SHIFT,APPROVED,579.15,34.29,544.87,0.867,29.74,549.41,86.73,SUCCESS,False
2017-10-26 17:00:00,ELEVATED,BATTERY_DISCHARGE,APPROVED,579.15,25.0,554.15,0.961,24.03,555.12,96.13,SUCCESS,False
2017-10-26 17:00:00,ELEVATED,COMBINED_ACTION,APPROVED,579.15,81.2,497.95,0.883,71.68,507.47,88.27,SUCCESS,False
2017-10-27 12:00:00,ELEVATED,HVAC_SETPOINT_ADJUSTMENT,APPROVED,574.47,28.18,546.29,0.952,26.84,547.63,95.23,SUCCESS,False
2017-10-27 12:00:00,ELEVATED,EV_CHARGING_SHIFT,APPROVED,574.47,41.23,533.24,0.835,34.43,540.04,83.51,SUCCESS,False
2017-10-27 12:00:00,ELEVATED,BATTERY_DISCHARGE,APPROVED,574.47,25.0,549.47,0.796,19.91,554.56,79.62,UNDERPERFORMED,True
2017-10-27 12:00:00,ELEVATED,COMBINED_ACTION,APPROVED,574.47,94.41,480.06,0.773,73.02,501.45,77.34,UNDERPERFORMED,True
2017-10-27 13:00:00,ELEVATED,HVAC_SETPOINT_ADJUSTMENT,APPROVED,575.43,30.65,544.78,0.974,29.86,545.57,97.41,SUCCESS,False
2017-10-27 13:00:00,ELEVATED,EV_CHARGING_SHIFT,APPROVED,575.43,8.26,567.17,0.935,7.73,567.7,93.54,SUCCESS,False
2017-10-27 13:00:00,ELEVATED,BATTERY_DISCHARGE,APPROVED,575.43,25.0,550.43,0.843,21.08,554.35,84.34,SUCCESS,False
2017-10-27 13:00:00,ELEVATED,COMBINED_ACTION,APPROVED,575.43,63.9,511.52,0.942,60.19,515.24,94.19,SUCCESS,False
2017-10-27 14:00:00,ELEVATED,HVAC_SETPOINT_ADJUSTMENT,APPROVED,578.77,27.24,551.53,0.856,23.3,555.47,85.55,SUCCESS,False
2017-10-27 14:00:00,ELEVATED,EV_CHARGING_SHIFT,APPROVED,578.77,0.0,578.77,0.931,0.0,578.77,0.0,UNDERPERFORMED,True
2017-10-27 14:00:00,ELEVATED,BATTERY_DISCHARGE,APPROVED,578.77,25.0,553.77,0.766,19.14,559.63,76.57,UNDERPERFORMED,True
2017-10-27 14:00:00,ELEVATED,COMBINED_ACTION,APPROVED,578.77,52.24,526.53,0.849,44.33,534.44,84.85,SUCCESS,False
2017-10-27 15:00:00,HIGH,HVAC_SETPOINT_ADJUSTMENT,APPROVED,595.95,22.54,573.42,0.768,17.3,578.65,76.75,UNDERPERFORMED,True
2017-10-27 15:00:00,HIGH,EV_CHARGING_SHIFT,APPROVED,595.95,16.92,579.03,0.838,14.18,581.77,83.78,SUCCESS,False
2017-10-27 15:00:00,HIGH,BATTERY_DISCHARGE,APPROVED,595.95,25.0,570.95,0.906,22.66,573.29,90.64,SUCCESS,False
2017-10-27 15:00:00,HIGH,COMBINED_ACTION,APPROVED,595.95,64.46,531.5,0.944,60.82,535.13,94.35,SUCCESS,False
2017-10-27 16:00:00,ELEVATED,HVAC_SETPOINT_ADJUSTMENT,APPROVED,572.64,26.01,546.62,0.786,20.44,552.2,78.59,UNDERPERFORMED,True
2017-10-27 16:00:00,ELEVATED,EV_CHARGING_SHIFT,APPROVED,572.64,25.77,546.87,1.043,26.89,545.75,104.34,SUCCESS,False
2017-10-27 16:00:00,ELEVATED,BATTERY_DISCHARGE,APPROVED,572.64,25.0,547.64,0.781,19.53,553.11,78.11,UNDERPERFORMED,True
2017-10-27 16:00:00,ELEVATED,COMBINED_ACTION,APPROVED,572.64,76.78,495.86,1.03,79.11,493.53,103.04,SUCCESS,False
2017-10-30 13:00:00,HIGH,HVAC_SETPOINT_ADJUSTMENT,APPROVED,588.63,31.0,557.62,0.798,24.74,563.89,79.8,UNDERPERFORMED,True
2017-10-30 13:00:00,HIGH,EV_CHARGING_SHIFT,APPROVED,588.63,13.62,575.0,0.877,11.95,576.68,87.71,SUCCESS,False
2017-10-30 13:00:00,HIGH,BATTERY_DISCHARGE,APPROVED,588.63,25.0,563.63,0.969,24.23,564.4,96.9,SUCCESS,False
2017-10-30 13:00:00,HIGH,COMBINED_ACTION,APPROVED,588.63,69.63,519.0,0.774,53.92,534.71,77.44,UNDERPERFORMED,True
2017-10-30 14:00:00,HIGH,HVAC_SETPOINT_ADJUSTMENT,APPROVED,586.65,29.44,557.21,0.955,28.1,558.55,95.46,SUCCESS,False
2017-10-30 14:00:00,HIGH,EV_CHARGING_SHIFT,APPROVED,586.65,19.99,566.66,0.945,18.89,567.76,94.49,SUCCESS,False
2017-10-30 14:00:00,HIGH,BATTERY_DISCHARGE,APPROVED,586.65,25.0,561.65,0.76,18.99,567.66,75.95,UNDERPERFORMED,True
2017-10-30 14:00:00,HIGH,COMBINED_ACTION,APPROVED,586.65,74.44,512.22,0.756,56.25,530.4,75.56,UNDERPERFORMED,True
2017-10-30 15:00:00,HIGH,HVAC_SETPOINT_ADJUSTMENT,APPROVED,597.98,28.6,569.38,0.886,25.33,572.65,88.57,SUCCESS,False
2017-10-30 15:00:00,HIGH,EV_CHARGING_SHIFT,APPROVED,597.98,0.0,597.98,0.951,0.0,597.98,0.0,UNDERPERFORMED,True
2017-10-30 15:00:00,HIGH,BATTERY_DISCHARGE,APPROVED,597.98,25.0,572.98,0.799,19.97,578.01,79.87,UNDERPERFORMED,True
2017-10-30 15:00:00,HIGH,COMBINED_ACTION,APPROVED,597.98,53.6,544.38,1.034,55.4,542.58,103.36,SUCCESS,False
2017-10-30 16:00:00,CRITICAL,HVAC_SETPOINT_ADJUSTMENT,APPROVED,625.85,30.09,595.76,0.803,24.16,601.69,80.31,SUCCESS,False
2017-10-30 16:00:00,CRITICAL,EV_CHARGING_SHIFT,APPROVED,625.85,34.46,591.39,0.865,29.82,596.03,86.53,SUCCESS,False
2017-10-30 16:00:00,CRITICAL,BATTERY_DISCHARGE,APPROVED,625.85,25.0,600.85,0.877,21.92,603.93,87.67,SUCCESS,False
2017-10-30 16:00:00,CRITICAL,COMBINED_ACTION,APPROVED,625.85,89.56,536.3,0.904,80.94,544.91,90.37,SUCCESS,False
2017-10-30 17:00:00,ELEVATED,HVAC_SETPOINT_ADJUSTMENT,APPROVED,562.74,25.49,537.25,0.842,21.46,541.28,84.2,SUCCESS,False
2017-10-30 17:00:00,ELEVATED,EV_CHARGING_SHIFT,APPROVED,562.74,0.0,562.74,0.943,0.0,562.74,0.0,UNDERPERFORMED,True
2017-10-30 17:00:00,ELEVATED,BATTERY_DISCHARGE,APPROVED,562.74,25.0,537.74,0.772,19.29,543.45,77.16,UNDERPERFORMED,True
2017-10-30 17:00:00,ELEVATED,COMBINED_ACTION,APPROVED,562.74,50.49,512.25,0.837,42.26,520.48,83.7,SUCCESS,False
2017-10-31 13:00:00,ELEVATED,HVAC_SETPOINT_ADJUSTMENT,APPROVED,553.39,25.69,527.71,0.914,23.49,529.9,91.43,SUCCESS,False
2017-10-31 13:00:00,ELEVATED,EV_CHARGING_SHIFT,APPROVED,553.39,12.68,540.71,0.773,9.8,543.59,77.27,UNDERPERFORMED,True
2017-10-31 13:00:00,ELEVATED,BATTERY_DISCHARGE,APPROVED,553.39,25.0,528.39,0.818,20.45,532.94,81.8,SUCCESS,False
2017-10-31 13:00:00,ELEVATED,COMBINED_ACTION,APPROVED,553.39,63.37,490.03,0.934,59.16,494.23,93.36,SUCCESS,False
2017-10-31 14:00:00,HIGH,HVAC_SETPOINT_ADJUSTMENT,APPROVED,603.03,27.6,575.43,0.779,21.49,581.54,77.86,UNDERPERFORMED,True
2017-10-31 14:00:00,HIGH,EV_CHARGING_SHIFT,APPROVED,603.03,0.0,603.03,0.934,0.0,603.03,0.0,UNDERPERFORMED,True
2017-10-31 14:00:00,HIGH,BATTERY_DISCHARGE,APPROVED,603.03,25.0,578.03,0.894,22.35,580.68,89.4,SUCCESS,False
2017-10-31 14:00:00,HIGH,COMBINED_ACTION,APPROVED,603.03,52.6,550.43,0.903,47.52,555.51,90.34,SUCCESS,False
2017-10-31 15:00:00,HIGH,HVAC_SETPOINT_ADJUSTMENT,APPROVED,599.92,24.12,575.8,1.043,25.16,574.76,104.3,SUCCESS,False
2017-10-31 15:00:00,HIGH,EV_CHARGING_SHIFT,APPROVED,599.92,20.75,579.17,0.789,16.38,583.54,78.93,UNDERPERFORMED,True
2017-10-31 15:00:00,HIGH,BATTERY_DISCHARGE,APPROVED,599.92,25.0,574.92,0.818,20.46,579.46,81.83,SUCCESS,False
2017-10-31 15:00:00,HIGH,COMBINED_ACTION,APPROVED,599.92,69.87,530.05,0.875,61.14,538.78,87.51,SUCCESS,False
2017-10-31 16:00:00,HIGH,HVAC_SETPOINT_ADJUSTMENT,APPROVED,582.87,29.18,553.69,0.871,25.42,557.45,87.1,SUCCESS,False
2017-10-31 16:00:00,HIGH,EV_CHARGING_SHIFT,APPROVED,582.87,38.95,543.92,1.024,39.87,543.0,102.37,SUCCESS,False
2017-10-31 16:00:00,HIGH,BATTERY_DISCHARGE,APPROVED,582.87,25.0,557.87,0.759,18.97,563.9,75.88,UNDERPERFORMED,True
2017-10-31 16:00:00,HIGH,COMBINED_ACTION,APPROVED,582.87,93.13,489.74,0.783,72.93,509.94,78.31,UNDERPERFORMED,True
2017-10-31 17:00:00,ELEVATED,HVAC_SETPOINT_ADJUSTMENT,APPROVED,560.37,26.17,534.19,0.992,25.96,534.41,99.2,SUCCESS,False
2017-10-31 17:00:00,ELEVATED,EV_CHARGING_SHIFT,APPROVED,560.37,0.0,560.37,0.789,0.0,560.37,0.0,UNDERPERFORMED,True
2017-10-31 17:00:00,ELEVATED,BATTERY_DISCHARGE,APPROVED,560.37,25.0,535.37,0.845,21.12,539.25,84.47,SUCCESS,False
2017-10-31 17:00:00,ELEVATED,COMBINED_ACTION,APPROVED,560.37,51.17,509.19,1.003,51.3,509.07,100.25,SUCCESS,False
2017-11-01 11:00:00,ELEVATED,HVAC_SETPOINT_ADJUSTMENT,APPROVED,554.13,27.4,526.73,0.914,25.03,529.1,91.37,SUCCESS,False
2017-11-01 11:00:00,ELEVATED,EV_CHARGING_SHIFT,APPROVED,554.13,0.0,554.13,0.94,0.0,554.13,0.0,UNDERPERFORMED,True
2017-11-01 11:00:00,ELEVATED,BATTERY_DISCHARGE,APPROVED,554.13,25.0,529.13,0.832,20.79,533.34,83.18,SUCCESS,False
2017-11-01 11:00:00,ELEVATED,COMBINED_ACTION,APPROVED,554.13,52.4,501.73,0.919,48.17,505.96,91.92,SUCCESS,False
2017-11-01 12:00:00,ELEVATED,HVAC_SETPOINT_ADJUSTMENT,APPROVED,572.19,22.58,549.61,0.757,17.09,555.1,75.67,UNDERPERFORMED,True
2017-11-01 12:00:00,ELEVATED,EV_CHARGING_SHIFT,APPROVED,572.19,43.44,528.75,0.813,35.32,536.87,81.3,SUCCESS,False
2017-11-01 12:00:00,ELEVATED,BATTERY_DISCHARGE,APPROVED,572.19,25.0,547.19,0.968,24.2,547.99,96.79,SUCCESS,False
2017-11-01 12:00:00,ELEVATED,COMBINED_ACTION,APPROVED,572.19,91.02,481.17,1.008,91.73,480.46,100.78,SUCCESS,False
2017-11-01 13:00:00,HIGH,HVAC_SETPOINT_ADJUSTMENT,APPROVED,590.56,27.09,563.47,0.896,24.27,566.29,89.58,SUCCESS,False
2017-11-01 13:00:00,HIGH,EV_CHARGING_SHIFT,APPROVED,590.56,0.0,590.56,0.912,0.0,590.56,0.0,UNDERPERFORMED,True
2017-11-01 13:00:00,HIGH,BATTERY_DISCHARGE,APPROVED,590.56,25.0,565.56,0.797,19.93,570.63,79.73,UNDERPERFORMED,True
2017-11-01 13:00:00,HIGH,COMBINED_ACTION,APPROVED,590.56,52.09,538.47,0.984,51.25,539.31,98.39,SUCCESS,False
2017-11-01 14:00:00,HIGH,HVAC_SETPOINT_ADJUSTMENT,APPROVED,599.27,28.01,571.26,0.76,21.29,577.98,76.01,UNDERPERFORMED,True
2017-11-01 14:00:00,HIGH,EV_CHARGING_SHIFT,APPROVED,599.27,0.0,599.27,0.946,0.0,599.27,0.0,UNDERPERFORMED,True
2017-11-01 14:00:00,HIGH,BATTERY_DISCHARGE,APPROVED,599.27,25.0,574.27,1.002,25.06,574.21,100.24,SUCCESS,False
2017-11-01 14:00:00,HIGH,COMBINED_ACTION,APPROVED,599.27,53.01,546.26,0.764,40.5,558.77,76.41,UNDERPERFORMED,True
2017-11-01 15:00:00,HIGH,HVAC_SETPOINT_ADJUSTMENT,APPROVED,608.87,27.6,581.27,0.942,25.99,582.88,94.17,SUCCESS,False
2017-11-01 15:00:00,HIGH,EV_CHARGING_SHIFT,APPROVED,608.87,43.72,565.15,0.84,36.72,572.15,83.99,SUCCESS,False
2017-11-01 15:00:00,HIGH,BATTERY_DISCHARGE,APPROVED,608.87,25.0,583.87,0.779,19.48,589.39,77.92,UNDERPERFORMED,True
2017-11-01 15:00:00,HIGH,COMBINED_ACTION,APPROVED,608.87,96.32,512.55,0.854,82.25,526.62,85.39,SUCCESS,False
2017-11-01 16:00:00,HIGH,HVAC_SETPOINT_ADJUSTMENT,APPROVED,603.95,28.88,575.08,0.787,22.74,581.21,78.75,UNDERPERFORMED,True
2017-11-01 16:00:00,HIGH,EV_CHARGING_SHIFT,APPROVED,603.95,42.14,561.82,0.836,35.23,568.72,83.61,SUCCESS,False
2017-11-01 16:00:00,HIGH,BATTERY_DISCHARGE,APPROVED,603.95,25.0,578.95,0.809,20.23,583.72,80.91,SUCCESS,False
2017-11-01 16:00:00,HIGH,COMBINED_ACTION,APPROVED,603.95,96.01,507.94,0.812,77.97,525.98,81.21,SUCCESS,False
2017-11-01 17:00:00,ELEVATED,HVAC_SETPOINT_ADJUSTMENT,APPROVED,570.19,20.7,549.49,0.801,16.59,553.6,80.13,SUCCESS,False
2017-11-01 17:00:00,ELEVATED,EV_CHARGING_SHIFT,APPROVED,570.19,13.11,557.08,0.898,11.77,558.42,89.76,SUCCESS,False
2017-11-01 17:00:00,ELEVATED,BATTERY_DISCHARGE,APPROVED,570.19,25.0,545.19,0.774,19.36,550.83,77.43,UNDERPERFORMED,True
2017-11-01 17:00:00,ELEVATED,COMBINED_ACTION,APPROVED,570.19,58.81,511.38,1.02,59.97,510.22,101.97,SUCCESS,False
2017-11-02 11:00:00,ELEVATED,HVAC_SETPOINT_ADJUSTMENT,APPROVED,574.66,28.89,545.77,0.764,22.08,552.58,76.42,UNDERPERFORMED,True
2017-11-02 11:00:00,ELEVATED,EV_CHARGING_SHIFT,APPROVED,574.66,0.0,574.66,0.907,0.0,574.66,0.0,UNDERPERFORMED,True
2017-11-02 11:00:00,ELEVATED,BATTERY_DISCHARGE,APPROVED,574.66,25.0,549.66,0.778,19.45,555.21,77.8,UNDERPERFORMED,True
2017-11-02 11:00:00,ELEVATED,COMBINED_ACTION,APPROVED,574.66,53.89,520.77,1.031,55.57,519.09,103.12,SUCCESS,False
2017-11-02 12:00:00,HIGH,HVAC_SETPOINT_ADJUSTMENT,APPROVED,604.24,32.43,571.81,0.996,32.29,571.95,99.57,SUCCESS,False
2017-11-02 12:00:00,HIGH,EV_CHARGING_SHIFT,APPROVED,604.24,35.9,568.33,0.865,31.04,573.2,86.46,SUCCESS,False
2017-11-02 12:00:00,HIGH,BATTERY_DISCHARGE,APPROVED,604.24,25.0,579.24,0.795,19.87,584.37,79.5,UNDERPERFORMED,True
2017-11-02 12:00:00,HIGH,COMBINED_ACTION,APPROVED,604.24,93.33,510.91,1.001,93.4,510.84,100.07,SUCCESS,False
2017-11-02 13:00:00,HIGH,HVAC_SETPOINT_ADJUSTMENT,APPROVED,583.09,29.66,553.43,0.873,25.88,557.21,87.25,SUCCESS,False
2017-11-02 13:00:00,HIGH,EV_CHARGING_SHIFT,APPROVED,583.09,14.62,568.47,0.778,11.37,571.72,77.76,UNDERPERFORMED,True
2017-11-02 13:00:00,HIGH,BATTERY_DISCHARGE,APPROVED,583.09,25.0,558.09,1.004,25.1,557.99,100.39,SUCCESS,False
2017-11-02 13:00:00,HIGH,COMBINED_ACTION,APPROVED,583.09,69.27,513.82,1.021,70.76,512.33,102.15,SUCCESS,False
2017-11-02 14:00:00,HIGH,HVAC_SETPOINT_ADJUSTMENT,APPROVED,600.87,26.1,574.77,0.908,23.69,577.18,90.76,SUCCESS,False
2017-11-02 14:00:00,HIGH,EV_CHARGING_SHIFT,APPROVED,600.87,0.0,600.87,0.806,0.0,600.87,0.0,UNDERPERFORMED,True
2017-11-02 14:00:00,HIGH,BATTERY_DISCHARGE,APPROVED,600.87,25.0,575.87,0.864,21.59,579.28,86.36,SUCCESS,False
2017-11-02 14:00:00,HIGH,COMBINED_ACTION,APPROVED,600.87,51.1,549.77,0.836,42.72,558.15,83.61,SUCCESS,False
2017-11-02 15:00:00,HIGH,HVAC_SETPOINT_ADJUSTMENT,APPROVED,594.79,29.74,565.05,0.876,26.05,568.74,87.6,SUCCESS,False
2017-11-02 15:00:00,HIGH,EV_CHARGING_SHIFT,APPROVED,594.79,32.25,562.55,0.791,25.51,569.28,79.1,UNDERPERFORMED,True
2017-11-02 15:00:00,HIGH,BATTERY_DISCHARGE,APPROVED,594.79,25.0,569.79,0.921,23.01,571.78,92.06,SUCCESS,False
2017-11-02 15:00:00,HIGH,COMBINED_ACTION,APPROVED,594.79,86.99,507.8,0.988,85.93,508.86,98.78,SUCCESS,False
2017-11-02 16:00:00,HIGH,HVAC_SETPOINT_ADJUSTMENT,APPROVED,598.4,30.05,568.35,0.793,23.83,574.57,79.29,UNDERPERFORMED,True
2017-11-02 16:00:00,HIGH,EV_CHARGING_SHIFT,APPROVED,598.4,0.0,598.4,0.921,0.0,598.4,0.0,UNDERPERFORMED,True
2017-11-02 16:00:00,HIGH,BATTERY_DISCHARGE,APPROVED,598.4,25.0,573.4,0.762,19.04,579.36,76.17,UNDERPERFORMED,True
2017-11-02 16:00:00,HIGH,COMBINED_ACTION,APPROVED,598.4,55.05,543.35,0.976,53.7,544.7,97.55,SUCCESS,False
2017-11-02 17:00:00,ELEVATED,HVAC_SETPOINT_ADJUSTMENT,APPROVED,571.78,21.57,550.21,0.983,21.2,550.58,98.27,SUCCESS,False
2017-11-02 17:00:00,ELEVATED,EV_CHARGING_SHIFT,APPROVED,571.78,0.0,571.78,0.997,0.0,571.78,0.0,UNDERPERFORMED,True
2017-11-02 17:00:00,ELEVATED,BATTERY_DISCHARGE,APPROVED,571.78,25.0,546.78,1.043,26.07,545.71,104.27,SUCCESS,False
2017-11-02 17:00:00,ELEVATED,COMBINED_ACTION,APPROVED,571.78,46.57,525.21,0.91,42.38,529.4,91.0,SUCCESS,False
2017-11-03 11:00:00,ELEVATED,HVAC_SETPOINT_ADJUSTMENT,APPROVED,575.89,32.82,543.07,0.873,28.66,547.23,87.34,SUCCESS,False
2017-11-03 11:00:00,ELEVATED,EV_CHARGING_SHIFT,APPROVED,575.89,0.0,575.89,0.924,0.0,575.89,0.0,UNDERPERFORMED,True
2017-11-03 11:00:00,ELEVATED,BATTERY_DISCHARGE,APPROVED,575.89,25.0,550.89,1.04,26.0,549.89,104.01,SUCCESS,False
2017-11-03 11:00:00,ELEVATED,COMBINED_ACTION,APPROVED,575.89,57.82,518.07,0.948,54.79,521.1,94.76,SUCCESS,False
2017-11-03 12:00:00,HIGH,HVAC_SETPOINT_ADJUSTMENT,APPROVED,585.41,26.64,558.77,0.881,23.47,561.94,88.09,SUCCESS,False
2017-11-03 12:00:00,HIGH,EV_CHARGING_SHIFT,APPROVED,585.41,20.5,564.92,0.777,15.93,569.48,77.73,UNDERPERFORMED,True
2017-11-03 12:00:00,HIGH,BATTERY_DISCHARGE,APPROVED,585.41,25.0,560.41,0.809,20.24,565.17,80.95,SUCCESS,False
2017-11-03 12:00:00,HIGH,COMBINED_ACTION,APPROVED,585.41,72.14,513.27,0.812,58.61,526.8,81.24,SUCCESS,False
2017-11-03 13:00:00,HIGH,HVAC_SETPOINT_ADJUSTMENT,APPROVED,602.1,27.62,574.48,0.962,26.56,575.54,96.15,SUCCESS,False
2017-11-03 13:00:00,HIGH,EV_CHARGING_SHIFT,APPROVED,602.1,20.38,581.71,0.856,17.44,584.66,85.56,SUCCESS,False
2017-11-03 13:00:00,HIGH,BATTERY_DISCHARGE,APPROVED,602.1,25.0,577.1,0.893,22.33,579.77,89.33,SUCCESS,False
2017-11-03 13:00:00,HIGH,COMBINED_ACTION,APPROVED,602.1,73.0,529.09,1.004,73.29,528.81,100.4,SUCCESS,False
2017-11-03 14:00:00,HIGH,HVAC_SETPOINT_ADJUSTMENT,APPROVED,601.66,24.08,577.58,1.05,25.28,576.38,104.97,SUCCESS,False
2017-11-03 14:00:00,HIGH,EV_CHARGING_SHIFT,APPROVED,601.66,42.99,558.67,0.78,33.54,568.12,78.02,UNDERPERFORMED,True
2017-11-03 14:00:00,HIGH,BATTERY_DISCHARGE,APPROVED,601.66,25.0,576.66,0.984,24.6,577.06,98.39,SUCCESS,False
2017-11-03 14:00:00,HIGH,COMBINED_ACTION,APPROVED,601.66,92.07,509.59,0.935,86.09,515.57,93.5,SUCCESS,False
2017-11-03 15:00:00,CRITICAL,HVAC_SETPOINT_ADJUSTMENT,APPROVED,612.56,23.71,588.85,0.862,20.44,592.12,86.21,SUCCESS,False
2017-11-03 15:00:00,CRITICAL,EV_CHARGING_SHIFT,APPROVED,612.56,0.0,612.56,0.829,0.0,612.56,0.0,UNDERPERFORMED,True
2017-11-03 15:00:00,CRITICAL,BATTERY_DISCHARGE,APPROVED,612.56,25.0,587.56,0.837,20.92,591.64,83.69,SUCCESS,False
2017-11-03 15:00:00,CRITICAL,COMBINED_ACTION,APPROVED,612.56,48.71,563.85,0.997,48.54,564.02,99.65,SUCCESS,False
2017-11-03 16:00:00,HIGH,HVAC_SETPOINT_ADJUSTMENT,APPROVED,605.63,26.43,579.2,0.85,22.46,583.17,84.98,SUCCESS,False
2017-11-03 16:00:00,HIGH,EV_CHARGING_SHIFT,APPROVED,605.63,0.0,605.63,1.002,0.0,605.63,0.0,UNDERPERFORMED,True
2017-11-03 16:00:00,HIGH,BATTERY_DISCHARGE,APPROVED,605.63,25.0,580.63,0.942,23.56,582.07,94.25,SUCCESS,False
2017-11-03 16:00:00,HIGH,COMBINED_ACTION,APPROVED,605.63,51.43,554.2,1.004,51.66,553.97,100.45,SUCCESS,False
2017-11-06 12:00:00,ELEVATED,HVAC_SETPOINT_ADJUSTMENT,APPROVED,566.05,31.52,534.53,1.009,31.8,534.25,100.89,SUCCESS,False
2017-11-06 12:00:00,ELEVATED,EV_CHARGING_SHIFT,APPROVED,566.05,29.32,536.73,0.818,23.99,542.06,81.84,SUCCESS,False
2017-11-06 12:00:00,ELEVATED,BATTERY_DISCHARGE,APPROVED,566.05,25.0,541.05,1.042,26.06,539.99,104.23,SUCCESS,False
2017-11-06 12:00:00,ELEVATED,COMBINED_ACTION,APPROVED,566.05,85.84,480.21,0.979,84.01,482.04,97.87,SUCCESS,False
2017-11-06 13:00:00,HIGH,HVAC_SETPOINT_ADJUSTMENT,APPROVED,592.16,31.39,560.77,0.915,28.71,563.45,91.46,SUCCESS,False
2017-11-06 13:00:00,HIGH,EV_CHARGING_SHIFT,APPROVED,592.16,0.0,592.16,0.914,0.0,592.16,0.0,UNDERPERFORMED,True
2017-11-06 13:00:00,HIGH,BATTERY_DISCHARGE,APPROVED,592.16,25.0,567.16,0.854,21.36,570.8,85.43,SUCCESS,False
2017-11-06 13:00:00,HIGH,COMBINED_ACTION,APPROVED,592.16,56.39,535.77,0.952,53.67,538.49,95.18,SUCCESS,False
2017-11-06 14:00:00,ELEVATED,HVAC_SETPOINT_ADJUSTMENT,APPROVED,569.82,30.41,539.42,0.95,28.88,540.94,94.97,SUCCESS,False
2017-11-06 14:00:00,ELEVATED,EV_CHARGING_SHIFT,APPROVED,569.82,0.0,569.82,0.9,0.0,569.82,0.0,UNDERPERFORMED,True
2017-11-06 14:00:00,ELEVATED,BATTERY_DISCHARGE,APPROVED,569.82,25.0,544.82,0.899,22.47,547.35,89.89,SUCCESS,False
2017-11-06 14:00:00,ELEVATED,COMBINED_ACTION,APPROVED,569.82,55.4,514.42,0.991,54.9,514.92,99.09,SUCCESS,False
2017-11-06 15:00:00,ELEVATED,HVAC_SETPOINT_ADJUSTMENT,APPROVED,577.95,30.97,546.98,0.96,29.73,548.22,95.99,SUCCESS,False
2017-11-06 15:00:00,ELEVATED,EV_CHARGING_SHIFT,APPROVED,577.95,20.89,557.06,0.775,16.18,561.77,77.47,UNDERPERFORMED,True
2017-11-06 15:00:00,ELEVATED,BATTERY_DISCHARGE,APPROVED,577.95,25.0,552.95,0.909,22.72,555.23,90.89,SUCCESS,False
2017-11-06 15:00:00,ELEVATED,COMBINED_ACTION,APPROVED,577.95,76.86,501.09,0.94,72.21,505.74,93.95,SUCCESS,False
2017-11-06 16:00:00,CRITICAL,HVAC_SETPOINT_ADJUSTMENT,APPROVED,618.79,27.74,591.05,0.994,27.58,591.21,99.43,SUCCESS,False
2017-11-06 16:00:00,CRITICAL,EV_CHARGING_SHIFT,APPROVED,618.79,0.0,618.79,0.779,0.0,618.79,0.0,UNDERPERFORMED,True
2017-11-06 16:00:00,CRITICAL,BATTERY_DISCHARGE,APPROVED,618.79,25.0,593.79,0.753,18.83,599.96,75.34,UNDERPERFORMED,True
2017-11-06 16:00:00,CRITICAL,COMBINED_ACTION,APPROVED,618.79,52.74,566.05,0.913,48.13,570.66,91.25,SUCCESS,False
2017-11-06 17:00:00,ELEVATED,HVAC_SETPOINT_ADJUSTMENT,APPROVED,557.23,26.58,530.65,0.899,23.9,533.33,89.9,SUCCESS,False
2017-11-06 17:00:00,ELEVATED,EV_CHARGING_SHIFT,APPROVED,557.23,0.0,557.23,0.96,0.0,557.23,0.0,UNDERPERFORMED,True
2017-11-06 17:00:00,ELEVATED,BATTERY_DISCHARGE,APPROVED,557.23,25.0,532.23,0.795,19.87,537.36,79.49,UNDERPERFORMED,True
2017-11-06 17:00:00,ELEVATED,COMBINED_ACTION,APPROVED,557.23,51.58,505.65,0.753,38.86,518.37,75.33,UNDERPERFORMED,True
2017-11-07 12:00:00,ELEVATED,HVAC_SETPOINT_ADJUSTMENT,APPROVED,566.16,31.15,535.0,0.945,29.44,536.72,94.5,SUCCESS,False
2017-11-07 12:00:00,ELEVATED,EV_CHARGING_SHIFT,APPROVED,566.16,27.93,538.23,0.899,25.11,541.05,89.9,SUCCESS,False
2017-11-07 12:00:00,ELEVATED,BATTERY_DISCHARGE,APPROVED,566.16,25.0,541.16,0.823,20.57,545.59,82.29,SUCCESS,False
2017-11-07 12:00:00,ELEVATED,COMBINED_ACTION,APPROVED,566.16,84.08,482.08,0.811,68.22,497.94,81.14,SUCCESS,False
2017-11-07 13:00:00,ELEVATED,HVAC_SETPOINT_ADJUSTMENT,APPROVED,578.74,30.97,547.77,0.772,23.92,554.82,77.24,UNDERPERFORMED,True
2017-11-07 13:00:00,ELEVATED,EV_CHARGING_SHIFT,APPROVED,578.74,23.5,555.24,1.046,24.57,554.17,104.56,SUCCESS,False
2017-11-07 13:00:00,ELEVATED,BATTERY_DISCHARGE,APPROVED,578.74,25.0,553.74,0.89,22.25,556.49,88.99,SUCCESS,False
2017-11-07 13:00:00,ELEVATED,COMBINED_ACTION,APPROVED,578.74,79.46,499.27,0.994,78.99,499.75,99.4,SUCCESS,False
2017-11-07 14:00:00,HIGH,HVAC_SETPOINT_ADJUSTMENT,APPROVED,598.41,32.29,566.12,1.005,32.46,565.95,100.53,SUCCESS,False
2017-11-07 14:00:00,HIGH,EV_CHARGING_SHIFT,APPROVED,598.41,0.0,598.41,1.007,0.0,598.41,0.0,UNDERPERFORMED,True
2017-11-07 14:00:00,HIGH,BATTERY_DISCHARGE,APPROVED,598.41,25.0,573.41,0.911,22.77,575.64,91.07,SUCCESS,False
2017-11-07 14:00:00,HIGH,COMBINED_ACTION,APPROVED,598.41,57.29,541.12,0.823,47.17,551.24,82.34,SUCCESS,False
2017-11-07 15:00:00,ELEVATED,HVAC_SETPOINT_ADJUSTMENT,APPROVED,579.35,29.68,549.67,0.983,29.16,550.19,98.26,SUCCESS,False
2017-11-07 15:00:00,ELEVATED,EV_CHARGING_SHIFT,APPROVED,579.35,0.0,579.35,0.932,0.0,579.35,0.0,UNDERPERFORMED,True
2017-11-07 15:00:00,ELEVATED,BATTERY_DISCHARGE,APPROVED,579.35,25.0,554.35,0.879,21.97,557.38,87.87,SUCCESS,False
2017-11-07 15:00:00,ELEVATED,COMBINED_ACTION,APPROVED,579.35,54.68,524.67,0.751,41.09,538.26,75.15,UNDERPERFORMED,True
2017-11-07 16:00:00,HIGH,HVAC_SETPOINT_ADJUSTMENT,APPROVED,602.24,29.64,572.6,1.047,31.02,571.22,104.67,SUCCESS,False
2017-11-07 16:00:00,HIGH,EV_CHARGING_SHIFT,APPROVED,602.24,15.6,586.64,1.043,16.27,585.97,104.28,SUCCESS,False
2017-11-07 16:00:00,HIGH,BATTERY_DISCHARGE,APPROVED,602.24,25.0,577.24,1.002,25.05,577.19,100.18,SUCCESS,False
2017-11-07 16:00:00,HIGH,COMBINED_ACTION,APPROVED,602.24,70.24,532.0,1.001,70.29,531.95,100.07,SUCCESS,False
2017-11-07 17:00:00,ELEVATED,HVAC_SETPOINT_ADJUSTMENT,APPROVED,565.43,25.76,539.67,0.973,25.07,540.36,97.31,SUCCESS,False
2017-11-07 17:00:00,ELEVATED,EV_CHARGING_SHIFT,APPROVED,565.43,23.02,542.41,0.765,17.61,547.82,76.48,UNDERPERFORMED,True
2017-11-07 17:00:00,ELEVATED,BATTERY_DISCHARGE,APPROVED,565.43,25.0,540.43,0.917,22.92,542.51,91.7,SUCCESS,False
2017-11-07 17:00:00,ELEVATED,COMBINED_ACTION,APPROVED,565.43,73.78,491.65,0.939,69.3,496.13,93.92,SUCCESS,False
2017-11-08 12:00:00,ELEVATED,HVAC_SETPOINT_ADJUSTMENT,APPROVED,564.21,33.68,530.53,0.97,32.67,531.54,97.02,SUCCESS,False
2017-11-08 12:00:00,ELEVATED,EV_CHARGING_SHIFT,APPROVED,564.21,0.0,564.21,0.754,0.0,564.21,0.0,UNDERPERFORMED,True
2017-11-08 12:00:00,ELEVATED,BATTERY_DISCHARGE,APPROVED,564.21,25.0,539.21,0.94,23.51,540.7,94.03,SUCCESS,False
2017-11-08 12:00:00,ELEVATED,COMBINED_ACTION,APPROVED,564.21,58.68,505.53,0.912,53.51,510.7,91.19,SUCCESS,False
2017-11-08 13:00:00,HIGH,HVAC_SETPOINT_ADJUSTMENT,APPROVED,585.94,32.07,553.87,0.971,31.13,554.81,97.06,SUCCESS,False
2017-11-08 13:00:00,HIGH,EV_CHARGING_SHIFT,APPROVED,585.94,0.0,585.94,0.911,0.0,585.94,0.0,UNDERPERFORMED,True
2017-11-08 13:00:00,HIGH,BATTERY_DISCHARGE,APPROVED,585.94,25.0,560.94,0.99,24.76,561.18,99.03,SUCCESS,False
2017-11-08 13:00:00,HIGH,COMBINED_ACTION,APPROVED,585.94,57.07,528.87,0.856,48.88,537.06,85.65,SUCCESS,False
2017-11-08 14:00:00,ELEVATED,HVAC_SETPOINT_ADJUSTMENT,APPROVED,578.68,32.31,546.36,0.865,27.95,550.73,86.51,SUCCESS,False
2017-11-08 14:00:00,ELEVATED,EV_CHARGING_SHIFT,APPROVED,578.68,42.86,535.81,1.042,44.66,534.02,104.2,SUCCESS,False
2017-11-08 14:00:00,ELEVATED,BATTERY_DISCHARGE,APPROVED,578.68,25.0,553.68,0.764,19.11,559.57,76.44,UNDERPERFORMED,True
2017-11-08 14:00:00,ELEVATED,COMBINED_ACTION,APPROVED,578.68,100.18,478.5,0.831,83.2,495.48,83.05,SUCCESS,False
2017-11-08 15:00:00,HIGH,HVAC_SETPOINT_ADJUSTMENT,APPROVED,588.22,28.06,560.16,0.903,25.35,562.87,90.34,SUCCESS,False
2017-11-08 15:00:00,HIGH,EV_CHARGING_SHIFT,APPROVED,588.22,9.22,579.0,0.91,8.39,579.83,91.01,SUCCESS,False
2017-11-08 15:00:00,HIGH,BATTERY_DISCHARGE,APPROVED,588.22,25.0,563.22,1.007,25.18,563.04,100.7,SUCCESS,False
2017-11-08 15:00:00,HIGH,COMBINED_ACTION,APPROVED,588.22,62.28,525.94,1.047,65.18,523.04,104.65,SUCCESS,False
2017-11-08 16:00:00,HIGH,HVAC_SETPOINT_ADJUSTMENT,APPROVED,585.36,32.07,553.29,1.048,33.59,551.77,104.75,SUCCESS,False
2017-11-08 16:00:00,HIGH,EV_CHARGING_SHIFT,APPROVED,585.36,0.0,585.36,0.972,0.0,585.36,0.0,UNDERPERFORMED,True
2017-11-08 16:00:00,HIGH,BATTERY_DISCHARGE,APPROVED,585.36,25.0,560.36,0.857,21.41,563.95,85.65,SUCCESS,False
2017-11-08 16:00:00,HIGH,COMBINED_ACTION,APPROVED,585.36,57.07,528.29,0.994,56.71,528.65,99.37,SUCCESS,False
2017-11-08 17:00:00,ELEVATED,HVAC_SETPOINT_ADJUSTMENT,APPROVED,563.66,26.95,536.71,0.808,21.78,541.88,80.82,SUCCESS,False
2017-11-08 17:00:00,ELEVATED,EV_CHARGING_SHIFT,APPROVED,563.66,0.0,563.66,0.76,0.0,563.66,0.0,UNDERPERFORMED,True
2017-11-08 17:00:00,ELEVATED,BATTERY_DISCHARGE,APPROVED,563.66,25.0,538.66,0.761,19.01,544.65,76.05,UNDERPERFORMED,True
2017-11-08 17:00:00,ELEVATED,COMBINED_ACTION,APPROVED,563.66,51.95,511.71,0.772,40.1,523.56,77.2,UNDERPERFORMED,True
2017-11-09 12:00:00,ELEVATED,HVAC_SETPOINT_ADJUSTMENT,APPROVED,563.56,27.53,536.04,0.955,26.28,537.28,95.46,SUCCESS,False
2017-11-09 12:00:00,ELEVATED,EV_CHARGING_SHIFT,APPROVED,563.56,38.67,524.89,0.777,30.03,533.53,77.67,UNDERPERFORMED,True
2017-11-09 12:00:00,ELEVATED,BATTERY_DISCHARGE,APPROVED,563.56,25.0,538.56,1.036,25.89,537.67,103.56,SUCCESS,False
2017-11-09 12:00:00,ELEVATED,COMBINED_ACTION,APPROVED,563.56,91.2,472.36,0.899,82.03,481.53,89.95,SUCCESS,False
2017-11-09 13:00:00,ELEVATED,HVAC_SETPOINT_ADJUSTMENT,APPROVED,579.28,25.49,553.79,0.8,20.4,558.88,80.03,SUCCESS,False
2017-11-09 13:00:00,ELEVATED,EV_CHARGING_SHIFT,APPROVED,579.28,0.0,579.28,0.947,0.0,579.28,0.0,UNDERPERFORMED,True
2017-11-09 13:00:00,ELEVATED,BATTERY_DISCHARGE,APPROVED,579.28,25.0,554.28,0.923,23.08,556.2,92.33,SUCCESS,False
2017-11-09 13:00:00,ELEVATED,COMBINED_ACTION,APPROVED,579.28,50.49,528.79,0.817,41.23,538.05,81.65,SUCCESS,False
2017-11-09 14:00:00,HIGH,HVAC_SETPOINT_ADJUSTMENT,APPROVED,583.47,30.42,553.05,0.959,29.17,554.3,95.88,SUCCESS,False
2017-11-09 14:00:00,HIGH,EV_CHARGING_SHIFT,APPROVED,583.47,0.0,583.47,0.846,0.0,583.47,0.0,UNDERPERFORMED,True
2017-11-09 14:00:00,HIGH,BATTERY_DISCHARGE,APPROVED,583.47,25.0,558.47,0.897,22.42,561.05,89.67,SUCCESS,False
2017-11-09 14:00:00,HIGH,COMBINED_ACTION,APPROVED,583.47,55.42,528.05,0.856,47.44,536.03,85.6,SUCCESS,False
2017-11-09 15:00:00,HIGH,HVAC_SETPOINT_ADJUSTMENT,APPROVED,595.63,29.19,566.44,0.91,26.58,569.05,91.05,SUCCESS,False
2017-11-09 15:00:00,HIGH,EV_CHARGING_SHIFT,APPROVED,595.63,0.0,595.63,0.944,0.0,595.63,0.0,UNDERPERFORMED,True
2017-11-09 15:00:00,HIGH,BATTERY_DISCHARGE,APPROVED,595.63,25.0,570.63,0.839,20.97,574.66,83.88,SUCCESS,False
2017-11-09 15:00:00,HIGH,COMBINED_ACTION,APPROVED,595.63,54.19,541.44,0.999,54.14,541.49,99.92,SUCCESS,False
2017-11-09 16:00:00,HIGH,HVAC_SETPOINT_ADJUSTMENT,APPROVED,583.02,29.19,553.83,0.955,27.87,555.15,95.48,SUCCESS,False
2017-11-09 16:00:00,HIGH,EV_CHARGING_SHIFT,APPROVED,583.02,18.34,564.69,0.899,16.48,566.54,89.86,SUCCESS,False
2017-11-09 16:00:00,HIGH,BATTERY_DISCHARGE,APPROVED,583.02,25.0,558.02,0.765,19.13,563.89,76.52,UNDERPERFORMED,True
2017-11-09 16:00:00,HIGH,COMBINED_ACTION,APPROVED,583.02,72.53,510.5,0.829,60.13,522.89,82.9,SUCCESS,False
2017-11-09 17:00:00,ELEVATED,HVAC_SETPOINT_ADJUSTMENT,APPROVED,560.1,26.61,533.49,1.002,26.68,533.42,100.24,SUCCESS,False
2017-11-09 17:00:00,ELEVATED,EV_CHARGING_SHIFT,APPROVED,560.1,0.0,560.1,0.923,0.0,560.1,0.0,UNDERPERFORMED,True
2017-11-09 17:00:00,ELEVATED,BATTERY_DISCHARGE,APPROVED,560.1,25.0,535.1,0.799,19.97,540.13,79.89,UNDERPERFORMED,True
2017-11-09 17:00:00,ELEVATED,COMBINED_ACTION,APPROVED,560.1,51.61,508.49,0.944,48.73,511.37,94.42,SUCCESS,False
2017-11-10 12:00:00,ELEVATED,HVAC_SETPOINT_ADJUSTMENT,APPROVED,574.65,28.48,546.17,0.949,27.03,547.62,94.91,SUCCESS,False
2017-11-10 12:00:00,ELEVATED,EV_CHARGING_SHIFT,APPROVED,574.65,0.0,574.65,0.757,0.0,574.65,0.0,UNDERPERFORMED,True
2017-11-10 12:00:00,ELEVATED,BATTERY_DISCHARGE,APPROVED,574.65,25.0,549.65,0.862,21.55,553.1,86.21,SUCCESS,False
2017-11-10 12:00:00,ELEVATED,COMBINED_ACTION,APPROVED,574.65,53.48,521.17,0.91,48.67,525.98,91.0,SUCCESS,False
2017-11-10 13:00:00,ELEVATED,HVAC_SETPOINT_ADJUSTMENT,APPROVED,576.82,26.71,550.11,1.02,27.24,549.58,101.98,SUCCESS,False
2017-11-10 13:00:00,ELEVATED,EV_CHARGING_SHIFT,APPROVED,576.82,38.7,538.12,0.792,30.64,546.18,79.16,UNDERPERFORMED,True
2017-11-10 13:00:00,ELEVATED,BATTERY_DISCHARGE,APPROVED,576.82,25.0,551.82,0.998,24.95,551.87,99.78,SUCCESS,False
2017-11-10 13:00:00,ELEVATED,COMBINED_ACTION,APPROVED,576.82,90.42,486.4,1.0,90.44,486.38,100.02,SUCCESS,False
2017-11-10 14:00:00,ELEVATED,HVAC_SETPOINT_ADJUSTMENT,APPROVED,560.56,28.41,532.15,1.05,29.82,530.74,104.97,SUCCESS,False
2017-11-10 14:00:00,ELEVATED,EV_CHARGING_SHIFT,APPROVED,560.56,34.82,525.73,0.989,34.43,526.13,98.87,SUCCESS,False
2017-11-10 14:00:00,ELEVATED,BATTERY_DISCHARGE,APPROVED,560.56,25.0,535.56,0.86,21.51,539.05,86.02,SUCCESS,False
2017-11-10 14:00:00,ELEVATED,COMBINED_ACTION,APPROVED,560.56,88.23,472.32,0.813,71.74,488.82,81.31,SUCCESS,False
2017-11-10 15:00:00,ELEVATED,HVAC_SETPOINT_ADJUSTMENT,APPROVED,563.84,26.04,537.8,1.029,26.8,537.04,102.94,SUCCESS,False
2017-11-10 15:00:00,ELEVATED,EV_CHARGING_SHIFT,APPROVED,563.84,0.0,563.84,0.764,0.0,563.84,0.0,UNDERPERFORMED,True
2017-11-10 15:00:00,ELEVATED,BATTERY_DISCHARGE,APPROVED,563.84,25.0,538.84,0.848,21.21,542.63,84.84,SUCCESS,False
2017-11-10 15:00:00,ELEVATED,COMBINED_ACTION,APPROVED,563.84,51.04,512.8,0.906,46.23,517.61,90.57,SUCCESS,False
2017-11-10 16:00:00,ELEVATED,HVAC_SETPOINT_ADJUSTMENT,APPROVED,561.45,32.1,529.35,0.956,30.68,530.77,95.58,SUCCESS,False
2017-11-10 16:00:00,ELEVATED,EV_CHARGING_SHIFT,APPROVED,561.45,37.22,524.23,0.842,31.32,530.13,84.16,SUCCESS,False
2017-11-10 16:00:00,ELEVATED,BATTERY_DISCHARGE,APPROVED,561.45,25.0,536.45,0.843,21.07,540.38,84.29,SUCCESS,False
2017-11-10 16:00:00,ELEVATED,COMBINED_ACTION,APPROVED,561.45,94.32,467.13,1.048,98.84,462.61,104.79,SUCCESS,False
2017-11-13 12:00:00,ELEVATED,HVAC_SETPOINT_ADJUSTMENT,APPROVED,574.92,33.54,541.39,0.883,29.63,545.29,88.33,SUCCESS,False
2017-11-13 12:00:00,ELEVATED,EV_CHARGING_SHIFT,APPROVED,574.92,0.0,574.92,0.862,0.0,574.92,0.0,UNDERPERFORMED,True
2017-11-13 12:00:00,ELEVATED,BATTERY_DISCHARGE,APPROVED,574.92,25.0,549.92,0.936,23.39,551.53,93.57,SUCCESS,False
2017-11-13 12:00:00,ELEVATED,COMBINED_ACTION,APPROVED,574.92,58.54,516.39,1.032,60.44,514.48,103.24,SUCCESS,False
2017-11-13 13:00:00,ELEVATED,HVAC_SETPOINT_ADJUSTMENT,APPROVED,577.67,32.11,545.57,0.911,29.27,548.4,91.14,SUCCESS,False
2017-11-13 13:00:00,ELEVATED,EV_CHARGING_SHIFT,APPROVED,577.67,0.0,577.67,0.823,0.0,577.67,0.0,UNDERPERFORMED,True
2017-11-13 13:00:00,ELEVATED,BATTERY_DISCHARGE,APPROVED,577.67,25.0,552.67,1.048,26.19,551.48,104.77,SUCCESS,False
2017-11-13 13:00:00,ELEVATED,COMBINED_ACTION,APPROVED,577.67,57.11,520.57,0.809,46.18,531.49,80.86,SUCCESS,False
2017-11-13 14:00:00,HIGH,HVAC_SETPOINT_ADJUSTMENT,APPROVED,609.22,31.62,577.59,1.025,32.42,576.8,102.54,SUCCESS,False
2017-11-13 14:00:00,HIGH,EV_CHARGING_SHIFT,APPROVED,609.22,0.0,609.22,1.008,0.0,609.22,0.0,UNDERPERFORMED,True
2017-11-13 14:00:00,HIGH,BATTERY_DISCHARGE,APPROVED,609.22,25.0,584.22,0.966,24.14,585.08,96.56,SUCCESS,False
2017-11-13 14:00:00,HIGH,COMBINED_ACTION,APPROVED,609.22,56.62,552.59,1.049,59.39,549.83,104.89,SUCCESS,False
2017-11-13 15:00:00,HIGH,HVAC_SETPOINT_ADJUSTMENT,APPROVED,609.42,33.5,575.92,0.769,25.76,583.66,76.9,UNDERPERFORMED,True
2017-11-13 15:00:00,HIGH,EV_CHARGING_SHIFT,APPROVED,609.42,21.0,588.42,0.898,18.85,590.57,89.76,SUCCESS,False
2017-11-13 15:00:00,HIGH,BATTERY_DISCHARGE,APPROVED,609.42,25.0,584.42,0.945,23.63,585.79,94.52,SUCCESS,False
2017-11-13 15:00:00,HIGH,COMBINED_ACTION,APPROVED,609.42,79.5,529.92,0.776,61.68,547.74,77.59,UNDERPERFORMED,True
2017-11-13 16:00:00,HIGH,HVAC_SETPOINT_ADJUSTMENT,APPROVED,591.33,33.21,558.11,0.909,30.19,561.14,90.91,SUCCESS,False
2017-11-13 16:00:00,HIGH,EV_CHARGING_SHIFT,APPROVED,591.33,0.0,591.33,0.775,0.0,591.33,0.0,UNDERPERFORMED,True
2017-11-13 16:00:00,HIGH,BATTERY_DISCHARGE,APPROVED,591.33,25.0,566.33,0.756,18.9,572.43,75.6,UNDERPERFORMED,True
2017-11-13 16:00:00,HIGH,COMBINED_ACTION,APPROVED,591.33,58.21,533.11,0.896,52.17,539.16,89.62,SUCCESS,False
2017-11-13 17:00:00,ELEVATED,HVAC_SETPOINT_ADJUSTMENT,APPROVED,567.89,29.81,538.07,1.023,30.5,537.39,102.33,SUCCESS,False
2017-11-13 17:00:00,ELEVATED,EV_CHARGING_SHIFT,APPROVED,567.89,0.0,567.89,0.872,0.0,567.89,0.0,UNDERPERFORMED,True
2017-11-13 17:00:00,ELEVATED,BATTERY_DISCHARGE,APPROVED,567.89,25.0,542.89,0.941,23.53,544.36,94.1,SUCCESS,False
2017-11-13 17:00:00,ELEVATED,COMBINED_ACTION,APPROVED,567.89,54.81,513.07,0.754,41.32,526.57,75.39,UNDERPERFORMED,True
2017-11-14 12:00:00,ELEVATED,HVAC_SETPOINT_ADJUSTMENT,APPROVED,576.62,30.04,546.59,1.044,31.35,545.27,104.36,SUCCESS,False
2017-11-14 12:00:00,ELEVATED,EV_CHARGING_SHIFT,APPROVED,576.62,0.0,576.62,1.036,0.0,576.62,0.0,UNDERPERFORMED,True
2017-11-14 12:00:00,ELEVATED,BATTERY_DISCHARGE,APPROVED,576.62,25.0,551.62,0.783,19.58,557.04,78.32,UNDERPERFORMED,True
2017-11-14 12:00:00,ELEVATED,COMBINED_ACTION,APPROVED,576.62,55.04,521.59,0.815,44.87,531.75,81.53,SUCCESS,False
2017-11-14 13:00:00,HIGH,HVAC_SETPOINT_ADJUSTMENT,APPROVED,604.31,31.75,572.56,0.891,28.29,576.02,89.11,SUCCESS,False
2017-11-14 13:00:00,HIGH,EV_CHARGING_SHIFT,APPROVED,604.31,25.17,579.14,0.861,21.66,582.65,86.06,SUCCESS,False
2017-11-14 13:00:00,HIGH,BATTERY_DISCHARGE,APPROVED,604.31,25.0,579.31,0.875,21.87,582.44,87.46,SUCCESS,False
2017-11-14 13:00:00,HIGH,COMBINED_ACTION,APPROVED,604.31,81.92,522.39,1.039,85.14,519.17,103.93,SUCCESS,False
2017-11-14 14:00:00,HIGH,HVAC_SETPOINT_ADJUSTMENT,APPROVED,595.22,30.56,564.66,0.874,26.7,568.52,87.38,SUCCESS,False
2017-11-14 14:00:00,HIGH,EV_CHARGING_SHIFT,APPROVED,595.22,13.62,581.6,0.943,12.84,582.38,94.31,SUCCESS,False
2017-11-14 14:00:00,HIGH,BATTERY_DISCHARGE,APPROVED,595.22,25.0,570.22,0.782,19.54,575.68,78.15,UNDERPERFORMED,True
2017-11-14 14:00:00,HIGH,COMBINED_ACTION,APPROVED,595.22,69.18,526.05,1.025,70.88,524.34,102.46,SUCCESS,False
2017-11-14 15:00:00,HIGH,HVAC_SETPOINT_ADJUSTMENT,APPROVED,597.57,31.48,566.09,0.952,29.97,567.6,95.22,SUCCESS,False
2017-11-14 15:00:00,HIGH,EV_CHARGING_SHIFT,APPROVED,597.57,32.23,565.34,0.806,25.99,571.58,80.63,SUCCESS,False
2017-11-14 15:00:00,HIGH,BATTERY_DISCHARGE,APPROVED,597.57,25.0,572.57,1.015,25.38,572.19,101.52,SUCCESS,False
2017-11-14 15:00:00,HIGH,COMBINED_ACTION,APPROVED,597.57,88.71,508.86,0.92,81.6,515.97,91.98,SUCCESS,False
2017-11-14 16:00:00,HIGH,HVAC_SETPOINT_ADJUSTMENT,APPROVED,598.65,30.39,568.26,1.041,31.65,567.0,104.15,SUCCESS,False
2017-11-14 16:00:00,HIGH,EV_CHARGING_SHIFT,APPROVED,598.65,0.0,598.65,0.999,0.0,598.65,0.0,UNDERPERFORMED,True
2017-11-14 16:00:00,HIGH,BATTERY_DISCHARGE,APPROVED,598.65,25.0,573.65,0.99,24.75,573.9,99.0,SUCCESS,False
2017-11-14 16:00:00,HIGH,COMBINED_ACTION,APPROVED,598.65,55.39,543.26,0.897,49.7,548.95,89.73,SUCCESS,False
2017-11-14 17:00:00,ELEVATED,HVAC_SETPOINT_ADJUSTMENT,APPROVED,575.81,28.19,547.62,0.837,23.59,552.22,83.69,SUCCESS,False
2017-11-14 17:00:00,ELEVATED,EV_CHARGING_SHIFT,APPROVED,575.81,0.0,575.81,0.794,0.0,575.81,0.0,UNDERPERFORMED,True
2017-11-14 17:00:00,ELEVATED,BATTERY_DISCHARGE,APPROVED,575.81,25.0,550.81,0.941,23.51,552.3,94.06,SUCCESS,False
2017-11-14 17:00:00,ELEVATED,COMBINED_ACTION,APPROVED,575.81,53.19,522.62,0.868,46.19,529.62,86.83,SUCCESS,False
2017-11-15 12:00:00,ELEVATED,HVAC_SETPOINT_ADJUSTMENT,APPROVED,577.7,28.4,549.29,1.029,29.21,548.49,102.86,SUCCESS,False
2017-11-15 12:00:00,ELEVATED,EV_CHARGING_SHIFT,APPROVED,577.7,0.0,577.7,1.011,0.0,577.7,0.0,UNDERPERFORMED,True
2017-11-15 12:00:00,ELEVATED,BATTERY_DISCHARGE,APPROVED,577.7,25.0,552.7,0.819,20.49,557.21,81.94,SUCCESS,False
2017-11-15 12:00:00,ELEVATED,COMBINED_ACTION,APPROVED,577.7,53.4,524.29,0.899,47.99,529.71,89.86,SUCCESS,False
2017-11-15 13:00:00,HIGH,HVAC_SETPOINT_ADJUSTMENT,APPROVED,591.9,23.77,568.13,0.951,22.6,569.3,95.07,SUCCESS,False
2017-11-15 13:00:00,HIGH,EV_CHARGING_SHIFT,APPROVED,591.9,11.67,580.23,0.881,10.28,581.62,88.1,SUCCESS,False
2017-11-15 13:00:00,HIGH,BATTERY_DISCHARGE,APPROVED,591.9,25.0,566.9,1.033,25.82,566.08,103.26,SUCCESS,False
2017-11-15 13:00:00,HIGH,COMBINED_ACTION,APPROVED,591.9,60.44,531.45,0.854,51.59,540.31,85.35,SUCCESS,False
2017-11-15 14:00:00,HIGH,HVAC_SETPOINT_ADJUSTMENT,APPROVED,593.53,25.53,568.0,0.951,24.27,569.26,95.08,SUCCESS,False
2017-11-15 14:00:00,HIGH,EV_CHARGING_SHIFT,APPROVED,593.53,0.0,593.53,0.85,0.0,593.53,0.0,UNDERPERFORMED,True
2017-11-15 14:00:00,HIGH,BATTERY_DISCHARGE,APPROVED,593.53,25.0,568.53,0.825,20.63,572.9,82.53,SUCCESS,False
2017-11-15 14:00:00,HIGH,COMBINED_ACTION,APPROVED,593.53,50.53,543.0,0.758,38.3,555.23,75.79,UNDERPERFORMED,True
2017-11-15 15:00:00,HIGH,HVAC_SETPOINT_ADJUSTMENT,APPROVED,594.88,29.49,565.39,0.787,23.21,571.67,78.69,UNDERPERFORMED,True
2017-11-15 15:00:00,HIGH,EV_CHARGING_SHIFT,APPROVED,594.88,31.83,563.05,0.878,27.94,566.94,87.79,SUCCESS,False
2017-11-15 15:00:00,HIGH,BATTERY_DISCHARGE,APPROVED,594.88,25.0,569.88,0.988,24.69,570.19,98.75,SUCCESS,False
2017-11-15 15:00:00,HIGH,COMBINED_ACTION,APPROVED,594.88,86.32,508.56,0.824,71.14,523.74,82.41,SUCCESS,False
2017-11-15 16:00:00,HIGH,HVAC_SETPOINT_ADJUSTMENT,APPROVED,586.15,23.94,562.21,0.825,19.76,566.39,82.52,SUCCESS,False
2017-11-15 16:00:00,HIGH,EV_CHARGING_SHIFT,APPROVED,586.15,18.03,568.12,0.819,14.76,571.39,81.87,SUCCESS,False
2017-11-15 16:00:00,HIGH,BATTERY_DISCHARGE,APPROVED,586.15,25.0,561.15,0.835,20.86,565.29,83.45,SUCCESS,False
2017-11-15 16:00:00,HIGH,COMBINED_ACTION,APPROVED,586.15,66.97,519.18,1.004,67.22,518.93,100.37,SUCCESS,False
2017-11-15 17:00:00,ELEVATED,HVAC_SETPOINT_ADJUSTMENT,APPROVED,572.04,26.79,545.24,0.839,22.48,549.56,83.91,SUCCESS,False
2017-11-15 17:00:00,ELEVATED,EV_CHARGING_SHIFT,APPROVED,572.04,20.92,551.12,1.028,21.5,550.54,102.78,SUCCESS,False
2017-11-15 17:00:00,ELEVATED,BATTERY_DISCHARGE,APPROVED,572.04,25.0,547.04,0.831,20.77,551.27,83.06,SUCCESS,False
2017-11-15 17:00:00,ELEVATED,COMBINED_ACTION,APPROVED,572.04,72.71,499.32,0.775,56.37,515.67,77.53,UNDERPERFORMED,True
2017-11-16 12:00:00,ELEVATED,HVAC_SETPOINT_ADJUSTMENT,APPROVED,570.87,28.2,542.67,0.908,25.59,545.28,90.75,SUCCESS,False
2017-11-16 12:00:00,ELEVATED,EV_CHARGING_SHIFT,APPROVED,570.87,27.17,543.7,1.02,27.71,543.16,101.97,SUCCESS,False
2017-11-16 12:00:00,ELEVATED,BATTERY_DISCHARGE,APPROVED,570.87,25.0,545.87,0.841,21.03,549.84,84.11,SUCCESS,False
2017-11-16 12:00:00,ELEVATED,COMBINED_ACTION,APPROVED,570.87,80.37,490.5,0.98,78.74,492.13,97.98,SUCCESS,False
2017-11-16 13:00:00,HIGH,HVAC_SETPOINT_ADJUSTMENT,APPROVED,590.8,25.31,565.49,0.999,25.29,565.51,99.91,SUCCESS,False
2017-11-16 13:00:00,HIGH,EV_CHARGING_SHIFT,APPROVED,590.8,0.0,590.8,0.787,0.0,590.8,0.0,UNDERPERFORMED,True
2017-11-16 13:00:00,HIGH,BATTERY_DISCHARGE,APPROVED,590.8,25.0,565.8,0.823,20.57,570.23,82.29,SUCCESS,False
2017-11-16 13:00:00,HIGH,COMBINED_ACTION,APPROVED,590.8,50.31,540.49,0.809,40.7,550.1,80.9,SUCCESS,False
2017-11-16 14:00:00,CRITICAL,HVAC_SETPOINT_ADJUSTMENT,APPROVED,614.52,27.06,587.46,0.931,25.2,589.32,93.13,SUCCESS,False
2017-11-16 14:00:00,CRITICAL,EV_CHARGING_SHIFT,APPROVED,614.52,0.0,614.52,0.835,0.0,614.52,0.0,UNDERPERFORMED,True
2017-11-16 14:00:00,CRITICAL,BATTERY_DISCHARGE,APPROVED,614.52,25.0,589.52,0.982,24.54,589.98,98.18,SUCCESS,False
2017-11-16 14:00:00,CRITICAL,COMBINED_ACTION,APPROVED,614.52,52.06,562.46,0.952,49.56,564.96,95.2,SUCCESS,False
2017-11-16 15:00:00,HIGH,HVAC_SETPOINT_ADJUSTMENT,APPROVED,597.91,28.47,569.43,0.814,23.17,574.74,81.39,SUCCESS,False
2017-11-16 15:00:00,HIGH,EV_CHARGING_SHIFT,APPROVED,597.91,0.0,597.91,1.005,0.0,597.91,0.0,UNDERPERFORMED,True
2017-11-16 15:00:00,HIGH,BATTERY_DISCHARGE,APPROVED,597.91,25.0,572.91,0.867,21.67,576.24,86.68,SUCCESS,False
2017-11-16 15:00:00,HIGH,COMBINED_ACTION,APPROVED,597.91,53.47,544.43,0.88,47.04,550.87,87.97,SUCCESS,False
2017-11-16 16:00:00,HIGH,HVAC_SETPOINT_ADJUSTMENT,APPROVED,598.95,30.8,568.15,0.792,24.41,574.54,79.24,UNDERPERFORMED,True
2017-11-16 16:00:00,HIGH,EV_CHARGING_SHIFT,APPROVED,598.95,0.0,598.95,0.838,0.0,598.95,0.0,UNDERPERFORMED,True
2017-11-16 16:00:00,HIGH,BATTERY_DISCHARGE,APPROVED,598.95,25.0,573.95,0.788,19.69,579.26,78.76,UNDERPERFORMED,True
2017-11-16 16:00:00,HIGH,COMBINED_ACTION,APPROVED,598.95,55.8,543.15,0.753,42.03,556.92,75.33,UNDERPERFORMED,True
2017-11-16 17:00:00,ELEVATED,HVAC_SETPOINT_ADJUSTMENT,APPROVED,565.31,23.26,542.05,0.82,19.08,546.23,82.03,SUCCESS,False
2017-11-16 17:00:00,ELEVATED,EV_CHARGING_SHIFT,APPROVED,565.31,0.0,565.31,0.991,0.0,565.31,0.0,UNDERPERFORMED,True
2017-11-16 17:00:00,ELEVATED,BATTERY_DISCHARGE,APPROVED,565.31,25.0,540.31,0.941,23.53,541.78,94.11,SUCCESS,False
2017-11-16 17:00:00,ELEVATED,COMBINED_ACTION,APPROVED,565.31,48.26,517.05,0.801,38.66,526.65,80.1,SUCCESS,False
2017-11-17 11:00:00,ELEVATED,HVAC_SETPOINT_ADJUSTMENT,APPROVED,557.08,35.06,522.02,0.953,33.4,523.68,95.28,SUCCESS,False
2017-11-17 11:00:00,ELEVATED,EV_CHARGING_SHIFT,APPROVED,557.08,0.0,557.08,1.014,0.0,557.08,0.0,UNDERPERFORMED,True
2017-11-17 11:00:00,ELEVATED,BATTERY_DISCHARGE,APPROVED,557.08,25.0,532.08,0.974,24.35,532.73,97.39,SUCCESS,False
2017-11-17 11:00:00,ELEVATED,COMBINED_ACTION,APPROVED,557.08,60.06,497.02,0.82,49.24,507.84,81.98,SUCCESS,False
2017-11-17 12:00:00,HIGH,HVAC_SETPOINT_ADJUSTMENT,APPROVED,592.58,32.61,559.98,0.809,26.37,566.21,80.85,SUCCESS,False
2017-11-17 12:00:00,HIGH,EV_CHARGING_SHIFT,APPROVED,592.58,0.0,592.58,0.954,0.0,592.58,0.0,UNDERPERFORMED,True
2017-11-17 12:00:00,HIGH,BATTERY_DISCHARGE,APPROVED,592.58,25.0,567.58,0.775,19.37,573.21,77.48,UNDERPERFORMED,True
2017-11-17 12:00:00,HIGH,COMBINED_ACTION,APPROVED,592.58,57.61,534.98,0.874,50.38,542.2,87.44,SUCCESS,False
2017-11-17 13:00:00,HIGH,HVAC_SETPOINT_ADJUSTMENT,APPROVED,601.94,32.47,569.46,0.852,27.66,574.28,85.19,SUCCESS,False
2017-11-17 13:00:00,HIGH,EV_CHARGING_SHIFT,APPROVED,601.94,14.38,587.56,0.921,13.25,588.69,92.11,SUCCESS,False
2017-11-17 13:00:00,HIGH,BATTERY_DISCHARGE,APPROVED,601.94,25.0,576.94,1.024,25.61,576.33,102.45,SUCCESS,False
2017-11-17 13:00:00,HIGH,COMBINED_ACTION,APPROVED,601.94,71.85,530.09,0.894,64.24,537.7,89.42,SUCCESS,False
2017-11-17 14:00:00,HIGH,HVAC_SETPOINT_ADJUSTMENT,APPROVED,595.85,34.27,561.58,0.827,28.34,567.51,82.69,SUCCESS,False
2017-11-17 14:00:00,HIGH,EV_CHARGING_SHIFT,APPROVED,595.85,27.54,568.31,0.961,26.47,569.38,96.11,SUCCESS,False
2017-11-17 14:00:00,HIGH,BATTERY_DISCHARGE,APPROVED,595.85,25.0,570.85,0.781,19.51,576.34,78.05,UNDERPERFORMED,True
2017-11-17 14:00:00,HIGH,COMBINED_ACTION,APPROVED,595.85,86.82,509.03,0.765,66.46,529.39,76.55,UNDERPERFORMED,True
2017-11-17 15:00:00,HIGH,HVAC_SETPOINT_ADJUSTMENT,APPROVED,592.6,28.47,564.13,0.839,23.88,568.72,83.89,SUCCESS,False
2017-11-17 15:00:00,HIGH,EV_CHARGING_SHIFT,APPROVED,592.6,15.09,577.51,0.783,11.81,580.79,78.27,UNDERPERFORMED,True
2017-11-17 15:00:00,HIGH,BATTERY_DISCHARGE,APPROVED,592.6,25.0,567.6,1.027,25.66,566.94,102.65,SUCCESS,False
2017-11-17 15:00:00,HIGH,COMBINED_ACTION,APPROVED,592.6,68.56,524.04,0.794,54.46,538.14,79.43,UNDERPERFORMED,True
2017-11-17 16:00:00,CRITICAL,HVAC_SETPOINT_ADJUSTMENT,APPROVED,630.68,33.01,597.67,0.934,30.85,599.83,93.44,SUCCESS,False
2017-11-17 16:00:00,CRITICAL,EV_CHARGING_SHIFT,APPROVED,630.68,0.0,630.68,0.752,0.0,630.68,0.0,UNDERPERFORMED,True
2017-11-17 16:00:00,CRITICAL,BATTERY_DISCHARGE,APPROVED,630.68,25.0,605.68,0.817,20.41,610.27,81.66,SUCCESS,False
2017-11-17 16:00:00,CRITICAL,COMBINED_ACTION,APPROVED,630.68,58.01,572.67,1.025,59.48,571.2,102.54,SUCCESS,False
2017-11-17 17:00:00,ELEVATED,HVAC_SETPOINT_ADJUSTMENT,APPROVED,573.04,33.68,539.36,0.782,26.32,546.72,78.16,UNDERPERFORMED,True
2017-11-17 17:00:00,ELEVATED,EV_CHARGING_SHIFT,APPROVED,573.04,0.0,573.04,0.914,0.0,573.04,0.0,UNDERPERFORMED,True
2017-11-17 17:00:00,ELEVATED,BATTERY_DISCHARGE,APPROVED,573.04,25.0,548.04,0.833,20.83,552.21,83.31,SUCCESS,False
2017-11-17 17:00:00,ELEVATED,COMBINED_ACTION,APPROVED,573.04,58.68,514.36,1.029,60.38,512.66,102.9,SUCCESS,False
2017-11-20 11:00:00,ELEVATED,HVAC_SETPOINT_ADJUSTMENT,APPROVED,552.4,27.43,524.98,1.024,28.1,524.3,102.43,SUCCESS,False
2017-11-20 11:00:00,ELEVATED,EV_CHARGING_SHIFT,APPROVED,552.4,0.0,552.4,1.014,0.0,552.4,0.0,UNDERPERFORMED,True
2017-11-20 11:00:00,ELEVATED,BATTERY_DISCHARGE,APPROVED,552.4,25.0,527.4,0.898,22.44,529.96,89.77,SUCCESS,False
2017-11-20 11:00:00,ELEVATED,COMBINED_ACTION,APPROVED,552.4,52.43,499.98,0.85,44.58,507.82,85.02,SUCCESS,False
2017-11-20 12:00:00,HIGH,HVAC_SETPOINT_ADJUSTMENT,APPROVED,582.31,28.68,553.62,0.833,23.89,558.42,83.29,SUCCESS,False
2017-11-20 12:00:00,HIGH,EV_CHARGING_SHIFT,APPROVED,582.31,0.0,582.31,0.782,0.0,582.31,0.0,UNDERPERFORMED,True
2017-11-20 12:00:00,HIGH,BATTERY_DISCHARGE,APPROVED,582.31,25.0,557.31,0.994,24.86,557.45,99.43,SUCCESS,False
2017-11-20 12:00:00,HIGH,COMBINED_ACTION,APPROVED,582.31,53.68,528.62,0.839,45.06,537.25,83.94,SUCCESS,False
2017-11-20 13:00:00,HIGH,HVAC_SETPOINT_ADJUSTMENT,APPROVED,589.21,30.75,558.46,0.876,26.95,562.26,87.65,SUCCESS,False
2017-11-20 13:00:00,HIGH,EV_CHARGING_SHIFT,APPROVED,589.21,14.74,574.48,0.833,12.28,576.93,83.33,SUCCESS,False
2017-11-20 13:00:00,HIGH,BATTERY_DISCHARGE,APPROVED,589.21,25.0,564.21,1.001,25.02,564.19,100.08,SUCCESS,False
2017-11-20 13:00:00,HIGH,COMBINED_ACTION,APPROVED,589.21,70.48,518.73,0.779,54.91,534.3,77.91,UNDERPERFORMED,True
2017-11-20 14:00:00,HIGH,HVAC_SETPOINT_ADJUSTMENT,APPROVED,604.3,31.73,572.58,0.782,24.81,579.49,78.18,UNDERPERFORMED,True
2017-11-20 14:00:00,HIGH,EV_CHARGING_SHIFT,APPROVED,604.3,28.86,575.44,0.775,22.36,581.94,77.47,UNDERPERFORMED,True
2017-11-20 14:00:00,HIGH,BATTERY_DISCHARGE,APPROVED,604.3,25.0,579.3,0.876,21.9,582.4,87.59,SUCCESS,False
2017-11-20 14:00:00,HIGH,COMBINED_ACTION,APPROVED,604.3,85.59,518.71,0.859,73.52,530.78,85.9,SUCCESS,False
2017-11-20 15:00:00,CRITICAL,HVAC_SETPOINT_ADJUSTMENT,APPROVED,614.85,24.79,590.05,0.833,20.64,594.21,83.27,SUCCESS,False
2017-11-20 15:00:00,CRITICAL,EV_CHARGING_SHIFT,APPROVED,614.85,0.0,614.85,0.916,0.0,614.85,0.0,UNDERPERFORMED,True
2017-11-20 15:00:00,CRITICAL,BATTERY_DISCHARGE,APPROVED,614.85,25.0,589.85,0.946,23.65,591.2,94.61,SUCCESS,False
2017-11-20 15:00:00,CRITICAL,COMBINED_ACTION,APPROVED,614.85,49.79,565.05,1.042,51.87,562.98,104.18,SUCCESS,False
2017-11-20 16:00:00,HIGH,HVAC_SETPOINT_ADJUSTMENT,APPROVED,599.78,26.96,572.82,0.868,23.41,576.37,86.83,SUCCESS,False
2017-11-20 16:00:00,HIGH,EV_CHARGING_SHIFT,APPROVED,599.78,0.0,599.78,0.825,0.0,599.78,0.0,UNDERPERFORMED,True
2017-11-20 16:00:00,HIGH,BATTERY_DISCHARGE,APPROVED,599.78,25.0,574.78,0.751,18.78,581.0,75.11,UNDERPERFORMED,True
2017-11-20 16:00:00,HIGH,COMBINED_ACTION,APPROVED,599.78,51.96,547.82,0.87,45.19,554.59,86.97,SUCCESS,False
2017-11-20 17:00:00,HIGH,HVAC_SETPOINT_ADJUSTMENT,APPROVED,585.03,27.27,557.76,0.942,25.69,559.34,94.2,SUCCESS,False
2017-11-20 17:00:00,HIGH,EV_CHARGING_SHIFT,APPROVED,585.03,0.0,585.03,0.891,0.0,585.03,0.0,UNDERPERFORMED,True
2017-11-20 17:00:00,HIGH,BATTERY_DISCHARGE,APPROVED,585.03,25.0,560.03,1.017,25.43,559.6,101.74,SUCCESS,False
2017-11-20 17:00:00,HIGH,COMBINED_ACTION,APPROVED,585.03,52.27,532.76,0.797,41.65,543.38,79.69,UNDERPERFORMED,True
2017-11-21 11:00:00,ELEVATED,HVAC_SETPOINT_ADJUSTMENT,APPROVED,560.22,29.28,530.94,0.968,28.33,531.89,96.77,SUCCESS,False
2017-11-21 11:00:00,ELEVATED,EV_CHARGING_SHIFT,APPROVED,560.22,26.65,533.58,0.913,24.33,535.89,91.31,SUCCESS,False
2017-11-21 11:00:00,ELEVATED,BATTERY_DISCHARGE,APPROVED,560.22,25.0,535.22,0.751,18.79,541.43,75.15,UNDERPERFORMED,True
2017-11-21 11:00:00,ELEVATED,COMBINED_ACTION,APPROVED,560.22,80.93,479.3,0.903,73.04,487.18,90.25,SUCCESS,False
2017-11-21 12:00:00,ELEVATED,HVAC_SETPOINT_ADJUSTMENT,APPROVED,579.33,24.4,554.92,0.875,21.35,557.98,87.5,SUCCESS,False
2017-11-21 12:00:00,ELEVATED,EV_CHARGING_SHIFT,APPROVED,579.33,9.94,569.39,0.975,9.69,569.64,97.47,SUCCESS,False
2017-11-21 12:00:00,ELEVATED,BATTERY_DISCHARGE,APPROVED,579.33,25.0,554.33,0.936,23.39,555.94,93.55,SUCCESS,False
2017-11-21 12:00:00,ELEVATED,COMBINED_ACTION,APPROVED,579.33,59.34,519.99,1.034,61.36,517.97,103.41,SUCCESS,False
2017-11-21 13:00:00,HIGH,HVAC_SETPOINT_ADJUSTMENT,APPROVED,587.82,24.98,562.83,0.895,22.36,565.46,89.52,SUCCESS,False
2017-11-21 13:00:00,HIGH,EV_CHARGING_SHIFT,APPROVED,587.82,21.88,565.94,0.958,20.96,566.86,95.78,SUCCESS,False
2017-11-21 13:00:00,HIGH,BATTERY_DISCHARGE,APPROVED,587.82,25.0,562.82,1.013,25.33,562.49,101.32,SUCCESS,False
2017-11-21 13:00:00,HIGH,COMBINED_ACTION,APPROVED,587.82,71.86,515.95,0.887,63.72,524.1,88.67,SUCCESS,False
2017-11-21 14:00:00,CRITICAL,HVAC_SETPOINT_ADJUSTMENT,APPROVED,636.4,25.58,610.83,0.782,20.0,616.4,78.2,UNDERPERFORMED,True
2017-11-21 14:00:00,CRITICAL,EV_CHARGING_SHIFT,APPROVED,636.4,15.94,620.47,1.0,15.94,620.46,100.0,SUCCESS,False
2017-11-21 14:00:00,CRITICAL,BATTERY_DISCHARGE,APPROVED,636.4,25.0,611.4,0.975,24.38,612.02,97.52,SUCCESS,False
2017-11-21 14:00:00,CRITICAL,COMBINED_ACTION,APPROVED,636.4,66.51,569.89,1.023,68.03,568.37,102.28,SUCCESS,False
2017-11-21 15:00:00,CRITICAL,HVAC_SETPOINT_ADJUSTMENT,APPROVED,623.1,28.57,594.53,1.031,29.45,593.65,103.09,SUCCESS,False
2017-11-21 15:00:00,CRITICAL,EV_CHARGING_SHIFT,APPROVED,623.1,39.86,583.25,1.024,40.83,582.27,102.43,SUCCESS,False
2017-11-21 15:00:00,CRITICAL,BATTERY_DISCHARGE,APPROVED,623.1,25.0,598.1,0.916,22.9,600.2,91.61,SUCCESS,False
2017-11-21 15:00:00,CRITICAL,COMBINED_ACTION,APPROVED,623.1,93.43,529.67,1.0,93.43,529.67,100.0,SUCCESS,False
2017-11-21 16:00:00,CRITICAL,HVAC_SETPOINT_ADJUSTMENT,APPROVED,617.51,23.18,594.34,0.874,20.26,597.25,87.38,SUCCESS,False
2017-11-21 16:00:00,CRITICAL,EV_CHARGING_SHIFT,APPROVED,617.51,19.6,597.91,0.984,19.28,598.23,98.36,SUCCESS,False
2017-11-21 16:00:00,CRITICAL,BATTERY_DISCHARGE,APPROVED,617.51,25.0,592.51,0.879,21.98,595.53,87.92,SUCCESS,False
2017-11-21 16:00:00,CRITICAL,COMBINED_ACTION,APPROVED,617.51,67.78,549.74,0.806,54.64,562.87,80.62,SUCCESS,False
2017-11-21 17:00:00,HIGH,HVAC_SETPOINT_ADJUSTMENT,APPROVED,588.46,26.48,561.98,0.93,24.63,563.83,93.03,SUCCESS,False
2017-11-21 17:00:00,HIGH,EV_CHARGING_SHIFT,APPROVED,588.46,18.1,570.36,0.867,15.7,572.76,86.71,SUCCESS,False
2017-11-21 17:00:00,HIGH,BATTERY_DISCHARGE,APPROVED,588.46,25.0,563.46,0.866,21.64,566.82,86.57,SUCCESS,False
2017-11-21 17:00:00,HIGH,COMBINED_ACTION,APPROVED,588.46,69.59,518.88,0.847,58.97,529.49,84.73,SUCCESS,False
2017-11-22 11:00:00,ELEVATED,HVAC_SETPOINT_ADJUSTMENT,APPROVED,565.05,26.51,538.54,0.751,19.9,545.15,75.07,UNDERPERFORMED,True
2017-11-22 11:00:00,ELEVATED,EV_CHARGING_SHIFT,APPROVED,565.05,0.0,565.05,0.868,0.0,565.05,0.0,UNDERPERFORMED,True
2017-11-22 11:00:00,ELEVATED,BATTERY_DISCHARGE,APPROVED,565.05,25.0,540.05,0.811,20.28,544.77,81.11,SUCCESS,False
2017-11-22 11:00:00,ELEVATED,COMBINED_ACTION,APPROVED,565.05,51.51,513.54,1.036,53.39,511.66,103.64,SUCCESS,False
2017-11-22 12:00:00,HIGH,HVAC_SETPOINT_ADJUSTMENT,APPROVED,590.98,26.16,564.82,1.031,26.98,564.0,103.14,SUCCESS,False
2017-11-22 12:00:00,HIGH,EV_CHARGING_SHIFT,APPROVED,590.98,0.0,590.98,1.004,0.0,590.98,0.0,UNDERPERFORMED,True
2017-11-22 12:00:00,HIGH,BATTERY_DISCHARGE,APPROVED,590.98,25.0,565.98,0.754,18.84,572.14,75.36,UNDERPERFORMED,True
2017-11-22 12:00:00,HIGH,COMBINED_ACTION,APPROVED,590.98,51.16,539.82,0.925,47.32,543.66,92.5,SUCCESS,False
2017-11-22 13:00:00,HIGH,HVAC_SETPOINT_ADJUSTMENT,APPROVED,611.12,26.41,584.71,0.879,23.22,587.9,87.91,SUCCESS,False
2017-11-22 13:00:00,HIGH,EV_CHARGING_SHIFT,APPROVED,611.12,24.01,587.12,0.933,22.41,588.71,93.33,SUCCESS,False
2017-11-22 13:00:00,HIGH,BATTERY_DISCHARGE,APPROVED,611.12,25.0,586.12,0.781,19.52,591.6,78.07,UNDERPERFORMED,True
2017-11-22 13:00:00,HIGH,COMBINED_ACTION,APPROVED,611.12,75.42,535.7,0.941,70.95,540.17,94.08,SUCCESS,False
2017-11-22 14:00:00,CRITICAL,HVAC_SETPOINT_ADJUSTMENT,APPROVED,614.44,29.13,585.31,0.915,26.66,587.78,91.51,SUCCESS,False
2017-11-22 14:00:00,CRITICAL,EV_CHARGING_SHIFT,APPROVED,614.44,36.75,577.69,0.924,33.95,580.49,92.37,SUCCESS,False
2017-11-22 14:00:00,CRITICAL,BATTERY_DISCHARGE,APPROVED,614.44,25.0,589.44,1.004,25.09,589.35,100.35,SUCCESS,False
2017-11-22 14:00:00,CRITICAL,COMBINED_ACTION,APPROVED,614.44,90.88,523.56,0.816,74.17,540.27,81.62,SUCCESS,False
2017-11-22 15:00:00,CRITICAL,HVAC_SETPOINT_ADJUSTMENT,APPROVED,615.72,25.23,590.49,1.005,25.36,590.36,100.52,SUCCESS,False
2017-11-22 15:00:00,CRITICAL,EV_CHARGING_SHIFT,APPROVED,615.72,43.03,572.69,0.762,32.77,582.95,76.15,UNDERPERFORMED,True
2017-11-22 15:00:00,CRITICAL,BATTERY_DISCHARGE,APPROVED,615.72,25.0,590.72,0.856,21.4,594.32,85.61,SUCCESS,False
2017-11-22 15:00:00,CRITICAL,COMBINED_ACTION,APPROVED,615.72,93.26,522.46,0.781,72.86,542.86,78.13,UNDERPERFORMED,True
2017-11-22 16:00:00,CRITICAL,HVAC_SETPOINT_ADJUSTMENT,APPROVED,650.79,29.17,621.62,0.861,25.1,625.69,86.06,SUCCESS,False
2017-11-22 16:00:00,CRITICAL,EV_CHARGING_SHIFT,APPROVED,650.79,37.54,613.25,0.85,31.91,618.88,85.0,SUCCESS,False
2017-11-22 16:00:00,CRITICAL,BATTERY_DISCHARGE,APPROVED,650.79,25.0,625.79,0.866,21.64,629.15,86.56,SUCCESS,False
2017-11-22 16:00:00,CRITICAL,COMBINED_ACTION,APPROVED,650.79,91.71,559.08,0.914,83.85,566.94,91.43,SUCCESS,False
2017-11-22 17:00:00,HIGH,HVAC_SETPOINT_ADJUSTMENT,APPROVED,605.27,19.44,585.83,1.012,19.67,585.6,101.17,SUCCESS,False
2017-11-22 17:00:00,HIGH,EV_CHARGING_SHIFT,APPROVED,605.27,0.0,605.27,0.99,0.0,605.27,0.0,UNDERPERFORMED,True
2017-11-22 17:00:00,HIGH,BATTERY_DISCHARGE,APPROVED,605.27,25.0,580.27,0.996,24.91,580.36,99.64,SUCCESS,False
2017-11-22 17:00:00,HIGH,COMBINED_ACTION,APPROVED,605.27,44.44,560.83,0.911,40.5,564.77,91.14,SUCCESS,False
2017-11-23 11:00:00,ELEVATED,HVAC_SETPOINT_ADJUSTMENT,APPROVED,570.9,28.23,542.68,0.975,27.53,543.37,97.51,SUCCESS,False
2017-11-23 11:00:00,ELEVATED,EV_CHARGING_SHIFT,APPROVED,570.9,0.0,570.9,0.782,0.0,570.9,0.0,UNDERPERFORMED,True
2017-11-23 11:00:00,ELEVATED,BATTERY_DISCHARGE,APPROVED,570.9,25.0,545.9,0.783,19.58,551.32,78.31,UNDERPERFORMED,True
2017-11-23 11:00:00,ELEVATED,COMBINED_ACTION,APPROVED,570.9,53.23,517.68,0.878,46.72,524.18,87.78,SUCCESS,False
2017-11-23 12:00:00,HIGH,HVAC_SETPOINT_ADJUSTMENT,APPROVED,601.07,31.45,569.63,0.757,23.79,577.28,75.66,UNDERPERFORMED,True
2017-11-23 12:00:00,HIGH,EV_CHARGING_SHIFT,APPROVED,601.07,0.0,601.07,1.004,0.0,601.07,0.0,UNDERPERFORMED,True
2017-11-23 12:00:00,HIGH,BATTERY_DISCHARGE,APPROVED,601.07,25.0,576.07,0.791,19.77,581.3,79.07,UNDERPERFORMED,True
2017-11-23 12:00:00,HIGH,COMBINED_ACTION,APPROVED,601.07,56.45,544.63,0.817,46.13,554.94,81.72,SUCCESS,False
2017-11-23 13:00:00,CRITICAL,HVAC_SETPOINT_ADJUSTMENT,APPROVED,612.46,32.02,580.44,0.878,28.1,584.36,87.76,SUCCESS,False
2017-11-23 13:00:00,CRITICAL,EV_CHARGING_SHIFT,APPROVED,612.46,23.35,589.11,0.922,21.53,590.93,92.23,SUCCESS,False
2017-11-23 13:00:00,CRITICAL,BATTERY_DISCHARGE,APPROVED,612.46,25.0,587.46,0.805,20.13,592.33,80.51,SUCCESS,False
2017-11-23 13:00:00,CRITICAL,COMBINED_ACTION,APPROVED,612.46,80.37,532.09,0.879,70.61,541.85,87.86,SUCCESS,False
2017-11-23 14:00:00,CRITICAL,HVAC_SETPOINT_ADJUSTMENT,APPROVED,624.47,33.99,590.48,0.87,29.56,594.91,86.97,SUCCESS,False
2017-11-23 14:00:00,CRITICAL,EV_CHARGING_SHIFT,APPROVED,624.47,0.0,624.47,1.015,0.0,624.47,0.0,UNDERPERFORMED,True
2017-11-23 14:00:00,CRITICAL,BATTERY_DISCHARGE,APPROVED,624.47,25.0,599.47,0.975,24.37,600.1,97.46,SUCCESS,False
2017-11-23 14:00:00,CRITICAL,COMBINED_ACTION,APPROVED,624.47,58.99,565.48,0.774,45.65,578.82,77.38,UNDERPERFORMED,True
2017-11-23 15:00:00,CRITICAL,HVAC_SETPOINT_ADJUSTMENT,APPROVED,612.86,26.99,585.87,0.95,25.63,587.23,94.98,SUCCESS,False
2017-11-23 15:00:00,CRITICAL,EV_CHARGING_SHIFT,APPROVED,612.86,28.76,584.1,0.815,23.44,589.42,81.51,SUCCESS,False
2017-11-23 15:00:00,CRITICAL,BATTERY_DISCHARGE,APPROVED,612.86,25.0,587.86,0.896,22.39,590.47,89.56,SUCCESS,False
2017-11-23 15:00:00,CRITICAL,COMBINED_ACTION,APPROVED,612.86,80.75,532.11,0.789,63.72,549.14,78.91,UNDERPERFORMED,True
2017-11-23 16:00:00,CRITICAL,HVAC_SETPOINT_ADJUSTMENT,APPROVED,639.41,31.88,607.53,0.911,29.04,610.37,91.09,SUCCESS,False
2017-11-23 16:00:00,CRITICAL,EV_CHARGING_SHIFT,APPROVED,639.41,35.92,603.49,0.851,30.58,608.83,85.13,SUCCESS,False
2017-11-23 16:00:00,CRITICAL,BATTERY_DISCHARGE,APPROVED,639.41,25.0,614.41,0.923,23.07,616.34,92.28,SUCCESS,False
2017-11-23 16:00:00,CRITICAL,COMBINED_ACTION,APPROVED,639.41,92.8,546.61,0.817,75.78,563.63,81.66,SUCCESS,False
2017-11-23 17:00:00,ELEVATED,HVAC_SETPOINT_ADJUSTMENT,APPROVED,581.06,22.23,558.83,0.845,18.78,562.28,84.47,SUCCESS,False
2017-11-23 17:00:00,ELEVATED,EV_CHARGING_SHIFT,APPROVED,581.06,34.69,546.38,0.892,30.93,550.13,89.16,SUCCESS,False
2017-11-23 17:00:00,ELEVATED,BATTERY_DISCHARGE,APPROVED,581.06,25.0,556.06,0.816,20.4,560.66,81.61,SUCCESS,False
2017-11-23 17:00:00,ELEVATED,COMBINED_ACTION,APPROVED,581.06,81.92,499.14,1.006,82.43,498.63,100.62,SUCCESS,False
2017-11-24 11:00:00,ELEVATED,HVAC_SETPOINT_ADJUSTMENT,APPROVED,580.36,34.11,546.25,0.889,30.32,550.04,88.9,SUCCESS,False
2017-11-24 11:00:00,ELEVATED,EV_CHARGING_SHIFT,APPROVED,580.36,17.81,562.56,0.898,16.0,564.36,89.82,SUCCESS,False
2017-11-24 11:00:00,ELEVATED,BATTERY_DISCHARGE,APPROVED,580.36,25.0,555.36,1.03,25.75,554.61,102.99,SUCCESS,False
2017-11-24 11:00:00,ELEVATED,COMBINED_ACTION,APPROVED,580.36,76.92,503.45,0.758,58.3,522.06,75.79,UNDERPERFORMED,True
2017-11-24 12:00:00,HIGH,HVAC_SETPOINT_ADJUSTMENT,APPROVED,583.8,36.03,547.77,0.931,33.53,550.27,93.06,SUCCESS,False
2017-11-24 12:00:00,HIGH,EV_CHARGING_SHIFT,APPROVED,583.8,30.86,552.94,0.99,30.55,553.25,98.98,SUCCESS,False
2017-11-24 12:00:00,HIGH,BATTERY_DISCHARGE,APPROVED,583.8,25.0,558.8,0.97,24.24,559.56,96.97,SUCCESS,False
2017-11-24 12:00:00,HIGH,COMBINED_ACTION,APPROVED,583.8,91.88,491.92,0.979,89.91,493.89,97.86,SUCCESS,False
2017-11-24 13:00:00,HIGH,HVAC_SETPOINT_ADJUSTMENT,APPROVED,603.88,33.61,570.27,0.993,33.38,570.5,99.31,SUCCESS,False
2017-11-24 13:00:00,HIGH,EV_CHARGING_SHIFT,APPROVED,603.88,0.0,603.88,0.836,0.0,603.88,0.0,UNDERPERFORMED,True
2017-11-24 13:00:00,HIGH,BATTERY_DISCHARGE,APPROVED,603.88,25.0,578.88,1.012,25.31,578.57,101.25,SUCCESS,False
2017-11-24 13:00:00,HIGH,COMBINED_ACTION,APPROVED,603.88,58.61,545.27,0.852,49.92,553.96,85.17,SUCCESS,False
2017-11-24 14:00:00,HIGH,HVAC_SETPOINT_ADJUSTMENT,APPROVED,599.3,29.67,569.63,0.835,24.77,574.53,83.49,SUCCESS,False
2017-11-24 14:00:00,HIGH,EV_CHARGING_SHIFT,APPROVED,599.3,25.93,573.37,0.81,20.99,578.31,80.97,SUCCESS,False
2017-11-24 14:00:00,HIGH,BATTERY_DISCHARGE,APPROVED,599.3,25.0,574.3,0.801,20.04,579.26,80.15,SUCCESS,False
2017-11-24 14:00:00,HIGH,COMBINED_ACTION,APPROVED,599.3,80.6,518.7,0.928,74.77,524.53,92.77,SUCCESS,False
2017-11-24 15:00:00,HIGH,HVAC_SETPOINT_ADJUSTMENT,APPROVED,583.41,30.15,553.25,1.002,30.22,553.19,100.25,SUCCESS,False
2017-11-24 15:00:00,HIGH,EV_CHARGING_SHIFT,APPROVED,583.41,21.94,561.46,1.03,22.59,560.82,102.97,SUCCESS,False
2017-11-24 15:00:00,HIGH,BATTERY_DISCHARGE,APPROVED,583.41,25.0,558.41,0.937,23.41,560.0,93.65,SUCCESS,False
2017-11-24 15:00:00,HIGH,COMBINED_ACTION,APPROVED,583.41,77.1,506.31,0.754,58.12,525.29,75.38,UNDERPERFORMED,True
2017-11-24 16:00:00,HIGH,HVAC_SETPOINT_ADJUSTMENT,APPROVED,583.73,33.03,550.7,0.841,27.79,555.94,84.13,SUCCESS,False
2017-11-24 16:00:00,HIGH,EV_CHARGING_SHIFT,APPROVED,583.73,33.48,550.25,0.886,29.68,554.05,88.64,SUCCESS,False
2017-11-24 16:00:00,HIGH,BATTERY_DISCHARGE,APPROVED,583.73,25.0,558.73,0.873,21.83,561.9,87.31,SUCCESS,False
2017-11-24 16:00:00,HIGH,COMBINED_ACTION,APPROVED,583.73,91.51,492.22,0.947,86.68,497.05,94.72,SUCCESS,False
2017-11-24 17:00:00,ELEVATED,HVAC_SETPOINT_ADJUSTMENT,APPROVED,555.52,31.84,523.68,1.049,33.41,522.11,104.93,SUCCESS,False
2017-11-24 17:00:00,ELEVATED,EV_CHARGING_SHIFT,APPROVED,555.52,0.0,555.52,0.775,0.0,555.52,0.0,UNDERPERFORMED,True
2017-11-24 17:00:00,ELEVATED,BATTERY_DISCHARGE,APPROVED,555.52,25.0,530.52,0.794,19.85,535.67,79.4,UNDERPERFORMED,True
2017-11-24 17:00:00,ELEVATED,COMBINED_ACTION,APPROVED,555.52,56.84,498.68,0.841,47.78,507.74,84.06,SUCCESS,False
2017-11-27 11:00:00,ELEVATED,HVAC_SETPOINT_ADJUSTMENT,APPROVED,557.12,30.46,526.66,1.008,30.71,526.41,100.83,SUCCESS,False
2017-11-27 11:00:00,ELEVATED,EV_CHARGING_SHIFT,APPROVED,557.12,0.0,557.12,0.834,0.0,557.12,0.0,UNDERPERFORMED,True
2017-11-27 11:00:00,ELEVATED,BATTERY_DISCHARGE,APPROVED,557.12,25.0,532.12,0.99,24.74,532.38,98.95,SUCCESS,False
2017-11-27 11:00:00,ELEVATED,COMBINED_ACTION,APPROVED,557.12,55.46,501.66,0.891,49.39,507.73,89.05,SUCCESS,False
2017-11-27 12:00:00,HIGH,HVAC_SETPOINT_ADJUSTMENT,APPROVED,582.17,32.52,549.65,0.934,30.38,551.79,93.41,SUCCESS,False
2017-11-27 12:00:00,HIGH,EV_CHARGING_SHIFT,APPROVED,582.17,0.0,582.17,0.868,0.0,582.17,0.0,UNDERPERFORMED,True
2017-11-27 12:00:00,HIGH,BATTERY_DISCHARGE,APPROVED,582.17,25.0,557.17,0.795,19.87,562.3,79.46,UNDERPERFORMED,True
2017-11-27 12:00:00,HIGH,COMBINED_ACTION,APPROVED,582.17,57.52,524.65,0.959,55.19,526.98,95.95,SUCCESS,False
2017-11-27 13:00:00,HIGH,HVAC_SETPOINT_ADJUSTMENT,APPROVED,611.95,29.7,582.25,0.982,29.18,582.77,98.25,SUCCESS,False
2017-11-27 13:00:00,HIGH,EV_CHARGING_SHIFT,APPROVED,611.95,23.15,588.79,0.849,19.65,592.3,84.88,SUCCESS,False
2017-11-27 13:00:00,HIGH,BATTERY_DISCHARGE,APPROVED,611.95,25.0,586.95,0.841,21.02,590.93,84.1,SUCCESS,False
2017-11-27 13:00:00,HIGH,COMBINED_ACTION,APPROVED,611.95,77.85,534.09,0.843,65.65,546.3,84.33,SUCCESS,False
2017-11-27 14:00:00,CRITICAL,HVAC_SETPOINT_ADJUSTMENT,APPROVED,614.1,28.26,585.85,0.92,26.01,588.09,92.04,SUCCESS,False
2017-11-27 14:00:00,CRITICAL,EV_CHARGING_SHIFT,APPROVED,614.1,0.0,614.1,0.835,0.0,614.1,0.0,UNDERPERFORMED,True
2017-11-27 14:00:00,CRITICAL,BATTERY_DISCHARGE,APPROVED,614.1,25.0,589.1,0.837,20.92,593.18,83.68,SUCCESS,False
2017-11-27 14:00:00,CRITICAL,COMBINED_ACTION,APPROVED,614.1,53.26,560.85,0.8,42.59,571.51,79.97,UNDERPERFORMED,True
2017-11-27 15:00:00,HIGH,HVAC_SETPOINT_ADJUSTMENT,APPROVED,611.31,32.15,579.16,0.883,28.39,582.92,88.31,SUCCESS,False
2017-11-27 15:00:00,HIGH,EV_CHARGING_SHIFT,APPROVED,611.31,26.34,584.96,0.788,20.75,590.56,78.77,UNDERPERFORMED,True
2017-11-27 15:00:00,HIGH,BATTERY_DISCHARGE,APPROVED,611.31,25.0,586.31,0.888,22.21,589.1,88.83,SUCCESS,False
2017-11-27 15:00:00,HIGH,COMBINED_ACTION,APPROVED,611.31,83.49,527.81,0.959,80.03,531.28,95.85,SUCCESS,False
2017-11-27 16:00:00,CRITICAL,HVAC_SETPOINT_ADJUSTMENT,APPROVED,613.87,30.36,583.51,0.965,29.29,584.58,96.48,SUCCESS,False
2017-11-27 16:00:00,CRITICAL,EV_CHARGING_SHIFT,APPROVED,613.87,15.45,598.43,0.955,14.75,599.12,95.47,SUCCESS,False
2017-11-27 16:00:00,CRITICAL,BATTERY_DISCHARGE,APPROVED,613.87,25.0,588.87,1.029,25.72,588.15,102.86,SUCCESS,False
2017-11-27 16:00:00,CRITICAL,COMBINED_ACTION,APPROVED,613.87,70.81,543.07,1.026,72.66,541.21,102.61,SUCCESS,False
2017-11-27 17:00:00,HIGH,HVAC_SETPOINT_ADJUSTMENT,APPROVED,589.36,26.06,563.3,0.927,24.17,565.19,92.73,SUCCESS,False
2017-11-27 17:00:00,HIGH,EV_CHARGING_SHIFT,APPROVED,589.36,0.0,589.36,0.772,0.0,589.36,0.0,UNDERPERFORMED,True
2017-11-27 17:00:00,HIGH,BATTERY_DISCHARGE,APPROVED,589.36,25.0,564.36,0.92,23.0,566.36,91.99,SUCCESS,False
2017-11-27 17:00:00,HIGH,COMBINED_ACTION,APPROVED,589.36,51.06,538.3,0.782,39.92,549.44,78.19,UNDERPERFORMED,True
2017-11-28 12:00:00,HIGH,HVAC_SETPOINT_ADJUSTMENT,APPROVED,586.84,31.04,555.8,0.782,24.29,562.55,78.25,UNDERPERFORMED,True
2017-11-28 12:00:00,HIGH,EV_CHARGING_SHIFT,APPROVED,586.84,0.0,586.84,1.001,0.0,586.84,0.0,UNDERPERFORMED,True
2017-11-28 12:00:00,HIGH,BATTERY_DISCHARGE,APPROVED,586.84,25.0,561.84,0.793,19.82,567.02,79.28,UNDERPERFORMED,True
2017-11-28 12:00:00,HIGH,COMBINED_ACTION,APPROVED,586.84,56.04,530.8,0.856,47.96,538.88,85.59,SUCCESS,False
2017-11-28 13:00:00,CRITICAL,HVAC_SETPOINT_ADJUSTMENT,APPROVED,620.06,34.17,585.89,0.789,26.95,593.11,78.86,UNDERPERFORMED,True
2017-11-28 13:00:00,CRITICAL,EV_CHARGING_SHIFT,APPROVED,620.06,17.94,602.13,0.88,15.79,604.27,88.03,SUCCESS,False
2017-11-28 13:00:00,CRITICAL,BATTERY_DISCHARGE,APPROVED,620.06,25.0,595.06,0.787,19.67,600.39,78.67,UNDERPERFORMED,True
2017-11-28 13:00:00,CRITICAL,COMBINED_ACTION,APPROVED,620.06,77.1,542.96,1.05,80.92,539.14,104.96,SUCCESS,False
2017-11-28 14:00:00,HIGH,HVAC_SETPOINT_ADJUSTMENT,APPROVED,595.32,32.03,563.29,0.795,25.47,569.85,79.5,UNDERPERFORMED,True
2017-11-28 14:00:00,HIGH,EV_CHARGING_SHIFT,APPROVED,595.32,0.0,595.32,0.796,0.0,595.32,0.0,UNDERPERFORMED,True
2017-11-28 14:00:00,HIGH,BATTERY_DISCHARGE,APPROVED,595.32,25.0,570.32,1.019,25.47,569.85,101.87,SUCCESS,False
2017-11-28 14:00:00,HIGH,COMBINED_ACTION,APPROVED,595.32,57.03,538.29,0.961,54.81,540.51,96.1,SUCCESS,False
2017-11-28 15:00:00,HIGH,HVAC_SETPOINT_ADJUSTMENT,APPROVED,599.01,35.77,563.24,1.018,36.4,562.61,101.77,SUCCESS,False
2017-11-28 15:00:00,HIGH,EV_CHARGING_SHIFT,APPROVED,599.01,43.1,555.91,0.911,39.26,559.75,91.08,SUCCESS,False
2017-11-28 15:00:00,HIGH,BATTERY_DISCHARGE,APPROVED,599.01,25.0,574.01,0.837,20.93,578.08,83.7,SUCCESS,False
2017-11-28 15:00:00,HIGH,COMBINED_ACTION,APPROVED,599.01,103.88,495.13,0.833,86.54,512.47,83.31,SUCCESS,False
2017-11-28 16:00:00,HIGH,HVAC_SETPOINT_ADJUSTMENT,APPROVED,602.57,31.84,570.73,0.899,28.61,573.96,89.85,SUCCESS,False
2017-11-28 16:00:00,HIGH,EV_CHARGING_SHIFT,APPROVED,602.57,0.0,602.57,0.962,0.0,602.57,0.0,UNDERPERFORMED,True
2017-11-28 16:00:00,HIGH,BATTERY_DISCHARGE,APPROVED,602.57,25.0,577.57,0.953,23.83,578.74,95.31,SUCCESS,False
2017-11-28 16:00:00,HIGH,COMBINED_ACTION,APPROVED,602.57,56.84,545.73,0.86,48.87,553.7,85.99,SUCCESS,False
2017-11-28 17:00:00,ELEVATED,HVAC_SETPOINT_ADJUSTMENT,APPROVED,560.31,33.54,526.77,1.027,34.43,525.88,102.67,SUCCESS,False
2017-11-28 17:00:00,ELEVATED,EV_CHARGING_SHIFT,APPROVED,560.31,11.75,548.56,0.791,9.29,551.02,79.09,UNDERPERFORMED,True
2017-11-28 17:00:00,ELEVATED,BATTERY_DISCHARGE,APPROVED,560.31,25.0,535.31,1.042,26.06,534.25,104.23,SUCCESS,False
2017-11-28 17:00:00,ELEVATED,COMBINED_ACTION,APPROVED,560.31,70.29,490.02,0.885,62.21,498.1,88.51,SUCCESS,False
2017-11-29 12:00:00,HIGH,HVAC_SETPOINT_ADJUSTMENT,APPROVED,588.07,37.21,550.86,0.856,31.87,556.2,85.64,SUCCESS,False
2017-11-29 12:00:00,HIGH,EV_CHARGING_SHIFT,APPROVED,588.07,21.76,566.31,0.803,17.48,570.59,80.32,SUCCESS,False
2017-11-29 12:00:00,HIGH,BATTERY_DISCHARGE,APPROVED,588.07,25.0,563.07,0.845,21.14,566.93,84.54,SUCCESS,False
2017-11-29 12:00:00,HIGH,COMBINED_ACTION,APPROVED,588.07,83.97,504.1,0.955,80.19,507.88,95.5,SUCCESS,False
2017-11-29 13:00:00,HIGH,HVAC_SETPOINT_ADJUSTMENT,APPROVED,593.31,35.99,557.32,0.882,31.75,561.56,88.22,SUCCESS,False
2017-11-29 13:00:00,HIGH,EV_CHARGING_SHIFT,APPROVED,593.31,38.28,555.03,0.798,30.53,562.78,79.75,UNDERPERFORMED,True
2017-11-29 13:00:00,HIGH,BATTERY_DISCHARGE,APPROVED,593.31,25.0,568.31,0.796,19.89,573.42,79.56,UNDERPERFORMED,True
2017-11-29 13:00:00,HIGH,COMBINED_ACTION,APPROVED,593.31,99.27,494.04,0.789,78.37,514.94,78.95,UNDERPERFORMED,True
2017-11-29 14:00:00,CRITICAL,HVAC_SETPOINT_ADJUSTMENT,APPROVED,647.43,28.46,618.96,0.828,23.58,623.85,82.85,SUCCESS,False
2017-11-29 14:00:00,CRITICAL,EV_CHARGING_SHIFT,APPROVED,647.43,0.0,647.43,0.946,0.0,647.43,0.0,UNDERPERFORMED,True
2017-11-29 14:00:00,CRITICAL,BATTERY_DISCHARGE,APPROVED,647.43,25.0,622.43,0.79,19.75,627.68,78.99,UNDERPERFORMED,True
2017-11-29 14:00:00,CRITICAL,COMBINED_ACTION,APPROVED,647.43,53.46,593.96,0.784,41.89,605.54,78.36,UNDERPERFORMED,True
2017-11-29 15:00:00,HIGH,HVAC_SETPOINT_ADJUSTMENT,APPROVED,604.36,35.7,568.66,0.886,31.65,572.71,88.64,SUCCESS,False
2017-11-29 15:00:00,HIGH,EV_CHARGING_SHIFT,APPROVED,604.36,0.0,604.36,0.947,0.0,604.36,0.0,UNDERPERFORMED,True
2017-11-29 15:00:00,HIGH,BATTERY_DISCHARGE,APPROVED,604.36,25.0,579.36,0.893,22.32,582.04,89.26,SUCCESS,False
2017-11-29 15:00:00,HIGH,COMBINED_ACTION,APPROVED,604.36,60.7,543.66,1.007,61.11,543.25,100.68,SUCCESS,False
2017-11-29 16:00:00,HIGH,HVAC_SETPOINT_ADJUSTMENT,APPROVED,609.4,31.99,577.42,0.935,29.91,579.49,93.51,SUCCESS,False
2017-11-29 16:00:00,HIGH,EV_CHARGING_SHIFT,APPROVED,609.4,24.73,584.68,0.767,18.97,590.43,76.71,UNDERPERFORMED,True
2017-11-29 16:00:00,HIGH,BATTERY_DISCHARGE,APPROVED,609.4,25.0,584.4,0.857,21.42,587.98,85.68,SUCCESS,False
2017-11-29 16:00:00,HIGH,COMBINED_ACTION,APPROVED,609.4,81.71,527.69,0.827,67.61,541.79,82.74,SUCCESS,False
2017-11-29 17:00:00,ELEVATED,HVAC_SETPOINT_ADJUSTMENT,APPROVED,581.37,31.86,549.5,0.815,25.98,555.39,81.55,SUCCESS,False
2017-11-29 17:00:00,ELEVATED,EV_CHARGING_SHIFT,APPROVED,581.37,0.0,581.37,0.786,0.0,581.37,0.0,UNDERPERFORMED,True
2017-11-29 17:00:00,ELEVATED,BATTERY_DISCHARGE,APPROVED,581.37,25.0,556.37,1.012,25.31,556.06,101.23,SUCCESS,False
2017-11-29 17:00:00,ELEVATED,COMBINED_ACTION,APPROVED,581.37,56.86,524.5,0.795,45.21,536.16,79.51,UNDERPERFORMED,True
2017-11-30 11:00:00,ELEVATED,HVAC_SETPOINT_ADJUSTMENT,APPROVED,564.42,39.72,524.7,0.921,36.58,527.84,92.08,SUCCESS,False
2017-11-30 11:00:00,ELEVATED,EV_CHARGING_SHIFT,APPROVED,564.42,9.62,554.8,0.893,8.59,555.83,89.29,SUCCESS,False
2017-11-30 11:00:00,ELEVATED,BATTERY_DISCHARGE,APPROVED,564.42,25.0,539.42,0.848,21.19,543.23,84.76,SUCCESS,False
2017-11-30 11:00:00,ELEVATED,COMBINED_ACTION,APPROVED,564.42,74.35,490.08,1.035,76.92,487.5,103.45,SUCCESS,False
2017-11-30 12:00:00,HIGH,HVAC_SETPOINT_ADJUSTMENT,APPROVED,584.62,37.16,547.46,0.982,36.49,548.13,98.2,SUCCESS,False
2017-11-30 12:00:00,HIGH,EV_CHARGING_SHIFT,APPROVED,584.62,13.3,571.31,1.013,13.48,571.14,101.32,SUCCESS,False
2017-11-30 12:00:00,HIGH,BATTERY_DISCHARGE,APPROVED,584.62,25.0,559.62,0.994,24.85,559.77,99.39,SUCCESS,False
2017-11-30 12:00:00,HIGH,COMBINED_ACTION,APPROVED,584.62,75.46,509.15,0.958,72.31,512.31,95.82,SUCCESS,False
2017-11-30 13:00:00,CRITICAL,HVAC_SETPOINT_ADJUSTMENT,APPROVED,630.69,37.97,592.72,0.92,34.95,595.74,92.04,SUCCESS,False
2017-11-30 13:00:00,CRITICAL,EV_CHARGING_SHIFT,APPROVED,630.69,0.0,630.69,0.962,0.0,630.69,0.0,UNDERPERFORMED,True
2017-11-30 13:00:00,CRITICAL,BATTERY_DISCHARGE,APPROVED,630.69,25.0,605.69,0.917,22.93,607.76,91.71,SUCCESS,False
2017-11-30 13:00:00,CRITICAL,COMBINED_ACTION,APPROVED,630.69,62.97,567.72,0.977,61.55,569.14,97.74,SUCCESS,False
2017-11-30 14:00:00,CRITICAL,HVAC_SETPOINT_ADJUSTMENT,APPROVED,630.4,36.66,593.75,1.013,37.12,593.28,101.26,SUCCESS,False
2017-11-30 14:00:00,CRITICAL,EV_CHARGING_SHIFT,APPROVED,630.4,0.0,630.4,0.965,0.0,630.4,0.0,UNDERPERFORMED,True
2017-11-30 14:00:00,CRITICAL,BATTERY_DISCHARGE,APPROVED,630.4,25.0,605.4,1.016,25.41,604.99,101.62,SUCCESS,False
2017-11-30 14:00:00,CRITICAL,COMBINED_ACTION,APPROVED,630.4,61.66,568.75,0.957,58.99,571.41,95.67,SUCCESS,False
2017-11-30 15:00:00,CRITICAL,HVAC_SETPOINT_ADJUSTMENT,APPROVED,640.77,37.65,603.12,1.017,38.28,602.49,101.67,SUCCESS,False
2017-11-30 15:00:00,CRITICAL,EV_CHARGING_SHIFT,APPROVED,640.77,22.5,618.27,0.936,21.07,619.7,93.63,SUCCESS,False
2017-11-30 15:00:00,CRITICAL,BATTERY_DISCHARGE,APPROVED,640.77,25.0,615.77,0.781,19.52,621.25,78.07,UNDERPERFORMED,True
2017-11-30 15:00:00,CRITICAL,COMBINED_ACTION,APPROVED,640.77,85.16,555.61,1.036,88.23,552.54,103.6,SUCCESS,False
2017-11-30 16:00:00,CRITICAL,HVAC_SETPOINT_ADJUSTMENT,APPROVED,637.35,38.4,598.94,0.789,30.29,607.06,78.89,UNDERPERFORMED,True
2017-11-30 16:00:00,CRITICAL,EV_CHARGING_SHIFT,APPROVED,637.35,0.0,637.35,0.766,0.0,637.35,0.0,UNDERPERFORMED,True
2017-11-30 16:00:00,CRITICAL,BATTERY_DISCHARGE,APPROVED,637.35,25.0,612.35,0.985,24.62,612.73,98.49,SUCCESS,False
2017-11-30 16:00:00,CRITICAL,COMBINED_ACTION,APPROVED,637.35,63.4,573.94,0.987,62.59,574.76,98.72,SUCCESS,False
2017-11-30 17:00:00,HIGH,HVAC_SETPOINT_ADJUSTMENT,APPROVED,611.73,35.01,576.73,1.017,35.61,576.12,101.7,SUCCESS,False
2017-11-30 17:00:00,HIGH,EV_CHARGING_SHIFT,APPROVED,611.73,22.95,588.78,0.853,19.57,592.16,85.27,SUCCESS,False
2017-11-30 17:00:00,HIGH,BATTERY_DISCHARGE,APPROVED,611.73,25.0,586.73,0.948,23.69,588.04,94.78,SUCCESS,False
2017-11-30 17:00:00,HIGH,COMBINED_ACTION,APPROVED,611.73,82.96,528.77,0.833,69.08,542.65,83.27,SUCCESS,False
2017-12-01 11:00:00,ELEVATED,HVAC_SETPOINT_ADJUSTMENT,APPROVED,551.3,39.38,511.92,0.881,34.69,516.61,88.09,SUCCESS,False
2017-12-01 11:00:00,ELEVATED,EV_CHARGING_SHIFT,APPROVED,551.3,0.0,551.3,1.045,0.0,551.3,0.0,UNDERPERFORMED,True
2017-12-01 11:00:00,ELEVATED,BATTERY_DISCHARGE,APPROVED,551.3,25.0,526.3,0.854,21.34,529.96,85.36,SUCCESS,False
2017-12-01 11:00:00,ELEVATED,COMBINED_ACTION,APPROVED,551.3,64.38,486.92,0.871,56.07,495.23,87.09,SUCCESS,False
2017-12-01 12:00:00,ELEVATED,HVAC_SETPOINT_ADJUSTMENT,APPROVED,575.94,37.2,538.75,1.004,37.37,538.57,100.45,SUCCESS,False
2017-12-01 12:00:00,ELEVATED,EV_CHARGING_SHIFT,APPROVED,575.94,0.0,575.94,0.763,0.0,575.94,0.0,UNDERPERFORMED,True
2017-12-01 12:00:00,ELEVATED,BATTERY_DISCHARGE,APPROVED,575.94,25.0,550.94,1.009,25.22,550.72,100.89,SUCCESS,False
2017-12-01 12:00:00,ELEVATED,COMBINED_ACTION,APPROVED,575.94,62.2,513.75,0.893,55.56,520.38,89.32,SUCCESS,False
2017-12-01 13:00:00,HIGH,HVAC_SETPOINT_ADJUSTMENT,APPROVED,611.24,30.26,580.97,0.813,24.6,586.64,81.31,SUCCESS,False
2017-12-01 13:00:00,HIGH,EV_CHARGING_SHIFT,APPROVED,611.24,0.0,611.24,0.919,0.0,611.24,0.0,UNDERPERFORMED,True
2017-12-01 13:00:00,HIGH,BATTERY_DISCHARGE,APPROVED,611.24,25.0,586.24,0.985,24.62,586.62,98.5,SUCCESS,False
2017-12-01 13:00:00,HIGH,COMBINED_ACTION,APPROVED,611.24,55.26,555.97,0.783,43.26,567.98,78.29,UNDERPERFORMED,True
2017-12-01 14:00:00,HIGH,HVAC_SETPOINT_ADJUSTMENT,APPROVED,585.65,34.29,551.36,0.919,31.52,554.13,91.93,SUCCESS,False
2017-12-01 14:00:00,HIGH,EV_CHARGING_SHIFT,APPROVED,585.65,14.18,571.48,1.016,14.41,571.24,101.59,SUCCESS,False
2017-12-01 14:00:00,HIGH,BATTERY_DISCHARGE,APPROVED,585.65,25.0,560.65,0.965,24.12,561.53,96.47,SUCCESS,False
2017-12-01 14:00:00,HIGH,COMBINED_ACTION,APPROVED,585.65,73.47,512.19,0.952,69.92,515.73,95.17,SUCCESS,False
2017-12-01 15:00:00,CRITICAL,HVAC_SETPOINT_ADJUSTMENT,APPROVED,612.73,36.28,576.45,0.829,30.07,582.66,82.88,SUCCESS,False
2017-12-01 15:00:00,CRITICAL,EV_CHARGING_SHIFT,APPROVED,612.73,0.0,612.73,0.857,0.0,612.73,0.0,UNDERPERFORMED,True
2017-12-01 15:00:00,CRITICAL,BATTERY_DISCHARGE,APPROVED,612.73,25.0,587.73,1.03,25.75,586.98,102.99,SUCCESS,False
2017-12-01 15:00:00,CRITICAL,COMBINED_ACTION,APPROVED,612.73,61.28,551.45,0.871,53.39,559.34,87.12,SUCCESS,False
2017-12-01 16:00:00,CRITICAL,HVAC_SETPOINT_ADJUSTMENT,APPROVED,622.87,34.46,588.42,0.828,28.52,594.35,82.75,SUCCESS,False
2017-12-01 16:00:00,CRITICAL,EV_CHARGING_SHIFT,APPROVED,622.87,17.43,605.44,0.951,16.58,606.29,95.11,SUCCESS,False
2017-12-01 16:00:00,CRITICAL,BATTERY_DISCHARGE,APPROVED,622.87,25.0,597.87,1.009,25.22,597.65,100.88,SUCCESS,False
2017-12-01 16:00:00,CRITICAL,COMBINED_ACTION,APPROVED,622.87,76.89,545.98,0.87,66.87,556.0,86.96,SUCCESS,False
2017-12-01 17:00:00,ELEVATED,HVAC_SETPOINT_ADJUSTMENT,APPROVED,581.31,34.83,546.49,0.896,31.2,550.11,89.58,SUCCESS,False
2017-12-01 17:00:00,ELEVATED,EV_CHARGING_SHIFT,APPROVED,581.31,0.0,581.31,0.764,0.0,581.31,0.0,UNDERPERFORMED,True
2017-12-01 17:00:00,ELEVATED,BATTERY_DISCHARGE,APPROVED,581.31,25.0,556.31,1.014,25.34,555.97,101.37,SUCCESS,False
2017-12-01 17:00:00,ELEVATED,COMBINED_ACTION,APPROVED,581.31,59.83,521.49,0.815,48.77,532.54,81.52,SUCCESS,False
2017-12-04 11:00:00,ELEVATED,HVAC_SETPOINT_ADJUSTMENT,APPROVED,551.15,29.79,521.37,0.877,26.11,525.04,87.65,SUCCESS,False
2017-12-04 11:00:00,ELEVATED,EV_CHARGING_SHIFT,APPROVED,551.15,0.0,551.15,1.036,0.0,551.15,0.0,UNDERPERFORMED,True
2017-12-04 11:00:00,ELEVATED,BATTERY_DISCHARGE,APPROVED,551.15,25.0,526.15,1.004,25.11,526.04,100.42,SUCCESS,False
2017-12-04 11:00:00,ELEVATED,COMBINED_ACTION,APPROVED,551.15,54.79,496.37,0.916,50.21,500.94,91.65,SUCCESS,False
2017-12-04 12:00:00,HIGH,HVAC_SETPOINT_ADJUSTMENT,APPROVED,589.98,32.17,557.81,0.921,29.64,560.34,92.14,SUCCESS,False
2017-12-04 12:00:00,HIGH,EV_CHARGING_SHIFT,APPROVED,589.98,0.0,589.98,0.94,0.0,589.98,0.0,UNDERPERFORMED,True
2017-12-04 12:00:00,HIGH,BATTERY_DISCHARGE,APPROVED,589.98,25.0,564.98,1.011,25.27,564.71,101.09,SUCCESS,False
2017-12-04 12:00:00,HIGH,COMBINED_ACTION,APPROVED,589.98,57.17,532.81,0.964,55.1,534.88,96.38,SUCCESS,False
2017-12-04 13:00:00,HIGH,HVAC_SETPOINT_ADJUSTMENT,APPROVED,606.33,33.45,572.88,0.829,27.73,578.6,82.9,SUCCESS,False
2017-12-04 13:00:00,HIGH,EV_CHARGING_SHIFT,APPROVED,606.33,33.45,572.89,0.933,31.19,575.14,93.25,SUCCESS,False
2017-12-04 13:00:00,HIGH,BATTERY_DISCHARGE,APPROVED,606.33,25.0,581.33,0.873,21.82,584.51,87.29,SUCCESS,False
2017-12-04 13:00:00,HIGH,COMBINED_ACTION,APPROVED,606.33,91.9,514.43,0.995,91.4,514.93,99.46,SUCCESS,False
2017-12-04 14:00:00,HIGH,HVAC_SETPOINT_ADJUSTMENT,APPROVED,609.36,29.78,579.57,1.033,30.76,578.6,103.31,SUCCESS,False
2017-12-04 14:00:00,HIGH,EV_CHARGING_SHIFT,APPROVED,609.36,0.0,609.36,0.908,0.0,609.36,0.0,UNDERPERFORMED,True
2017-12-04 14:00:00,HIGH,BATTERY_DISCHARGE,APPROVED,609.36,25.0,584.36,1.005,25.13,584.23,100.5,SUCCESS,False
2017-12-04 14:00:00,HIGH,COMBINED_ACTION,APPROVED,609.36,54.78,554.57,0.776,42.49,566.87,77.57,UNDERPERFORMED,True
2017-12-04 15:00:00,HIGH,HVAC_SETPOINT_ADJUSTMENT,APPROVED,595.52,30.22,565.29,0.826,24.96,570.56,82.6,SUCCESS,False
2017-12-04 15:00:00,HIGH,EV_CHARGING_SHIFT,APPROVED,595.52,0.0,595.52,0.903,0.0,595.52,0.0,UNDERPERFORMED,True
2017-12-04 15:00:00,HIGH,BATTERY_DISCHARGE,APPROVED,595.52,25.0,570.52,0.754,18.85,576.67,75.39,UNDERPERFORMED,True
2017-12-04 15:00:00,HIGH,COMBINED_ACTION,APPROVED,595.52,55.22,540.29,0.798,44.05,551.47,79.77,UNDERPERFORMED,True
2017-12-04 16:00:00,HIGH,HVAC_SETPOINT_ADJUSTMENT,APPROVED,584.92,29.04,555.88,0.991,28.77,556.15,99.06,SUCCESS,False
2017-12-04 16:00:00,HIGH,EV_CHARGING_SHIFT,APPROVED,584.92,0.0,584.92,0.767,0.0,584.92,0.0,UNDERPERFORMED,True
2017-12-04 16:00:00,HIGH,BATTERY_DISCHARGE,APPROVED,584.92,25.0,559.92,0.839,20.99,563.93,83.94,SUCCESS,False
2017-12-04 16:00:00,HIGH,COMBINED_ACTION,APPROVED,584.92,54.04,530.88,0.994,53.71,531.21,99.39,SUCCESS,False
2017-12-04 17:00:00,HIGH,HVAC_SETPOINT_ADJUSTMENT,APPROVED,596.74,31.48,565.26,1.008,31.74,565.0,100.82,SUCCESS,False
2017-12-04 17:00:00,HIGH,EV_CHARGING_SHIFT,APPROVED,596.74,35.5,561.25,0.769,27.31,569.43,76.93,UNDERPERFORMED,True
2017-12-04 17:00:00,HIGH,BATTERY_DISCHARGE,APPROVED,596.74,25.0,571.74,1.032,25.8,570.94,103.19,SUCCESS,False
2017-12-04 17:00:00,HIGH,COMBINED_ACTION,APPROVED,596.74,91.98,504.76,0.878,80.76,515.98,87.8,SUCCESS,False
2017-12-05 11:00:00,ELEVATED,HVAC_SETPOINT_ADJUSTMENT,APPROVED,573.65,35.53,538.11,0.984,34.98,538.67,98.45,SUCCESS,False
2017-12-05 11:00:00,ELEVATED,EV_CHARGING_SHIFT,APPROVED,573.65,0.0,573.65,0.79,0.0,573.65,0.0,UNDERPERFORMED,True
2017-12-05 11:00:00,ELEVATED,BATTERY_DISCHARGE,APPROVED,573.65,25.0,548.65,0.78,19.5,554.15,78.0,UNDERPERFORMED,True
2017-12-05 11:00:00,ELEVATED,COMBINED_ACTION,APPROVED,573.65,60.54,513.11,0.911,55.14,518.51,91.08,SUCCESS,False
2017-12-05 12:00:00,HIGH,HVAC_SETPOINT_ADJUSTMENT,APPROVED,589.26,35.12,554.14,0.921,32.36,556.9,92.15,SUCCESS,False
2017-12-05 12:00:00,HIGH,EV_CHARGING_SHIFT,APPROVED,589.26,0.0,589.26,0.77,0.0,589.26,0.0,UNDERPERFORMED,True
2017-12-05 12:00:00,HIGH,BATTERY_DISCHARGE,APPROVED,589.26,25.0,564.26,0.878,21.96,567.3,87.85,SUCCESS,False
2017-12-05 12:00:00,HIGH,COMBINED_ACTION,APPROVED,589.26,60.12,529.14,1.01,60.75,528.51,101.04,SUCCESS,False
2017-12-05 13:00:00,CRITICAL,HVAC_SETPOINT_ADJUSTMENT,APPROVED,619.09,34.1,584.99,1.017,34.68,584.41,101.69,SUCCESS,False
2017-12-05 13:00:00,CRITICAL,EV_CHARGING_SHIFT,APPROVED,619.09,0.0,619.09,0.993,0.0,619.09,0.0,UNDERPERFORMED,True
2017-12-05 13:00:00,CRITICAL,BATTERY_DISCHARGE,APPROVED,619.09,25.0,594.09,0.759,18.97,600.12,75.88,UNDERPERFORMED,True
2017-12-05 13:00:00,CRITICAL,COMBINED_ACTION,APPROVED,619.09,59.1,559.99,0.831,49.1,569.99,83.07,SUCCESS,False
2017-12-05 14:00:00,HIGH,HVAC_SETPOINT_ADJUSTMENT,APPROVED,594.17,28.25,565.92,0.894,25.25,568.92,89.36,SUCCESS,False
2017-12-05 14:00:00,HIGH,EV_CHARGING_SHIFT,APPROVED,594.17,18.06,576.11,0.938,16.94,577.23,93.78,SUCCESS,False
2017-12-05 14:00:00,HIGH,BATTERY_DISCHARGE,APPROVED,594.17,25.0,569.17,0.934,23.35,570.82,93.4,SUCCESS,False
2017-12-05 14:00:00,HIGH,COMBINED_ACTION,APPROVED,594.17,71.31,522.86,0.828,59.06,535.11,82.82,SUCCESS,False
2017-12-05 15:00:00,HIGH,HVAC_SETPOINT_ADJUSTMENT,APPROVED,605.63,30.66,574.97,0.849,26.03,579.6,84.89,SUCCESS,False
2017-12-05 15:00:00,HIGH,EV_CHARGING_SHIFT,APPROVED,605.63,30.76,574.87,0.912,28.07,577.56,91.24,SUCCESS,False
2017-12-05 15:00:00,HIGH,BATTERY_DISCHARGE,APPROVED,605.63,25.0,580.63,0.875,21.88,583.75,87.52,SUCCESS,False
2017-12-05 15:00:00,HIGH,COMBINED_ACTION,APPROVED,605.63,86.42,519.21,0.947,81.86,523.77,94.72,SUCCESS,False
2017-12-05 16:00:00,CRITICAL,HVAC_SETPOINT_ADJUSTMENT,APPROVED,615.54,34.31,581.23,0.817,28.03,587.51,81.69,SUCCESS,False
2017-12-05 16:00:00,CRITICAL,EV_CHARGING_SHIFT,APPROVED,615.54,36.62,578.92,0.933,34.15,581.39,93.27,SUCCESS,False
2017-12-05 16:00:00,CRITICAL,BATTERY_DISCHARGE,APPROVED,615.54,25.0,590.54,0.928,23.2,592.34,92.8,SUCCESS,False
2017-12-05 16:00:00,CRITICAL,COMBINED_ACTION,APPROVED,615.54,95.93,519.61,0.771,73.95,541.59,77.09,UNDERPERFORMED,True
2017-12-05 17:00:00,HIGH,HVAC_SETPOINT_ADJUSTMENT,APPROVED,590.97,25.79,565.19,0.926,23.87,567.1,92.56,SUCCESS,False
2017-12-05 17:00:00,HIGH,EV_CHARGING_SHIFT,APPROVED,590.97,0.0,590.97,0.78,0.0,590.97,0.0,UNDERPERFORMED,True
2017-12-05 17:00:00,HIGH,BATTERY_DISCHARGE,APPROVED,590.97,25.0,565.97,0.795,19.88,571.09,79.52,UNDERPERFORMED,True
2017-12-05 17:00:00,HIGH,COMBINED_ACTION,APPROVED,590.97,50.79,540.19,0.756,38.38,552.59,75.56,UNDERPERFORMED,True
2017-12-07 12:00:00,ELEVATED,HVAC_SETPOINT_ADJUSTMENT,APPROVED,565.1,30.07,535.02,0.77,23.16,541.94,77.02,UNDERPERFORMED,True
2017-12-07 12:00:00,ELEVATED,EV_CHARGING_SHIFT,APPROVED,565.1,15.02,550.07,0.798,11.99,553.11,79.85,UNDERPERFORMED,True
2017-12-07 12:00:00,ELEVATED,BATTERY_DISCHARGE,APPROVED,565.1,25.0,540.1,0.895,22.38,542.72,89.51,SUCCESS,False
2017-12-07 12:00:00,ELEVATED,COMBINED_ACTION,APPROVED,565.1,70.1,495.0,0.985,69.06,496.04,98.52,SUCCESS,False
2017-12-07 13:00:00,ELEVATED,HVAC_SETPOINT_ADJUSTMENT,APPROVED,562.17,28.08,534.1,0.842,23.64,538.53,84.2,SUCCESS,False
2017-12-07 13:00:00,ELEVATED,EV_CHARGING_SHIFT,APPROVED,562.17,0.0,562.17,1.032,0.0,562.17,0.0,UNDERPERFORMED,True
2017-12-07 13:00:00,ELEVATED,BATTERY_DISCHARGE,APPROVED,562.17,25.0,537.17,0.97,24.25,537.92,96.99,SUCCESS,False
2017-12-07 13:00:00,ELEVATED,COMBINED_ACTION,APPROVED,562.17,53.08,509.1,0.952,50.55,511.62,95.23,SUCCESS,False
2017-12-07 14:00:00,ELEVATED,HVAC_SETPOINT_ADJUSTMENT,APPROVED,557.48,24.76,532.71,1.006,24.9,532.58,100.57,SUCCESS,False
2017-12-07 14:00:00,ELEVATED,EV_CHARGING_SHIFT,APPROVED,557.48,0.0,557.48,0.865,0.0,557.48,0.0,UNDERPERFORMED,True
2017-12-07 14:00:00,ELEVATED,BATTERY_DISCHARGE,APPROVED,557.48,25.0,532.48,0.793,19.83,537.65,79.3,UNDERPERFORMED,True
2017-12-07 14:00:00,ELEVATED,COMBINED_ACTION,APPROVED,557.48,49.76,507.71,0.752,37.42,520.06,75.21,UNDERPERFORMED,True
2017-12-07 15:00:00,ELEVATED,HVAC_SETPOINT_ADJUSTMENT,APPROVED,570.57,29.37,541.19,0.831,24.4,546.17,83.08,SUCCESS,False
2017-12-07 15:00:00,ELEVATED,EV_CHARGING_SHIFT,APPROVED,570.57,0.0,570.57,0.831,0.0,570.57,0.0,UNDERPERFORMED,True
2017-12-07 15:00:00,ELEVATED,BATTERY_DISCHARGE,APPROVED,570.57,25.0,545.57,0.766,19.16,551.41,76.62,UNDERPERFORMED,True
2017-12-07 15:00:00,ELEVATED,COMBINED_ACTION,APPROVED,570.57,54.37,516.19,0.923,50.2,520.37,92.33,SUCCESS,False
2017-12-07 16:00:00,ELEVATED,HVAC_SETPOINT_ADJUSTMENT,APPROVED,571.51,28.08,543.43,0.878,24.67,546.84,87.84,SUCCESS,False
2017-12-07 16:00:00,ELEVATED,EV_CHARGING_SHIFT,APPROVED,571.51,0.0,571.51,0.923,0.0,571.51,0.0,UNDERPERFORMED,True
2017-12-07 16:00:00,ELEVATED,BATTERY_DISCHARGE,APPROVED,571.51,25.0,546.51,1.026,25.65,545.86,102.59,SUCCESS,False
2017-12-07 16:00:00,ELEVATED,COMBINED_ACTION,APPROVED,571.51,53.08,518.43,0.798,42.34,529.17,79.77,UNDERPERFORMED,True
2017-12-07 17:00:00,ELEVATED,HVAC_SETPOINT_ADJUSTMENT,APPROVED,550.82,30.37,520.45,0.768,23.33,527.49,76.81,UNDERPERFORMED,True
2017-12-07 17:00:00,ELEVATED,EV_CHARGING_SHIFT,APPROVED,550.82,0.0,550.82,0.962,0.0,550.82,0.0,UNDERPERFORMED,True
2017-12-07 17:00:00,ELEVATED,BATTERY_DISCHARGE,APPROVED,550.82,25.0,525.82,0.896,22.41,528.41,89.64,SUCCESS,False
2017-12-07 17:00:00,ELEVATED,COMBINED_ACTION,APPROVED,550.82,55.37,495.45,0.924,51.15,499.67,92.37,SUCCESS,False
2017-12-08 12:00:00,ELEVATED,HVAC_SETPOINT_ADJUSTMENT,APPROVED,569.39,39.6,529.79,0.774,30.66,538.73,77.43,UNDERPERFORMED,True
2017-12-08 12:00:00,ELEVATED,EV_CHARGING_SHIFT,APPROVED,569.39,0.0,569.39,0.831,0.0,569.39,0.0,UNDERPERFORMED,True
2017-12-08 12:00:00,ELEVATED,BATTERY_DISCHARGE,APPROVED,569.39,25.0,544.39,0.759,18.97,550.42,75.89,UNDERPERFORMED,True
2017-12-08 12:00:00,ELEVATED,COMBINED_ACTION,APPROVED,569.39,64.6,504.79,0.795,51.36,518.03,79.51,UNDERPERFORMED,True
2017-12-08 13:00:00,HIGH,HVAC_SETPOINT_ADJUSTMENT,APPROVED,596.97,33.04,563.93,1.012,33.43,563.54,101.19,SUCCESS,False
2017-12-08 13:00:00,HIGH,EV_CHARGING_SHIFT,APPROVED,596.97,16.31,580.65,0.954,15.56,581.41,95.41,SUCCESS,False
2017-12-08 13:00:00,HIGH,BATTERY_DISCHARGE,APPROVED,596.97,25.0,571.97,0.922,23.05,573.92,92.18,SUCCESS,False
2017-12-08 13:00:00,HIGH,COMBINED_ACTION,APPROVED,596.97,74.35,522.62,0.96,71.34,525.63,95.96,SUCCESS,False
2017-12-08 14:00:00,HIGH,HVAC_SETPOINT_ADJUSTMENT,APPROVED,605.1,35.17,569.93,0.82,28.83,576.27,81.97,SUCCESS,False
2017-12-08 14:00:00,HIGH,EV_CHARGING_SHIFT,APPROVED,605.1,0.0,605.1,0.947,0.0,605.1,0.0,UNDERPERFORMED,True
2017-12-08 14:00:00,HIGH,BATTERY_DISCHARGE,APPROVED,605.1,25.0,580.1,0.818,20.44,584.66,81.77,SUCCESS,False
2017-12-08 14:00:00,HIGH,COMBINED_ACTION,APPROVED,605.1,60.17,544.93,0.888,53.44,551.66,88.81,SUCCESS,False
2017-12-08 15:00:00,HIGH,HVAC_SETPOINT_ADJUSTMENT,APPROVED,598.7,35.92,562.78,0.926,33.27,565.43,92.61,SUCCESS,False
2017-12-08 15:00:00,HIGH,EV_CHARGING_SHIFT,APPROVED,598.7,17.15,581.55,0.847,14.53,584.17,84.73,SUCCESS,False
2017-12-08 15:00:00,HIGH,BATTERY_DISCHARGE,APPROVED,598.7,25.0,573.7,0.869,21.71,576.99,86.86,SUCCESS,False
2017-12-08 15:00:00,HIGH,COMBINED_ACTION,APPROVED,598.7,78.07,520.63,0.778,60.77,537.93,77.84,UNDERPERFORMED,True
2017-12-08 16:00:00,HIGH,HVAC_SETPOINT_ADJUSTMENT,APPROVED,596.04,36.25,559.79,0.766,27.78,568.26,76.63,UNDERPERFORMED,True
2017-12-08 16:00:00,HIGH,EV_CHARGING_SHIFT,APPROVED,596.04,0.0,596.04,0.771,0.0,596.04,0.0,UNDERPERFORMED,True
2017-12-08 16:00:00,HIGH,BATTERY_DISCHARGE,APPROVED,596.04,25.0,571.04,1.009,25.23,570.81,100.94,SUCCESS,False
2017-12-08 16:00:00,HIGH,COMBINED_ACTION,APPROVED,596.04,61.25,534.79,0.787,48.23,547.81,78.74,UNDERPERFORMED,True
2017-12-08 17:00:00,ELEVATED,HVAC_SETPOINT_ADJUSTMENT,APPROVED,575.01,35.39,539.62,1.048,37.08,537.93,104.78,SUCCESS,False
2017-12-08 17:00:00,ELEVATED,EV_CHARGING_SHIFT,APPROVED,575.01,26.5,548.5,0.771,20.42,554.59,77.06,UNDERPERFORMED,True
2017-12-08 17:00:00,ELEVATED,BATTERY_DISCHARGE,APPROVED,575.01,25.0,550.01,0.958,23.95,551.06,95.81,SUCCESS,False
2017-12-08 17:00:00,ELEVATED,COMBINED_ACTION,APPROVED,575.01,86.89,488.12,0.795,69.08,505.93,79.51,UNDERPERFORMED,True
2017-12-11 12:00:00,ELEVATED,HVAC_SETPOINT_ADJUSTMENT,APPROVED,565.97,40.52,525.45,1.037,42.04,523.93,103.74,SUCCESS,False
2017-12-11 12:00:00,ELEVATED,EV_CHARGING_SHIFT,APPROVED,565.97,0.0,565.97,0.914,0.0,565.97,0.0,UNDERPERFORMED,True
2017-12-11 12:00:00,ELEVATED,BATTERY_DISCHARGE,APPROVED,565.97,25.0,540.97,1.018,25.46,540.51,101.82,SUCCESS,False
2017-12-11 12:00:00,ELEVATED,COMBINED_ACTION,APPROVED,565.97,65.52,500.45,0.753,49.34,516.63,75.31,UNDERPERFORMED,True
2017-12-11 13:00:00,HIGH,HVAC_SETPOINT_ADJUSTMENT,APPROVED,603.83,35.18,568.64,1.011,35.57,568.26,101.12,SUCCESS,False
2017-12-11 13:00:00,HIGH,EV_CHARGING_SHIFT,APPROVED,603.83,0.0,603.83,0.864,0.0,603.83,0.0,UNDERPERFORMED,True
2017-12-11 13:00:00,HIGH,BATTERY_DISCHARGE,APPROVED,603.83,25.0,578.83,1.015,25.39,578.44,101.55,SUCCESS,False
2017-12-11 13:00:00,HIGH,COMBINED_ACTION,APPROVED,603.83,60.18,543.64,0.756,45.5,558.33,75.6,UNDERPERFORMED,True
2017-12-11 14:00:00,CRITICAL,HVAC_SETPOINT_ADJUSTMENT,APPROVED,615.66,39.44,576.22,1.006,39.69,575.97,100.64,SUCCESS,False
2017-12-11 14:00:00,CRITICAL,EV_CHARGING_SHIFT,APPROVED,615.66,0.0,615.66,0.978,0.0,615.66,0.0,UNDERPERFORMED,True
2017-12-11 14:00:00,CRITICAL,BATTERY_DISCHARGE,APPROVED,615.66,25.0,590.66,0.85,21.26,594.4,85.03,SUCCESS,False
2017-12-11 14:00:00,CRITICAL,COMBINED_ACTION,APPROVED,615.66,64.44,551.22,0.892,57.49,558.17,89.22,SUCCESS,False
2017-12-11 15:00:00,CRITICAL,HVAC_SETPOINT_ADJUSTMENT,APPROVED,614.66,41.42,573.24,0.818,33.88,580.78,81.79,SUCCESS,False
2017-12-11 15:00:00,CRITICAL,EV_CHARGING_SHIFT,APPROVED,614.66,24.07,590.58,0.907,21.84,592.82,90.73,SUCCESS,False
2017-12-11 15:00:00,CRITICAL,BATTERY_DISCHARGE,APPROVED,614.66,25.0,589.66,0.768,19.2,595.46,76.8,UNDERPERFORMED,True
2017-12-11 15:00:00,CRITICAL,COMBINED_ACTION,APPROVED,614.66,90.49,524.17,0.869,78.63,536.03,86.9,SUCCESS,False
2017-12-11 16:00:00,CRITICAL,HVAC_SETPOINT_ADJUSTMENT,APPROVED,612.52,37.18,575.34,0.756,28.09,584.43,75.55,UNDERPERFORMED,True
2017-12-11 16:00:00,CRITICAL,EV_CHARGING_SHIFT,APPROVED,612.52,8.1,604.42,0.857,6.94,605.58,85.72,SUCCESS,False
2017-12-11 16:00:00,CRITICAL,BATTERY_DISCHARGE,APPROVED,612.52,25.0,587.52,0.851,21.27,591.25,85.07,SUCCESS,False
2017-12-11 16:00:00,CRITICAL,COMBINED_ACTION,APPROVED,612.52,70.28,542.24,0.822,57.78,554.74,82.21,SUCCESS,False
2017-12-11 17:00:00,HIGH,HVAC_SETPOINT_ADJUSTMENT,APPROVED,607.76,34.47,573.29,1.016,35.02,572.74,101.59,SUCCESS,False
2017-12-11 17:00:00,HIGH,EV_CHARGING_SHIFT,APPROVED,607.76,0.0,607.76,0.97,0.0,607.76,0.0,UNDERPERFORMED,True
2017-12-11 17:00:00,HIGH,BATTERY_DISCHARGE,APPROVED,607.76,25.0,582.76,0.833,20.83,586.93,83.3,SUCCESS,False
2017-12-11 17:00:00,HIGH,COMBINED_ACTION,APPROVED,607.76,59.47,548.29,0.966,57.45,550.31,96.61,SUCCESS,False
