timestamp,temperature_c,relative_humidity_percent,cloud_cover_percent,shortwave_radiation_w_m2,wind_speed_kmh,precipitation_mm
2016-01-01 00:00:00,4.7,88,1,0.0,15.6,0.0
2016-01-01 01:00:00,4.0,91,0,0.0,12.6,0.0
2016-01-01 02:00:00,3.3,92,0,0.0,8.8,0.0
2016-01-01 03:00:00,2.4,94,2,0.0,6.5,0.0
2016-01-01 04:00:00,1.4,96,4,0.0,6.1,0.0
2016-01-01 05:00:00,0.5,98,12,0.0,6.4,0.0
2016-01-01 06:00:00,-0.1,98,98,0.0,6.6,0.0
2016-01-01 07:00:00,-0.5,99,100,0.0,5.9,0.0
2016-01-01 08:00:00,-0.1,98,100,0.0,7.8,0.0
2016-01-01 09:00:00,-0.0,97,100,0.0,9.6,0.0
2016-01-01 10:00:00,1.5,95,100,16.0,12.7,0.0
2016-01-01 11:00:00,4.0,92,100,72.0,16.8,0.0
2016-01-01 12:00:00,5.6,89,100,114.0,17.2,0.0
2016-01-01 13:00:00,6.7,88,100,123.0,16.9,0.0
2016-01-01 14:00:00,7.3,85,100,128.0,18.2,0.0
2016-01-01 15:00:00,7.5,81,100,94.0,20.8,0.0
2016-01-01 16:00:00,7.4,82,100,37.0,21.0,0.3
2016-01-01 17:00:00,7.4,89,100,9.0,21.9,0.3
2016-01-01 18:00:00,7.6,91,100,0.0,23.0,0.2
2016-01-01 19:00:00,7.7,91,100,0.0,23.7,0.0
2016-01-01 20:00:00,7.2,93,100,0.0,24.6,0.0
2016-01-01 21:00:00,7.0,92,99,0.0,25.9,0.0
2016-01-01 22:00:00,7.0,90,100,0.0,25.9,0.0
2016-01-01 23:00:00,7.1,92,100,0.0,23.5,0.3
2016-01-02 00:00:00,7.5,92,100,0.0,23.7,0.6
2016-01-02 01:00:00,7.9,92,100,0.0,23.7,0.7
2016-01-02 02:00:00,8.2,93,100,0.0,24.2,0.4
2016-01-02 03:00:00,8.4,93,100,0.0,24.0,0.0
2016-01-02 04:00:00,8.6,92,93,0.0,23.2,0.0
2016-01-02 05:00:00,9.0,92,51,0.0,23.1,0.0
2016-01-02 06:00:00,9.2,90,23,0.0,23.2,0.0
2016-01-02 07:00:00,9.1,91,85,0.0,25.3,0.2
2016-01-02 08:00:00,8.9,89,100,0.0,27.4,1.0
2016-01-02 09:00:00,9.1,89,100,0.0,27.4,0.6
2016-01-02 10:00:00,9.3,90,100,3.0,25.4,0.0
2016-01-02 11:00:00,9.6,88,100,18.0,24.4,0.0
2016-01-02 12:00:00,9.8,86,100,35.0,26.2,0.0
2016-01-02 13:00:00,9.7,86,100,36.0,28.2,0.0
2016-01-02 14:00:00,9.5,87,100,38.0,27.8,0.2
2016-01-02 15:00:00,9.3,91,100,29.0,24.9,0.8
2016-01-02 16:00:00,9.1,95,100,11.0,19.0,0.7
2016-01-02 17:00:00,9.1,96,100,6.0,13.1,0.2
2016-01-02 18:00:00,9.3,96,100,0.0,13.8,0.0
2016-01-02 19:00:00,9.3,97,100,0.0,20.1,0.0
2016-01-02 20:00:00,10.0,94,100,0.0,22.7,0.1
2016-01-02 21:00:00,9.8,94,100,0.0,23.3,0.0
2016-01-02 22:00:00,9.7,93,100,0.0,23.6,0.2
2016-01-02 23:00:00,9.4,92,98,0.0,20.8,0.0
2016-01-03 00:00:00,9.4,90,100,0.0,21.3,0.0
2016-01-03 01:00:00,9.2,92,100,0.0,21.5,0.0
2016-01-03 02:00:00,8.6,93,100,0.0,23.2,0.0
2016-01-03 03:00:00,8.1,88,100,0.0,25.9,0.0
2016-01-03 04:00:00,7.5,81,99,0.0,24.0,0.0
2016-01-03 05:00:00,7.1,77,95,0.0,19.1,0.0
2016-01-03 06:00:00,6.5,75,100,0.0,15.8,0.0
2016-01-03 07:00:00,6.0,75,100,0.0,13.2,0.0
2016-01-03 08:00:00,5.8,82,100,0.0,14.9,0.0
2016-01-03 09:00:00,6.5,86,100,0.0,20.1,0.0
2016-01-03 10:00:00,7.4,88,100,11.0,23.8,0.2
2016-01-03 11:00:00,8.0,89,100,26.0,25.6,0.6
2016-01-03 12:00:00,8.2,91,100,34.0,29.0,0.9
2016-01-03 13:00:00,8.2,92,100,20.0,29.6,1.6
2016-01-03 14:00:00,8.3,92,100,17.0,31.1,2.4
2016-01-03 15:00:00,8.4,92,100,9.0,30.4,3.0
2016-01-03 16:00:00,8.6,92,100,7.0,24.9,2.1
2016-01-03 17:00:00,8.8,92,98,6.0,15.8,0.5
2016-01-03 18:00:00,8.9,92,78,0.0,13.9,0.0
2016-01-03 19:00:00,8.5,91,44,0.0,12.7,0.0
2016-01-03 20:00:00,6.8,94,40,0.0,12.5,0.0
2016-01-03 21:00:00,6.2,95,43,0.0,13.8,0.0
2016-01-03 22:00:00,5.9,95,59,0.0,14.1,0.0
2016-01-03 23:00:00,5.4,96,49,0.0,12.8,0.0
2016-01-04 00:00:00,5.2,96,54,0.0,13.6,0.0
2016-01-04 01:00:00,5.2,96,35,0.0,13.4,0.0
2016-01-04 02:00:00,5.5,96,22,0.0,14.8,0.0
2016-01-04 03:00:00,5.9,95,23,0.0,16.5,0.0
2016-01-04 04:00:00,5.9,95,36,0.0,15.9,0.0
2016-01-04 05:00:00,5.6,95,60,0.0,15.5,0.0
2016-01-04 06:00:00,5.4,96,64,0.0,15.2,0.0
2016-01-04 07:00:00,5.6,96,61,0.0,14.7,0.0
2016-01-04 08:00:00,5.9,94,64,0.0,16.0,0.0
2016-01-04 09:00:00,6.1,93,95,0.0,15.7,0.0
2016-01-04 10:00:00,6.5,93,97,13.0,15.8,0.3
2016-01-04 11:00:00,7.2,92,99,60.0,15.3,0.0
2016-01-04 12:00:00,8.1,90,85,103.0,15.3,0.0
2016-01-04 13:00:00,9.0,89,66,159.0,15.4,0.0
2016-01-04 14:00:00,9.2,88,54,178.0,15.5,0.0
2016-01-04 15:00:00,8.9,84,53,161.0,17.1,0.4
2016-01-04 16:00:00,8.4,86,67,84.0,15.0,0.0
2016-01-04 17:00:00,7.7,89,63,22.0,13.5,0.0
2016-01-04 18:00:00,7.2,91,58,0.0,13.3,0.0
2016-01-04 19:00:00,6.9,92,74,0.0,15.1,0.0
2016-01-04 20:00:00,6.9,91,85,0.0,15.5,0.0
2016-01-04 21:00:00,6.7,92,97,0.0,15.5,0.1
2016-01-04 22:00:00,6.7,92,97,0.0,16.8,0.1
2016-01-04 23:00:00,6.9,92,97,0.0,16.6,0.0
2016-01-05 00:00:00,6.9,92,96,0.0,18.0,0.0
2016-01-05 01:00:00,7.0,91,93,0.0,19.1,0.0
2016-01-05 02:00:00,7.2,91,98,0.0,18.4,0.0
2016-01-05 03:00:00,7.1,91,91,0.0,17.0,0.0
2016-01-05 04:00:00,6.9,91,87,0.0,15.5,0.0
2016-01-05 05:00:00,6.8,92,79,0.0,13.0,0.0
2016-01-05 06:00:00,6.9,93,87,0.0,11.6,0.0
2016-01-05 07:00:00,6.5,94,87,0.0,10.6,0.0
2016-01-05 08:00:00,6.2,95,87,0.0,10.6,0.0
2016-01-05 09:00:00,5.8,95,93,0.0,10.1,0.0
2016-01-05 10:00:00,6.0,96,93,15.0,9.7,0.0
2016-01-05 11:00:00,7.1,95,93,78.0,8.5,0.0
2016-01-05 12:00:00,8.1,92,94,133.0,9.2,0.0
2016-01-05 13:00:00,8.9,87,94,180.0,9.3,0.0
2016-01-05 14:00:00,9.4,87,95,182.0,9.0,0.0
2016-01-05 15:00:00,9.2,88,99,132.0,9.1,0.5
2016-01-05 16:00:00,8.6,89,99,69.0,7.2,0.2
2016-01-05 17:00:00,7.9,91,100,23.0,6.5,0.0
2016-01-05 18:00:00,7.2,95,98,0.0,6.8,0.0
2016-01-05 19:00:00,6.1,97,95,0.0,6.5,0.0
2016-01-05 20:00:00,5.3,97,94,0.0,5.9,0.0
2016-01-05 21:00:00,4.3,98,62,0.0,6.3,0.0
2016-01-05 22:00:00,3.8,99,53,0.0,5.9,0.0
2016-01-05 23:00:00,3.5,100,70,0.0,4.3,0.0
2016-01-06 00:00:00,3.7,100,86,0.0,6.8,0.0
2016-01-06 01:00:00,3.2,100,71,0.0,7.2,0.0
2016-01-06 02:00:00,3.2,99,71,0.0,6.9,0.0
2016-01-06 03:00:00,2.8,99,59,0.0,4.7,0.0
2016-01-06 04:00:00,2.8,99,56,0.0,2.1,0.0
2016-01-06 05:00:00,2.7,99,100,0.0,2.5,0.2
2016-01-06 06:00:00,2.9,97,100,0.0,0.8,0.9
2016-01-06 07:00:00,3.1,98,100,0.0,2.9,0.0
2016-01-06 08:00:00,2.8,99,100,0.0,4.0,0.0
2016-01-06 09:00:00,3.0,99,100,0.0,5.1,0.0
2016-01-06 10:00:00,3.1,99,100,10.0,6.1,0.0
2016-01-06 11:00:00,4.1,94,100,46.0,7.1,0.0
2016-01-06 12:00:00,4.6,96,100,77.0,6.9,0.0
2016-01-06 13:00:00,5.1,96,97,77.0,6.0,0.0
2016-01-06 14:00:00,5.8,92,99,73.0,5.8,0.0
2016-01-06 15:00:00,6.1,91,93,74.0,3.0,0.0
2016-01-06 16:00:00,6.1,91,98,53.0,0.8,0.0
2016-01-06 17:00:00,6.2,90,99,15.0,3.5,0.0
2016-01-06 18:00:00,5.8,94,100,0.0,4.1,0.0
2016-01-06 19:00:00,5.7,97,100,0.0,5.6,0.0
2016-01-06 20:00:00,5.7,96,100,0.0,8.7,0.0
2016-01-06 21:00:00,5.4,96,100,0.0,10.0,0.0
2016-01-06 22:00:00,5.3,97,100,0.0,11.0,0.0
2016-01-06 23:00:00,5.4,96,100,0.0,11.7,0.0
2016-01-07 00:00:00,5.4,95,99,0.0,14.3,0.0
2016-01-07 01:00:00,5.9,92,100,0.0,17.7,0.0
2016-01-07 02:00:00,6.5,90,97,0.0,20.2,0.3
2016-01-07 03:00:00,6.9,91,100,0.0,21.4,0.4
2016-01-07 04:00:00,7.0,91,100,0.0,25.3,0.4
2016-01-07 05:00:00,6.9,91,100,0.0,27.0,1.1
2016-01-07 06:00:00,6.9,92,100,0.0,28.2,1.5
2016-01-07 07:00:00,6.8,93,100,0.0,26.7,2.0
2016-01-07 08:00:00,7.2,94,100,0.0,24.3,1.5
2016-01-07 09:00:00,7.5,96,100,0.0,17.7,1.1
2016-01-07 10:00:00,8.3,96,84,2.0,17.1,0.3
2016-01-07 11:00:00,9.5,95,83,21.0,17.0,0.0
2016-01-07 12:00:00,10.0,91,86,75.0,23.4,1.8
2016-01-07 13:00:00,8.3,89,94,39.0,34.6,0.8
2016-01-07 14:00:00,6.9,83,20,106.0,33.8,0.0
2016-01-07 15:00:00,7.0,74,19,167.0,30.7,0.0
2016-01-07 16:00:00,6.9,70,20,128.0,27.9,0.0
2016-01-07 17:00:00,6.3,69,2,38.0,26.3,0.0
2016-01-07 18:00:00,5.7,66,1,0.0,24.9,0.0
2016-01-07 19:00:00,5.2,64,0,0.0,24.6,0.0
2016-01-07 20:00:00,4.6,65,0,0.0,22.5,0.0
2016-01-07 21:00:00,4.2,67,0,0.0,20.5,0.0
2016-01-07 22:00:00,3.9,68,2,0.0,20.9,0.0
2016-01-07 23:00:00,3.6,70,0,0.0,18.7,0.0
2016-01-08 00:00:00,3.3,72,0,0.0,16.6,0.0
2016-01-08 01:00:00,2.8,77,1,0.0,15.7,0.0
2016-01-08 02:00:00,2.4,81,1,0.0,16.6,0.0
2016-01-08 03:00:00,2.2,84,1,0.0,15.2,0.0
2016-01-08 04:00:00,2.0,85,1,0.0,13.8,0.0
2016-01-08 05:00:00,1.7,87,0,0.0,12.8,0.0
2016-01-08 06:00:00,1.5,88,6,0.0,12.2,0.0
2016-01-08 07:00:00,1.5,88,13,0.0,12.1,0.0
2016-01-08 08:00:00,1.9,90,10,0.0,13.3,0.0
2016-01-08 09:00:00,2.4,90,13,0.0,14.9,0.0
2016-01-08 10:00:00,3.6,87,26,20.0,16.9,0.0
2016-01-08 11:00:00,5.6,84,33,99.0,17.9,0.0
2016-01-08 12:00:00,7.1,82,26,167.0,16.2,0.0
2016-01-08 13:00:00,8.2,79,30,215.0,17.8,0.0
2016-01-08 14:00:00,8.7,76,44,207.0,19.0,0.0
2016-01-08 15:00:00,8.7,76,37,148.0,18.3,0.0
2016-01-08 16:00:00,8.2,79,60,81.0,16.6,0.1
2016-01-08 17:00:00,7.2,84,83,28.0,15.4,0.1
2016-01-08 18:00:00,6.4,91,82,0.0,14.8,0.0
2016-01-08 19:00:00,5.6,94,73,0.0,14.6,0.0
2016-01-08 20:00:00,5.8,94,53,0.0,14.2,0.0
2016-01-08 21:00:00,6.0,95,50,0.0,13.7,0.0
2016-01-08 22:00:00,6.0,96,72,0.0,14.3,0.0
2016-01-08 23:00:00,6.0,96,84,0.0,14.0,0.0
2016-01-09 00:00:00,6.3,96,99,0.0,15.2,0.0
2016-01-09 01:00:00,6.2,96,98,0.0,16.0,0.0
2016-01-09 02:00:00,6.7,95,99,0.0,17.2,0.0
2016-01-09 03:00:00,6.8,95,100,0.0,17.4,0.0
2016-01-09 04:00:00,6.8,96,100,0.0,17.2,0.0
2016-01-09 05:00:00,7.0,96,90,0.0,17.5,0.0
2016-01-09 06:00:00,7.0,96,76,0.0,16.4,0.2
2016-01-09 07:00:00,6.8,95,70,0.0,15.0,0.0
2016-01-09 08:00:00,7.0,95,67,0.0,15.5,0.0
2016-01-09 09:00:00,7.1,95,94,0.0,16.6,0.0
2016-01-09 10:00:00,7.6,94,100,15.0,18.1,0.0
2016-01-09 11:00:00,8.4,92,99,62.0,18.0,0.0
2016-01-09 12:00:00,8.9,89,100,87.0,22.5,0.2
2016-01-09 13:00:00,9.1,91,100,122.0,23.0,0.4
2016-01-09 14:00:00,9.5,87,100,126.0,23.1,0.3
2016-01-09 15:00:00,9.1,89,100,82.0,27.1,0.5
2016-01-09 16:00:00,9.0,89,100,38.0,25.3,0.6
2016-01-09 17:00:00,9.0,90,100,12.0,25.9,0.8
2016-01-09 18:00:00,9.0,90,100,0.0,28.6,1.0
2016-01-09 19:00:00,9.1,90,100,0.0,30.7,1.5
2016-01-09 20:00:00,9.2,89,100,0.0,32.9,1.1
2016-01-09 21:00:00,8.9,86,96,0.0,31.4,0.6
2016-01-09 22:00:00,8.2,86,84,0.0,25.6,0.0
2016-01-09 23:00:00,7.7,87,99,0.0,23.5,0.0
2016-01-10 00:00:00,7.2,88,97,0.0,24.3,0.0
2016-01-10 01:00:00,6.8,87,95,0.0,25.3,0.0
2016-01-10 02:00:00,6.4,86,95,0.0,24.7,0.0
2016-01-10 03:00:00,6.1,85,81,0.0,26.7,0.0
2016-01-10 04:00:00,6.1,83,66,0.0,27.4,0.0
2016-01-10 05:00:00,5.8,81,66,0.0,27.3,0.0
2016-01-10 06:00:00,5.5,79,96,0.0,27.1,0.0
2016-01-10 07:00:00,5.3,80,100,0.0,25.1,0.0
2016-01-10 08:00:00,5.7,83,99,0.0,22.2,0.0
2016-01-10 09:00:00,5.6,83,99,0.0,19.9,0.0
2016-01-10 10:00:00,5.7,84,98,17.0,18.9,0.0
2016-01-10 11:00:00,6.2,83,78,83.0,15.1,0.0
2016-01-10 12:00:00,6.9,81,71,161.0,18.0,0.0
2016-01-10 13:00:00,7.5,74,90,193.0,21.9,0.0
2016-01-10 14:00:00,7.7,72,89,174.0,21.8,0.0
2016-01-10 15:00:00,7.5,73,94,160.0,21.8,0.0
2016-01-10 16:00:00,7.1,75,99,95.0,19.6,0.0
2016-01-10 17:00:00,6.4,79,99,38.0,18.4,0.0
2016-01-10 18:00:00,5.5,83,99,0.0,18.6,0.0
2016-01-10 19:00:00,5.0,87,95,0.0,17.6,0.0
2016-01-10 20:00:00,5.0,84,78,0.0,16.0,0.0
2016-01-10 21:00:00,4.5,88,93,0.0,16.5,0.0
2016-01-10 22:00:00,4.3,89,99,0.0,17.1,0.0
2016-01-10 23:00:00,4.7,88,100,0.0,12.7,0.0
2016-01-11 00:00:00,4.9,88,99,0.0,13.0,0.0
2016-01-11 01:00:00,4.8,88,100,0.0,13.1,0.3
2016-01-11 02:00:00,5.0,87,100,0.0,16.5,0.5
2016-01-11 03:00:00,5.3,89,99,0.0,18.4,0.4
2016-01-11 04:00:00,5.8,90,100,0.0,19.5,0.5
2016-01-11 05:00:00,5.9,91,100,0.0,19.8,1.5
2016-01-11 06:00:00,6.1,92,100,0.0,19.9,1.4
2016-01-11 07:00:00,6.1,93,100,0.0,19.1,0.9
2016-01-11 08:00:00,5.8,95,100,0.0,15.7,0.6
2016-01-11 09:00:00,5.9,94,100,0.0,13.0,0.2
2016-01-11 10:00:00,6.1,93,100,9.0,13.3,0.0
2016-01-11 11:00:00,6.3,92,100,51.0,12.6,0.0
2016-01-11 12:00:00,6.6,91,99,103.0,13.6,0.0
2016-01-11 13:00:00,6.6,89,99,148.0,14.1,0.0
2016-01-11 14:00:00,6.2,89,100,121.0,14.0,0.0
2016-01-11 15:00:00,6.0,89,99,84.0,13.4,0.0
2016-01-11 16:00:00,5.6,90,99,51.0,12.0,0.1
2016-01-11 17:00:00,5.0,90,99,16.0,13.0,0.2
2016-01-11 18:00:00,4.7,92,100,0.0,13.0,0.2
2016-01-11 19:00:00,4.5,93,100,0.0,13.0,0.0
2016-01-11 20:00:00,5.0,89,100,0.0,13.0,0.0
2016-01-11 21:00:00,5.0,89,99,0.0,13.4,0.0
2016-01-11 22:00:00,5.0,88,95,0.0,14.4,0.0
2016-01-11 23:00:00,4.9,88,65,0.0,13.7,0.0
2016-01-12 00:00:00,4.6,89,59,0.0,15.1,0.0
2016-01-12 01:00:00,4.2,90,87,0.0,16.6,0.0
2016-01-12 02:00:00,3.9,90,40,0.0,18.0,0.0
2016-01-12 03:00:00,3.6,90,3,0.0,18.0,0.0
2016-01-12 04:00:00,3.6,89,1,0.0,19.5,0.0
2016-01-12 05:00:00,3.7,87,0,0.0,20.4,0.0
2016-01-12 06:00:00,3.7,87,2,0.0,20.6,0.0
2016-01-12 07:00:00,4.0,85,20,0.0,21.7,0.0
2016-01-12 08:00:00,3.3,86,37,0.0,21.8,0.0
2016-01-12 09:00:00,3.3,85,45,0.0,21.5,0.0
2016-01-12 10:00:00,3.5,85,45,23.0,22.2,0.0
2016-01-12 11:00:00,4.1,83,31,97.0,23.0,0.0
2016-01-12 12:00:00,5.0,79,46,184.0,22.8,0.0
2016-01-12 13:00:00,5.8,72,72,218.0,28.6,0.0
2016-01-12 14:00:00,6.1,72,94,142.0,27.7,0.0
2016-01-12 15:00:00,6.2,74,50,80.0,22.7,0.0
2016-01-12 16:00:00,6.2,74,38,62.0,23.9,0.0
2016-01-12 17:00:00,5.8,75,51,36.0,24.6,0.0
2016-01-12 18:00:00,5.7,77,88,1.0,27.3,0.0
2016-01-12 19:00:00,5.4,78,95,0.0,28.7,0.0
2016-01-12 20:00:00,5.4,77,96,0.0,29.6,0.0
2016-01-12 21:00:00,5.4,78,98,0.0,29.2,0.1
2016-01-12 22:00:00,5.0,81,99,0.0,28.7,0.4
2016-01-12 23:00:00,4.6,85,100,0.0,24.8,0.4
2016-01-13 00:00:00,4.5,87,100,0.0,24.3,0.2
2016-01-13 01:00:00,4.3,87,92,0.0,24.6,0.2
2016-01-13 02:00:00,4.2,86,74,0.0,24.2,0.2
2016-01-13 03:00:00,3.9,84,76,0.0,23.1,0.0
2016-01-13 04:00:00,3.7,83,76,0.0,22.5,0.0
2016-01-13 05:00:00,3.3,82,57,0.0,22.1,0.0
2016-01-13 06:00:00,2.9,82,27,0.0,21.1,0.0
2016-01-13 07:00:00,2.3,84,13,0.0,19.1,0.0
2016-01-13 08:00:00,2.0,88,64,0.0,17.7,0.0
2016-01-13 09:00:00,1.5,89,96,0.0,16.6,0.0
2016-01-13 10:00:00,1.5,89,96,22.0,16.2,0.0
2016-01-13 11:00:00,2.4,87,99,90.0,15.0,0.0
2016-01-13 12:00:00,3.5,82,98,160.0,13.8,0.0
2016-01-13 13:00:00,4.5,77,99,208.0,14.1,0.0
2016-01-13 14:00:00,5.1,73,77,223.0,13.5,0.0
2016-01-13 15:00:00,5.5,71,37,198.0,12.2,0.0
2016-01-13 16:00:00,5.3,73,59,122.0,11.4,0.0
2016-01-13 17:00:00,4.6,75,89,45.0,11.5,0.0
2016-01-13 18:00:00,3.9,79,92,1.0,12.7,0.0
2016-01-13 19:00:00,3.8,80,96,0.0,15.3,0.0
2016-01-13 20:00:00,3.9,84,98,0.0,17.7,0.0
2016-01-13 21:00:00,4.1,87,98,0.0,18.6,0.0
2016-01-13 22:00:00,4.3,89,99,0.0,19.4,0.1
2016-01-13 23:00:00,4.3,89,100,0.0,19.1,0.4
2016-01-14 00:00:00,4.2,90,100,0.0,17.9,0.3
2016-01-14 01:00:00,4.1,92,100,0.0,16.6,0.3
2016-01-14 02:00:00,4.3,92,96,0.0,16.3,0.2
2016-01-14 03:00:00,4.5,91,100,0.0,17.2,0.3
2016-01-14 04:00:00,4.1,92,90,0.0,17.4,0.2
2016-01-14 05:00:00,3.6,91,48,0.0,18.7,0.0
2016-01-14 06:00:00,3.0,89,11,0.0,18.0,0.0
2016-01-14 07:00:00,1.9,89,4,0.0,17.3,0.0
2016-01-14 08:00:00,1.3,90,1,0.0,17.8,0.0
2016-01-14 09:00:00,0.9,90,20,0.0,19.1,0.0
2016-01-14 10:00:00,1.1,89,64,28.0,20.3,0.0
2016-01-14 11:00:00,2.1,87,85,81.0,20.5,0.0
2016-01-14 12:00:00,3.1,85,86,134.0,20.2,0.0
2016-01-14 13:00:00,3.9,79,93,143.0,25.3,0.1
2016-01-14 14:00:00,3.6,82,80,137.0,28.5,0.2
2016-01-14 15:00:00,3.6,81,52,124.0,27.4,0.0
2016-01-14 16:00:00,3.5,77,11,90.0,28.3,0.0
2016-01-14 17:00:00,3.2,71,13,41.0,27.9,0.0
2016-01-14 18:00:00,2.4,66,3,1.0,28.8,0.0
2016-01-14 19:00:00,2.0,60,14,0.0,29.3,0.0
2016-01-14 20:00:00,1.9,57,68,0.0,30.0,0.0
2016-01-14 21:00:00,2.0,56,91,0.0,30.6,0.0
2016-01-14 22:00:00,2.1,56,99,0.0,30.6,0.0
2016-01-14 23:00:00,2.1,59,90,0.0,30.2,0.0
2016-01-15 00:00:00,1.7,65,85,0.0,27.6,0.0
2016-01-15 01:00:00,1.4,72,50,0.0,24.8,0.0
2016-01-15 02:00:00,1.0,79,23,0.0,21.9,0.0
2016-01-15 03:00:00,0.6,83,37,0.0,20.6,0.0
2016-01-15 04:00:00,0.4,86,24,0.0,20.9,0.0
2016-01-15 05:00:00,0.1,88,22,0.0,20.5,0.0
2016-01-15 06:00:00,0.1,88,5,0.0,19.8,0.0
2016-01-15 07:00:00,0.0,89,1,0.0,20.3,0.0
2016-01-15 08:00:00,0.1,88,19,0.0,20.9,0.0
2016-01-15 09:00:00,0.1,88,27,0.0,20.8,0.0
2016-01-15 10:00:00,0.4,86,25,29.0,20.5,0.0
2016-01-15 11:00:00,1.4,83,6,120.0,16.8,0.0
2016-01-15 12:00:00,2.6,75,6,207.0,19.4,0.0
2016-01-15 13:00:00,3.5,69,8,258.0,20.4,0.0
2016-01-15 14:00:00,4.0,64,2,262.0,21.1,0.0
2016-01-15 15:00:00,4.2,63,7,233.0,20.9,0.0
2016-01-15 16:00:00,4.1,65,9,154.0,19.6,0.0
2016-01-15 17:00:00,3.3,69,12,58.0,18.6,0.0
2016-01-15 18:00:00,2.4,76,3,2.0,17.2,0.0
2016-01-15 19:00:00,1.8,81,1,0.0,16.7,0.0
2016-01-15 20:00:00,1.5,84,3,0.0,16.1,0.0
2016-01-15 21:00:00,1.0,86,14,0.0,15.5,0.0
2016-01-15 22:00:00,0.8,87,19,0.0,15.2,0.0
2016-01-15 23:00:00,0.4,89,31,0.0,14.2,0.0
2016-01-16 00:00:00,0.5,89,46,0.0,13.6,0.0
2016-01-16 01:00:00,0.6,90,43,0.0,13.8,0.0
2016-01-16 02:00:00,0.6,91,22,0.0,13.5,0.0
2016-01-16 03:00:00,0.6,91,10,0.0,12.7,0.0
2016-01-16 04:00:00,0.1,91,4,0.0,14.5,0.0
2016-01-16 05:00:00,-0.3,90,4,0.0,15.3,0.0
2016-01-16 06:00:00,-0.6,89,3,0.0,14.3,0.0
2016-01-16 07:00:00,-1.0,89,2,0.0,13.6,0.0
2016-01-16 08:00:00,-0.9,89,0,0.0,13.0,0.0
2016-01-16 09:00:00,-1.3,89,0,0.0,12.5,0.0
2016-01-16 10:00:00,-0.9,89,0,30.0,12.7,0.0
2016-01-16 11:00:00,0.5,85,5,122.0,11.3,0.0
2016-01-16 12:00:00,1.8,80,90,207.0,10.4,0.0
2016-01-16 13:00:00,2.8,77,95,252.0,9.7,0.0
2016-01-16 14:00:00,3.4,76,100,242.0,10.5,0.0
2016-01-16 15:00:00,3.6,75,54,208.0,10.0,0.0
2016-01-16 16:00:00,3.4,77,3,152.0,9.1,0.0
2016-01-16 17:00:00,2.4,82,51,60.0,8.0,0.0
2016-01-16 18:00:00,0.9,88,77,2.0,8.3,0.0
2016-01-16 19:00:00,-0.4,91,43,0.0,7.8,0.0
2016-01-16 20:00:00,-1.0,93,98,0.0,7.1,0.0
2016-01-16 21:00:00,-1.0,93,100,0.0,7.0,0.0
2016-01-16 22:00:00,-0.4,94,100,0.0,5.6,0.0
2016-01-16 23:00:00,0.0,94,100,0.0,3.2,0.2
2016-01-17 00:00:00,0.6,93,100,0.0,1.6,0.2
2016-01-17 01:00:00,0.6,94,100,0.0,3.5,0.2
2016-01-17 02:00:00,0.4,96,100,0.0,4.3,0.2
2016-01-17 03:00:00,0.2,98,100,0.0,5.1,0.3
2016-01-17 04:00:00,0.3,97,100,0.0,6.3,0.3
2016-01-17 05:00:00,0.4,96,100,0.0,8.1,0.3
2016-01-17 06:00:00,0.5,95,100,0.0,8.8,0.2
2016-01-17 07:00:00,0.4,94,100,0.0,9.2,0.1
2016-01-17 08:00:00,0.6,93,98,0.0,9.8,0.2
2016-01-17 09:00:00,0.7,92,89,0.0,9.6,0.0
2016-01-17 10:00:00,0.9,92,91,10.0,9.8,0.0
2016-01-17 11:00:00,1.4,91,95,48.0,10.5,0.0
2016-01-17 12:00:00,2.5,87,93,86.0,11.8,0.0
2016-01-17 13:00:00,3.5,79,100,127.0,14.3,0.0
2016-01-17 14:00:00,3.8,78,99,90.0,16.1,0.0
2016-01-17 15:00:00,4.0,77,100,97.0,17.6,0.0
2016-01-17 16:00:00,4.0,75,100,56.0,14.5,0.0
2016-01-17 17:00:00,3.7,75,100,31.0,13.8,0.0
2016-01-17 18:00:00,3.0,76,100,2.0,14.5,0.0
2016-01-17 19:00:00,2.5,77,100,0.0,16.0,0.0
2016-01-17 20:00:00,3.1,75,100,0.0,16.8,0.0
2016-01-17 21:00:00,3.0,75,100,0.0,17.6,0.0
2016-01-17 22:00:00,3.1,75,99,0.0,18.9,0.0
2016-01-17 23:00:00,3.0,78,99,0.0,16.8,0.0
2016-01-18 00:00:00,2.9,79,100,0.0,18.6,0.0
2016-01-18 01:00:00,3.0,81,100,0.0,18.9,0.0
2016-01-18 02:00:00,3.0,81,100,0.0,19.0,0.0
2016-01-18 03:00:00,3.0,81,100,0.0,18.7,0.0
2016-01-18 04:00:00,3.0,81,100,0.0,18.7,0.0
2016-01-18 05:00:00,2.9,81,100,0.0,18.7,0.0
2016-01-18 06:00:00,2.7,80,100,0.0,18.9,0.0
2016-01-18 07:00:00,2.5,79,100,0.0,18.4,0.0
2016-01-18 08:00:00,2.5,83,100,0.0,17.8,0.0
2016-01-18 09:00:00,2.3,82,100,0.0,17.6,0.0
2016-01-18 10:00:00,2.1,81,100,20.0,16.8,0.0
2016-01-18 11:00:00,2.3,79,96,79.0,14.2,0.0
2016-01-18 12:00:00,2.7,74,100,155.0,17.3,0.0
2016-01-18 13:00:00,3.1,71,97,189.0,15.0,0.0
2016-01-18 14:00:00,2.8,72,98,129.0,14.1,0.0
2016-01-18 15:00:00,3.1,70,95,183.0,13.1,0.0
2016-01-18 16:00:00,2.9,70,100,144.0,11.5,0.0
2016-01-18 17:00:00,2.0,75,98,59.0,9.3,0.0
2016-01-18 18:00:00,0.8,79,100,3.0,9.1,0.0
2016-01-18 19:00:00,-0.1,82,99,0.0,9.1,0.0
2016-01-18 20:00:00,-0.7,86,97,0.0,8.5,0.0
2016-01-18 21:00:00,-1.6,87,95,0.0,7.9,0.0
2016-01-18 22:00:00,-2.6,87,86,0.0,7.3,0.0
2016-01-18 23:00:00,-2.7,86,78,0.0,6.9,0.0
2016-01-19 00:00:00,-2.3,84,88,0.0,7.3,0.0
2016-01-19 01:00:00,-1.3,81,98,0.0,7.4,0.0
2016-01-19 02:00:00,-1.1,82,98,0.0,6.5,0.0
2016-01-19 03:00:00,-1.5,85,100,0.0,4.7,0.0
2016-01-19 04:00:00,-2.1,88,94,0.0,4.1,0.0
2016-01-19 05:00:00,-2.7,90,93,0.0,4.8,0.0
2016-01-19 06:00:00,-3.2,91,87,0.0,5.5,0.0
2016-01-19 07:00:00,-3.4,91,70,0.0,6.8,0.0
2016-01-19 08:00:00,-2.7,94,45,0.0,7.2,0.0
2016-01-19 09:00:00,-2.1,93,29,0.0,6.8,0.0
2016-01-19 10:00:00,-1.7,91,15,34.0,4.7,0.0
2016-01-19 11:00:00,-0.7,87,14,130.0,2.4,0.0
2016-01-19 12:00:00,0.9,77,1,216.0,1.5,0.0
2016-01-19 13:00:00,1.8,72,4,269.0,1.1,0.0
2016-01-19 14:00:00,2.3,69,2,276.0,1.1,0.0
2016-01-19 15:00:00,2.5,67,1,242.0,1.6,0.0
2016-01-19 16:00:00,2.4,68,4,167.0,2.2,0.0
2016-01-19 17:00:00,1.5,76,6,70.0,5.1,0.0
2016-01-19 18:00:00,-0.8,86,0,4.0,6.4,0.0
2016-01-19 19:00:00,-1.8,86,0,0.0,7.9,0.0
2016-01-19 20:00:00,-1.3,84,0,0.0,9.0,0.0
2016-01-19 21:00:00,-1.4,84,3,0.0,8.5,0.0
2016-01-19 22:00:00,-0.8,84,11,0.0,6.7,0.0
2016-01-19 23:00:00,-0.7,85,13,0.0,3.8,0.0
2016-01-20 00:00:00,-0.8,87,19,0.0,4.2,0.0
2016-01-20 01:00:00,-0.6,87,22,0.0,5.2,0.0
2016-01-20 02:00:00,-0.6,89,34,0.0,4.8,0.0
2016-01-20 03:00:00,-0.6,90,38,0.0,4.2,0.0
2016-01-20 04:00:00,-0.5,91,38,0.0,3.6,0.0
2016-01-20 05:00:00,-0.6,92,50,0.0,3.7,0.0
2016-01-20 06:00:00,-0.7,94,57,0.0,2.5,0.0
2016-01-20 07:00:00,-0.7,94,57,0.0,1.9,0.0
2016-01-20 08:00:00,-0.5,94,73,0.0,2.1,0.0
2016-01-20 09:00:00,-0.5,95,81,0.0,2.3,0.0
2016-01-20 10:00:00,0.0,95,76,23.0,2.2,0.0
2016-01-20 11:00:00,1.3,92,76,68.0,1.5,0.0
2016-01-20 12:00:00,2.0,86,73,126.0,1.1,0.0
2016-01-20 13:00:00,2.4,83,30,168.0,2.9,0.0
2016-01-20 14:00:00,2.7,81,20,175.0,3.8,0.0
2016-01-20 15:00:00,2.8,79,32,178.0,4.0,0.0
2016-01-20 16:00:00,2.6,81,21,106.0,3.7,0.0
2016-01-20 17:00:00,2.0,85,24,51.0,7.2,0.0
2016-01-20 18:00:00,1.1,90,29,3.0,7.2,0.0
2016-01-20 19:00:00,0.5,93,32,0.0,6.5,0.0
2016-01-20 20:00:00,-0.4,95,27,0.0,7.7,0.0
2016-01-20 21:00:00,-1.4,94,27,0.0,8.0,0.0
2016-01-20 22:00:00,-1.5,94,13,0.0,7.7,0.0
2016-01-20 23:00:00,-1.8,94,11,0.0,7.6,0.0
2016-01-21 00:00:00,-2.2,94,7,0.0,8.1,0.0
2016-01-21 01:00:00,-2.5,94,4,0.0,9.8,0.0
2016-01-21 02:00:00,-2.5,94,12,0.0,10.3,0.0
2016-01-21 03:00:00,-2.4,94,63,0.0,9.6,0.0
2016-01-21 04:00:00,-2.2,94,87,0.0,9.9,0.0
2016-01-21 05:00:00,-2.0,94,90,0.0,10.1,0.0
2016-01-21 06:00:00,-1.6,94,89,0.0,10.2,0.0
2016-01-21 07:00:00,-1.0,94,99,0.0,10.9,0.0
2016-01-21 08:00:00,0.1,96,100,0.0,11.3,0.0
2016-01-21 09:00:00,1.0,96,97,0.0,11.4,0.0
2016-01-21 10:00:00,1.8,96,97,12.0,12.7,0.0
2016-01-21 11:00:00,2.8,94,99,47.0,14.8,0.0
2016-01-21 12:00:00,3.9,92,98,88.0,16.0,0.0
2016-01-21 13:00:00,4.7,87,100,127.0,15.8,0.0
2016-01-21 14:00:00,5.1,85,80,138.0,14.0,0.0
2016-01-21 15:00:00,5.1,84,84,167.0,15.3,0.0
2016-01-21 16:00:00,4.6,85,94,150.0,15.9,0.0
2016-01-21 17:00:00,3.6,87,98,63.0,17.1,0.0
2016-01-21 18:00:00,2.5,90,83,4.0,16.7,0.0
2016-01-21 19:00:00,2.3,89,90,0.0,17.8,0.0
2016-01-21 20:00:00,2.6,88,75,0.0,18.2,0.0
2016-01-21 21:00:00,2.5,89,89,0.0,18.8,0.0
2016-01-21 22:00:00,2.6,90,99,0.0,19.7,0.0
2016-01-21 23:00:00,2.6,90,95,0.0,18.3,0.0
2016-01-22 00:00:00,3.0,89,91,0.0,19.6,0.0
2016-01-22 01:00:00,3.5,86,96,0.0,20.0,0.0
2016-01-22 02:00:00,3.7,85,100,0.0,21.2,0.0
2016-01-22 03:00:00,3.9,83,99,0.0,21.0,0.0
2016-01-22 04:00:00,4.3,81,98,0.0,20.3,0.0
2016-01-22 05:00:00,4.4,79,100,0.0,21.3,0.0
2016-01-22 06:00:00,4.5,79,100,0.0,22.0,0.0
2016-01-22 07:00:00,4.9,78,100,0.0,23.4,0.0
2016-01-22 08:00:00,5.3,80,100,0.0,23.5,0.0
2016-01-22 09:00:00,5.6,81,100,0.0,24.2,0.0
2016-01-22 10:00:00,5.9,83,100,7.0,24.1,0.4
2016-01-22 11:00:00,6.0,89,100,18.0,22.1,0.9
2016-01-22 12:00:00,6.5,92,100,31.0,22.3,0.4
2016-01-22 13:00:00,6.8,94,100,12.0,21.6,2.1
2016-01-22 14:00:00,7.2,97,100,18.0,19.9,1.0
2016-01-22 15:00:00,8.0,97,100,17.0,17.1,0.4
2016-01-22 16:00:00,9.1,97,100,21.0,17.0,0.0
2016-01-22 17:00:00,10.2,94,91,25.0,18.9,0.0
2016-01-22 18:00:00,9.8,89,43,4.0,17.7,0.0
2016-01-22 19:00:00,8.7,87,9,0.0,18.3,0.0
2016-01-22 20:00:00,8.0,89,1,0.0,17.9,0.0
2016-01-22 21:00:00,7.1,90,0,0.0,16.5,0.0
2016-01-22 22:00:00,6.3,91,0,0.0,15.8,0.0
2016-01-22 23:00:00,5.7,93,0,0.0,15.6,0.0
2016-01-23 00:00:00,5.4,93,0,0.0,16.5,0.0
2016-01-23 01:00:00,5.4,93,0,0.0,16.5,0.0
2016-01-23 02:00:00,5.4,93,1,0.0,18.4,0.0
2016-01-23 03:00:00,5.3,93,1,0.0,17.9,0.0
2016-01-23 04:00:00,5.2,94,18,0.0,16.8,0.0
2016-01-23 05:00:00,4.7,94,15,0.0,14.4,0.0
2016-01-23 06:00:00,3.9,96,61,0.0,12.2,0.0
2016-01-23 07:00:00,2.8,97,75,0.0,8.9,0.0
2016-01-23 08:00:00,2.5,98,89,0.0,9.7,0.0
2016-01-23 09:00:00,2.9,98,94,0.0,13.2,0.0
2016-01-23 10:00:00,3.9,98,99,36.0,12.0,0.0
2016-01-23 11:00:00,6.0,96,88,127.0,10.6,0.0
2016-01-23 12:00:00,8.0,92,99,191.0,14.0,0.0
2016-01-23 13:00:00,9.5,88,100,220.0,17.1,0.0
2016-01-23 14:00:00,10.5,83,100,206.0,20.7,0.0
2016-01-23 15:00:00,10.4,84,100,147.0,16.9,0.0
2016-01-23 16:00:00,10.3,84,100,138.0,14.8,0.0
2016-01-23 17:00:00,9.2,87,100,59.0,15.5,0.0
2016-01-23 18:00:00,7.9,93,100,4.0,17.7,0.0
2016-01-23 19:00:00,7.0,96,100,0.0,19.4,0.0
2016-01-23 20:00:00,6.8,98,100,0.0,20.2,0.0
2016-01-23 21:00:00,6.8,96,100,0.0,21.6,0.2
2016-01-23 22:00:00,7.0,93,99,0.0,23.5,1.5
2016-01-23 23:00:00,7.0,92,100,0.0,20.5,1.1
2016-01-24 00:00:00,7.2,92,100,0.0,22.3,0.8
2016-01-24 01:00:00,7.5,93,99,0.0,21.9,0.2
2016-01-24 02:00:00,8.0,95,100,0.0,21.0,0.0
2016-01-24 03:00:00,8.8,96,100,0.0,20.6,0.0
2016-01-24 04:00:00,9.4,97,100,0.0,19.9,0.0
2016-01-24 05:00:00,10.0,97,100,0.0,18.8,0.0
2016-01-24 06:00:00,10.5,98,100,0.0,18.4,0.0
2016-01-24 07:00:00,10.8,97,100,0.0,18.1,0.0
2016-01-24 08:00:00,10.9,98,100,0.0,18.1,0.0
2016-01-24 09:00:00,11.0,97,100,0.0,18.8,0.0
2016-01-24 10:00:00,11.0,97,100,9.0,19.1,0.0
2016-01-24 11:00:00,11.0,97,99,36.0,18.1,0.0
2016-01-24 12:00:00,11.1,95,99,57.0,18.6,0.0
2016-01-24 13:00:00,11.4,92,100,97.0,18.8,0.0
2016-01-24 14:00:00,11.6,90,100,108.0,22.2,0.0
2016-01-24 15:00:00,11.6,90,100,78.0,18.4,0.0
2016-01-24 16:00:00,11.6,90,100,71.0,16.3,0.0
2016-01-24 17:00:00,11.3,92,100,29.0,15.5,0.0
2016-01-24 18:00:00,10.9,94,100,4.0,15.1,0.0
2016-01-24 19:00:00,10.7,96,100,0.0,15.3,0.0
2016-01-24 20:00:00,11.2,97,100,0.0,16.0,0.0
2016-01-24 21:00:00,11.2,97,99,0.0,16.1,0.0
2016-01-24 22:00:00,11.3,97,100,0.0,17.5,0.0
2016-01-24 23:00:00,11.3,97,100,0.0,19.1,0.0
2016-01-25 00:00:00,11.2,96,99,0.0,19.1,0.0
2016-01-25 01:00:00,10.8,96,93,0.0,18.1,0.0
2016-01-25 02:00:00,10.4,95,88,0.0,17.4,0.0
2016-01-25 03:00:00,10.0,94,70,0.0,17.3,0.0
2016-01-25 04:00:00,9.8,94,83,0.0,18.0,0.0
2016-01-25 05:00:00,9.6,93,89,0.0,18.8,0.0
2016-01-25 06:00:00,9.3,93,85,0.0,18.8,0.0
2016-01-25 07:00:00,8.8,91,80,0.0,18.8,0.0
2016-01-25 08:00:00,9.0,91,57,0.0,19.2,0.0
2016-01-25 09:00:00,8.5,88,6,0.0,20.2,0.0
2016-01-25 10:00:00,8.6,85,49,43.0,20.3,0.0
2016-01-25 11:00:00,9.6,82,73,131.0,18.6,0.0
2016-01-25 12:00:00,10.7,81,90,200.0,18.3,0.0
2016-01-25 13:00:00,11.7,80,76,250.0,19.9,0.0
2016-01-25 14:00:00,12.7,80,99,260.0,21.1,0.0
2016-01-25 15:00:00,13.0,82,98,167.0,22.1,0.0
2016-01-25 16:00:00,12.8,84,100,123.0,29.0,0.0
2016-01-25 17:00:00,12.1,83,99,52.0,31.2,0.0
2016-01-25 18:00:00,11.5,81,99,5.0,30.3,0.0
2016-01-25 19:00:00,11.1,81,100,0.0,28.3,0.0
2016-01-25 20:00:00,11.2,81,100,0.0,26.4,0.0
2016-01-25 21:00:00,10.7,76,53,0.0,25.2,0.0
2016-01-25 22:00:00,9.6,74,9,0.0,21.9,0.0
2016-01-25 23:00:00,8.2,78,1,0.0,17.4,0.0
2016-01-26 00:00:00,7.2,83,77,0.0,16.1,0.0
2016-01-26 01:00:00,6.3,88,79,0.0,15.1,0.0
2016-01-26 02:00:00,5.7,91,99,0.0,14.5,0.0
2016-01-26 03:00:00,5.4,93,100,0.0,14.9,0.0
2016-01-26 04:00:00,5.5,94,100,0.0,15.8,0.0
2016-01-26 05:00:00,5.7,95,100,0.0,17.4,0.0
2016-01-26 06:00:00,6.4,94,100,0.0,19.2,0.0
2016-01-26 07:00:00,7.1,92,99,0.0,21.9,0.0
2016-01-26 08:00:00,8.0,91,95,0.0,25.5,0.0
2016-01-26 09:00:00,8.1,88,80,0.0,27.6,0.0
2016-01-26 10:00:00,8.4,84,99,26.0,29.6,0.0
2016-01-26 11:00:00,8.7,82,100,80.0,29.8,0.0
2016-01-26 12:00:00,9.4,79,100,113.0,34.0,0.0
2016-01-26 13:00:00,9.8,79,100,125.0,34.7,0.0
2016-01-26 14:00:00,10.1,79,100,124.0,36.4,0.2
2016-01-26 15:00:00,10.2,78,100,66.0,37.3,0.2
2016-01-26 16:00:00,10.3,80,100,24.0,38.1,0.3
2016-01-26 17:00:00,10.4,83,100,10.0,37.9,0.3
2016-01-26 18:00:00,10.4,87,100,2.0,36.9,0.3
2016-01-26 19:00:00,10.5,88,100,0.0,36.4,0.1
2016-01-26 20:00:00,10.3,91,100,0.0,36.7,0.4
2016-01-26 21:00:00,10.4,91,100,0.0,35.3,0.0
2016-01-26 22:00:00,10.7,90,100,0.0,34.0,0.0
2016-01-26 23:00:00,10.8,89,100,0.0,31.7,0.0
2016-01-27 00:00:00,10.9,89,100,0.0,31.4,0.0
2016-01-27 01:00:00,11.1,89,100,0.0,32.4,0.0
2016-01-27 02:00:00,11.2,88,100,0.0,33.5,0.0
2016-01-27 03:00:00,11.3,88,100,0.0,34.4,0.0
2016-01-27 04:00:00,11.4,88,100,0.0,35.0,0.0
2016-01-27 05:00:00,11.4,89,100,0.0,34.9,0.0
2016-01-27 06:00:00,11.4,90,100,0.0,33.1,0.0
2016-01-27 07:00:00,11.3,92,100,0.0,33.1,0.5
2016-01-27 08:00:00,11.3,94,100,0.0,33.6,0.1
2016-01-27 09:00:00,11.3,94,100,0.0,33.2,0.0
2016-01-27 10:00:00,11.5,93,100,8.0,34.0,0.0
2016-01-27 11:00:00,11.7,92,100,22.0,31.6,0.0
2016-01-27 12:00:00,11.9,91,100,33.0,34.3,0.0
2016-01-27 13:00:00,12.0,91,100,33.0,34.9,0.0
2016-01-27 14:00:00,11.8,93,100,23.0,34.2,0.5
2016-01-27 15:00:00,11.5,95,100,29.0,32.0,0.8
2016-01-27 16:00:00,11.6,95,100,42.0,29.0,0.5
2016-01-27 17:00:00,11.3,93,100,14.0,27.2,0.2
2016-01-27 18:00:00,10.4,89,100,4.0,22.7,0.0
2016-01-27 19:00:00,9.5,87,100,0.0,21.8,0.0
2016-01-27 20:00:00,9.7,84,100,0.0,20.7,0.0
2016-01-27 21:00:00,8.9,82,100,0.0,19.5,0.0
2016-01-27 22:00:00,8.2,80,100,0.0,18.4,0.0
2016-01-27 23:00:00,7.6,78,100,0.0,17.7,0.0
2016-01-28 00:00:00,7.0,75,100,0.0,17.7,0.0
2016-01-28 01:00:00,6.5,73,97,0.0,17.4,0.0
2016-01-28 02:00:00,5.5,74,0,0.0,16.7,0.0
2016-01-28 03:00:00,4.6,75,0,0.0,14.8,0.0
2016-01-28 04:00:00,3.7,76,0,0.0,14.0,0.0
2016-01-28 05:00:00,2.8,78,94,0.0,13.0,0.0
2016-01-28 06:00:00,2.0,81,60,0.0,12.3,0.0
2016-01-28 07:00:00,1.4,83,31,0.0,11.3,0.0
2016-01-28 08:00:00,1.1,88,19,0.0,11.1,0.0
2016-01-28 09:00:00,0.9,88,10,0.0,12.3,0.0
2016-01-28 10:00:00,1.9,87,6,54.0,13.6,0.0
2016-01-28 11:00:00,4.1,81,16,160.0,12.7,0.0
2016-01-28 12:00:00,6.0,74,7,251.0,15.3,0.0
2016-01-28 13:00:00,7.3,69,0,306.0,17.3,0.0
2016-01-28 14:00:00,8.1,67,0,316.0,20.1,0.0
2016-01-28 15:00:00,8.5,65,44,279.0,25.9,0.0
2016-01-28 16:00:00,8.5,64,88,197.0,23.0,0.0
2016-01-28 17:00:00,7.9,66,98,89.0,20.7,0.0
2016-01-28 18:00:00,7.2,69,85,11.0,22.4,0.0
2016-01-28 19:00:00,6.8,69,18,0.0,23.7,0.0
2016-01-28 20:00:00,6.7,74,47,0.0,25.0,0.0
2016-01-28 21:00:00,6.7,74,82,0.0,26.0,0.0
2016-01-28 22:00:00,7.2,72,88,0.0,27.2,0.0
2016-01-28 23:00:00,7.9,70,99,0.0,29.3,0.0
2016-01-29 00:00:00,8.5,71,100,0.0,30.1,0.0
2016-01-29 01:00:00,9.0,73,100,0.0,31.3,0.0
2016-01-29 02:00:00,9.3,77,100,0.0,31.3,0.0
2016-01-29 03:00:00,9.6,80,100,0.0,31.3,0.0
2016-01-29 04:00:00,9.8,82,100,0.0,31.1,0.0
2016-01-29 05:00:00,10.0,84,100,0.0,31.4,0.0
2016-01-29 06:00:00,10.2,85,100,0.0,31.9,0.0
2016-01-29 07:00:00,10.3,85,100,0.0,32.9,0.0
2016-01-29 08:00:00,10.2,83,100,0.0,34.9,0.0
2016-01-29 09:00:00,10.1,81,100,0.0,35.9,0.0
2016-01-29 10:00:00,10.1,79,100,16.0,36.3,0.0
2016-01-29 11:00:00,10.2,77,100,36.0,34.8,0.0
2016-01-29 12:00:00,10.5,76,100,76.0,34.2,0.0
2016-01-29 13:00:00,10.6,75,100,48.0,33.2,0.0
2016-01-29 14:00:00,10.7,77,100,43.0,32.8,0.0
2016-01-29 15:00:00,10.8,79,100,37.0,31.8,0.0
2016-01-29 16:00:00,10.9,80,100,34.0,30.2,0.0
2016-01-29 17:00:00,10.8,82,100,21.0,29.3,0.2
2016-01-29 18:00:00,10.5,84,100,7.0,29.3,0.0
2016-01-29 19:00:00,10.4,85,100,0.0,30.0,0.0
2016-01-29 20:00:00,10.5,87,100,0.0,30.9,0.0
2016-01-29 21:00:00,10.4,87,100,0.0,32.7,0.0
2016-01-29 22:00:00,10.5,86,100,0.0,33.7,0.0
2016-01-29 23:00:00,10.3,87,100,0.0,33.2,0.0
2016-01-30 00:00:00,10.2,88,100,0.0,35.1,0.4
2016-01-30 01:00:00,9.9,92,100,0.0,34.9,0.5
2016-01-30 02:00:00,10.0,93,100,0.0,35.0,0.5
2016-01-30 03:00:00,10.1,93,100,0.0,34.4,0.8
2016-01-30 04:00:00,10.1,93,100,0.0,32.5,1.1
2016-01-30 05:00:00,9.6,89,99,0.0,27.4,1.1
2016-01-30 06:00:00,8.5,85,98,0.0,23.3,0.5
2016-01-30 07:00:00,7.7,84,93,0.0,21.9,0.0
2016-01-30 08:00:00,7.3,85,98,0.0,23.1,0.0
2016-01-30 09:00:00,6.6,88,98,1.0,22.4,0.2
2016-01-30 10:00:00,6.5,84,99,24.0,19.1,0.2
2016-01-30 11:00:00,6.5,81,97,91.0,20.2,0.0
2016-01-30 12:00:00,6.6,71,87,151.0,21.7,0.0
2016-01-30 13:00:00,6.4,64,18,173.0,21.8,0.0
2016-01-30 14:00:00,6.8,56,15,305.0,23.2,0.0
2016-01-30 15:00:00,6.8,53,18,279.0,23.8,0.0
2016-01-30 16:00:00,6.5,53,8,192.0,22.0,0.0
2016-01-30 17:00:00,6.0,54,9,96.0,20.1,0.0
2016-01-30 18:00:00,5.1,56,9,17.0,19.4,0.0
2016-01-30 19:00:00,4.5,58,95,0.0,19.4,0.0
2016-01-30 20:00:00,4.5,67,100,0.0,19.4,0.0
2016-01-30 21:00:00,4.1,69,100,0.0,19.4,0.0
2016-01-30 22:00:00,4.2,69,100,0.0,20.3,0.0
2016-01-30 23:00:00,4.1,71,100,0.0,18.4,0.0
2016-01-31 00:00:00,4.1,73,100,0.0,18.5,0.0
2016-01-31 01:00:00,3.8,77,100,0.0,17.0,0.0
2016-01-31 02:00:00,3.4,80,100,0.0,15.7,0.0
2016-01-31 03:00:00,3.1,83,100,0.0,14.0,0.0
2016-01-31 04:00:00,2.9,85,100,0.0,13.6,0.0
2016-01-31 05:00:00,2.5,88,100,0.0,13.5,0.0
2016-01-31 06:00:00,2.1,90,100,0.0,13.2,0.0
2016-01-31 07:00:00,2.0,91,100,0.0,13.1,0.0
2016-01-31 08:00:00,3.9,88,97,0.0,11.9,0.0
2016-01-31 09:00:00,4.5,88,100,0.0,12.1,0.1
2016-01-31 10:00:00,5.2,89,100,8.0,12.3,0.4
2016-01-31 11:00:00,5.9,92,100,17.0,14.6,0.4
2016-01-31 12:00:00,6.8,93,100,18.0,18.3,0.4
2016-01-31 13:00:00,8.1,93,100,22.0,23.0,0.2
2016-01-31 14:00:00,9.7,92,100,28.0,26.3,0.0
2016-01-31 15:00:00,11.3,89,100,62.0,27.1,0.0
2016-01-31 16:00:00,12.2,85,100,91.0,25.9,0.0
2016-01-31 17:00:00,12.1,84,100,39.0,25.2,0.0
2016-01-31 18:00:00,11.9,86,100,7.0,25.0,0.0
2016-01-31 19:00:00,11.7,88,100,0.0,26.3,0.0
2016-01-31 20:00:00,11.8,89,100,0.0,27.1,0.0
2016-01-31 21:00:00,11.8,88,100,0.0,27.9,0.0
2016-01-31 22:00:00,11.7,87,100,0.0,28.6,0.0
2016-01-31 23:00:00,11.4,86,100,0.0,27.1,0.0
2016-02-01 00:00:00,11.3,85,100,0.0,27.9,0.0
2016-02-01 01:00:00,11.2,85,100,0.0,28.0,0.0
2016-02-01 02:00:00,11.2,85,100,0.0,27.8,0.0
2016-02-01 03:00:00,11.1,85,100,0.0,26.4,0.0
2016-02-01 04:00:00,10.9,85,100,0.0,25.7,0.0
2016-02-01 05:00:00,10.8,85,100,0.0,25.8,0.0
2016-02-01 06:00:00,10.5,83,100,0.0,26.6,0.0
2016-02-01 07:00:00,10.2,80,100,0.0,27.6,0.0
2016-02-01 08:00:00,10.2,78,100,0.0,28.9,0.0
2016-02-01 09:00:00,10.0,79,100,1.0,29.9,0.0
2016-02-01 10:00:00,10.2,79,100,25.0,31.6,0.0
2016-02-01 11:00:00,10.5,79,100,60.0,30.7,0.0
2016-02-01 12:00:00,10.8,78,100,76.0,29.4,0.0
2016-02-01 13:00:00,11.1,79,100,59.0,31.9,0.0
2016-02-01 14:00:00,11.5,81,100,105.0,36.1,0.0
2016-02-01 15:00:00,12.2,79,84,158.0,34.7,0.0
2016-02-01 16:00:00,12.7,75,70,148.0,35.4,0.0
2016-02-01 17:00:00,12.4,75,57,77.0,33.5,0.0
2016-02-01 18:00:00,11.7,74,61,14.0,31.2,0.0
2016-02-01 19:00:00,11.1,72,48,0.0,31.4,0.0
2016-02-01 20:00:00,10.9,75,48,0.0,31.7,0.0
2016-02-01 21:00:00,10.5,73,66,0.0,32.0,0.0
2016-02-01 22:00:00,9.8,70,93,0.0,32.0,0.0
2016-02-01 23:00:00,9.5,68,76,0.0,30.8,0.0
2016-02-02 00:00:00,9.3,66,79,0.0,29.0,0.0
2016-02-02 01:00:00,9.0,67,86,0.0,29.0,0.0
2016-02-02 02:00:00,8.7,69,80,0.0,29.2,0.0
2016-02-02 03:00:00,8.3,71,80,0.0,28.3,0.0
2016-02-02 04:00:00,8.0,71,44,0.0,26.5,0.0
2016-02-02 05:00:00,7.8,72,89,0.0,24.8,0.0
2016-02-02 06:00:00,7.6,72,96,0.0,24.3,0.0
2016-02-02 07:00:00,7.4,71,87,0.0,24.1,0.0
2016-02-02 08:00:00,7.7,76,95,0.0,23.5,0.0
2016-02-02 09:00:00,7.8,77,100,1.0,24.2,0.0
2016-02-02 10:00:00,7.9,77,100,22.0,25.2,0.2
2016-02-02 11:00:00,7.6,77,81,48.0,23.3,0.2
2016-02-02 12:00:00,7.9,75,10,148.0,23.1,0.0
2016-02-02 13:00:00,8.6,66,14,316.0,25.4,0.0
2016-02-02 14:00:00,8.8,61,25,313.0,29.2,0.0
2016-02-02 15:00:00,8.7,59,20,272.0,29.8,0.0
2016-02-02 16:00:00,8.5,57,8,221.0,28.1,0.0
2016-02-02 17:00:00,7.7,56,1,117.0,25.9,0.0
2016-02-02 18:00:00,6.8,57,0,22.0,23.9,0.0
2016-02-02 19:00:00,6.0,61,1,0.0,22.3,0.0
2016-02-02 20:00:00,5.6,64,11,0.0,21.2,0.0
2016-02-02 21:00:00,5.0,67,13,0.0,20.5,0.0
2016-02-02 22:00:00,4.7,71,31,0.0,19.7,0.0
2016-02-02 23:00:00,4.3,75,28,0.0,18.6,0.0
2016-02-03 00:00:00,4.0,79,69,0.0,17.7,0.0
2016-02-03 01:00:00,3.9,81,87,0.0,17.5,0.0
2016-02-03 02:00:00,3.6,84,73,0.0,16.6,0.0
2016-02-03 03:00:00,3.2,85,16,0.0,17.3,0.0
2016-02-03 04:00:00,2.7,86,4,0.0,18.5,0.0
2016-02-03 05:00:00,2.4,83,0,0.0,18.5,0.0
2016-02-03 06:00:00,2.1,80,2,0.0,18.7,0.0
2016-02-03 07:00:00,1.9,78,7,0.0,20.1,0.0
2016-02-03 08:00:00,2.2,74,81,0.0,22.5,0.0
2016-02-03 09:00:00,2.5,72,96,2.0,24.0,0.0
2016-02-03 10:00:00,2.9,75,87,41.0,24.5,0.2
2016-02-03 11:00:00,4.2,75,52,135.0,21.3,0.0
2016-02-03 12:00:00,5.4,73,36,207.0,23.6,0.0
2016-02-03 13:00:00,6.4,67,54,289.0,28.0,0.0
2016-02-03 14:00:00,7.1,63,74,271.0,30.7,0.0
2016-02-03 15:00:00,7.3,65,78,171.0,29.3,0.0
2016-02-03 16:00:00,7.3,68,60,131.0,25.3,0.0
2016-02-03 17:00:00,7.0,68,32,110.0,21.1,0.0
2016-02-03 18:00:00,6.2,69,3,24.0,18.7,0.0
2016-02-03 19:00:00,5.3,72,3,0.0,17.1,0.0
2016-02-03 20:00:00,4.7,78,10,0.0,15.9,0.0
2016-02-03 21:00:00,4.2,81,24,0.0,15.6,0.0
2016-02-03 22:00:00,3.6,85,48,0.0,15.1,0.0
2016-02-03 23:00:00,3.1,88,11,0.0,13.3,0.0
2016-02-04 00:00:00,2.7,89,22,0.0,14.1,0.0
2016-02-04 01:00:00,2.5,90,72,0.0,15.2,0.0
2016-02-04 02:00:00,2.4,90,99,0.0,15.3,0.0
2016-02-04 03:00:00,2.7,87,100,0.0,16.3,0.0
2016-02-04 04:00:00,3.3,83,100,0.0,18.8,0.0
2016-02-04 05:00:00,4.1,81,100,0.0,21.5,0.2
2016-02-04 06:00:00,5.1,84,100,0.0,25.2,0.4
2016-02-04 07:00:00,6.3,89,100,0.0,27.3,0.0
2016-02-04 08:00:00,7.5,92,100,0.0,25.7,0.0
2016-02-04 09:00:00,8.4,92,100,1.0,23.8,0.0
2016-02-04 10:00:00,9.0,90,100,26.0,23.9,0.0
2016-02-04 11:00:00,9.6,87,100,50.0,23.0,0.0
2016-02-04 12:00:00,10.4,83,100,100.0,21.5,0.0
2016-02-04 13:00:00,10.8,81,99,105.0,24.3,0.0
2016-02-04 14:00:00,11.1,80,100,119.0,26.3,0.0
2016-02-04 15:00:00,11.4,79,99,150.0,23.6,0.0
2016-02-04 16:00:00,11.6,76,100,130.0,21.0,0.0
2016-02-04 17:00:00,11.2,77,100,88.0,17.7,0.0
2016-02-04 18:00:00,10.4,79,96,20.0,13.5,0.0
2016-02-04 19:00:00,9.3,85,97,0.0,11.2,0.0
2016-02-04 20:00:00,8.5,91,97,0.0,11.9,0.0
2016-02-04 21:00:00,7.9,93,96,0.0,13.2,0.0
2016-02-04 22:00:00,7.6,95,100,0.0,13.2,0.0
2016-02-04 23:00:00,7.6,97,100,0.0,11.8,0.0
2016-02-05 00:00:00,8.0,97,100,0.0,13.6,0.0
2016-02-05 01:00:00,8.2,96,100,0.0,14.9,0.0
2016-02-05 02:00:00,8.5,94,100,0.0,16.1,0.0
2016-02-05 03:00:00,8.4,92,100,0.0,16.5,0.0
2016-02-05 04:00:00,8.1,91,100,0.0,15.3,0.0
2016-02-05 05:00:00,7.9,89,100,0.0,14.5,0.0
2016-02-05 06:00:00,7.8,88,100,0.0,14.5,0.0
2016-02-05 07:00:00,7.6,87,100,0.0,15.9,0.0
2016-02-05 08:00:00,8.1,94,100,0.0,18.0,0.0
2016-02-05 09:00:00,8.1,95,100,1.0,19.7,0.0
2016-02-05 10:00:00,8.6,92,100,22.0,21.7,0.0
2016-02-05 11:00:00,9.2,89,100,51.0,18.7,0.0
2016-02-05 12:00:00,10.1,83,100,115.0,25.4,0.0
2016-02-05 13:00:00,10.3,82,100,104.0,26.7,0.0
2016-02-05 14:00:00,10.2,84,100,108.0,26.6,0.2
2016-02-05 15:00:00,9.9,87,100,97.0,30.1,0.0
2016-02-05 16:00:00,9.7,86,100,71.0,25.4,0.0
2016-02-05 17:00:00,9.5,84,100,55.0,27.3,0.0
2016-02-05 18:00:00,8.9,84,100,15.0,26.6,0.0
2016-02-05 19:00:00,9.1,83,100,0.0,27.5,0.0
2016-02-05 20:00:00,9.5,85,100,0.0,28.6,0.0
2016-02-05 21:00:00,9.5,85,100,0.0,29.6,0.0
2016-02-05 22:00:00,9.4,85,100,0.0,31.0,0.0
2016-02-05 23:00:00,9.3,84,100,0.0,29.7,0.0
2016-02-06 00:00:00,9.2,83,100,0.0,29.5,0.0
2016-02-06 01:00:00,9.1,85,100,0.0,27.7,0.0
2016-02-06 02:00:00,9.0,86,99,0.0,25.8,0.1
2016-02-06 03:00:00,8.9,89,100,0.0,24.8,0.1
2016-02-06 04:00:00,8.9,91,100,0.0,24.0,0.1
2016-02-06 05:00:00,9.0,90,100,0.0,23.0,0.0
2016-02-06 06:00:00,9.0,90,100,0.0,23.5,0.0
2016-02-06 07:00:00,9.2,89,100,0.0,25.1,0.0
2016-02-06 08:00:00,9.4,89,100,0.0,27.9,0.2
2016-02-06 09:00:00,9.3,90,100,1.0,29.4,0.4
2016-02-06 10:00:00,9.5,90,100,10.0,29.7,0.2
2016-02-06 11:00:00,9.6,90,100,28.0,29.9,0.3
2016-02-06 12:00:00,9.5,91,100,22.0,33.0,0.4
2016-02-06 13:00:00,9.9,87,100,57.0,36.7,0.0
2016-02-06 14:00:00,10.3,83,100,101.0,38.2,0.0
2016-02-06 15:00:00,10.6,82,100,108.0,37.8,0.0
2016-02-06 16:00:00,10.8,77,100,70.0,41.3,0.0
2016-02-06 17:00:00,10.9,72,98,43.0,42.6,0.0
2016-02-06 18:00:00,10.8,70,100,14.0,42.2,0.0
2016-02-06 19:00:00,10.8,68,100,0.0,39.8,0.0
2016-02-06 20:00:00,10.0,72,100,0.0,38.1,0.5
2016-02-06 21:00:00,9.0,82,100,0.0,37.5,1.0
2016-02-06 22:00:00,8.7,84,100,0.0,37.5,1.4
2016-02-06 23:00:00,8.6,86,100,0.0,37.2,1.7
2016-02-07 00:00:00,8.1,90,100,0.0,28.5,1.3
2016-02-07 01:00:00,7.3,89,99,0.0,18.5,0.4
2016-02-07 02:00:00,6.7,86,82,0.0,16.8,0.0
2016-02-07 03:00:00,6.1,87,57,0.0,18.1,0.0
2016-02-07 04:00:00,5.5,89,15,0.0,18.7,0.0
2016-02-07 05:00:00,5.2,88,7,0.0,20.3,0.0
2016-02-07 06:00:00,4.8,87,15,0.0,20.6,0.0
2016-02-07 07:00:00,4.5,87,11,0.0,20.7,0.0
2016-02-07 08:00:00,4.4,82,7,0.0,22.0,0.0
2016-02-07 09:00:00,4.3,83,11,5.0,23.1,0.0
2016-02-07 10:00:00,5.2,79,16,82.0,25.1,0.0
2016-02-07 11:00:00,6.6,74,51,195.0,22.6,0.0
2016-02-07 12:00:00,7.9,64,52,280.0,28.5,0.0
2016-02-07 13:00:00,8.6,59,32,283.0,32.4,0.0
2016-02-07 14:00:00,8.8,58,57,276.0,31.4,0.0
2016-02-07 15:00:00,8.9,57,98,253.0,30.3,0.0
2016-02-07 16:00:00,8.8,57,100,206.0,28.6,0.0
2016-02-07 17:00:00,8.1,60,100,81.0,27.7,0.0
2016-02-07 18:00:00,7.5,62,100,18.0,27.7,0.0
2016-02-07 19:00:00,6.8,70,100,0.0,30.9,0.0
2016-02-07 20:00:00,6.9,85,100,0.0,34.6,1.1
2016-02-07 21:00:00,6.9,90,100,0.0,38.8,1.7
2016-02-07 22:00:00,7.5,91,99,0.0,40.0,0.6
2016-02-07 23:00:00,8.5,92,97,0.0,37.4,0.7
2016-02-08 00:00:00,9.5,92,93,0.0,36.2,0.5
2016-02-08 01:00:00,9.5,87,81,0.0,37.5,1.3
2016-02-08 02:00:00,8.6,85,66,0.0,31.2,0.5
2016-02-08 03:00:00,7.3,85,79,0.0,33.5,0.6
2016-02-08 04:00:00,6.8,85,36,0.0,29.6,0.1
2016-02-08 05:00:00,6.5,82,60,0.0,29.9,0.0
2016-02-08 06:00:00,6.2,78,45,0.0,29.5,0.0
2016-02-08 07:00:00,6.1,76,52,0.0,31.2,0.0
2016-02-08 08:00:00,6.2,75,9,0.0,32.4,0.0
2016-02-08 09:00:00,6.2,70,9,6.0,34.0,0.0
2016-02-08 10:00:00,6.7,67,10,91.0,36.6,0.0
2016-02-08 11:00:00,7.6,66,62,204.0,30.6,0.0
2016-02-08 12:00:00,8.5,62,71,297.0,36.4,0.0
2016-02-08 13:00:00,9.0,61,89,329.0,49.8,0.0
2016-02-08 14:00:00,8.8,65,77,232.0,42.9,0.0
2016-02-08 15:00:00,9.3,63,61,238.0,43.3,0.0
2016-02-08 16:00:00,8.6,68,83,155.0,43.8,0.4
2016-02-08 17:00:00,8.4,67,93,86.0,43.2,0.0
2016-02-08 18:00:00,8.0,68,68,27.0,41.6,0.0
2016-02-08 19:00:00,7.7,66,69,0.0,39.5,0.0
2016-02-08 20:00:00,7.4,69,19,0.0,37.6,0.0
2016-02-08 21:00:00,6.9,68,22,0.0,35.6,0.0
2016-02-08 22:00:00,6.3,66,19,0.0,34.0,0.0
2016-02-08 23:00:00,5.8,65,4,0.0,28.9,0.0
2016-02-09 00:00:00,5.3,65,0,0.0,28.2,0.0
2016-02-09 01:00:00,4.9,68,2,0.0,25.7,0.0
2016-02-09 02:00:00,4.6,71,34,0.0,26.9,0.0
2016-02-09 03:00:00,4.4,72,22,0.0,26.0,0.0
2016-02-09 04:00:00,4.2,73,100,0.0,23.0,0.0
2016-02-09 05:00:00,4.0,75,52,0.0,19.9,0.0
2016-02-09 06:00:00,3.8,77,100,0.0,16.5,0.0
2016-02-09 07:00:00,3.9,77,100,0.0,14.9,0.0
2016-02-09 08:00:00,4.1,85,100,0.0,12.0,0.3
2016-02-09 09:00:00,3.9,89,100,3.0,9.2,0.2
2016-02-09 10:00:00,4.1,91,100,26.0,10.5,0.1
2016-02-09 11:00:00,4.4,92,100,65.0,8.0,0.1
2016-02-09 12:00:00,4.9,85,100,113.0,13.0,0.0
2016-02-09 13:00:00,5.5,80,100,178.0,15.2,0.0
2016-02-09 14:00:00,6.0,72,80,234.0,19.0,0.0
2016-02-09 15:00:00,6.5,60,60,293.0,21.6,0.0
2016-02-09 16:00:00,6.5,57,18,229.0,20.9,0.0
2016-02-09 17:00:00,6.1,58,5,130.0,18.3,0.0
2016-02-09 18:00:00,5.1,60,36,41.0,18.0,0.0
2016-02-09 19:00:00,4.2,62,44,0.0,20.9,0.0
2016-02-09 20:00:00,4.0,69,87,0.0,22.5,0.2
2016-02-09 21:00:00,3.6,76,79,0.0,22.7,0.0
2016-02-09 22:00:00,3.1,81,90,0.0,22.1,0.0
2016-02-09 23:00:00,3.0,82,100,0.0,21.4,0.0
2016-02-10 00:00:00,3.2,82,94,0.0,21.0,0.0
2016-02-10 01:00:00,3.5,83,98,0.0,20.7,0.0
2016-02-10 02:00:00,3.7,82,100,0.0,22.0,0.0
2016-02-10 03:00:00,3.3,83,98,0.0,22.0,0.0
2016-02-10 04:00:00,3.1,85,96,0.0,21.6,0.0
2016-02-10 05:00:00,3.0,87,75,0.0,21.2,0.0
2016-02-10 06:00:00,2.9,89,24,0.0,20.5,0.0
2016-02-10 07:00:00,2.8,89,32,0.0,20.2,0.0
2016-02-10 08:00:00,2.7,89,68,0.0,19.1,0.0
2016-02-10 09:00:00,3.0,88,80,6.0,18.4,0.0
2016-02-10 10:00:00,3.8,87,92,48.0,16.3,0.0
2016-02-10 11:00:00,4.7,83,94,96.0,20.1,0.0
2016-02-10 12:00:00,6.0,74,98,180.0,19.3,0.0
2016-02-10 13:00:00,6.5,73,70,145.0,18.1,0.0
2016-02-10 14:00:00,7.0,70,44,160.0,17.1,0.0
2016-02-10 15:00:00,7.4,66,44,170.0,16.8,0.0
2016-02-10 16:00:00,7.4,64,37,170.0,15.5,0.0
2016-02-10 17:00:00,7.2,63,18,127.0,13.9,0.0
2016-02-10 18:00:00,6.1,67,11,42.0,11.8,0.0
2016-02-10 19:00:00,5.0,70,9,0.0,10.4,0.0
2016-02-10 20:00:00,3.7,81,2,0.0,9.3,0.0
2016-02-10 21:00:00,2.4,86,5,0.0,8.5,0.0
2016-02-10 22:00:00,1.4,88,12,0.0,8.5,0.0
2016-02-10 23:00:00,0.4,90,0,0.0,7.1,0.0
2016-02-11 00:00:00,-0.2,91,1,0.0,6.9,0.0
2016-02-11 01:00:00,-0.8,92,27,0.0,6.8,0.0
2016-02-11 02:00:00,-1.2,93,65,0.0,6.8,0.0
2016-02-11 03:00:00,-1.5,93,74,0.0,6.8,0.0
2016-02-11 04:00:00,-1.8,94,88,0.0,6.1,0.0
2016-02-11 05:00:00,-1.9,94,89,0.0,5.9,0.0
2016-02-11 06:00:00,-2.1,95,90,0.0,5.6,0.0
2016-02-11 07:00:00,-2.0,95,93,0.0,5.2,0.0
2016-02-11 08:00:00,-1.1,95,96,0.0,5.5,0.0
2016-02-11 09:00:00,-0.9,96,92,8.0,3.8,0.0
2016-02-11 10:00:00,0.6,94,48,86.0,4.2,0.0
2016-02-11 11:00:00,3.3,88,83,215.0,1.8,0.0
2016-02-11 12:00:00,5.5,80,76,314.0,3.8,0.0
2016-02-11 13:00:00,6.6,72,49,361.0,6.0,0.0
2016-02-11 14:00:00,7.2,66,39,356.0,8.2,0.0
2016-02-11 15:00:00,7.3,63,45,282.0,8.2,0.0
2016-02-11 16:00:00,7.2,61,40,242.0,7.6,0.0
2016-02-11 17:00:00,6.7,64,17,164.0,5.4,0.0
2016-02-11 18:00:00,5.4,70,17,48.0,7.9,0.0
2016-02-11 19:00:00,3.7,78,25,0.0,6.8,0.0
2016-02-11 20:00:00,2.2,88,39,0.0,7.0,0.0
2016-02-11 21:00:00,1.1,90,29,0.0,7.2,0.0
2016-02-11 22:00:00,0.7,92,36,0.0,7.2,0.0
2016-02-11 23:00:00,0.1,93,13,0.0,7.9,0.0
2016-02-12 00:00:00,-0.2,94,3,0.0,8.9,0.0
2016-02-12 01:00:00,-0.5,95,9,0.0,9.9,0.0
2016-02-12 02:00:00,-0.5,95,24,0.0,9.7,0.0
2016-02-12 03:00:00,-0.3,95,58,0.0,9.4,0.0
2016-02-12 04:00:00,-0.2,96,48,0.0,9.4,0.0
2016-02-12 05:00:00,-0.2,96,38,0.0,9.9,0.0
2016-02-12 06:00:00,0.6,96,45,0.0,10.4,0.0
2016-02-12 07:00:00,0.5,96,41,0.0,11.1,0.0
2016-02-12 08:00:00,0.4,97,32,0.0,12.0,0.0
2016-02-12 09:00:00,1.0,97,27,10.0,13.4,0.0
2016-02-12 10:00:00,2.9,96,28,98.0,14.8,0.0
2016-02-12 11:00:00,4.8,86,85,192.0,15.9,0.0
2016-02-12 12:00:00,5.8,82,98,254.0,14.4,0.1
2016-02-12 13:00:00,6.5,75,95,315.0,14.4,0.2
2016-02-12 14:00:00,6.5,75,86,273.0,15.2,0.2
2016-02-12 15:00:00,6.7,75,78,268.0,14.9,0.0
2016-02-12 16:00:00,6.3,76,37,206.0,14.9,0.1
2016-02-12 17:00:00,5.8,80,37,137.0,13.8,0.0
2016-02-12 18:00:00,4.8,84,34,36.0,12.0,0.0
2016-02-12 19:00:00,4.0,86,34,0.0,10.9,0.0
2016-02-12 20:00:00,3.2,87,31,0.0,9.0,0.0
2016-02-12 21:00:00,2.5,90,30,0.0,8.7,0.0
2016-02-12 22:00:00,1.7,91,36,0.0,7.6,0.0
2016-02-12 23:00:00,1.1,91,40,0.0,8.7,0.0
2016-02-13 00:00:00,0.7,91,27,0.0,10.4,0.0
2016-02-13 01:00:00,0.3,91,24,0.0,11.2,0.0
2016-02-13 02:00:00,0.4,91,37,0.0,11.7,0.0
2016-02-13 03:00:00,0.1,91,68,0.0,11.9,0.0
2016-02-13 04:00:00,0.9,90,100,0.0,12.0,0.0
2016-02-13 05:00:00,1.7,90,100,0.0,14.4,0.0
2016-02-13 06:00:00,1.9,92,100,0.0,15.3,0.0
2016-02-13 07:00:00,2.3,93,100,0.0,15.2,0.0
2016-02-13 08:00:00,2.5,92,100,0.0,18.4,0.0
2016-02-13 09:00:00,2.9,91,100,4.0,20.5,0.1
2016-02-13 10:00:00,3.2,90,100,27.0,21.3,0.2
2016-02-13 11:00:00,3.3,90,100,50.0,23.4,0.4
2016-02-13 12:00:00,3.7,87,100,108.0,24.4,0.4
2016-02-13 13:00:00,4.1,87,100,142.0,25.7,0.4
2016-02-13 14:00:00,4.5,82,100,170.0,24.5,0.2
2016-02-13 15:00:00,5.1,81,98,166.0,24.9,0.2
2016-02-13 16:00:00,5.0,83,94,104.0,23.2,0.2
2016-02-13 17:00:00,4.7,85,93,53.0,18.6,0.2
2016-02-13 18:00:00,4.4,88,99,21.0,14.8,0.2
2016-02-13 19:00:00,4.1,90,100,0.0,14.4,0.2
2016-02-13 20:00:00,3.7,91,100,0.0,15.0,0.4
2016-02-13 21:00:00,3.5,92,100,0.0,14.7,0.4
2016-02-13 22:00:00,3.3,93,100,0.0,14.2,0.3
2016-02-13 23:00:00,3.3,93,100,0.0,12.6,0.2
2016-02-14 00:00:00,3.2,93,100,0.0,12.3,0.2
2016-02-14 01:00:00,3.1,93,100,0.0,12.1,0.1
2016-02-14 02:00:00,2.9,94,100,0.0,12.1,0.0
2016-02-14 03:00:00,2.7,93,99,0.0,13.0,0.0
2016-02-14 04:00:00,2.6,93,99,0.0,13.7,0.1
2016-02-14 05:00:00,2.6,93,99,0.0,14.2,0.1
2016-02-14 06:00:00,2.5,93,100,0.0,15.1,0.0
2016-02-14 07:00:00,2.4,93,98,0.0,15.1,0.0
2016-02-14 08:00:00,2.5,92,98,0.0,15.9,0.0
2016-02-14 09:00:00,2.3,93,99,10.0,17.1,0.0
2016-02-14 10:00:00,2.9,92,96,89.0,16.6,0.0
2016-02-14 11:00:00,4.0,83,96,206.0,18.9,0.0
2016-02-14 12:00:00,5.0,75,97,265.0,18.3,0.0
2016-02-14 13:00:00,5.5,68,97,258.0,20.8,0.0
2016-02-14 14:00:00,5.9,64,95,291.0,23.3,0.0
2016-02-14 15:00:00,5.9,63,99,264.0,23.8,0.0
2016-02-14 16:00:00,5.6,65,98,211.0,24.4,0.0
2016-02-14 17:00:00,4.9,67,97,141.0,23.0,0.0
2016-02-14 18:00:00,4.0,69,95,54.0,22.1,0.0
2016-02-14 19:00:00,2.9,70,91,0.0,21.6,0.0
2016-02-14 20:00:00,2.3,65,33,0.0,22.0,0.0
2016-02-14 21:00:00,1.8,66,0,0.0,21.6,0.0
2016-02-14 22:00:00,1.4,68,1,0.0,21.3,0.0
2016-02-14 23:00:00,1.1,70,6,0.0,20.6,0.0
2016-02-15 00:00:00,0.7,73,6,0.0,19.7,0.0
2016-02-15 01:00:00,0.3,76,6,0.0,20.4,0.0
2016-02-15 02:00:00,0.1,78,4,0.0,20.4,0.0
2016-02-15 03:00:00,-0.1,81,4,0.0,20.5,0.0
2016-02-15 04:00:00,-0.2,83,1,0.0,20.1,0.0
2016-02-15 05:00:00,-0.4,86,2,0.0,19.5,0.0
2016-02-15 06:00:00,-0.5,89,0,0.0,18.9,0.0
2016-02-15 07:00:00,-0.5,91,1,0.0,18.3,0.0
2016-02-15 08:00:00,-0.6,90,10,0.0,18.0,0.0
2016-02-15 09:00:00,-0.1,91,30,16.0,19.1,0.0
2016-02-15 10:00:00,1.4,87,33,108.0,18.8,0.0
2016-02-15 11:00:00,3.0,76,63,235.0,27.1,0.0
2016-02-15 12:00:00,3.9,70,70,298.0,26.6,0.0
2016-02-15 13:00:00,4.7,65,57,320.0,25.8,0.0
2016-02-15 14:00:00,5.3,60,68,311.0,24.2,0.0
2016-02-15 15:00:00,5.6,57,75,256.0,21.7,0.0
2016-02-15 16:00:00,5.6,57,61,166.0,21.0,0.0
2016-02-15 17:00:00,5.4,59,48,124.0,17.2,0.0
2016-02-15 18:00:00,4.4,64,28,57.0,14.6,0.0
2016-02-15 19:00:00,3.4,71,27,1.0,13.0,0.0
2016-02-15 20:00:00,2.6,78,27,0.0,14.2,0.0
2016-02-15 21:00:00,2.0,83,22,0.0,14.2,0.0
2016-02-15 22:00:00,1.5,87,14,0.0,13.6,0.0
2016-02-15 23:00:00,0.7,90,3,0.0,10.9,0.0
2016-02-16 00:00:00,0.1,92,0,0.0,10.0,0.0
2016-02-16 01:00:00,-0.7,94,0,0.0,8.8,0.0
2016-02-16 02:00:00,-1.5,94,0,0.0,8.3,0.0
2016-02-16 03:00:00,-2.2,95,0,0.0,6.7,0.0
2016-02-16 04:00:00,-2.3,95,0,0.0,8.3,0.0
2016-02-16 05:00:00,-1.8,96,4,0.0,7.2,0.0
2016-02-16 06:00:00,-1.0,96,26,0.0,6.9,0.0
2016-02-16 07:00:00,-1.1,97,8,0.0,1.8,0.0
2016-02-16 08:00:00,-1.4,99,56,0.0,3.3,0.0
2016-02-16 09:00:00,-2.2,98,100,18.0,4.1,0.0
2016-02-16 10:00:00,-0.7,96,100,107.0,3.7,0.0
2016-02-16 11:00:00,1.0,95,77,198.0,5.4,0.0
2016-02-16 12:00:00,2.9,90,4,288.0,8.7,0.0
2016-02-16 13:00:00,4.8,80,5,373.0,11.0,0.0
2016-02-16 14:00:00,5.9,68,26,424.0,12.2,0.0
2016-02-16 15:00:00,6.1,64,36,339.0,14.2,0.0
2016-02-16 16:00:00,6.0,63,5,239.0,15.9,0.0
2016-02-16 17:00:00,5.7,63,83,156.0,14.2,0.0
2016-02-16 18:00:00,4.9,67,100,44.0,12.8,0.0
2016-02-16 19:00:00,3.9,72,66,1.0,13.3,0.0
2016-02-16 20:00:00,2.6,83,100,0.0,13.4,0.0
2016-02-16 21:00:00,2.3,84,100,0.0,13.6,0.0
2016-02-16 22:00:00,2.2,84,100,0.0,13.6,0.0
2016-02-16 23:00:00,2.1,84,100,0.0,12.6,0.0
2016-02-17 00:00:00,2.1,82,100,0.0,14.2,0.0
2016-02-17 01:00:00,2.1,81,100,0.0,15.3,0.0
2016-02-17 02:00:00,2.2,80,99,0.0,15.5,0.0
2016-02-17 03:00:00,2.3,79,100,0.0,15.1,0.0
2016-02-17 04:00:00,2.4,78,99,0.0,14.8,0.0
2016-02-17 05:00:00,2.3,78,100,0.0,14.4,0.0
2016-02-17 06:00:00,1.9,81,100,0.0,14.4,0.0
2016-02-17 07:00:00,1.8,80,100,0.0,14.9,0.0
2016-02-17 08:00:00,1.9,83,99,0.0,15.8,0.0
2016-02-17 09:00:00,2.3,81,100,16.0,16.7,0.0
2016-02-17 10:00:00,3.5,77,100,94.0,16.6,0.0
2016-02-17 11:00:00,4.6,73,100,158.0,18.9,0.0
2016-02-17 12:00:00,5.4,66,100,227.0,21.0,0.0
2016-02-17 13:00:00,6.0,63,100,291.0,19.6,0.0
2016-02-17 14:00:00,6.4,61,100,268.0,18.4,0.0
2016-02-17 15:00:00,6.6,63,100,258.0,17.9,0.0
2016-02-17 16:00:00,6.3,67,100,157.0,16.9,0.0
2016-02-17 17:00:00,5.8,71,100,72.0,15.6,0.1
2016-02-17 18:00:00,5.1,77,100,20.0,14.8,0.3
2016-02-17 19:00:00,4.5,82,100,0.0,15.1,0.4
2016-02-17 20:00:00,4.1,91,100,0.0,15.9,0.8
2016-02-17 21:00:00,4.1,92,100,0.0,16.2,1.0
2016-02-17 22:00:00,4.1,93,100,0.0,16.9,1.1
2016-02-17 23:00:00,4.1,94,100,0.0,14.8,1.0
2016-02-18 00:00:00,4.1,95,100,0.0,13.4,0.8
2016-02-18 01:00:00,4.1,95,100,0.0,10.5,0.7
2016-02-18 02:00:00,4.0,97,100,0.0,8.1,0.4
2016-02-18 03:00:00,3.6,98,100,0.0,9.7,0.2
2016-02-18 04:00:00,3.0,99,100,0.0,11.9,0.2
2016-02-18 05:00:00,2.5,98,100,0.0,13.9,0.2
2016-02-18 06:00:00,2.1,97,100,0.0,15.0,0.2
2016-02-18 07:00:00,2.0,96,100,0.0,15.2,0.0
2016-02-18 08:00:00,2.6,97,100,0.0,14.8,0.0
2016-02-18 09:00:00,2.7,96,96,10.0,14.7,0.0
2016-02-18 10:00:00,3.3,88,62,77.0,17.9,0.0
2016-02-18 11:00:00,3.8,84,83,151.0,16.6,0.0
2016-02-18 12:00:00,4.8,76,65,250.0,15.6,0.0
2016-02-18 13:00:00,5.8,67,33,338.0,15.0,0.0
2016-02-18 14:00:00,6.7,59,37,401.0,14.9,0.0
2016-02-18 15:00:00,7.0,56,31,386.0,14.8,0.0
2016-02-18 16:00:00,6.8,56,23,281.0,13.2,0.0
2016-02-18 17:00:00,6.4,57,16,189.0,10.3,0.0
2016-02-18 18:00:00,5.3,62,16,70.0,5.6,0.0
2016-02-18 19:00:00,4.0,68,3,2.0,7.6,0.0
2016-02-18 20:00:00,2.3,78,2,0.0,7.6,0.0
2016-02-18 21:00:00,1.0,82,25,0.0,8.0,0.0
2016-02-18 22:00:00,0.5,83,35,0.0,8.7,0.0
2016-02-18 23:00:00,-0.1,85,25,0.0,9.8,0.0
2016-02-19 00:00:00,-0.5,88,30,0.0,9.6,0.0
2016-02-19 01:00:00,-0.9,91,2,0.0,8.8,0.0
2016-02-19 02:00:00,-1.2,93,0,0.0,8.2,0.0
2016-02-19 03:00:00,-1.8,94,0,0.0,9.0,0.0
2016-02-19 04:00:00,-2.1,94,0,0.0,9.0,0.0
2016-02-19 05:00:00,-2.3,94,0,0.0,9.2,0.0
2016-02-19 06:00:00,-2.4,94,0,0.0,9.7,0.0
2016-02-19 07:00:00,-2.3,93,7,0.0,10.0,0.0
2016-02-19 08:00:00,-2.2,94,77,0.0,10.2,0.0
2016-02-19 09:00:00,-1.3,94,9,26.0,11.4,0.0
2016-02-19 10:00:00,2.0,90,9,142.0,12.2,0.0
2016-02-19 11:00:00,4.8,82,11,263.0,12.2,0.0
2016-02-19 12:00:00,6.8,72,12,359.0,14.8,0.0
2016-02-19 13:00:00,8.0,62,35,395.0,22.0,0.0
2016-02-19 14:00:00,8.4,61,43,385.0,22.9,0.0
2016-02-19 15:00:00,8.6,61,72,300.0,24.0,0.0
2016-02-19 16:00:00,8.2,68,88,211.0,22.9,0.0
2016-02-19 17:00:00,7.6,75,100,118.0,23.5,0.0
2016-02-19 18:00:00,7.1,80,100,35.0,25.1,0.0
2016-02-19 19:00:00,6.9,82,100,1.0,26.6,0.1
2016-02-19 20:00:00,7.3,86,100,0.0,29.2,0.5
2016-02-19 21:00:00,7.4,88,100,0.0,30.4,0.2
2016-02-19 22:00:00,7.7,89,100,0.0,30.3,0.2
2016-02-19 23:00:00,8.0,92,100,0.0,26.7,0.2
2016-02-20 00:00:00,8.3,94,100,0.0,25.4,0.0
2016-02-20 01:00:00,8.5,95,100,0.0,24.5,0.0
2016-02-20 02:00:00,8.6,95,100,0.0,24.3,0.0
2016-02-20 03:00:00,8.6,93,100,0.0,23.2,0.0
2016-02-20 04:00:00,8.4,90,100,0.0,22.4,0.0
2016-02-20 05:00:00,8.2,89,100,0.0,21.5,0.0
2016-02-20 06:00:00,8.0,88,100,0.0,20.4,0.0
2016-02-20 07:00:00,7.7,87,100,0.0,20.7,0.0
2016-02-20 08:00:00,8.1,89,100,0.0,19.9,0.0
2016-02-20 09:00:00,8.0,88,100,12.0,19.6,0.0
2016-02-20 10:00:00,8.4,87,100,53.0,21.7,0.0
2016-02-20 11:00:00,8.8,85,99,92.0,19.6,0.0
2016-02-20 12:00:00,9.3,77,100,164.0,27.9,0.0
2016-02-20 13:00:00,9.5,76,99,137.0,25.5,0.0
2016-02-20 14:00:00,9.8,79,100,121.0,29.9,0.0
2016-02-20 15:00:00,10.2,84,100,50.0,29.9,0.4
2016-02-20 16:00:00,11.0,88,100,32.0,31.9,0.2
2016-02-20 17:00:00,11.5,88,100,27.0,32.6,0.0
2016-02-20 18:00:00,11.5,87,100,15.0,32.7,0.0
2016-02-20 19:00:00,11.4,87,100,1.0,33.2,0.0
2016-02-20 20:00:00,10.8,90,100,0.0,33.5,0.0
2016-02-20 21:00:00,10.7,89,100,0.0,33.1,0.0
2016-02-20 22:00:00,10.7,88,100,0.0,32.8,0.0
2016-02-20 23:00:00,10.6,87,100,0.0,29.2,0.0
2016-02-21 00:00:00,10.6,86,100,0.0,29.6,0.0
2016-02-21 01:00:00,10.6,87,100,0.0,28.6,0.0
2016-02-21 02:00:00,10.6,86,100,0.0,27.6,0.0
2016-02-21 03:00:00,10.6,86,100,0.0,27.7,0.0
2016-02-21 04:00:00,10.7,86,100,0.0,26.7,0.0
2016-02-21 05:00:00,10.8,85,100,0.0,26.3,0.0
2016-02-21 06:00:00,10.8,86,100,0.0,27.1,0.0
2016-02-21 07:00:00,10.8,87,100,0.0,27.5,0.0
2016-02-21 08:00:00,10.6,88,100,0.0,28.0,0.0
2016-02-21 09:00:00,10.8,87,100,7.0,29.5,0.0
2016-02-21 10:00:00,11.0,86,100,35.0,31.2,0.0
2016-02-21 11:00:00,11.3,85,100,66.0,30.9,0.0
2016-02-21 12:00:00,11.6,84,100,106.0,31.3,0.0
2016-02-21 13:00:00,12.0,83,100,134.0,31.5,0.0
2016-02-21 14:00:00,11.9,84,100,100.0,32.0,0.0
2016-02-21 15:00:00,12.0,83,100,115.0,33.1,0.0
2016-02-21 16:00:00,11.8,84,100,75.0,31.3,0.0
2016-02-21 17:00:00,11.8,83,100,56.0,29.7,0.0
2016-02-21 18:00:00,11.6,82,100,25.0,29.3,0.0
2016-02-21 19:00:00,11.4,81,100,2.0,29.5,0.0
2016-02-21 20:00:00,11.2,85,100,0.0,29.5,0.0
2016-02-21 21:00:00,10.9,85,100,0.0,30.1,0.0
2016-02-21 22:00:00,10.7,85,100,0.0,30.1,0.0
2016-02-21 23:00:00,10.6,85,100,0.0,27.7,0.0
2016-02-22 00:00:00,10.5,86,100,0.0,28.4,0.0
2016-02-22 01:00:00,10.5,86,100,0.0,27.5,0.0
2016-02-22 02:00:00,10.6,86,100,0.0,25.8,0.0
2016-02-22 03:00:00,10.6,87,100,0.0,25.0,0.0
2016-02-22 04:00:00,10.6,87,100,0.0,24.0,0.0
2016-02-22 05:00:00,10.6,87,100,0.0,23.0,0.0
2016-02-22 06:00:00,10.1,88,100,0.0,20.4,0.2
2016-02-22 07:00:00,9.1,87,100,0.0,17.1,0.0
2016-02-22 08:00:00,9.2,92,100,0.0,13.9,0.2
2016-02-22 09:00:00,8.7,92,100,3.0,11.8,0.2
2016-02-22 10:00:00,8.4,91,100,18.0,11.5,0.3
2016-02-22 11:00:00,8.1,88,100,46.0,12.0,0.3
2016-02-22 12:00:00,7.7,85,100,71.0,12.8,0.3
2016-02-22 13:00:00,7.1,83,98,78.0,13.0,0.2
2016-02-22 14:00:00,7.0,74,94,159.0,12.1,0.0
2016-02-22 15:00:00,6.7,71,98,105.0,14.7,0.0
2016-02-22 16:00:00,6.7,67,98,123.0,14.7,0.0
2016-02-22 17:00:00,6.7,64,82,104.0,12.9,0.0
2016-02-22 18:00:00,6.3,65,98,72.0,9.6,0.0
2016-02-22 19:00:00,5.5,67,100,4.0,8.8,0.0
2016-02-22 20:00:00,6.1,67,100,0.0,8.3,0.0
2016-02-22 21:00:00,5.6,69,99,0.0,8.6,0.0
2016-02-22 22:00:00,5.4,70,41,0.0,9.1,0.0
2016-02-22 23:00:00,4.6,73,50,0.0,7.9,0.0
2016-02-23 00:00:00,3.3,77,50,0.0,9.4,0.0
2016-02-23 01:00:00,2.5,79,16,0.0,9.8,0.0
2016-02-23 02:00:00,1.7,83,11,0.0,10.8,0.0
2016-02-23 03:00:00,1.2,85,76,0.0,11.2,0.0
2016-02-23 04:00:00,0.9,87,27,0.0,11.8,0.0
2016-02-23 05:00:00,1.0,87,11,0.0,11.6,0.0
2016-02-23 06:00:00,0.7,89,6,0.0,11.2,0.0
2016-02-23 07:00:00,0.8,90,2,0.0,11.6,0.0
2016-02-23 08:00:00,0.9,90,9,0.0,11.4,0.0
2016-02-23 09:00:00,1.3,91,13,38.0,12.1,0.0
2016-02-23 10:00:00,3.5,86,14,143.0,12.4,0.0
2016-02-23 11:00:00,5.3,80,17,280.0,11.5,0.0
2016-02-23 12:00:00,6.4,74,19,350.0,11.2,0.0
2016-02-23 13:00:00,6.9,69,33,344.0,10.4,0.2
2016-02-23 14:00:00,7.5,70,51,390.0,10.1,0.0
2016-02-23 15:00:00,7.8,70,73,350.0,10.2,0.0
2016-02-23 16:00:00,7.7,69,88,326.0,9.8,0.0
2016-02-23 17:00:00,6.2,71,50,216.0,10.7,0.3
2016-02-23 18:00:00,5.7,70,36,86.0,7.3,0.0
2016-02-23 19:00:00,4.5,76,25,6.0,6.2,0.0
2016-02-23 20:00:00,3.6,81,17,0.0,8.3,0.0
2016-02-23 21:00:00,3.3,78,11,0.0,7.2,0.0
2016-02-23 22:00:00,3.2,77,9,0.0,6.0,0.0
2016-02-23 23:00:00,2.5,79,6,0.0,8.1,0.0
2016-02-24 00:00:00,1.5,83,4,0.0,9.0,0.0
2016-02-24 01:00:00,0.8,86,2,0.0,8.9,0.0
2016-02-24 02:00:00,0.6,87,3,0.0,8.8,0.0
2016-02-24 03:00:00,0.8,87,2,0.0,7.6,0.0
2016-02-24 04:00:00,1.0,89,16,0.0,6.1,0.0
2016-02-24 05:00:00,0.7,91,24,0.0,4.0,0.0
2016-02-24 06:00:00,0.3,93,39,0.0,3.8,0.0
2016-02-24 07:00:00,-1.0,96,49,0.0,3.9,0.0
2016-02-24 08:00:00,0.0,97,60,0.0,4.3,0.0
2016-02-24 09:00:00,0.1,97,64,33.0,4.4,0.0
2016-02-24 10:00:00,2.6,92,82,139.0,3.9,0.0
2016-02-24 11:00:00,4.1,85,69,227.0,3.9,0.0
2016-02-24 12:00:00,5.5,66,66,322.0,4.3,0.0
2016-02-24 13:00:00,5.9,57,48,348.0,3.4,0.0
2016-02-24 14:00:00,6.4,52,53,394.0,4.3,0.0
2016-02-24 15:00:00,6.3,53,53,268.0,6.5,0.0
2016-02-24 16:00:00,6.2,52,56,258.0,7.2,0.0
2016-02-24 17:00:00,5.8,54,41,175.0,7.9,0.0
2016-02-24 18:00:00,5.0,59,21,89.0,5.8,0.0
2016-02-24 19:00:00,3.7,64,12,7.0,6.5,0.0
2016-02-24 20:00:00,2.6,71,4,0.0,6.9,0.0
2016-02-24 21:00:00,1.2,78,2,0.0,7.4,0.0
2016-02-24 22:00:00,-0.3,83,0,0.0,7.8,0.0
2016-02-24 23:00:00,-1.1,83,0,0.0,7.7,0.0
2016-02-25 00:00:00,-1.9,86,0,0.0,7.2,0.0
2016-02-25 01:00:00,-2.5,87,0,0.0,7.1,0.0
2016-02-25 02:00:00,-2.9,89,0,0.0,6.9,0.0
2016-02-25 03:00:00,-3.1,90,0,0.0,7.1,0.0
2016-02-25 04:00:00,-3.3,92,1,0.0,7.7,0.0
2016-02-25 05:00:00,-3.4,93,2,0.0,7.8,0.0
2016-02-25 06:00:00,-3.4,95,5,0.0,8.1,0.0
2016-02-25 07:00:00,-3.6,95,11,0.0,8.9,0.0
2016-02-25 08:00:00,-3.0,94,23,0.0,9.8,0.0
2016-02-25 09:00:00,-1.6,94,42,43.0,11.8,0.0
2016-02-25 10:00:00,1.3,87,63,128.0,12.7,0.0
2016-02-25 11:00:00,2.6,83,77,221.0,11.0,0.0
2016-02-25 12:00:00,3.5,75,77,252.0,10.4,0.0
2016-02-25 13:00:00,4.3,65,80,329.0,10.7,0.0
2016-02-25 14:00:00,4.6,60,80,317.0,12.0,0.0
2016-02-25 15:00:00,5.0,54,71,311.0,12.0,0.0
2016-02-25 16:00:00,4.7,52,81,151.0,11.0,0.0
2016-02-25 17:00:00,4.4,52,81,117.0,9.3,0.0
2016-02-25 18:00:00,4.1,55,83,47.0,5.4,0.0
2016-02-25 19:00:00,3.1,63,77,6.0,6.7,0.0
2016-02-25 20:00:00,2.8,67,93,0.0,5.8,0.0
2016-02-25 21:00:00,2.5,67,99,0.0,4.7,0.0
2016-02-25 22:00:00,1.4,76,96,0.0,3.9,0.0
2016-02-25 23:00:00,0.8,80,97,0.0,4.8,0.0
2016-02-26 00:00:00,0.6,81,99,0.0,5.3,0.0
2016-02-26 01:00:00,0.5,82,100,0.0,4.3,0.0
2016-02-26 02:00:00,0.0,84,99,0.0,4.7,0.0
2016-02-26 03:00:00,0.1,82,100,0.0,5.0,0.0
2016-02-26 04:00:00,-0.2,83,100,0.0,5.2,0.0
2016-02-26 05:00:00,-0.7,85,99,0.0,5.7,0.0
2016-02-26 06:00:00,-1.2,87,100,0.0,6.9,0.0
2016-02-26 07:00:00,-1.7,87,100,0.0,7.4,0.0
2016-02-26 08:00:00,-1.6,85,100,0.0,8.1,0.0
2016-02-26 09:00:00,-0.4,84,100,33.0,9.5,0.0
2016-02-26 10:00:00,2.3,76,99,112.0,10.5,0.0
2016-02-26 11:00:00,4.2,68,100,203.0,11.1,0.0
2016-02-26 12:00:00,5.4,59,100,306.0,13.2,0.0
2016-02-26 13:00:00,6.4,52,100,416.0,13.2,0.0
2016-02-26 14:00:00,6.8,51,100,363.0,12.2,0.0
2016-02-26 15:00:00,6.6,53,96,220.0,12.1,0.0
2016-02-26 16:00:00,6.2,57,82,158.0,12.1,0.0
2016-02-26 17:00:00,5.8,61,83,114.0,12.7,0.0
2016-02-26 18:00:00,5.2,67,96,52.0,10.5,0.0
2016-02-26 19:00:00,4.2,73,100,5.0,10.2,0.0
2016-02-26 20:00:00,2.9,79,99,0.0,11.2,0.0
2016-02-26 21:00:00,2.0,85,98,0.0,12.2,0.0
2016-02-26 22:00:00,1.4,89,84,0.0,10.8,0.0
2016-02-26 23:00:00,0.6,90,92,0.0,10.7,0.0
2016-02-27 00:00:00,0.2,91,100,0.0,11.9,0.0
2016-02-27 01:00:00,0.1,92,100,0.0,12.1,0.0
2016-02-27 02:00:00,-0.3,93,100,0.0,11.6,0.0
2016-02-27 03:00:00,-0.7,94,100,0.0,11.6,0.0
2016-02-27 04:00:00,-0.6,93,100,0.0,12.2,0.0
2016-02-27 05:00:00,0.3,92,100,0.0,12.2,0.0
2016-02-27 06:00:00,0.8,91,100,0.0,12.4,0.0
2016-02-27 07:00:00,1.1,89,100,0.0,13.6,0.0
2016-02-27 08:00:00,1.8,80,99,0.0,14.0,0.0
2016-02-27 09:00:00,2.3,75,99,37.0,15.7,0.0
2016-02-27 10:00:00,3.7,70,97,104.0,16.1,0.0
2016-02-27 11:00:00,4.6,64,100,162.0,16.3,0.0
2016-02-27 12:00:00,5.3,58,100,201.0,23.7,0.0
2016-02-27 13:00:00,5.6,55,100,228.0,24.6,0.0
2016-02-27 14:00:00,5.6,53,100,204.0,25.5,0.0
2016-02-27 15:00:00,5.5,52,100,186.0,24.3,0.0
2016-02-27 16:00:00,5.2,53,100,138.0,23.8,0.0
2016-02-27 17:00:00,4.9,55,100,115.0,23.9,0.0
2016-02-27 18:00:00,4.4,57,100,56.0,21.5,0.0
2016-02-27 19:00:00,4.0,59,100,7.0,21.9,0.0
2016-02-27 20:00:00,3.6,61,100,0.0,22.4,0.0
2016-02-27 21:00:00,3.4,63,100,0.0,21.4,0.0
2016-02-27 22:00:00,3.4,64,100,0.0,20.4,0.0
2016-02-27 23:00:00,3.5,64,100,0.0,21.4,0.0
2016-02-28 00:00:00,3.4,64,98,0.0,20.4,0.0
2016-02-28 01:00:00,3.4,64,100,0.0,19.6,0.0
2016-02-28 02:00:00,3.2,65,100,0.0,19.4,0.0
2016-02-28 03:00:00,3.1,67,99,0.0,19.1,0.0
2016-02-28 04:00:00,2.9,69,99,0.0,19.1,0.0
2016-02-28 05:00:00,2.5,71,100,0.0,19.1,0.0
2016-02-28 06:00:00,2.4,71,98,0.0,19.7,0.0
2016-02-28 07:00:00,2.3,72,99,0.0,20.0,0.0
2016-02-28 08:00:00,2.5,74,100,0.0,19.8,0.0
2016-02-28 09:00:00,2.9,75,100,34.0,19.5,0.0
2016-02-28 10:00:00,3.8,75,99,116.0,18.0,0.0
2016-02-28 11:00:00,4.7,71,99,207.0,21.0,0.0
2016-02-28 12:00:00,5.8,63,100,308.0,26.6,0.0
2016-02-28 13:00:00,6.1,60,99,222.0,27.3,0.0
2016-02-28 14:00:00,6.7,55,98,254.0,27.0,0.0
2016-02-28 15:00:00,6.8,54,97,222.0,26.7,0.0
2016-02-28 16:00:00,6.5,57,96,157.0,25.0,0.0
2016-02-28 17:00:00,6.3,57,87,145.0,22.7,0.0
2016-02-28 18:00:00,5.5,61,64,78.0,19.6,0.0
2016-02-28 19:00:00,4.4,64,50,11.0,18.7,0.0
2016-02-28 20:00:00,3.8,68,50,0.0,18.7,0.0
2016-02-28 21:00:00,3.3,71,53,0.0,18.2,0.0
2016-02-28 22:00:00,3.0,73,60,0.0,17.0,0.0
2016-02-28 23:00:00,2.8,75,51,0.0,14.9,0.0
2016-02-29 00:00:00,2.8,76,35,0.0,14.4,0.0
2016-02-29 01:00:00,2.5,78,43,0.0,13.9,0.0
2016-02-29 02:00:00,2.0,81,44,0.0,13.5,0.0
2016-02-29 03:00:00,1.3,86,24,0.0,13.2,0.0
2016-02-29 04:00:00,0.6,89,65,0.0,12.4,0.0
2016-02-29 05:00:00,0.1,91,78,0.0,11.7,0.0
2016-02-29 06:00:00,-0.4,92,15,0.0,12.0,0.0
2016-02-29 07:00:00,-0.8,93,72,0.0,11.5,0.0
2016-02-29 08:00:00,-0.8,94,95,0.0,11.3,0.0
2016-02-29 09:00:00,0.2,94,19,59.0,12.0,0.0
2016-02-29 10:00:00,2.7,87,21,182.0,10.3,0.0
2016-02-29 11:00:00,4.4,75,50,301.0,9.2,0.0
2016-02-29 12:00:00,5.2,67,98,360.0,9.3,0.0
2016-02-29 13:00:00,5.8,63,100,382.0,7.7,0.0
2016-02-29 14:00:00,6.2,61,100,417.0,5.9,0.0
2016-02-29 15:00:00,6.4,60,100,384.0,4.2,0.0
2016-02-29 16:00:00,6.3,59,100,279.0,2.7,0.0
2016-02-29 17:00:00,6.2,58,100,189.0,3.3,0.0
2016-02-29 18:00:00,5.8,60,99,86.0,2.7,0.0
2016-02-29 19:00:00,5.0,67,100,11.0,4.9,0.0
2016-02-29 20:00:00,4.3,72,100,0.0,7.7,0.0
2016-02-29 21:00:00,4.1,72,100,0.0,9.3,0.0
2016-02-29 22:00:00,3.9,72,100,0.0,10.1,0.0
2016-02-29 23:00:00,4.1,72,100,0.0,12.0,0.0
2016-03-01 00:00:00,4.1,74,100,0.0,13.4,0.0
2016-03-01 01:00:00,4.1,76,100,0.0,15.5,0.1
2016-03-01 02:00:00,3.9,79,100,0.0,18.0,0.3
2016-03-01 03:00:00,3.9,81,100,0.0,19.7,0.2
2016-03-01 04:00:00,4.1,83,100,0.0,21.9,0.0
2016-03-01 05:00:00,4.6,85,100,0.0,23.5,0.0
2016-03-01 06:00:00,5.2,86,100,0.0,24.7,0.0
2016-03-01 07:00:00,5.9,88,100,0.0,25.7,0.0
2016-03-01 08:00:00,6.2,93,100,0.0,26.3,0.2
2016-03-01 09:00:00,6.9,95,100,5.0,26.9,0.1
2016-03-01 10:00:00,7.8,96,100,17.0,27.4,0.0
2016-03-01 11:00:00,8.6,95,100,33.0,27.7,0.0
2016-03-01 12:00:00,9.1,95,100,45.0,27.8,0.5
2016-03-01 13:00:00,9.4,95,100,41.0,27.5,1.2
2016-03-01 14:00:00,9.4,95,99,28.0,25.8,0.7
2016-03-01 15:00:00,9.9,94,99,79.0,25.3,0.0
2016-03-01 16:00:00,10.9,90,100,114.0,23.7,0.0
2016-03-01 17:00:00,11.1,87,100,80.0,22.9,0.0
2016-03-01 18:00:00,10.8,85,100,38.0,23.0,0.0
2016-03-01 19:00:00,9.9,83,100,7.0,24.2,0.0
2016-03-01 20:00:00,9.7,86,100,0.0,24.3,0.0
2016-03-01 21:00:00,8.9,84,100,0.0,24.2,0.0
2016-03-01 22:00:00,8.4,83,100,0.0,23.7,0.0
2016-03-01 23:00:00,8.0,82,100,0.0,23.7,0.0
2016-03-02 00:00:00,7.7,80,57,0.0,23.7,0.0
2016-03-02 01:00:00,7.3,80,76,0.0,23.9,0.0
2016-03-02 02:00:00,6.9,80,99,0.0,24.3,0.0
2016-03-02 03:00:00,6.4,79,98,0.0,24.6,0.3
2016-03-02 04:00:00,5.4,81,99,0.0,22.7,0.4
2016-03-02 05:00:00,4.7,82,90,0.0,21.4,0.0
2016-03-02 06:00:00,3.7,81,36,0.0,23.2,0.0
2016-03-02 07:00:00,3.2,79,11,0.0,25.5,0.0
2016-03-02 08:00:00,2.9,80,58,1.0,25.8,0.0
2016-03-02 09:00:00,3.6,78,19,71.0,27.4,0.0
2016-03-02 10:00:00,5.0,75,9,214.0,25.2,0.0
2016-03-02 11:00:00,6.4,68,98,345.0,33.5,0.0
2016-03-02 12:00:00,7.0,66,99,349.0,29.4,0.0
2016-03-02 13:00:00,5.5,75,88,252.0,31.0,0.4
2016-03-02 14:00:00,5.3,71,98,305.0,34.0,1.2
2016-03-02 15:00:00,5.0,82,81,239.0,36.1,0.7
2016-03-02 16:00:00,5.6,78,63,214.0,36.8,0.1
2016-03-02 17:00:00,5.9,74,49,233.0,33.9,0.2
2016-03-02 18:00:00,5.3,72,68,105.0,27.7,0.0
2016-03-02 19:00:00,4.7,73,85,15.0,22.6,0.0
2016-03-02 20:00:00,4.3,76,96,0.0,21.0,0.0
2016-03-02 21:00:00,3.6,81,97,0.0,20.9,0.6
2016-03-02 22:00:00,3.7,84,91,0.0,23.5,0.6
2016-03-02 23:00:00,4.6,81,52,0.0,24.4,0.0
2016-03-03 00:00:00,4.6,79,60,0.0,24.5,0.0
2016-03-03 01:00:00,5.0,78,82,0.0,27.3,0.0
2016-03-03 02:00:00,5.1,77,75,0.0,30.4,0.0
2016-03-03 03:00:00,4.7,81,70,0.0,32.0,0.1
2016-03-03 04:00:00,4.3,82,87,0.0,32.6,0.1
2016-03-03 05:00:00,4.0,81,92,0.0,31.6,0.1
2016-03-03 06:00:00,3.7,82,92,0.0,29.1,0.0
2016-03-03 07:00:00,3.3,84,86,0.0,25.6,0.0
2016-03-03 08:00:00,3.6,81,85,1.0,22.3,0.0
2016-03-03 09:00:00,3.8,81,75,44.0,18.4,0.0
2016-03-03 10:00:00,4.3,77,39,174.0,19.2,0.0
2016-03-03 11:00:00,5.2,69,97,326.0,15.3,0.0
2016-03-03 12:00:00,6.2,61,100,386.0,12.9,0.0
2016-03-03 13:00:00,6.9,56,100,373.0,12.9,0.0
2016-03-03 14:00:00,7.5,52,100,362.0,14.1,0.0
2016-03-03 15:00:00,8.0,50,100,327.0,14.6,0.0
2016-03-03 16:00:00,8.1,52,99,244.0,12.8,0.0
2016-03-03 17:00:00,7.9,57,96,121.0,13.7,0.0
2016-03-03 18:00:00,7.2,64,100,68.0,10.9,0.0
2016-03-03 19:00:00,6.3,70,100,9.0,10.2,0.0
2016-03-03 20:00:00,5.4,84,98,0.0,12.4,0.0
2016-03-03 21:00:00,5.2,85,100,0.0,15.1,0.0
2016-03-03 22:00:00,5.0,86,100,0.0,17.0,0.0
2016-03-03 23:00:00,5.2,85,100,0.0,19.8,0.3
2016-03-04 00:00:00,5.2,88,100,0.0,23.4,1.2
2016-03-04 01:00:00,5.2,93,100,0.0,25.4,1.7
2016-03-04 02:00:00,5.5,96,100,0.0,22.6,1.7
2016-03-04 03:00:00,6.0,92,99,0.0,22.7,0.5
2016-03-04 04:00:00,5.1,91,99,0.0,20.9,0.2
2016-03-04 05:00:00,3.7,89,100,0.0,19.6,0.0
2016-03-04 06:00:00,2.7,85,87,0.0,17.1,0.0
2016-03-04 07:00:00,1.9,85,24,0.0,15.9,0.0
2016-03-04 08:00:00,1.0,89,1,2.0,14.1,0.0
2016-03-04 09:00:00,1.3,89,0,85.0,14.3,0.0
2016-03-04 10:00:00,2.6,82,1,228.0,15.0,0.0
2016-03-04 11:00:00,3.9,74,11,365.0,13.5,0.0
2016-03-04 12:00:00,5.1,65,20,451.0,13.9,0.0
2016-03-04 13:00:00,6.1,55,25,496.0,15.2,0.0
2016-03-04 14:00:00,6.6,50,41,476.0,15.8,0.0
2016-03-04 15:00:00,6.8,48,48,424.0,14.3,0.0
2016-03-04 16:00:00,6.9,48,56,369.0,12.4,0.0
2016-03-04 17:00:00,6.4,50,76,272.0,13.5,0.0
2016-03-04 18:00:00,5.5,58,60,135.0,6.9,0.0
2016-03-04 19:00:00,4.1,66,65,21.0,6.0,0.0
2016-03-04 20:00:00,2.9,83,65,0.0,5.7,0.0
2016-03-04 21:00:00,1.6,90,12,0.0,7.9,0.0
2016-03-04 22:00:00,1.5,88,7,0.0,5.7,0.0
2016-03-04 23:00:00,1.4,89,33,0.0,2.1,0.0
2016-03-05 00:00:00,0.8,93,12,0.0,5.6,0.0
2016-03-05 01:00:00,-1.0,97,5,0.0,5.6,0.0
2016-03-05 02:00:00,-2.0,98,2,0.0,6.2,0.0
2016-03-05 03:00:00,-2.8,97,22,0.0,8.3,0.0
2016-03-05 04:00:00,-2.9,96,73,0.0,8.3,0.0
2016-03-05 05:00:00,-3.1,95,96,0.0,9.1,0.0
2016-03-05 06:00:00,-3.1,94,100,0.0,10.0,0.0
2016-03-05 07:00:00,-3.0,93,95,0.0,11.4,0.0
2016-03-05 08:00:00,-1.5,93,94,3.0,12.6,0.0
2016-03-05 09:00:00,0.7,93,93,67.0,14.0,0.0
2016-03-05 10:00:00,2.4,88,98,164.0,18.2,0.0
2016-03-05 11:00:00,3.7,83,93,202.0,17.7,0.1
2016-03-05 12:00:00,4.6,82,93,275.0,18.3,0.7
2016-03-05 13:00:00,5.6,83,97,306.0,19.0,0.2
2016-03-05 14:00:00,6.5,81,96,342.0,21.7,0.2
2016-03-05 15:00:00,7.0,77,97,350.0,22.7,0.2
2016-03-05 16:00:00,6.7,75,88,285.0,23.2,0.3
2016-03-05 17:00:00,5.9,74,88,230.0,23.2,0.4
2016-03-05 18:00:00,5.1,73,75,90.0,21.9,0.0
2016-03-05 19:00:00,4.4,75,20,17.0,18.5,0.0
2016-03-05 20:00:00,3.2,86,24,0.0,18.2,0.0
2016-03-05 21:00:00,2.8,86,23,0.0,17.4,0.0
2016-03-05 22:00:00,2.5,86,21,0.0,17.3,0.0
2016-03-05 23:00:00,2.2,86,28,0.0,17.3,0.0
2016-03-06 00:00:00,1.9,87,11,0.0,17.7,0.0
2016-03-06 01:00:00,1.8,87,5,0.0,17.2,0.0
2016-03-06 02:00:00,1.4,88,4,0.0,17.1,0.0
2016-03-06 03:00:00,0.9,90,9,0.0,17.1,0.0
2016-03-06 04:00:00,0.6,91,12,0.0,16.3,0.0
2016-03-06 05:00:00,0.2,92,1,0.0,15.8,0.0
2016-03-06 06:00:00,-0.2,92,4,0.0,15.1,0.0
2016-03-06 07:00:00,-0.6,93,26,0.0,15.1,0.0
2016-03-06 08:00:00,-0.5,94,60,4.0,14.6,0.0
2016-03-06 09:00:00,0.7,93,79,74.0,14.6,0.0
2016-03-06 10:00:00,2.2,84,97,176.0,19.0,0.0
2016-03-06 11:00:00,3.1,80,81,224.0,16.3,0.0
2016-03-06 12:00:00,4.0,75,88,297.0,14.1,0.0
2016-03-06 13:00:00,4.8,71,85,301.0,12.0,0.0
2016-03-06 14:00:00,5.7,71,98,455.0,10.8,0.0
2016-03-06 15:00:00,6.2,71,95,448.0,10.0,0.0
2016-03-06 16:00:00,6.3,71,85,366.0,9.8,0.0
2016-03-06 17:00:00,5.0,76,53,256.0,10.1,0.4
2016-03-06 18:00:00,3.9,81,50,120.0,9.5,0.2
2016-03-06 19:00:00,2.9,85,35,22.0,6.7,0.0
2016-03-06 20:00:00,2.4,84,14,0.0,6.4,0.0
2016-03-06 21:00:00,1.3,90,7,0.0,7.1,0.0
2016-03-06 22:00:00,0.1,91,8,0.0,7.1,0.0
2016-03-06 23:00:00,-0.8,92,59,0.0,7.7,0.0
2016-03-07 00:00:00,-1.4,92,26,0.0,8.9,0.0
2016-03-07 01:00:00,-1.7,93,6,0.0,9.3,0.0
2016-03-07 02:00:00,-1.9,93,13,0.0,10.1,0.0
2016-03-07 03:00:00,-1.7,93,7,0.0,10.8,0.0
2016-03-07 04:00:00,-1.6,93,1,0.0,11.8,0.0
2016-03-07 05:00:00,-1.9,93,1,0.0,12.8,0.0
2016-03-07 06:00:00,-2.1,92,0,0.0,13.0,0.0
2016-03-07 07:00:00,-2.2,90,0,0.0,13.2,0.0
2016-03-07 08:00:00,-2.0,90,0,5.0,14.5,0.0
2016-03-07 09:00:00,-0.5,89,0,98.0,15.2,0.0
2016-03-07 10:00:00,1.2,81,10,245.0,18.0,0.0
2016-03-07 11:00:00,3.0,72,0,383.0,17.7,0.0
2016-03-07 12:00:00,4.5,64,28,442.0,21.8,0.0
2016-03-07 13:00:00,5.3,60,27,485.0,21.6,0.0
2016-03-07 14:00:00,5.8,57,37,407.0,21.7,0.0
2016-03-07 15:00:00,6.1,55,45,392.0,22.1,0.0
2016-03-07 16:00:00,6.1,57,51,326.0,20.7,0.1
2016-03-07 17:00:00,5.8,63,44,248.0,19.6,0.0
2016-03-07 18:00:00,5.3,66,34,134.0,15.5,0.0
2016-03-07 19:00:00,4.2,69,11,27.0,12.6,0.0
2016-03-07 20:00:00,3.2,69,20,0.0,11.3,0.0
2016-03-07 21:00:00,2.1,75,0,0.0,9.8,0.0
2016-03-07 22:00:00,0.8,82,0,0.0,8.4,0.0
2016-03-07 23:00:00,-0.4,86,0,0.0,7.1,0.0
2016-03-08 00:00:00,-1.4,87,0,0.0,7.7,0.0
2016-03-08 01:00:00,-2.0,88,0,0.0,7.2,0.0
2016-03-08 02:00:00,-2.5,88,0,0.0,7.2,0.0
2016-03-08 03:00:00,-2.9,88,0,0.0,6.8,0.0
2016-03-08 04:00:00,-3.2,88,2,0.0,6.7,0.0
2016-03-08 05:00:00,-3.4,88,15,0.0,6.1,0.0
2016-03-08 06:00:00,-3.5,87,74,0.0,6.6,0.0
2016-03-08 07:00:00,-3.6,88,96,0.0,6.2,0.0
2016-03-08 08:00:00,-2.3,87,100,5.0,6.4,0.0
2016-03-08 09:00:00,-0.5,85,100,54.0,8.4,0.0
2016-03-08 10:00:00,1.9,75,100,115.0,9.3,0.0
2016-03-08 11:00:00,4.1,67,99,216.0,11.0,0.0
2016-03-08 12:00:00,4.7,68,72,188.0,13.8,0.0
2016-03-08 13:00:00,5.9,70,97,306.0,16.6,0.0
2016-03-08 14:00:00,6.7,69,97,288.0,17.2,0.0
2016-03-08 15:00:00,7.4,65,100,239.0,18.1,0.0
2016-03-08 16:00:00,7.2,69,98,123.0,16.8,0.0
2016-03-08 17:00:00,6.6,76,100,41.0,15.9,0.0
2016-03-08 18:00:00,6.3,79,100,28.0,15.8,0.0
2016-03-08 19:00:00,5.9,82,100,6.0,16.2,0.0
2016-03-08 20:00:00,5.9,85,100,0.0,18.2,0.0
2016-03-08 21:00:00,6.1,87,100,0.0,19.6,0.0
2016-03-08 22:00:00,6.3,89,100,0.0,21.0,0.0
2016-03-08 23:00:00,6.5,91,100,0.0,21.6,0.0
2016-03-09 00:00:00,6.6,93,100,0.0,22.7,0.1
2016-03-09 01:00:00,6.8,94,100,0.0,21.6,0.1
2016-03-09 02:00:00,6.8,95,100,0.0,22.1,0.3
2016-03-09 03:00:00,6.7,97,100,0.0,22.4,0.5
2016-03-09 04:00:00,6.7,95,100,0.0,24.5,1.2
2016-03-09 05:00:00,6.8,95,100,0.0,28.4,2.3
2016-03-09 06:00:00,6.8,94,100,0.0,31.4,3.2
2016-03-09 07:00:00,6.8,93,100,0.0,31.9,3.1
2016-03-09 08:00:00,6.7,95,100,1.0,29.4,1.7
2016-03-09 09:00:00,7.0,95,100,10.0,25.4,0.5
2016-03-09 10:00:00,7.2,95,100,31.0,20.5,0.0
2016-03-09 11:00:00,7.5,94,99,69.0,12.3,0.0
2016-03-09 12:00:00,7.9,90,88,113.0,7.7,0.0
2016-03-09 13:00:00,8.6,81,53,231.0,8.4,0.1
2016-03-09 14:00:00,9.1,75,44,264.0,9.0,0.1
2016-03-09 15:00:00,9.1,75,59,212.0,10.9,0.1
2016-03-09 16:00:00,8.7,78,59,201.0,12.3,0.4
2016-03-09 17:00:00,8.0,83,59,162.0,14.1,0.4
2016-03-09 18:00:00,7.1,87,80,65.0,14.5,0.2
2016-03-09 19:00:00,6.2,89,100,11.0,12.5,0.2
2016-03-09 20:00:00,6.1,89,100,0.0,12.6,0.1
2016-03-09 21:00:00,5.9,89,99,0.0,12.9,0.1
2016-03-09 22:00:00,5.7,89,100,0.0,12.6,0.0
2016-03-09 23:00:00,5.6,89,97,0.0,11.4,0.0
2016-03-10 00:00:00,5.5,90,99,0.0,11.3,0.0
2016-03-10 01:00:00,5.4,91,98,0.0,11.5,0.0
2016-03-10 02:00:00,5.1,93,98,0.0,11.2,0.0
2016-03-10 03:00:00,4.9,94,95,0.0,10.8,0.0
2016-03-10 04:00:00,4.7,95,94,0.0,10.1,0.0
2016-03-10 05:00:00,4.5,96,96,0.0,9.8,0.0
2016-03-10 06:00:00,4.4,97,98,0.0,10.0,0.0
2016-03-10 07:00:00,4.2,97,99,0.0,9.5,0.0
2016-03-10 08:00:00,5.0,95,100,3.0,10.0,0.0
2016-03-10 09:00:00,5.4,92,100,23.0,12.7,0.0
2016-03-10 10:00:00,5.9,88,99,49.0,13.4,0.0
2016-03-10 11:00:00,6.7,83,96,96.0,10.1,0.1
2016-03-10 12:00:00,7.8,74,98,199.0,9.2,0.2
2016-03-10 13:00:00,8.5,68,98,255.0,9.4,0.1
2016-03-10 14:00:00,8.8,66,97,197.0,8.1,0.0
2016-03-10 15:00:00,9.3,61,93,233.0,8.8,0.0
2016-03-10 16:00:00,9.2,61,91,173.0,7.6,0.0
2016-03-10 17:00:00,9.2,61,72,167.0,7.6,0.0
2016-03-10 18:00:00,8.5,66,57,87.0,6.9,0.0
2016-03-10 19:00:00,7.2,73,49,25.0,6.5,0.0
2016-03-10 20:00:00,5.6,88,33,0.0,5.8,0.0
2016-03-10 21:00:00,4.4,92,23,0.0,4.9,0.0
2016-03-10 22:00:00,3.5,94,27,0.0,6.4,0.0
2016-03-10 23:00:00,2.6,96,18,0.0,6.5,0.0
2016-03-11 00:00:00,1.7,98,14,0.0,7.6,0.0
2016-03-11 01:00:00,1.2,98,5,0.0,8.1,0.0
2016-03-11 02:00:00,0.4,99,29,0.0,7.6,0.0
2016-03-11 03:00:00,-0.3,99,48,0.0,8.1,0.0
2016-03-11 04:00:00,-1.0,100,100,0.0,6.5,0.0
2016-03-11 05:00:00,-1.5,99,100,0.0,6.4,0.0
2016-03-11 06:00:00,-1.8,99,100,0.0,5.5,0.0
2016-03-11 07:00:00,-1.9,99,100,0.0,5.6,0.0
2016-03-11 08:00:00,-0.5,99,100,6.0,5.6,0.0
2016-03-11 09:00:00,0.7,99,100,64.0,6.4,0.0
2016-03-11 10:00:00,1.9,98,100,132.0,6.6,0.0
2016-03-11 11:00:00,3.2,98,100,206.0,5.1,0.0
2016-03-11 12:00:00,4.5,91,100,241.0,5.4,0.0
2016-03-11 13:00:00,5.5,85,80,306.0,6.0,0.0
2016-03-11 14:00:00,6.4,80,38,349.0,5.3,0.0
2016-03-11 15:00:00,6.9,76,27,334.0,5.6,0.0
2016-03-11 16:00:00,7.2,73,25,299.0,6.6,0.0
2016-03-11 17:00:00,7.2,71,11,211.0,7.4,0.0
2016-03-11 18:00:00,6.9,70,2,123.0,5.3,0.0
2016-03-11 19:00:00,6.1,75,13,31.0,8.0,0.0
2016-03-11 20:00:00,4.7,85,60,0.0,7.6,0.0
2016-03-11 21:00:00,2.9,93,89,0.0,7.9,0.0
2016-03-11 22:00:00,1.6,97,100,0.0,7.6,0.0
2016-03-11 23:00:00,0.8,99,100,0.0,7.8,0.0
2016-03-12 00:00:00,0.5,100,100,0.0,7.9,0.0
2016-03-12 01:00:00,0.5,100,100,0.0,5.9,0.0
2016-03-12 02:00:00,1.0,100,100,0.0,4.3,0.0
2016-03-12 03:00:00,1.5,100,100,0.0,3.1,0.0
2016-03-12 04:00:00,1.4,100,100,0.0,3.6,0.0
2016-03-12 05:00:00,1.6,100,100,0.0,4.2,0.0
2016-03-12 06:00:00,1.7,100,100,0.0,3.6,0.0
2016-03-12 07:00:00,1.6,100,100,0.0,3.6,0.0
2016-03-12 08:00:00,2.5,100,100,6.0,3.7,0.0
2016-03-12 09:00:00,3.0,99,100,46.0,4.0,0.0
2016-03-12 10:00:00,3.8,96,100,117.0,4.7,0.0
2016-03-12 11:00:00,4.9,91,100,230.0,3.0,0.0
2016-03-12 12:00:00,6.2,86,67,326.0,3.8,0.0
2016-03-12 13:00:00,7.9,79,50,464.0,4.0,0.0
2016-03-12 14:00:00,8.9,70,71,461.0,3.1,0.0
2016-03-12 15:00:00,9.3,65,94,423.0,1.5,0.0
2016-03-12 16:00:00,9.5,63,100,334.0,1.6,0.0
2016-03-12 17:00:00,9.4,62,100,181.0,2.6,0.0
2016-03-12 18:00:00,9.1,63,100,84.0,3.1,0.0
2016-03-12 19:00:00,8.1,70,100,25.0,5.2,0.0
2016-03-12 20:00:00,6.9,79,99,0.0,6.5,0.0
2016-03-12 21:00:00,5.7,86,98,0.0,6.8,0.0
2016-03-12 22:00:00,4.7,91,97,0.0,6.5,0.0
2016-03-12 23:00:00,4.2,94,81,0.0,5.5,0.0
2016-03-13 00:00:00,3.1,96,28,0.0,5.9,0.0
2016-03-13 01:00:00,2.5,97,23,0.0,6.1,0.0
2016-03-13 02:00:00,1.8,98,24,0.0,5.9,0.0
2016-03-13 03:00:00,1.1,98,18,0.0,6.3,0.0
2016-03-13 04:00:00,0.4,99,71,0.0,7.2,0.0
2016-03-13 05:00:00,-0.2,99,45,0.0,7.9,0.0
2016-03-13 06:00:00,-0.5,98,67,0.0,8.7,0.0
2016-03-13 07:00:00,-0.7,98,56,0.0,9.2,0.0
2016-03-13 08:00:00,0.4,98,85,12.0,11.0,0.0
2016-03-13 09:00:00,2.8,94,64,82.0,11.8,0.0
2016-03-13 10:00:00,4.9,81,66,194.0,16.8,0.0
2016-03-13 11:00:00,5.8,73,61,305.0,16.1,0.0
2016-03-13 12:00:00,6.6,68,36,406.0,15.8,0.0
2016-03-13 13:00:00,7.2,66,21,488.0,16.4,0.0
2016-03-13 14:00:00,7.5,65,11,518.0,16.8,0.0
2016-03-13 15:00:00,7.7,64,9,528.0,17.7,0.0
2016-03-13 16:00:00,7.5,65,5,453.0,18.0,0.0
2016-03-13 17:00:00,6.8,67,0,331.0,17.8,0.0
2016-03-13 18:00:00,5.9,70,0,183.0,15.5,0.0
2016-03-13 19:00:00,4.5,75,1,44.0,15.3,0.0
2016-03-13 20:00:00,3.8,80,3,0.0,15.5,0.0
2016-03-13 21:00:00,3.1,84,16,0.0,15.6,0.0
2016-03-13 22:00:00,2.7,86,30,0.0,15.6,0.0
2016-03-13 23:00:00,2.5,89,30,0.0,14.9,0.0
2016-03-14 00:00:00,2.6,90,27,0.0,15.3,0.0
2016-03-14 01:00:00,3.2,89,32,0.0,15.6,0.0
2016-03-14 02:00:00,3.5,89,15,0.0,16.3,0.0
2016-03-14 03:00:00,3.2,92,15,0.0,16.3,0.0
2016-03-14 04:00:00,3.0,93,28,0.0,16.5,0.0
2016-03-14 05:00:00,2.9,93,47,0.0,16.8,0.0
2016-03-14 06:00:00,3.0,92,100,0.0,17.3,0.0
2016-03-14 07:00:00,3.1,90,100,0.0,17.9,0.0
2016-03-14 08:00:00,3.5,88,100,10.0,19.0,0.0
2016-03-14 09:00:00,3.6,83,99,60.0,22.7,0.0
2016-03-14 10:00:00,4.1,78,95,143.0,22.9,0.0
2016-03-14 11:00:00,4.8,72,56,238.0,20.9,0.0
2016-03-14 12:00:00,5.9,67,11,399.0,21.9,0.0
2016-03-14 13:00:00,6.6,64,1,487.0,22.9,0.0
2016-03-14 14:00:00,7.4,62,4,586.0,23.4,0.0
2016-03-14 15:00:00,7.7,60,2,540.0,23.6,0.0
2016-03-14 16:00:00,7.6,59,3,467.0,24.4,0.0
2016-03-14 17:00:00,7.0,61,4,344.0,23.6,0.0
2016-03-14 18:00:00,6.1,65,6,194.0,22.1,0.0
2016-03-14 19:00:00,4.8,71,8,50.0,21.3,0.0
2016-03-14 20:00:00,4.5,71,4,0.0,20.6,0.0
2016-03-14 21:00:00,3.9,75,7,0.0,19.8,0.0
2016-03-14 22:00:00,3.4,80,30,0.0,17.9,0.0
2016-03-14 23:00:00,3.1,84,6,0.0,17.7,0.0
2016-03-15 00:00:00,2.7,88,18,0.0,15.9,0.0
2016-03-15 01:00:00,2.5,90,41,0.0,14.5,0.0
2016-03-15 02:00:00,2.2,92,65,0.0,13.3,0.0
2016-03-15 03:00:00,1.8,93,51,0.0,12.5,0.0
2016-03-15 04:00:00,1.5,95,34,0.0,12.3,0.0
2016-03-15 05:00:00,1.5,95,10,0.0,11.6,0.0
2016-03-15 06:00:00,1.2,95,46,0.0,11.6,0.0
2016-03-15 07:00:00,1.8,95,85,0.0,12.0,0.0
2016-03-15 08:00:00,3.3,94,88,12.0,12.6,0.0
2016-03-15 09:00:00,4.7,93,100,65.0,13.5,0.0
2016-03-15 10:00:00,6.2,88,100,145.0,13.9,0.0
2016-03-15 11:00:00,7.0,86,100,192.0,14.6,0.0
2016-03-15 12:00:00,7.8,84,100,243.0,15.4,0.0
2016-03-15 13:00:00,8.5,82,100,305.0,15.7,0.0
2016-03-15 14:00:00,8.8,81,100,288.0,16.4,0.0
2016-03-15 15:00:00,8.7,81,100,201.0,17.4,0.0
2016-03-15 16:00:00,8.5,82,100,124.0,17.7,0.0
2016-03-15 17:00:00,8.5,81,100,111.0,18.2,0.0
2016-03-15 18:00:00,8.0,82,100,49.0,18.2,0.0
2016-03-15 19:00:00,7.5,84,100,16.0,16.6,0.0
2016-03-15 20:00:00,6.5,86,100,0.0,18.2,0.0
2016-03-15 21:00:00,6.1,88,100,0.0,18.9,0.0
2016-03-15 22:00:00,6.0,89,100,0.0,18.9,0.0
2016-03-15 23:00:00,5.7,92,95,0.0,18.4,0.0
2016-03-16 00:00:00,5.6,93,99,0.0,18.6,0.0
2016-03-16 01:00:00,5.4,94,100,0.0,17.7,0.0
2016-03-16 02:00:00,5.6,93,100,0.0,16.1,0.0
2016-03-16 03:00:00,5.6,94,100,0.0,15.8,0.0
2016-03-16 04:00:00,5.8,93,100,0.0,15.1,0.0
2016-03-16 05:00:00,5.9,94,100,0.0,15.5,0.0
2016-03-16 06:00:00,5.9,94,100,0.0,16.0,0.0
2016-03-16 07:00:00,5.9,94,100,0.0,16.1,0.0
2016-03-16 08:00:00,6.0,90,90,7.0,17.8,0.0
2016-03-16 09:00:00,5.9,86,79,48.0,19.1,0.0
2016-03-16 10:00:00,6.3,76,64,100.0,20.0,0.0
2016-03-16 11:00:00,6.9,70,65,236.0,20.4,0.0
2016-03-16 12:00:00,7.4,65,84,320.0,21.1,0.0
2016-03-16 13:00:00,7.3,64,86,285.0,22.0,0.0
2016-03-16 14:00:00,7.1,64,92,258.0,23.0,0.0
2016-03-16 15:00:00,6.9,64,89,267.0,23.4,0.0
2016-03-16 16:00:00,6.7,64,88,253.0,24.2,0.0
2016-03-16 17:00:00,6.3,64,95,201.0,24.3,0.0
2016-03-16 18:00:00,5.7,66,100,96.0,24.6,0.0
2016-03-16 19:00:00,5.4,67,84,31.0,22.4,0.0
2016-03-16 20:00:00,5.3,68,82,0.0,19.6,0.0
2016-03-16 21:00:00,5.1,72,70,0.0,18.3,0.0
2016-03-16 22:00:00,5.2,74,95,0.0,16.6,0.0
2016-03-16 23:00:00,5.2,76,79,0.0,16.8,0.0
2016-03-17 00:00:00,5.1,76,71,0.0,15.8,0.0
2016-03-17 01:00:00,4.7,77,51,0.0,14.8,0.0
2016-03-17 02:00:00,4.1,79,22,0.0,13.7,0.0
2016-03-17 03:00:00,3.2,85,9,0.0,13.2,0.0
2016-03-17 04:00:00,2.4,89,1,0.0,12.8,0.0
2016-03-17 05:00:00,1.9,91,1,0.0,12.8,0.0
2016-03-17 06:00:00,1.6,92,0,0.0,13.7,0.0
2016-03-17 07:00:00,1.3,94,0,0.0,13.8,0.0
2016-03-17 08:00:00,1.8,95,0,26.0,14.4,0.0
2016-03-17 09:00:00,3.9,90,1,152.0,14.6,0.0
2016-03-17 10:00:00,6.0,81,3,305.0,16.1,0.0
2016-03-17 11:00:00,7.6,70,3,445.0,16.6,0.0
2016-03-17 12:00:00,8.7,62,5,546.0,17.1,0.0
2016-03-17 13:00:00,9.4,59,8,598.0,15.9,0.0
2016-03-17 14:00:00,9.7,57,2,605.0,14.5,0.0
2016-03-17 15:00:00,9.9,56,10,551.0,13.7,0.0
2016-03-17 16:00:00,9.9,55,3,469.0,13.4,0.0
2016-03-17 17:00:00,9.4,56,10,333.0,13.8,0.0
2016-03-17 18:00:00,8.8,60,6,166.0,11.5,0.0
2016-03-17 19:00:00,7.8,64,3,45.0,8.4,0.0
2016-03-17 20:00:00,5.9,73,6,0.0,8.4,0.0
2016-03-17 21:00:00,4.6,81,4,0.0,9.4,0.0
2016-03-17 22:00:00,3.3,89,0,0.0,9.7,0.0
2016-03-17 23:00:00,2.2,93,2,0.0,8.1,0.0
2016-03-18 00:00:00,1.2,96,4,0.0,7.4,0.0
2016-03-18 01:00:00,0.5,97,19,0.0,7.1,0.0
2016-03-18 02:00:00,-0.3,98,33,0.0,7.1,0.0
2016-03-18 03:00:00,0.0,97,39,0.0,7.2,0.0
2016-03-18 04:00:00,-0.4,97,44,0.0,7.8,0.0
2016-03-18 05:00:00,-0.2,97,57,0.0,8.4,0.0
2016-03-18 06:00:00,0.4,96,67,0.0,8.8,0.0
2016-03-18 07:00:00,0.4,96,79,0.0,9.5,0.0
2016-03-18 08:00:00,1.9,93,98,14.0,11.0,0.0
2016-03-18 09:00:00,2.9,89,100,70.0,14.4,0.0
2016-03-18 10:00:00,4.0,86,100,166.0,14.5,0.0
2016-03-18 11:00:00,4.5,85,100,175.0,14.2,0.0
2016-03-18 12:00:00,5.3,83,100,207.0,14.2,0.0
2016-03-18 13:00:00,5.9,82,100,193.0,14.3,0.0
2016-03-18 14:00:00,6.4,81,100,184.0,14.3,0.0
2016-03-18 15:00:00,7.1,79,100,226.0,14.5,0.0
2016-03-18 16:00:00,7.5,77,100,177.0,15.1,0.0
2016-03-18 17:00:00,7.3,77,100,104.0,15.9,0.0
2016-03-18 18:00:00,7.0,77,100,67.0,16.9,0.0
2016-03-18 19:00:00,6.4,79,100,17.0,14.5,0.0
2016-03-18 20:00:00,5.6,81,100,0.0,14.7,0.0
2016-03-18 21:00:00,5.3,82,99,0.0,15.3,0.0
2016-03-18 22:00:00,5.2,82,99,0.0,15.9,0.0
2016-03-18 23:00:00,5.0,83,87,0.0,14.1,0.0
2016-03-19 00:00:00,4.8,84,80,0.0,13.7,0.0
2016-03-19 01:00:00,4.3,87,80,0.0,14.2,0.0
2016-03-19 02:00:00,4.1,88,78,0.0,13.9,0.0
2016-03-19 03:00:00,3.9,91,90,0.0,14.2,0.0
2016-03-19 04:00:00,4.1,90,91,0.0,14.2,0.0
2016-03-19 05:00:00,4.2,90,99,0.0,14.4,0.0
2016-03-19 06:00:00,4.1,90,99,0.0,13.9,0.0
2016-03-19 07:00:00,4.2,90,100,0.0,13.0,0.0
2016-03-19 08:00:00,4.5,89,99,14.0,13.7,0.0
2016-03-19 09:00:00,5.4,79,81,113.0,19.9,0.0
2016-03-19 10:00:00,5.8,76,96,123.0,20.2,0.0
2016-03-19 11:00:00,6.5,72,100,187.0,18.9,0.0
2016-03-19 12:00:00,7.0,70,100,194.0,17.8,0.0
2016-03-19 13:00:00,7.2,70,100,212.0,18.1,0.0
2016-03-19 14:00:00,7.6,68,100,276.0,18.2,0.0
2016-03-19 15:00:00,7.7,68,100,212.0,18.4,0.0
2016-03-19 16:00:00,7.7,67,100,200.0,18.2,0.0
2016-03-19 17:00:00,7.6,67,100,144.0,17.7,0.0
2016-03-19 18:00:00,7.2,67,100,77.0,16.7,0.0
2016-03-19 19:00:00,6.8,68,99,20.0,14.8,0.0
2016-03-19 20:00:00,5.9,74,90,0.0,15.0,0.0
2016-03-19 21:00:00,5.4,76,79,0.0,15.5,0.0
2016-03-19 22:00:00,4.7,79,58,0.0,14.9,0.0
2016-03-19 23:00:00,4.2,82,49,0.0,12.6,0.0
2016-03-20 00:00:00,3.9,84,46,0.0,12.9,0.0
2016-03-20 01:00:00,3.8,85,48,0.0,12.9,0.0
2016-03-20 02:00:00,3.6,87,61,0.0,11.9,0.0
2016-03-20 03:00:00,3.7,88,67,0.0,10.3,0.0
2016-03-20 04:00:00,3.5,90,84,0.0,9.1,0.0
2016-03-20 05:00:00,3.4,93,87,0.0,9.3,0.0
2016-03-20 06:00:00,3.6,94,93,0.0,10.7,0.0
2016-03-20 07:00:00,3.6,95,96,0.0,11.4,0.0
2016-03-20 08:00:00,4.0,91,95,13.0,11.8,0.0
2016-03-20 09:00:00,4.7,86,97,58.0,14.1,0.0
2016-03-20 10:00:00,5.9,75,97,165.0,15.5,0.0
2016-03-20 11:00:00,6.4,70,91,199.0,15.8,0.0
2016-03-20 12:00:00,6.9,67,100,190.0,16.0,0.0
2016-03-20 13:00:00,7.5,65,100,214.0,15.9,0.0
2016-03-20 14:00:00,8.1,63,100,228.0,15.6,0.0
2016-03-20 15:00:00,8.5,63,98,209.0,15.1,0.0
2016-03-20 16:00:00,8.9,62,98,193.0,14.1,0.0
2016-03-20 17:00:00,8.8,64,90,138.0,10.6,0.0
2016-03-20 18:00:00,8.5,67,74,65.0,9.4,0.0
2016-03-20 19:00:00,8.0,70,57,31.0,8.5,0.0
2016-03-20 20:00:00,6.9,76,72,1.0,8.6,0.0
2016-03-20 21:00:00,6.7,79,86,0.0,9.4,0.0
2016-03-20 22:00:00,6.3,82,93,0.0,8.9,0.0
2016-03-20 23:00:00,6.0,84,91,0.0,7.4,0.0
2016-03-21 00:00:00,5.7,86,92,0.0,6.4,0.0
2016-03-21 01:00:00,5.2,89,91,0.0,5.8,0.0
2016-03-21 02:00:00,4.9,92,85,0.0,5.4,0.0
2016-03-21 03:00:00,4.4,94,68,0.0,5.1,0.0
2016-03-21 04:00:00,4.5,94,75,0.0,4.9,0.0
2016-03-21 05:00:00,4.1,95,55,0.0,5.5,0.0
2016-03-21 06:00:00,3.9,95,51,0.0,5.1,0.0
2016-03-21 07:00:00,3.4,96,74,0.0,5.5,0.0
2016-03-21 08:00:00,4.3,95,82,24.0,7.7,0.0
2016-03-21 09:00:00,6.4,87,76,108.0,8.0,0.0
2016-03-21 10:00:00,7.6,81,71,198.0,8.7,0.0
2016-03-21 11:00:00,8.6,75,62,260.0,7.7,0.0
2016-03-21 12:00:00,9.6,69,53,390.0,9.5,0.0
2016-03-21 13:00:00,10.9,59,93,562.0,14.5,0.0
2016-03-21 14:00:00,11.3,54,100,444.0,15.9,0.0
2016-03-21 15:00:00,11.1,54,95,308.0,16.1,0.0
2016-03-21 16:00:00,10.7,56,71,232.0,16.4,0.0
2016-03-21 17:00:00,10.2,59,73,191.0,15.9,0.0
2016-03-21 18:00:00,9.4,63,90,152.0,13.4,0.0
2016-03-21 19:00:00,8.6,66,85,44.0,11.0,0.0
2016-03-21 20:00:00,7.4,70,94,1.0,8.1,0.0
2016-03-21 21:00:00,6.7,75,95,0.0,6.8,0.0
2016-03-21 22:00:00,6.5,77,97,0.0,6.6,0.0
2016-03-21 23:00:00,5.9,80,81,0.0,7.0,0.0
2016-03-22 00:00:00,5.6,82,67,0.0,7.1,0.0
2016-03-22 01:00:00,5.4,84,41,0.0,6.1,0.0
2016-03-22 02:00:00,4.5,89,25,0.0,6.4,0.0
2016-03-22 03:00:00,3.6,92,35,0.0,6.6,0.0
2016-03-22 04:00:00,2.9,94,21,0.0,7.1,0.0
2016-03-22 05:00:00,2.5,95,15,0.0,7.4,0.0
2016-03-22 06:00:00,2.0,96,17,0.0,7.3,0.0
2016-03-22 07:00:00,1.6,97,21,0.0,6.8,0.0
2016-03-22 08:00:00,2.0,95,46,39.0,7.0,0.0
2016-03-22 09:00:00,5.0,87,45,159.0,5.5,0.0
2016-03-22 10:00:00,7.3,80,37,301.0,5.0,0.0
2016-03-22 11:00:00,8.9,65,31,417.0,4.2,0.0
2016-03-22 12:00:00,9.8,57,25,505.0,4.3,0.0
2016-03-22 13:00:00,10.4,56,8,555.0,3.7,0.0
2016-03-22 14:00:00,10.7,56,15,530.0,3.3,0.0
2016-03-22 15:00:00,10.9,55,31,476.0,4.4,0.0
2016-03-22 16:00:00,11.0,54,33,407.0,5.4,0.0
2016-03-22 17:00:00,10.8,55,43,294.0,6.3,0.0
2016-03-22 18:00:00,10.3,57,24,157.0,6.5,0.0
2016-03-22 19:00:00,9.5,63,34,53.0,6.2,0.0
2016-03-22 20:00:00,8.3,65,52,1.0,7.2,0.0
2016-03-22 21:00:00,7.1,73,70,0.0,7.6,0.0
2016-03-22 22:00:00,6.4,78,65,0.0,8.0,0.0
2016-03-22 23:00:00,6.4,80,57,0.0,7.1,0.0
2016-03-23 00:00:00,6.2,83,64,0.0,7.3,0.0
2016-03-23 01:00:00,5.8,86,70,0.0,6.6,0.0
2016-03-23 02:00:00,5.6,89,71,0.0,5.9,0.0
2016-03-23 03:00:00,5.1,93,76,0.0,4.6,0.0
2016-03-23 04:00:00,4.7,95,68,0.0,4.6,0.0
2016-03-23 05:00:00,4.3,96,67,0.0,4.7,0.0
2016-03-23 06:00:00,4.1,96,66,0.0,3.6,0.0
2016-03-23 07:00:00,3.7,97,79,0.0,4.0,0.0
2016-03-23 08:00:00,5.4,90,77,21.0,5.0,0.0
2016-03-23 09:00:00,6.8,85,75,96.0,3.3,0.0
2016-03-23 10:00:00,8.0,79,70,170.0,4.1,0.0
2016-03-23 11:00:00,9.0,64,75,261.0,5.1,0.0
2016-03-23 12:00:00,9.3,61,98,262.0,5.2,0.0
2016-03-23 13:00:00,9.7,59,100,313.0,4.8,0.0
2016-03-23 14:00:00,9.9,59,100,258.0,4.3,0.0
2016-03-23 15:00:00,10.1,59,100,235.0,4.8,0.0
2016-03-23 16:00:00,10.2,59,100,203.0,6.8,0.0
2016-03-23 17:00:00,10.1,59,100,148.0,6.8,0.0
2016-03-23 18:00:00,9.8,62,100,73.0,4.8,0.0
2016-03-23 19:00:00,9.3,66,95,24.0,4.2,0.0
2016-03-23 20:00:00,8.4,71,94,1.0,4.2,0.0
2016-03-23 21:00:00,7.8,76,85,0.0,4.7,0.0
2016-03-23 22:00:00,6.9,84,79,0.0,4.3,0.0
2016-03-23 23:00:00,6.5,85,82,0.0,4.1,0.0
2016-03-24 00:00:00,5.8,87,94,0.0,5.4,0.0
2016-03-24 01:00:00,5.9,85,98,0.0,7.9,0.0
2016-03-24 02:00:00,6.0,82,100,0.0,8.8,0.0
2016-03-24 03:00:00,5.9,81,99,0.0,9.0,0.0
2016-03-24 04:00:00,5.4,83,100,0.0,9.4,0.0
2016-03-24 05:00:00,5.0,85,100,0.0,9.9,0.0
2016-03-24 06:00:00,4.7,86,100,0.0,10.5,0.0
2016-03-24 07:00:00,4.4,88,100,0.0,11.1,0.0
2016-03-24 08:00:00,5.5,85,100,23.0,12.0,0.0
2016-03-24 09:00:00,6.5,84,100,77.0,13.2,0.0
2016-03-24 10:00:00,7.3,83,100,123.0,17.1,0.0
2016-03-24 11:00:00,8.5,78,100,197.0,17.3,0.0
2016-03-24 12:00:00,9.2,74,100,186.0,16.9,0.2
2016-03-24 13:00:00,9.1,77,100,158.0,18.4,0.3
2016-03-24 14:00:00,9.4,76,100,208.0,20.5,0.3
2016-03-24 15:00:00,9.6,75,100,227.0,15.8,0.4
2016-03-24 16:00:00,9.3,80,100,132.0,19.6,0.4
2016-03-24 17:00:00,8.7,85,100,97.0,20.4,0.4
2016-03-24 18:00:00,8.2,87,100,46.0,20.6,0.4
2016-03-24 19:00:00,7.8,89,100,16.0,21.1,0.3
2016-03-24 20:00:00,7.7,92,100,0.0,21.2,0.5
2016-03-24 21:00:00,7.6,92,100,0.0,21.5,0.6
2016-03-24 22:00:00,7.6,93,100,0.0,21.3,0.7
2016-03-24 23:00:00,7.6,93,100,0.0,19.6,0.6
2016-03-25 00:00:00,7.7,94,100,0.0,19.5,0.6
2016-03-25 01:00:00,7.8,94,100,0.0,18.9,0.7
2016-03-25 02:00:00,7.8,95,100,0.0,17.8,0.7
2016-03-25 03:00:00,7.9,96,100,0.0,15.9,0.6
2016-03-25 04:00:00,7.9,97,100,0.0,13.5,0.5
2016-03-25 05:00:00,8.0,97,100,0.0,11.5,0.3
2016-03-25 06:00:00,7.9,96,100,0.0,15.5,0.1
2016-03-25 07:00:00,7.1,89,100,0.0,16.9,0.0
2016-03-25 08:00:00,7.1,84,83,16.0,15.0,0.0
2016-03-25 09:00:00,7.1,85,34,92.0,14.4,0.0
2016-03-25 10:00:00,8.2,77,32,282.0,18.2,0.0
2016-03-25 11:00:00,9.4,69,27,433.0,14.1,0.0
2016-03-25 12:00:00,10.7,61,33,521.0,12.0,0.0
2016-03-25 13:00:00,11.5,55,64,509.0,10.8,0.0
2016-03-25 14:00:00,12.0,51,81,457.0,11.0,0.0
2016-03-25 15:00:00,12.6,48,53,451.0,9.2,0.0
2016-03-25 16:00:00,13.0,46,74,430.0,10.1,0.0
2016-03-25 17:00:00,13.0,46,97,316.0,10.2,0.0
2016-03-25 18:00:00,12.4,52,73,171.0,7.4,0.0
2016-03-25 19:00:00,10.8,60,42,86.0,8.2,0.0
2016-03-25 20:00:00,9.5,65,76,3.0,10.8,0.0
2016-03-25 21:00:00,7.9,74,87,0.0,13.1,0.0
2016-03-25 22:00:00,6.8,80,97,0.0,14.2,0.0
2016-03-25 23:00:00,6.3,82,100,0.0,14.9,0.0
2016-03-26 00:00:00,6.2,80,100,0.0,16.3,0.0
2016-03-26 01:00:00,6.2,79,100,0.0,17.0,0.0
2016-03-26 02:00:00,6.1,79,100,0.0,18.4,0.0
2016-03-26 03:00:00,6.3,79,95,0.0,20.6,0.0
2016-03-26 04:00:00,6.7,82,98,0.0,21.6,0.0
2016-03-26 05:00:00,7.2,84,100,0.0,22.4,0.0
2016-03-26 06:00:00,7.3,86,100,0.0,23.0,0.0
2016-03-26 07:00:00,6.8,89,100,0.0,23.0,0.0
2016-03-26 08:00:00,6.9,87,100,46.0,23.4,0.0
2016-03-26 09:00:00,7.8,84,100,96.0,26.0,0.0
2016-03-26 10:00:00,8.6,85,100,115.0,26.0,0.0
2016-03-26 11:00:00,9.1,85,100,111.0,31.3,0.0
2016-03-26 12:00:00,9.6,85,100,107.0,33.2,0.0
2016-03-26 13:00:00,10.4,84,100,129.0,34.6,0.0
2016-03-26 14:00:00,10.9,85,100,109.0,34.9,0.0
2016-03-26 15:00:00,11.3,85,100,103.0,34.9,0.0
2016-03-26 16:00:00,11.6,85,100,79.0,35.3,0.0
2016-03-26 17:00:00,11.7,84,100,47.0,37.5,0.0
2016-03-26 18:00:00,11.8,83,100,29.0,38.2,0.0
2016-03-26 19:00:00,11.9,82,100,14.0,39.3,0.4
2016-03-26 20:00:00,10.5,91,100,0.0,34.9,1.7
2016-03-26 21:00:00,8.0,85,100,0.0,27.4,0.9
2016-03-26 22:00:00,6.6,86,100,0.0,23.0,0.7
2016-03-26 23:00:00,6.5,88,100,0.0,21.4,0.3
2016-03-27 00:00:00,6.6,89,100,0.0,18.7,0.0
2016-03-27 01:00:00,6.6,88,100,0.0,15.9,0.0
2016-03-27 02:00:00,6.6,89,100,0.0,15.0,0.0
2016-03-27 03:00:00,6.2,89,98,0.0,15.3,0.0
2016-03-27 04:00:00,5.7,89,34,0.0,16.9,0.0
2016-03-27 05:00:00,5.2,90,37,0.0,18.7,0.0
2016-03-27 06:00:00,5.1,91,58,0.0,21.2,0.0
2016-03-27 07:00:00,5.2,91,67,0.0,23.0,0.0
2016-03-27 08:00:00,5.7,88,69,41.0,23.3,0.0
2016-03-27 09:00:00,7.2,81,46,188.0,25.6,0.0
2016-03-27 10:00:00,8.2,75,79,291.0,31.8,0.1
2016-03-27 11:00:00,8.8,74,85,348.0,27.9,0.5
2016-03-27 12:00:00,9.7,77,99,503.0,28.5,0.2
2016-03-27 13:00:00,9.4,78,95,478.0,28.7,1.1
2016-03-27 14:00:00,9.8,78,75,448.0,27.0,0.1
2016-03-27 15:00:00,10.4,73,69,533.0,29.8,0.0
2016-03-27 16:00:00,10.1,69,60,446.0,34.8,0.0
2016-03-27 17:00:00,9.6,65,49,304.0,32.8,0.0
2016-03-27 18:00:00,9.3,66,50,213.0,30.3,0.0
2016-03-27 19:00:00,8.6,70,44,79.0,26.9,0.0
2016-03-27 20:00:00,7.8,78,67,4.0,24.7,0.0
2016-03-27 21:00:00,7.5,82,100,0.0,22.7,0.0
2016-03-27 22:00:00,7.4,85,100,0.0,23.4,0.2
2016-03-27 23:00:00,7.5,90,100,0.0,25.8,0.7
2016-03-28 00:00:00,7.7,91,100,0.0,31.9,1.4
2016-03-28 01:00:00,7.7,88,100,0.0,38.3,3.0
2016-03-28 02:00:00,7.0,91,100,0.0,45.7,3.5
2016-03-28 03:00:00,7.1,89,100,0.0,47.2,1.2
2016-03-28 04:00:00,7.4,88,87,0.0,43.6,0.3
2016-03-28 05:00:00,7.8,85,100,0.0,41.9,0.3
2016-03-28 06:00:00,8.6,88,94,0.0,46.2,0.4
2016-03-28 07:00:00,7.7,89,100,0.0,42.7,0.2
2016-03-28 08:00:00,5.8,91,100,7.0,48.0,0.6
2016-03-28 09:00:00,5.2,88,99,34.0,44.6,0.7
2016-03-28 10:00:00,6.1,80,98,131.0,38.3,0.2
2016-03-28 11:00:00,7.7,69,94,306.0,32.6,0.1
2016-03-28 12:00:00,9.0,58,95,433.0,32.4,0.0
2016-03-28 13:00:00,10.1,51,84,568.0,32.7,0.0
2016-03-28 14:00:00,10.7,48,81,645.0,31.5,0.1
2016-03-28 15:00:00,10.7,47,75,503.0,29.4,0.0
2016-03-28 16:00:00,10.6,49,51,475.0,26.7,0.0
2016-03-28 17:00:00,10.1,50,55,328.0,24.2,0.0
2016-03-28 18:00:00,9.2,59,80,179.0,21.5,0.0
2016-03-28 19:00:00,8.0,67,90,71.0,18.6,0.0
2016-03-28 20:00:00,6.8,78,92,4.0,16.9,0.2
2016-03-28 21:00:00,6.1,82,90,0.0,17.5,0.1
2016-03-28 22:00:00,5.7,84,87,0.0,17.4,0.1
2016-03-28 23:00:00,5.1,87,54,0.0,17.0,0.0
2016-03-29 00:00:00,4.7,88,38,0.0,15.9,0.0
2016-03-29 01:00:00,4.2,90,58,0.0,15.7,0.0
2016-03-29 02:00:00,4.0,91,32,0.0,16.6,0.0
2016-03-29 03:00:00,3.8,91,6,0.0,17.5,0.0
2016-03-29 04:00:00,4.2,89,24,0.0,18.5,0.0
2016-03-29 05:00:00,4.8,86,76,0.0,19.7,0.0
2016-03-29 06:00:00,5.0,83,50,0.0,20.2,0.0
2016-03-29 07:00:00,5.0,81,26,1.0,20.8,0.0
2016-03-29 08:00:00,5.1,83,15,66.0,21.3,0.0
2016-03-29 09:00:00,6.4,79,28,217.0,20.0,0.0
2016-03-29 10:00:00,7.8,67,37,371.0,26.9,0.0
2016-03-29 11:00:00,8.3,62,34,352.0,21.1,0.0
2016-03-29 12:00:00,9.3,57,33,535.0,23.1,0.0
2016-03-29 13:00:00,9.8,54,28,541.0,23.8,0.0
2016-03-29 14:00:00,10.3,52,25,625.0,22.5,0.2
2016-03-29 15:00:00,10.5,52,80,599.0,22.2,0.0
2016-03-29 16:00:00,10.7,52,88,506.0,23.3,0.0
2016-03-29 17:00:00,8.9,63,100,284.0,23.5,0.3
2016-03-29 18:00:00,7.5,77,100,95.0,17.3,0.7
2016-03-29 19:00:00,6.6,87,100,25.0,21.9,1.2
2016-03-29 20:00:00,6.4,92,100,1.0,21.8,1.0
2016-03-29 21:00:00,6.4,90,92,0.0,20.0,0.0
2016-03-29 22:00:00,6.0,89,97,0.0,18.2,0.0
2016-03-29 23:00:00,5.5,88,98,0.0,14.6,0.0
2016-03-30 00:00:00,5.1,88,100,0.0,15.3,0.0
2016-03-30 01:00:00,4.9,88,100,0.0,14.8,0.0
2016-03-30 02:00:00,4.8,87,38,0.0,16.1,0.0
2016-03-30 03:00:00,4.9,86,85,0.0,17.1,0.0
2016-03-30 04:00:00,4.8,86,99,0.0,17.1,0.0
2016-03-30 05:00:00,4.6,87,100,0.0,16.4,0.0
2016-03-30 06:00:00,4.5,87,100,0.0,16.0,0.0
2016-03-30 07:00:00,4.3,88,100,2.0,15.4,0.0
2016-03-30 08:00:00,4.9,88,100,59.0,15.5,0.0
2016-03-30 09:00:00,6.4,83,97,221.0,15.8,0.0
2016-03-30 10:00:00,8.0,71,99,378.0,20.5,0.0
2016-03-30 11:00:00,9.0,64,68,449.0,16.7,0.0
2016-03-30 12:00:00,9.8,58,35,489.0,16.5,0.1
2016-03-30 13:00:00,10.5,54,100,489.0,17.4,0.2
2016-03-30 14:00:00,11.0,54,100,504.0,16.8,0.1
2016-03-30 15:00:00,11.0,58,100,424.0,15.6,0.0
2016-03-30 16:00:00,11.1,60,100,411.0,14.2,0.0
2016-03-30 17:00:00,10.7,63,100,315.0,11.9,0.1
2016-03-30 18:00:00,9.4,68,100,170.0,10.0,0.4
2016-03-30 19:00:00,8.8,73,100,53.0,6.3,0.0
2016-03-30 20:00:00,8.3,75,100,4.0,5.4,0.0
2016-03-30 21:00:00,7.3,81,100,0.0,5.2,0.0
2016-03-30 22:00:00,6.2,88,100,0.0,6.3,0.0
2016-03-30 23:00:00,5.6,90,100,0.0,6.3,0.0
2016-03-31 00:00:00,5.2,91,100,0.0,4.7,0.0
2016-03-31 01:00:00,4.5,93,100,0.0,4.3,0.0
2016-03-31 02:00:00,4.4,92,100,0.0,6.6,0.0
2016-03-31 03:00:00,4.4,90,100,0.0,9.1,0.0
2016-03-31 04:00:00,4.2,89,99,0.0,11.5,0.0
2016-03-31 05:00:00,3.8,90,99,0.0,11.3,0.0
2016-03-31 06:00:00,3.3,91,96,0.0,10.5,0.0
2016-03-31 07:00:00,2.9,92,93,2.0,10.7,0.0
2016-03-31 08:00:00,3.9,91,93,71.0,11.5,0.0
2016-03-31 09:00:00,5.7,85,74,214.0,11.3,0.0
2016-03-31 10:00:00,7.3,79,78,363.0,11.9,0.0
2016-03-31 11:00:00,8.7,68,84,506.0,11.5,0.0
2016-03-31 12:00:00,9.7,59,66,573.0,11.5,0.0
2016-03-31 13:00:00,10.3,54,32,587.0,12.6,0.0
2016-03-31 14:00:00,10.8,52,45,595.0,13.0,0.0
2016-03-31 15:00:00,10.9,51,34,505.0,11.9,0.0
2016-03-31 16:00:00,11.0,51,40,452.0,11.6,0.0
2016-03-31 17:00:00,10.8,52,36,381.0,10.9,0.0
2016-03-31 18:00:00,10.3,54,22,241.0,10.0,0.0
2016-03-31 19:00:00,9.3,60,12,103.0,7.6,0.0
2016-03-31 20:00:00,7.7,71,3,8.0,7.4,0.0
2016-03-31 21:00:00,5.9,84,0,0.0,8.0,0.0
2016-03-31 22:00:00,4.5,89,0,0.0,8.2,0.0
2016-03-31 23:00:00,3.4,92,0,0.0,7.3,0.0
2016-04-01 00:00:00,2.9,94,0,0.0,8.0,0.0
2016-04-01 01:00:00,3.2,94,15,0.0,8.7,0.0
2016-04-01 02:00:00,4.0,95,5,0.0,7.2,0.0
2016-04-01 03:00:00,3.6,98,25,0.0,7.6,0.0
2016-04-01 04:00:00,2.0,100,34,0.0,7.6,0.0
2016-04-01 05:00:00,0.3,100,60,0.0,7.6,0.0
2016-04-01 06:00:00,0.3,99,86,0.0,7.5,0.0
2016-04-01 07:00:00,1.3,99,100,3.0,10.3,0.0
2016-04-01 08:00:00,3.1,97,100,56.0,11.5,0.0
2016-04-01 09:00:00,5.2,88,100,154.0,11.1,0.0
2016-04-01 10:00:00,7.4,77,100,302.0,13.1,0.0
2016-04-01 11:00:00,9.3,69,98,453.0,14.4,0.0
2016-04-01 12:00:00,10.8,63,100,582.0,16.6,0.0
2016-04-01 13:00:00,11.6,57,100,651.0,18.6,0.0
2016-04-01 14:00:00,11.8,57,100,554.0,20.2,0.0
2016-04-01 15:00:00,11.5,58,100,431.0,21.0,0.0
2016-04-01 16:00:00,11.3,58,100,415.0,20.7,0.0
2016-04-01 17:00:00,10.7,60,100,292.0,19.3,0.0
2016-04-01 18:00:00,10.0,64,100,181.0,17.4,0.0
2016-04-01 19:00:00,9.0,69,90,74.0,15.2,0.0
2016-04-01 20:00:00,7.5,78,92,8.0,15.1,0.0
2016-04-01 21:00:00,6.8,81,99,0.0,15.2,0.0
2016-04-01 22:00:00,6.4,80,99,0.0,14.9,0.0
2016-04-01 23:00:00,6.3,76,99,0.0,13.8,0.0
2016-04-02 00:00:00,6.5,70,98,0.0,13.9,0.0
2016-04-02 01:00:00,6.6,68,100,0.0,14.3,0.0
2016-04-02 02:00:00,7.0,69,100,0.0,15.6,0.0
2016-04-02 03:00:00,7.2,71,100,0.0,15.5,0.0
2016-04-02 04:00:00,7.1,75,100,0.0,13.3,0.0
2016-04-02 05:00:00,6.7,80,98,0.0,12.8,0.0
2016-04-02 06:00:00,6.3,84,95,0.0,12.8,0.0
2016-04-02 07:00:00,5.9,88,86,3.0,12.0,0.0
2016-04-02 08:00:00,6.9,88,76,76.0,12.8,0.0
2016-04-02 09:00:00,8.6,80,70,245.0,12.3,0.0
2016-04-02 10:00:00,10.2,70,33,406.0,13.7,0.0
2016-04-02 11:00:00,11.5,60,8,560.0,14.8,0.0
2016-04-02 12:00:00,12.2,55,9,657.0,16.7,0.0
2016-04-02 13:00:00,12.4,53,24,618.0,16.9,0.0
2016-04-02 14:00:00,12.6,52,73,620.0,16.9,0.0
2016-04-02 15:00:00,12.6,53,89,569.0,15.8,0.0
2016-04-02 16:00:00,12.3,54,98,428.0,12.8,0.0
2016-04-02 17:00:00,11.4,57,100,205.0,12.3,0.0
2016-04-02 18:00:00,10.1,69,100,67.0,12.6,0.1
2016-04-02 19:00:00,9.1,78,100,17.0,11.0,0.4
2016-04-02 20:00:00,8.2,85,100,2.0,8.3,0.3
2016-04-02 21:00:00,7.8,90,100,0.0,7.4,0.5
2016-04-02 22:00:00,7.5,92,100,0.0,8.0,1.0
2016-04-02 23:00:00,7.5,94,99,0.0,9.0,0.7
2016-04-03 00:00:00,7.6,95,100,0.0,8.6,0.2
2016-04-03 01:00:00,7.7,94,100,0.0,8.3,0.0
2016-04-03 02:00:00,7.8,94,100,0.0,8.6,0.0
2016-04-03 03:00:00,8.1,94,100,0.0,10.5,0.0
2016-04-03 04:00:00,8.2,94,100,0.0,12.2,0.0
2016-04-03 05:00:00,8.0,94,100,0.0,12.2,0.0
2016-04-03 06:00:00,7.6,94,100,0.0,11.2,0.0
2016-04-03 07:00:00,6.9,96,82,5.0,9.7,0.0
2016-04-03 08:00:00,7.7,94,74,60.0,13.8,0.0
2016-04-03 09:00:00,9.1,82,69,181.0,13.8,0.0
2016-04-03 10:00:00,9.9,76,97,201.0,15.1,0.0
2016-04-03 11:00:00,10.8,71,98,276.0,14.8,0.0
2016-04-03 12:00:00,11.9,66,98,374.0,15.0,0.0
2016-04-03 13:00:00,13.2,61,97,509.0,12.6,0.0
2016-04-03 14:00:00,14.3,60,98,635.0,12.3,0.0
2016-04-03 15:00:00,15.2,58,85,636.0,13.3,0.0
2016-04-03 16:00:00,15.4,58,81,510.0,14.8,0.0
2016-04-03 17:00:00,14.9,62,99,266.0,14.8,0.0
2016-04-03 18:00:00,13.5,75,100,133.0,13.0,1.0
2016-04-03 19:00:00,12.1,87,100,54.0,13.2,0.6
2016-04-03 20:00:00,11.4,87,99,7.0,12.6,1.0
2016-04-03 21:00:00,10.6,91,100,0.0,11.4,0.8
2016-04-03 22:00:00,10.5,93,99,0.0,10.8,0.7
2016-04-03 23:00:00,10.3,94,96,0.0,10.1,0.2
2016-04-04 00:00:00,9.8,94,95,0.0,9.1,0.0
2016-04-04 01:00:00,9.0,94,94,0.0,9.0,0.0
2016-04-04 02:00:00,8.3,95,99,0.0,10.1,0.0
2016-04-04 03:00:00,7.7,94,46,0.0,10.4,0.0
2016-04-04 04:00:00,7.6,94,100,0.0,10.9,0.0
2016-04-04 05:00:00,7.4,94,100,0.0,10.1,0.0
2016-04-04 06:00:00,7.1,94,100,0.0,10.4,0.0
2016-04-04 07:00:00,6.8,95,100,4.0,11.2,0.0
2016-04-04 08:00:00,7.9,93,96,52.0,11.3,0.0
2016-04-04 09:00:00,9.0,89,76,147.0,13.3,0.0
2016-04-04 10:00:00,10.6,83,69,361.0,14.4,0.0
2016-04-04 11:00:00,11.8,80,41,510.0,14.1,0.1
2016-04-04 12:00:00,12.4,77,49,583.0,15.2,0.2
2016-04-04 13:00:00,11.4,73,64,515.0,16.6,1.1
2016-04-04 14:00:00,11.7,69,74,505.0,21.4,0.2
2016-04-04 15:00:00,12.0,66,89,439.0,18.9,0.2
2016-04-04 16:00:00,12.1,65,93,398.0,17.7,0.2
2016-04-04 17:00:00,11.9,68,97,300.0,17.4,0.0
2016-04-04 18:00:00,11.5,70,95,170.0,18.5,0.0
2016-04-04 19:00:00,10.8,75,48,77.0,15.4,0.0
2016-04-04 20:00:00,9.7,80,38,9.0,13.1,0.0
2016-04-04 21:00:00,9.0,83,27,0.0,12.8,0.0
2016-04-04 22:00:00,8.2,87,30,0.0,12.4,0.0
2016-04-04 23:00:00,7.3,91,31,0.0,12.0,0.0
2016-04-05 00:00:00,6.8,93,54,0.0,11.8,0.0
2016-04-05 01:00:00,6.6,95,82,0.0,11.3,0.0
2016-04-05 02:00:00,6.6,96,60,0.0,10.1,0.0
2016-04-05 03:00:00,7.1,96,69,0.0,8.9,0.0
2016-04-05 04:00:00,7.1,96,54,0.0,8.1,0.0
2016-04-05 05:00:00,7.1,96,53,0.0,7.4,0.0
2016-04-05 06:00:00,7.2,96,61,0.0,7.1,0.0
2016-04-05 07:00:00,6.9,97,28,5.0,7.6,0.0
2016-04-05 08:00:00,7.6,92,13,91.0,8.3,0.0
2016-04-05 09:00:00,8.8,85,12,243.0,9.4,0.0
2016-04-05 10:00:00,10.3,77,54,405.0,10.8,0.0
2016-04-05 11:00:00,11.5,67,23,545.0,10.1,0.0
2016-04-05 12:00:00,12.2,63,32,542.0,13.7,0.1
2016-04-05 13:00:00,12.8,59,33,576.0,15.1,0.1
2016-04-05 14:00:00,12.9,57,33,542.0,16.6,0.0
2016-04-05 15:00:00,12.9,57,38,490.0,17.3,0.0
2016-04-05 16:00:00,12.9,59,48,427.0,17.0,0.0
2016-04-05 17:00:00,12.6,60,42,317.0,17.2,0.1
2016-04-05 18:00:00,11.6,61,23,238.0,14.0,0.4
2016-04-05 19:00:00,11.0,64,17,108.0,10.5,0.0
2016-04-05 20:00:00,10.3,62,14,13.0,8.4,0.0
2016-04-05 21:00:00,8.8,68,10,0.0,10.7,0.0
2016-04-05 22:00:00,8.4,71,19,0.0,12.6,0.0
2016-04-05 23:00:00,7.8,73,18,0.0,13.0,0.0
2016-04-06 00:00:00,7.0,78,3,0.0,13.5,0.0
2016-04-06 01:00:00,6.1,82,2,0.0,13.7,0.0
2016-04-06 02:00:00,5.1,87,5,0.0,13.7,0.0
2016-04-06 03:00:00,4.5,90,1,0.0,13.8,0.0
2016-04-06 04:00:00,4.2,91,7,0.0,15.0,0.0
2016-04-06 05:00:00,4.3,92,31,0.0,17.1,0.0
2016-04-06 06:00:00,4.7,92,60,0.0,18.7,0.0
2016-04-06 07:00:00,5.6,91,96,7.0,20.7,0.3
2016-04-06 08:00:00,7.6,89,100,18.0,23.7,0.0
2016-04-06 09:00:00,8.3,88,100,15.0,24.7,0.2
2016-04-06 10:00:00,8.7,89,99,28.0,24.9,0.2
2016-04-06 11:00:00,9.4,84,55,141.0,23.0,0.2
2016-04-06 12:00:00,10.4,70,43,322.0,24.9,0.0
2016-04-06 13:00:00,11.4,63,54,550.0,27.7,0.2
2016-04-06 14:00:00,11.2,61,54,505.0,29.9,0.0
2016-04-06 15:00:00,11.4,60,53,587.0,32.1,0.1
2016-04-06 16:00:00,10.6,52,19,444.0,31.0,0.0
2016-04-06 17:00:00,10.1,47,18,416.0,29.4,0.3
2016-04-06 18:00:00,9.4,50,67,261.0,27.6,0.0
2016-04-06 19:00:00,8.5,52,37,119.0,25.7,0.0
2016-04-06 20:00:00,7.6,59,6,16.0,23.2,0.0
2016-04-06 21:00:00,6.6,65,13,0.0,22.6,0.0
2016-04-06 22:00:00,5.9,68,0,0.0,22.5,0.0
2016-04-06 23:00:00,5.4,69,1,0.0,22.3,0.0
2016-04-07 00:00:00,5.0,71,0,0.0,21.5,0.0
2016-04-07 01:00:00,4.6,73,5,0.0,21.1,0.0
2016-04-07 02:00:00,4.3,74,15,0.0,21.0,0.0
2016-04-07 03:00:00,4.0,76,33,0.0,20.1,0.0
2016-04-07 04:00:00,3.7,77,52,0.0,19.3,0.0
2016-04-07 05:00:00,3.5,78,61,0.0,18.9,0.0
2016-04-07 06:00:00,3.3,80,69,0.0,17.6,0.0
2016-04-07 07:00:00,3.2,82,71,11.0,17.1,0.0
2016-04-07 08:00:00,4.7,80,61,104.0,15.6,0.0
2016-04-07 09:00:00,6.0,74,79,238.0,22.7,0.1
2016-04-07 10:00:00,6.9,74,94,375.0,26.3,0.3
2016-04-07 11:00:00,7.3,74,94,420.0,20.7,0.3
2016-04-07 12:00:00,7.7,73,99,497.0,20.1,0.5
2016-04-07 13:00:00,7.4,76,100,279.0,19.8,0.6
2016-04-07 14:00:00,7.8,76,98,335.0,19.8,0.6
2016-04-07 15:00:00,8.7,73,98,366.0,19.1,0.2
2016-04-07 16:00:00,9.6,75,95,360.0,18.4,0.1
2016-04-07 17:00:00,10.3,77,100,298.0,21.1,0.2
2016-04-07 18:00:00,9.7,77,91,229.0,18.0,1.2
2016-04-07 19:00:00,8.8,79,65,91.0,13.9,0.0
2016-04-07 20:00:00,8.0,81,58,14.0,12.2,0.0
2016-04-07 21:00:00,7.4,83,39,0.0,11.8,0.0
2016-04-07 22:00:00,6.5,86,30,0.0,12.0,0.0
2016-04-07 23:00:00,5.8,89,31,0.0,11.2,0.0
2016-04-08 00:00:00,5.3,91,25,0.0,10.5,0.0
2016-04-08 01:00:00,4.9,92,3,0.0,10.5,0.0
2016-04-08 02:00:00,4.6,93,1,0.0,10.9,0.0
2016-04-08 03:00:00,4.1,94,3,0.0,10.2,0.0
2016-04-08 04:00:00,3.5,95,6,0.0,10.4,0.0
2016-04-08 05:00:00,3.1,95,19,0.0,9.9,0.0
2016-04-08 06:00:00,2.8,97,45,0.0,8.7,0.0
2016-04-08 07:00:00,3.4,97,65,10.0,8.4,0.0
2016-04-08 08:00:00,5.6,92,86,94.0,8.0,0.0
2016-04-08 09:00:00,6.8,89,81,149.0,8.7,0.0
2016-04-08 10:00:00,8.1,80,100,247.0,8.0,0.0
2016-04-08 11:00:00,8.9,75,82,269.0,6.0,0.0
2016-04-08 12:00:00,9.6,70,95,272.0,4.4,0.0
2016-04-08 13:00:00,10.4,65,42,317.0,4.1,0.0
2016-04-08 14:00:00,10.9,61,41,357.0,6.3,0.0
2016-04-08 15:00:00,11.5,58,48,375.0,8.4,0.0
2016-04-08 16:00:00,11.4,59,73,222.0,9.9,0.0
2016-04-08 17:00:00,11.7,57,98,296.0,11.6,0.0
2016-04-08 18:00:00,11.4,60,95,187.0,11.0,0.0
2016-04-08 19:00:00,10.7,66,99,95.0,10.0,0.0
2016-04-08 20:00:00,9.1,71,100,15.0,9.2,0.0
2016-04-08 21:00:00,7.9,79,100,0.0,10.7,0.0
2016-04-08 22:00:00,7.0,85,97,0.0,11.6,0.0
2016-04-08 23:00:00,6.4,90,82,0.0,12.8,0.0
2016-04-09 00:00:00,5.8,92,38,0.0,13.4,0.0
2016-04-09 01:00:00,5.4,93,35,0.0,13.8,0.0
2016-04-09 02:00:00,5.3,93,79,0.0,15.0,0.0
2016-04-09 03:00:00,5.5,93,100,0.0,16.6,0.0
2016-04-09 04:00:00,6.1,91,100,0.0,18.7,0.2
2016-04-09 05:00:00,6.7,89,100,0.0,20.5,0.3
2016-04-09 06:00:00,7.0,88,100,0.0,20.5,0.3
2016-04-09 07:00:00,7.0,92,100,1.0,17.5,0.4
2016-04-09 08:00:00,7.3,94,100,22.0,14.7,0.4
2016-04-09 09:00:00,7.6,95,99,73.0,11.2,0.2
2016-04-09 10:00:00,7.7,93,95,101.0,11.7,0.2
2016-04-09 11:00:00,8.3,88,62,265.0,10.5,0.1
2016-04-09 12:00:00,9.0,79,50,449.0,10.6,0.0
2016-04-09 13:00:00,9.8,68,58,506.0,11.0,0.0
2016-04-09 14:00:00,10.5,61,57,639.0,14.7,0.0
2016-04-09 15:00:00,10.1,60,88,453.0,17.6,0.1
2016-04-09 16:00:00,9.6,63,67,415.0,18.2,0.4
2016-04-09 17:00:00,9.2,67,67,317.0,17.6,0.4
2016-04-09 18:00:00,8.6,70,44,217.0,20.1,0.1
2016-04-09 19:00:00,7.7,73,33,107.0,16.5,0.2
2016-04-09 20:00:00,6.6,75,15,19.0,12.2,0.0
2016-04-09 21:00:00,5.5,79,20,0.0,11.5,0.0
2016-04-09 22:00:00,4.6,84,17,0.0,10.7,0.0
2016-04-09 23:00:00,3.8,86,1,0.0,10.1,0.0
2016-04-10 00:00:00,2.9,90,3,0.0,8.9,0.0
2016-04-10 01:00:00,2.1,92,0,0.0,7.1,0.0
2016-04-10 02:00:00,1.3,93,0,0.0,6.8,0.0
2016-04-10 03:00:00,0.7,93,0,0.0,7.2,0.0
2016-04-10 04:00:00,0.3,93,0,0.0,6.9,0.0
2016-04-10 05:00:00,-0.2,94,0,0.0,6.4,0.0
2016-04-10 06:00:00,-0.3,93,3,0.0,8.9,0.0
2016-04-10 07:00:00,0.2,93,17,19.0,11.2,0.0
2016-04-10 08:00:00,4.0,87,7,130.0,12.1,0.0
2016-04-10 09:00:00,7.1,77,2,286.0,14.2,0.0
2016-04-10 10:00:00,8.7,62,45,466.0,18.9,0.0
2016-04-10 11:00:00,9.8,53,85,592.0,18.3,0.0
2016-04-10 12:00:00,10.6,48,100,643.0,20.8,0.0
2016-04-10 13:00:00,11.1,46,100,621.0,21.7,0.0
2016-04-10 14:00:00,11.3,47,97,560.0,22.7,0.0
2016-04-10 15:00:00,11.0,51,97,374.0,23.5,0.0
2016-04-10 16:00:00,10.5,58,97,272.0,24.9,0.0
2016-04-10 17:00:00,10.3,63,95,268.0,25.1,0.0
2016-04-10 18:00:00,10.0,67,94,240.0,23.1,0.0
2016-04-10 19:00:00,9.7,68,93,103.0,25.3,0.0
2016-04-10 20:00:00,8.4,71,86,18.0,24.0,0.0
2016-04-10 21:00:00,8.2,73,94,0.0,23.6,0.0
2016-04-10 22:00:00,8.3,75,100,0.0,22.5,0.0
2016-04-10 23:00:00,8.7,77,100,0.0,16.3,0.0
2016-04-11 00:00:00,9.1,80,100,0.0,15.6,0.0
2016-04-11 01:00:00,9.3,82,73,0.0,14.8,0.0
2016-04-11 02:00:00,9.1,84,92,0.0,14.0,0.1
2016-04-11 03:00:00,8.8,85,98,0.0,14.2,0.2
2016-04-11 04:00:00,8.5,86,99,0.0,15.8,0.0
2016-04-11 05:00:00,8.6,85,99,0.0,14.8,0.0
2016-04-11 06:00:00,8.5,83,100,0.0,14.8,0.0
2016-04-11 07:00:00,8.3,84,100,13.0,15.4,0.0
2016-04-11 08:00:00,9.5,84,100,84.0,15.2,0.0
2016-04-11 09:00:00,10.8,79,99,206.0,14.5,0.0
2016-04-11 10:00:00,11.9,74,99,336.0,14.0,0.0
2016-04-11 11:00:00,12.9,70,100,444.0,11.9,0.0
2016-04-11 12:00:00,13.9,66,99,517.0,9.8,0.0
2016-04-11 13:00:00,14.0,67,100,356.0,9.7,0.1
2016-04-11 14:00:00,13.8,72,100,327.0,9.2,0.5
2016-04-11 15:00:00,13.6,75,100,329.0,8.4,0.5
2016-04-11 16:00:00,12.7,81,100,144.0,9.1,0.6
2016-04-11 17:00:00,11.9,87,98,90.0,9.3,0.6
2016-04-11 18:00:00,11.3,89,97,66.0,8.7,0.4
2016-04-11 19:00:00,10.7,91,80,46.0,7.4,0.1
2016-04-11 20:00:00,10.5,85,79,17.0,6.9,0.0
2016-04-11 21:00:00,9.7,88,90,0.0,7.9,0.0
2016-04-11 22:00:00,8.8,91,96,0.0,8.7,0.0
2016-04-11 23:00:00,8.1,93,99,0.0,7.9,0.1
2016-04-12 00:00:00,7.7,93,98,0.0,8.2,0.0
2016-04-12 01:00:00,7.4,94,97,0.0,7.4,0.2
2016-04-12 02:00:00,7.2,95,98,0.0,8.5,0.0
2016-04-12 03:00:00,7.1,95,100,0.0,9.3,0.0
2016-04-12 04:00:00,6.9,96,100,0.0,8.4,0.0
2016-04-12 05:00:00,6.4,96,99,0.0,7.7,0.0
2016-04-12 06:00:00,6.1,96,96,0.0,7.5,0.0
2016-04-12 07:00:00,6.0,97,99,15.0,8.3,0.0
2016-04-12 08:00:00,7.1,95,99,62.0,10.1,0.0
2016-04-12 09:00:00,8.9,86,100,186.0,9.9,0.0
2016-04-12 10:00:00,10.2,84,100,336.0,9.0,0.0
2016-04-12 11:00:00,11.7,76,88,497.0,8.5,0.0
2016-04-12 12:00:00,13.1,67,72,637.0,9.6,0.0
2016-04-12 13:00:00,13.9,63,66,625.0,11.3,0.0
2016-04-12 14:00:00,14.4,58,57,651.0,12.0,0.0
2016-04-12 15:00:00,14.8,54,34,651.0,11.9,0.0
2016-04-12 16:00:00,14.9,52,48,551.0,12.1,0.0
2016-04-12 17:00:00,14.0,53,80,418.0,12.4,0.4
2016-04-12 18:00:00,13.5,55,64,267.0,10.6,0.0
2016-04-12 19:00:00,12.6,62,63,143.0,4.8,0.0
2016-04-12 20:00:00,11.7,66,49,23.0,5.9,0.0
2016-04-12 21:00:00,9.3,77,25,0.0,7.9,0.0
2016-04-12 22:00:00,7.3,87,3,0.0,8.3,0.0
2016-04-12 23:00:00,6.2,89,0,0.0,8.1,0.0
2016-04-13 00:00:00,5.2,93,0,0.0,8.9,0.0
2016-04-13 01:00:00,4.6,95,0,0.0,8.3,0.0
2016-04-13 02:00:00,4.3,96,0,0.0,7.1,0.0
2016-04-13 03:00:00,4.3,97,0,0.0,6.9,0.0
2016-04-13 04:00:00,4.6,98,0,0.0,7.6,0.0
2016-04-13 05:00:00,4.6,98,1,0.0,7.9,0.0
2016-04-13 06:00:00,4.2,99,7,0.0,7.2,0.0
2016-04-13 07:00:00,3.7,99,85,24.0,4.3,0.0
2016-04-13 08:00:00,6.2,94,27,147.0,5.1,0.0
2016-04-13 09:00:00,9.5,82,15,299.0,3.1,0.0
2016-04-13 10:00:00,11.8,70,22,451.0,3.1,0.0
2016-04-13 11:00:00,13.2,61,45,591.0,1.8,0.0
2016-04-13 12:00:00,14.3,56,39,702.0,3.1,0.0
2016-04-13 13:00:00,15.0,53,50,752.0,5.0,0.0
2016-04-13 14:00:00,15.7,51,67,752.0,6.4,0.0
2016-04-13 15:00:00,15.8,51,67,593.0,6.4,0.0
2016-04-13 16:00:00,15.8,53,58,525.0,5.6,0.0
2016-04-13 17:00:00,15.1,55,66,351.0,5.8,0.5
2016-04-13 18:00:00,13.3,66,70,191.0,7.3,0.7
2016-04-13 19:00:00,12.7,70,48,99.0,8.8,0.0
2016-04-13 20:00:00,12.2,61,32,22.0,8.0,0.0
2016-04-13 21:00:00,10.5,71,4,0.0,6.1,0.0
2016-04-13 22:00:00,8.9,80,11,0.0,7.1,0.0
2016-04-13 23:00:00,7.3,88,21,0.0,7.9,0.0
2016-04-14 00:00:00,6.8,88,71,0.0,7.7,0.0
2016-04-14 01:00:00,6.7,89,79,0.0,7.3,0.0
2016-04-14 02:00:00,6.0,93,77,0.0,6.7,0.0
2016-04-14 03:00:00,5.1,97,66,0.0,7.1,0.0
2016-04-14 04:00:00,5.0,98,42,0.0,7.6,0.0
2016-04-14 05:00:00,5.1,98,58,0.0,7.4,0.0
2016-04-14 06:00:00,5.5,99,87,0.0,6.8,0.0
2016-04-14 07:00:00,5.9,99,75,17.0,5.0,0.0
2016-04-14 08:00:00,8.1,91,63,133.0,4.3,0.0
2016-04-14 09:00:00,10.4,84,46,310.0,3.8,0.0
2016-04-14 10:00:00,12.4,74,66,464.0,4.7,0.0
2016-04-14 11:00:00,13.7,65,41,568.0,6.5,0.0
2016-04-14 12:00:00,14.6,60,47,689.0,8.2,0.0
2016-04-14 13:00:00,15.0,61,75,664.0,10.5,0.0
2016-04-14 14:00:00,15.4,62,65,689.0,12.4,0.1
2016-04-14 15:00:00,14.5,66,95,499.0,12.8,1.9
2016-04-14 16:00:00,13.5,68,100,473.0,12.6,0.7
2016-04-14 17:00:00,13.2,66,100,264.0,13.4,0.0
2016-04-14 18:00:00,12.5,68,100,170.0,11.7,0.0
2016-04-14 19:00:00,11.8,72,98,92.0,7.4,0.0
2016-04-14 20:00:00,11.5,71,100,16.0,5.6,0.0
2016-04-14 21:00:00,10.5,76,100,0.0,7.3,0.0
2016-04-14 22:00:00,9.8,81,100,0.0,8.1,0.2
2016-04-14 23:00:00,9.2,86,100,0.0,6.1,0.5
2016-04-15 00:00:00,8.7,92,97,0.0,3.6,0.5
2016-04-15 01:00:00,8.3,93,100,0.0,4.1,0.6
2016-04-15 02:00:00,8.4,95,100,0.0,3.0,0.7
2016-04-15 03:00:00,8.6,91,100,0.0,3.3,0.6
2016-04-15 04:00:00,8.4,93,100,0.0,2.9,0.3
2016-04-15 05:00:00,8.3,95,86,0.0,1.3,0.0
2016-04-15 06:00:00,8.2,96,70,0.0,0.5,0.0
2016-04-15 07:00:00,8.2,96,62,8.0,0.7,0.0
2016-04-15 08:00:00,9.0,97,88,114.0,0.8,0.0
2016-04-15 09:00:00,9.7,96,84,115.0,2.7,0.0
2016-04-15 10:00:00,10.9,94,82,237.0,3.6,0.2
2016-04-15 11:00:00,11.3,92,93,218.0,0.8,0.3
2016-04-15 12:00:00,11.9,89,78,301.0,3.6,0.8
2016-04-15 13:00:00,12.2,84,92,385.0,12.5,1.0
2016-04-15 14:00:00,11.0,80,100,305.0,16.3,1.9
2016-04-15 15:00:00,10.1,86,99,122.0,12.7,1.7
2016-04-15 16:00:00,10.0,87,100,92.0,8.4,1.4
2016-04-15 17:00:00,9.8,89,99,63.0,3.3,1.3
2016-04-15 18:00:00,10.1,86,100,113.0,3.3,0.8
2016-04-15 19:00:00,10.0,89,100,68.0,10.1,0.5
2016-04-15 20:00:00,9.0,94,96,5.0,14.0,0.4
2016-04-15 21:00:00,8.3,95,89,0.0,15.0,0.0
2016-04-15 22:00:00,7.5,95,100,0.0,13.0,0.0
2016-04-15 23:00:00,6.9,96,95,0.0,9.9,0.0
2016-04-16 00:00:00,6.8,95,84,0.0,8.9,0.0
2016-04-16 01:00:00,6.7,95,96,0.0,9.3,0.0
2016-04-16 02:00:00,6.5,94,99,0.0,11.6,0.1
2016-04-16 03:00:00,6.1,92,100,0.0,13.4,0.3
2016-04-16 04:00:00,5.5,94,97,0.0,13.0,0.1
2016-04-16 05:00:00,4.8,94,93,0.0,12.9,0.0
2016-04-16 06:00:00,4.5,92,93,0.0,12.9,0.0
2016-04-16 07:00:00,4.5,92,96,18.0,13.0,0.0
2016-04-16 08:00:00,5.1,92,93,79.0,13.8,0.2
2016-04-16 09:00:00,4.9,90,84,145.0,14.0,0.2
2016-04-16 10:00:00,5.8,92,91,318.0,15.1,0.1
2016-04-16 11:00:00,5.4,90,97,235.0,14.0,0.3
2016-04-16 12:00:00,6.1,85,97,370.0,14.4,0.3
2016-04-16 13:00:00,6.6,79,92,411.0,13.8,0.3
2016-04-16 14:00:00,7.4,72,53,553.0,12.4,0.3
2016-04-16 15:00:00,8.1,64,67,611.0,12.2,0.1
2016-04-16 16:00:00,8.2,57,45,466.0,12.6,0.0
2016-04-16 17:00:00,8.3,54,28,427.0,12.6,0.0
2016-04-16 18:00:00,7.9,55,34,286.0,12.6,0.0
2016-04-16 19:00:00,7.1,62,45,135.0,15.1,0.0
2016-04-16 20:00:00,5.8,65,20,29.0,13.8,0.0
2016-04-16 21:00:00,4.8,73,4,0.0,11.2,0.0
2016-04-16 22:00:00,4.0,81,20,0.0,12.5,0.0
2016-04-16 23:00:00,3.6,85,56,0.0,9.4,0.0
2016-04-17 00:00:00,3.2,87,37,0.0,8.7,0.0
2016-04-17 01:00:00,2.3,91,26,0.0,8.1,0.0
2016-04-17 02:00:00,1.5,92,8,0.0,8.1,0.0
2016-04-17 03:00:00,0.8,94,2,0.0,8.4,0.0
2016-04-17 04:00:00,0.2,94,2,0.0,8.4,0.0
2016-04-17 05:00:00,-0.2,94,0,0.0,8.7,0.0
2016-04-17 06:00:00,-0.6,94,0,0.0,8.9,0.0
2016-04-17 07:00:00,-0.1,94,0,39.0,10.2,0.0
2016-04-17 08:00:00,2.6,87,0,178.0,8.9,0.0
2016-04-17 09:00:00,4.3,82,1,346.0,8.5,0.0
2016-04-17 10:00:00,6.1,72,16,506.0,9.7,0.0
2016-04-17 11:00:00,7.3,60,35,558.0,9.4,0.1
2016-04-17 12:00:00,8.3,54,33,634.0,10.0,0.3
2016-04-17 13:00:00,9.0,51,41,662.0,9.8,0.3
2016-04-17 14:00:00,9.6,49,46,684.0,8.5,0.3
2016-04-17 15:00:00,9.9,48,59,595.0,8.6,0.1
2016-04-17 16:00:00,10.1,47,47,562.0,8.4,0.0
2016-04-17 17:00:00,10.2,47,59,407.0,8.4,0.0
2016-04-17 18:00:00,10.3,44,69,307.0,8.3,0.0
2016-04-17 19:00:00,9.8,49,45,120.0,5.4,0.0
2016-04-17 20:00:00,8.6,57,8,37.0,7.6,0.0
2016-04-17 21:00:00,6.7,68,3,0.0,8.0,0.0
2016-04-17 22:00:00,5.1,75,21,0.0,7.6,0.0
2016-04-17 23:00:00,4.1,78,31,0.0,8.5,0.0
2016-04-18 00:00:00,3.6,79,19,0.0,10.0,0.0
2016-04-18 01:00:00,3.3,80,0,0.0,10.6,0.0
2016-04-18 02:00:00,3.2,82,0,0.0,10.6,0.0
2016-04-18 03:00:00,2.6,88,2,0.0,10.2,0.0
2016-04-18 04:00:00,2.0,91,0,0.0,9.6,0.0
2016-04-18 05:00:00,1.6,92,1,0.0,9.8,0.0
2016-04-18 06:00:00,1.3,93,1,0.0,10.2,0.0
2016-04-18 07:00:00,2.0,91,1,41.0,12.1,0.0
2016-04-18 08:00:00,4.8,81,2,180.0,12.0,0.0
2016-04-18 09:00:00,7.1,74,6,338.0,13.5,0.0
2016-04-18 10:00:00,9.1,70,15,494.0,15.5,0.0
2016-04-18 11:00:00,10.5,59,95,548.0,19.1,0.0
2016-04-18 12:00:00,10.6,59,100,373.0,18.7,0.0
2016-04-18 13:00:00,10.9,58,100,336.0,19.1,0.0
2016-04-18 14:00:00,11.2,58,100,353.0,18.8,0.0
2016-04-18 15:00:00,11.2,59,100,245.0,18.4,0.0
2016-04-18 16:00:00,11.3,59,100,223.0,18.1,0.0
2016-04-18 17:00:00,11.3,60,100,176.0,18.0,0.0
2016-04-18 18:00:00,11.2,63,100,118.0,14.8,0.0
2016-04-18 19:00:00,10.9,65,100,74.0,13.3,0.0
2016-04-18 20:00:00,9.7,71,89,14.0,11.6,0.0
2016-04-18 21:00:00,9.3,73,91,0.0,10.9,0.0
2016-04-18 22:00:00,9.0,74,90,0.0,10.9,0.0
2016-04-18 23:00:00,8.6,76,93,0.0,10.9,0.0
2016-04-19 00:00:00,8.4,78,90,0.0,11.1,0.0
2016-04-19 01:00:00,7.9,80,87,0.0,10.9,0.0
2016-04-19 02:00:00,7.5,83,90,0.0,10.4,0.0
2016-04-19 03:00:00,7.0,86,74,0.0,9.7,0.0
2016-04-19 04:00:00,6.7,88,66,0.0,8.6,0.0
2016-04-19 05:00:00,6.4,90,71,0.0,7.4,0.0
2016-04-19 06:00:00,5.8,93,77,0.0,6.6,0.0
2016-04-19 07:00:00,5.7,94,71,34.0,7.4,0.0
2016-04-19 08:00:00,8.2,83,80,118.0,7.6,0.0
2016-04-19 09:00:00,9.4,73,55,231.0,8.7,0.0
2016-04-19 10:00:00,10.0,65,49,319.0,9.1,0.0
2016-04-19 11:00:00,11.0,59,39,509.0,7.6,0.0
2016-04-19 12:00:00,11.9,54,32,650.0,7.2,0.0
2016-04-19 13:00:00,12.3,52,29,635.0,6.8,0.0
2016-04-19 14:00:00,12.9,51,22,670.0,7.3,0.0
2016-04-19 15:00:00,13.4,51,8,676.0,7.8,0.0
2016-04-19 16:00:00,13.6,50,19,579.0,8.7,0.0
2016-04-19 17:00:00,13.6,50,3,470.0,9.7,0.0
2016-04-19 18:00:00,13.1,50,0,344.0,10.8,0.0
2016-04-19 19:00:00,12.1,58,0,186.0,9.6,0.0
2016-04-19 20:00:00,10.2,66,2,47.0,10.5,0.0
2016-04-19 21:00:00,8.5,75,4,0.0,13.3,0.0
2016-04-19 22:00:00,7.3,81,1,0.0,13.7,0.0
2016-04-19 23:00:00,6.5,86,2,0.0,12.6,0.0
2016-04-20 00:00:00,5.7,90,0,0.0,12.5,0.0
2016-04-20 01:00:00,5.1,91,1,0.0,12.4,0.0
2016-04-20 02:00:00,4.3,92,1,0.0,12.6,0.0
2016-04-20 03:00:00,3.9,92,2,0.0,11.5,0.0
2016-04-20 04:00:00,3.4,93,2,0.0,11.0,0.0
2016-04-20 05:00:00,2.9,94,2,0.0,9.8,0.0
2016-04-20 06:00:00,2.4,95,13,0.0,9.1,0.0
2016-04-20 07:00:00,3.1,95,21,49.0,12.1,0.0
2016-04-20 08:00:00,6.5,85,10,176.0,13.6,0.0
2016-04-20 09:00:00,7.8,75,35,313.0,17.7,0.0
2016-04-20 10:00:00,9.0,69,33,487.0,18.6,0.0
2016-04-20 11:00:00,9.8,65,12,589.0,18.6,0.0
2016-04-20 12:00:00,10.6,62,13,707.0,20.4,0.0
2016-04-20 13:00:00,11.2,59,24,771.0,20.6,0.0
2016-04-20 14:00:00,11.6,58,3,791.0,20.1,0.0
2016-04-20 15:00:00,11.7,56,0,747.0,19.4,0.0
2016-04-20 16:00:00,11.4,57,0,659.0,19.2,0.0
2016-04-20 17:00:00,10.8,59,4,526.0,20.2,0.0
2016-04-20 18:00:00,9.9,63,81,365.0,21.7,0.0
2016-04-20 19:00:00,8.9,68,100,197.0,19.3,0.0
2016-04-20 20:00:00,7.5,71,100,51.0,19.5,0.0
2016-04-20 21:00:00,6.5,77,100,0.0,20.6,0.0
2016-04-20 22:00:00,5.8,81,99,0.0,19.1,0.0
2016-04-20 23:00:00,5.5,85,100,0.0,16.1,0.0
2016-04-21 00:00:00,5.5,88,99,0.0,16.6,0.0
2016-04-21 01:00:00,5.5,91,91,0.0,17.4,0.0
2016-04-21 02:00:00,5.7,92,53,0.0,15.7,0.0
2016-04-21 03:00:00,5.9,92,61,0.0,13.0,0.0
2016-04-21 04:00:00,5.8,93,57,0.0,14.3,0.0
2016-04-21 05:00:00,5.9,93,80,0.0,16.3,0.0
2016-04-21 06:00:00,6.2,93,86,0.0,17.2,0.0
2016-04-21 07:00:00,6.7,91,93,17.0,17.4,0.0
2016-04-21 08:00:00,8.0,87,95,160.0,18.8,0.0
2016-04-21 09:00:00,9.5,81,99,280.0,21.1,0.0
2016-04-21 10:00:00,10.5,76,100,358.0,20.6,0.0
2016-04-21 11:00:00,11.6,71,98,476.0,19.1,0.0
2016-04-21 12:00:00,12.4,67,92,517.0,21.2,0.0
2016-04-21 13:00:00,13.0,64,83,621.0,21.5,0.0
2016-04-21 14:00:00,13.3,62,81,608.0,22.3,0.0
2016-04-21 15:00:00,13.5,60,86,596.0,21.6,0.0
2016-04-21 16:00:00,13.6,60,37,583.0,20.9,0.0
2016-04-21 17:00:00,13.2,61,66,431.0,20.0,0.0
2016-04-21 18:00:00,12.1,65,93,188.0,18.2,0.0
2016-04-21 19:00:00,11.1,69,99,78.0,16.8,0.0
2016-04-21 20:00:00,9.9,64,98,34.0,16.1,0.0
2016-04-21 21:00:00,8.5,69,99,0.0,16.9,0.0
2016-04-21 22:00:00,7.7,70,98,0.0,17.3,0.0
2016-04-21 23:00:00,7.3,70,99,0.0,17.4,0.0
2016-04-22 00:00:00,7.2,70,100,0.0,18.7,0.0
2016-04-22 01:00:00,7.3,70,98,0.0,19.0,0.0
2016-04-22 02:00:00,7.2,71,100,0.0,18.7,0.0
2016-04-22 03:00:00,7.0,72,100,0.0,18.0,0.0
2016-04-22 04:00:00,7.0,72,100,0.0,17.1,0.0
2016-04-22 05:00:00,6.5,76,99,0.0,16.6,0.0
2016-04-22 06:00:00,6.1,81,99,0.0,16.3,0.0
2016-04-22 07:00:00,6.4,83,81,32.0,17.4,0.0
2016-04-22 08:00:00,7.8,80,96,171.0,20.7,0.0
2016-04-22 09:00:00,8.3,79,100,153.0,22.2,0.0
2016-04-22 10:00:00,8.8,76,99,159.0,22.1,0.0
2016-04-22 11:00:00,9.3,73,100,189.0,19.9,0.0
2016-04-22 12:00:00,9.6,71,100,210.0,19.7,0.0
2016-04-22 13:00:00,9.8,70,100,217.0,18.7,0.0
2016-04-22 14:00:00,9.5,73,100,168.0,17.6,0.0
2016-04-22 15:00:00,9.4,75,100,166.0,16.4,0.1
2016-04-22 16:00:00,9.3,75,100,190.0,15.7,0.2
2016-04-22 17:00:00,8.6,79,100,81.0,15.5,0.3
2016-04-22 18:00:00,8.0,82,100,53.0,15.6,0.4
2016-04-22 19:00:00,7.1,88,100,24.0,16.6,0.5
2016-04-22 20:00:00,7.0,90,100,7.0,16.8,1.0
2016-04-22 21:00:00,6.4,89,100,0.0,16.8,0.8
2016-04-22 22:00:00,5.8,89,100,0.0,17.1,0.5
2016-04-22 23:00:00,5.4,89,100,0.0,14.4,0.3
2016-04-23 00:00:00,5.1,88,100,0.0,13.9,0.2
2016-04-23 01:00:00,4.8,87,100,0.0,13.0,0.2
2016-04-23 02:00:00,4.6,89,95,0.0,12.9,0.0
2016-04-23 03:00:00,4.2,88,93,0.0,13.2,0.0
2016-04-23 04:00:00,3.7,89,66,0.0,14.2,0.0
2016-04-23 05:00:00,3.2,91,33,0.0,15.2,0.0
2016-04-23 06:00:00,2.9,92,19,0.0,15.2,0.0
2016-04-23 07:00:00,3.2,93,16,52.0,15.1,0.0
2016-04-23 08:00:00,4.6,88,63,197.0,17.3,0.0
2016-04-23 09:00:00,5.7,78,69,281.0,19.7,0.0
2016-04-23 10:00:00,6.5,72,57,342.0,19.8,0.0
2016-04-23 11:00:00,7.7,63,61,496.0,18.2,0.0
2016-04-23 12:00:00,8.5,59,63,558.0,19.5,0.0
2016-04-23 13:00:00,9.1,54,45,565.0,21.3,0.0
2016-04-23 14:00:00,9.5,50,72,576.0,21.2,0.0
2016-04-23 15:00:00,9.4,50,80,452.0,21.2,0.0
2016-04-23 16:00:00,9.4,49,76,434.0,20.5,0.0
2016-04-23 17:00:00,8.9,50,79,349.0,19.4,0.0
2016-04-23 18:00:00,8.7,50,65,264.0,17.3,0.0
2016-04-23 19:00:00,8.1,54,0,146.0,10.8,0.0
2016-04-23 20:00:00,7.3,58,44,58.0,7.6,0.0
2016-04-23 21:00:00,6.5,63,84,0.0,6.2,0.0
2016-04-23 22:00:00,5.7,66,83,0.0,5.5,0.0
2016-04-23 23:00:00,3.5,79,66,0.0,4.5,0.0
2016-04-24 00:00:00,3.6,83,54,0.0,5.4,0.0
2016-04-24 01:00:00,3.3,85,44,0.0,6.1,0.0
2016-04-24 02:00:00,3.7,84,71,0.0,6.6,0.0
2016-04-24 03:00:00,3.7,85,99,0.0,6.0,0.0
2016-04-24 04:00:00,3.4,86,97,0.0,6.4,0.1
2016-04-24 05:00:00,3.6,84,98,0.0,7.9,0.2
2016-04-24 06:00:00,3.4,85,99,0.0,9.4,0.2
2016-04-24 07:00:00,3.4,85,98,24.0,10.2,0.0
2016-04-24 08:00:00,3.2,88,95,69.0,13.6,0.0
2016-04-24 09:00:00,4.3,79,61,195.0,16.2,0.0
2016-04-24 10:00:00,5.4,68,42,390.0,19.5,0.0
2016-04-24 11:00:00,6.6,57,54,549.0,19.8,0.0
2016-04-24 12:00:00,7.9,50,76,612.0,21.1,0.0
2016-04-24 13:00:00,8.1,49,99,448.0,21.1,0.0
2016-04-24 14:00:00,9.2,46,100,608.0,19.4,0.1
2016-04-24 15:00:00,9.1,48,99,394.0,19.1,0.0
2016-04-24 16:00:00,9.0,51,100,371.0,19.7,0.0
2016-04-24 17:00:00,8.8,54,100,341.0,17.0,0.0
2016-04-24 18:00:00,8.1,60,100,183.0,13.3,0.0
2016-04-24 19:00:00,7.7,63,100,126.0,8.9,0.0
2016-04-24 20:00:00,7.0,71,100,18.0,5.5,0.0
2016-04-24 21:00:00,6.5,77,100,0.0,4.9,0.0
2016-04-24 22:00:00,6.0,82,100,0.0,4.7,0.0
2016-04-24 23:00:00,5.9,84,100,0.0,6.5,0.0
2016-04-25 00:00:00,5.8,86,100,0.0,7.9,0.0
2016-04-25 01:00:00,5.3,89,99,0.0,9.7,0.0
2016-04-25 02:00:00,5.3,91,97,0.0,10.8,0.0
2016-04-25 03:00:00,5.1,92,96,0.0,11.5,0.0
2016-04-25 04:00:00,5.0,93,67,0.0,12.6,0.0
2016-04-25 05:00:00,4.9,93,61,0.0,13.4,0.0
2016-04-25 06:00:00,4.7,92,52,1.0,13.6,0.0
2016-04-25 07:00:00,5.1,91,72,45.0,14.3,0.0
2016-04-25 08:00:00,6.5,88,93,117.0,15.4,0.2
2016-04-25 09:00:00,7.5,84,96,203.0,17.6,0.2
2016-04-25 10:00:00,8.3,82,85,238.0,17.2,0.1
2016-04-25 11:00:00,8.6,78,87,225.0,16.8,0.4
2016-04-25 12:00:00,9.2,77,80,352.0,19.0,0.1
2016-04-25 13:00:00,10.2,74,78,500.0,20.1,0.0
2016-04-25 14:00:00,11.2,70,74,607.0,20.8,0.0
2016-04-25 15:00:00,11.3,69,60,527.0,20.8,0.0
2016-04-25 16:00:00,11.5,67,47,489.0,21.2,0.0
2016-04-25 17:00:00,10.6,65,53,358.0,24.0,0.2
2016-04-25 18:00:00,8.3,72,74,244.0,20.9,0.5
2016-04-25 19:00:00,6.4,77,68,112.0,17.8,0.2
2016-04-25 20:00:00,5.5,76,79,36.0,13.8,0.0
2016-04-25 21:00:00,4.9,76,94,0.0,10.2,0.0
2016-04-25 22:00:00,4.7,75,95,0.0,8.8,0.0
2016-04-25 23:00:00,4.5,75,90,0.0,8.6,0.0
2016-04-26 00:00:00,4.1,77,65,0.0,10.7,0.0
2016-04-26 01:00:00,3.4,80,50,0.0,13.4,0.0
2016-04-26 02:00:00,2.6,85,15,0.0,14.5,0.0
2016-04-26 03:00:00,2.1,89,1,0.0,15.4,0.0
2016-04-26 04:00:00,1.8,87,0,0.0,16.6,0.0
2016-04-26 05:00:00,1.5,80,0,0.0,17.3,0.0
2016-04-26 06:00:00,1.2,76,0,1.0,17.2,0.0
2016-04-26 07:00:00,1.8,74,1,72.0,16.9,0.0
2016-04-26 08:00:00,3.1,71,3,222.0,19.3,0.0
2016-04-26 09:00:00,4.5,64,1,389.0,21.3,0.0
2016-04-26 10:00:00,5.5,62,27,536.0,23.1,0.0
2016-04-26 11:00:00,6.4,57,40,650.0,18.3,0.0
2016-04-26 12:00:00,7.3,55,54,688.0,18.4,0.0
2016-04-26 13:00:00,8.0,55,61,722.0,19.1,0.0
2016-04-26 14:00:00,8.7,56,59,781.0,20.4,0.0
2016-04-26 15:00:00,8.9,56,52,682.0,20.9,0.0
2016-04-26 16:00:00,8.8,55,94,563.0,19.4,0.0
2016-04-26 17:00:00,6.6,64,97,420.0,25.2,0.4
2016-04-26 18:00:00,6.7,63,90,237.0,19.8,0.0
2016-04-26 19:00:00,6.0,64,93,119.0,17.6,0.2
2016-04-26 20:00:00,5.3,69,87,50.0,18.0,0.0
2016-04-26 21:00:00,4.3,76,77,1.0,17.4,0.0
2016-04-26 22:00:00,3.8,80,29,0.0,16.6,0.0
2016-04-26 23:00:00,3.6,81,73,0.0,15.6,0.0
2016-04-27 00:00:00,3.2,82,79,0.0,15.7,0.0
2016-04-27 01:00:00,3.0,83,87,0.0,15.5,0.0
2016-04-27 02:00:00,2.7,84,86,0.0,15.9,0.0
2016-04-27 03:00:00,2.3,86,62,0.0,15.9,0.0
2016-04-27 04:00:00,1.9,88,41,0.0,15.3,0.0
2016-04-27 05:00:00,1.4,89,25,0.0,14.3,0.0
2016-04-27 06:00:00,1.0,90,5,2.0,13.6,0.0
2016-04-27 07:00:00,1.7,88,3,73.0,14.0,0.0
2016-04-27 08:00:00,3.2,85,1,224.0,13.8,0.0
2016-04-27 09:00:00,5.0,73,53,392.0,16.2,0.0
2016-04-27 10:00:00,6.2,66,38,490.0,15.2,0.2
2016-04-27 11:00:00,7.3,56,30,572.0,11.5,0.0
2016-04-27 12:00:00,8.0,54,4,612.0,11.3,0.0
2016-04-27 13:00:00,8.9,54,21,764.0,10.0,0.0
2016-04-27 14:00:00,9.3,56,54,749.0,9.2,0.0
2016-04-27 15:00:00,9.4,58,69,663.0,8.5,0.1
2016-04-27 16:00:00,9.4,60,66,585.0,7.7,0.2
2016-04-27 17:00:00,9.0,60,69,412.0,5.8,0.2
2016-04-27 18:00:00,8.6,57,93,272.0,11.2,0.2
2016-04-27 19:00:00,6.6,68,95,145.0,11.8,0.4
2016-04-27 20:00:00,5.7,72,79,39.0,4.6,0.0
2016-04-27 21:00:00,5.4,73,72,1.0,3.9,0.0
2016-04-27 22:00:00,4.4,82,76,0.0,4.6,0.1
2016-04-27 23:00:00,3.3,87,69,0.0,7.0,0.0
2016-04-28 00:00:00,3.0,89,50,0.0,7.5,0.0
2016-04-28 01:00:00,2.3,92,50,0.0,8.9,0.0
2016-04-28 02:00:00,1.8,94,32,0.0,9.2,0.0
2016-04-28 03:00:00,1.5,94,17,0.0,7.7,0.0
2016-04-28 04:00:00,0.9,94,19,0.0,6.3,0.0
2016-04-28 05:00:00,0.5,93,30,0.0,6.0,0.0
2016-04-28 06:00:00,-0.3,92,63,2.0,6.9,0.0
2016-04-28 07:00:00,0.7,89,1,80.0,8.3,0.0
2016-04-28 08:00:00,3.2,81,58,230.0,7.6,0.0
2016-04-28 09:00:00,5.0,74,81,402.0,8.4,0.0
2016-04-28 10:00:00,6.7,61,20,559.0,11.4,0.0
2016-04-28 11:00:00,7.8,54,38,637.0,11.5,0.0
2016-04-28 12:00:00,9.1,44,55,759.0,14.4,0.0
2016-04-28 13:00:00,9.8,43,71,668.0,18.6,0.0
2016-04-28 14:00:00,9.9,44,74,472.0,21.1,0.0
2016-04-28 15:00:00,9.9,47,90,383.0,22.2,0.0
2016-04-28 16:00:00,10.1,49,90,393.0,23.4,0.0
2016-04-28 17:00:00,10.0,52,94,304.0,25.7,0.0
2016-04-28 18:00:00,9.5,56,96,147.0,24.9,0.0
2016-04-28 19:00:00,9.2,59,98,151.0,25.7,0.0
2016-04-28 20:00:00,8.3,67,94,41.0,23.2,0.0
2016-04-28 21:00:00,7.8,73,87,1.0,22.4,0.0
2016-04-28 22:00:00,7.4,77,82,0.0,21.6,0.0
2016-04-28 23:00:00,7.1,80,86,0.0,19.9,0.0
2016-04-29 00:00:00,7.0,80,97,0.0,19.5,0.0
2016-04-29 01:00:00,6.8,79,100,0.0,19.5,0.1
2016-04-29 02:00:00,6.6,78,97,0.0,19.0,0.0
2016-04-29 03:00:00,6.1,77,93,0.0,18.3,0.0
2016-04-29 04:00:00,5.4,76,90,0.0,16.9,0.0
2016-04-29 05:00:00,4.6,76,60,0.0,16.2,0.0
2016-04-29 06:00:00,4.1,76,77,2.0,16.3,0.0
2016-04-29 07:00:00,4.4,75,84,56.0,18.0,0.0
2016-04-29 08:00:00,5.3,75,92,185.0,18.3,0.0
2016-04-29 09:00:00,6.5,70,85,321.0,22.6,0.0
2016-04-29 10:00:00,7.9,60,82,485.0,26.4,0.0
2016-04-29 11:00:00,8.8,54,70,593.0,24.8,0.1
2016-04-29 12:00:00,9.7,52,72,674.0,24.0,0.0
2016-04-29 13:00:00,10.3,52,72,738.0,24.0,0.0
2016-04-29 14:00:00,10.7,53,77,730.0,24.6,0.0
2016-04-29 15:00:00,10.8,55,77,678.0,24.6,0.0
2016-04-29 16:00:00,10.6,57,78,571.0,24.1,0.0
2016-04-29 17:00:00,10.0,58,75,478.0,23.0,0.1
2016-04-29 18:00:00,9.7,54,63,364.0,21.6,0.0
2016-04-29 19:00:00,8.8,58,43,199.0,16.2,0.2
2016-04-29 20:00:00,8.0,57,52,58.0,12.0,0.0
2016-04-29 21:00:00,7.0,61,71,2.0,9.9,0.0
2016-04-29 22:00:00,5.8,66,59,0.0,9.0,0.0
2016-04-29 23:00:00,4.7,72,52,0.0,11.6,0.0
2016-04-30 00:00:00,3.7,79,76,0.0,11.1,0.0
2016-04-30 01:00:00,2.8,85,80,0.0,10.1,0.0
2016-04-30 02:00:00,2.1,89,53,0.0,8.5,0.0
2016-04-30 03:00:00,1.5,90,25,0.0,8.7,0.0
2016-04-30 04:00:00,1.0,91,17,0.0,8.9,0.0
2016-04-30 05:00:00,0.6,91,6,0.0,9.4,0.0
2016-04-30 06:00:00,0.5,91,5,4.0,9.7,0.0
2016-04-30 07:00:00,2.1,89,2,84.0,9.9,0.0
2016-04-30 08:00:00,4.9,81,0,237.0,10.2,0.0
2016-04-30 09:00:00,6.8,75,0,405.0,10.4,0.0
2016-04-30 10:00:00,8.4,67,16,562.0,10.0,0.0
2016-04-30 11:00:00,9.6,57,50,671.0,9.7,0.0
2016-04-30 12:00:00,10.4,52,70,699.0,10.3,0.0
2016-04-30 13:00:00,11.1,49,62,805.0,10.9,0.0
2016-04-30 14:00:00,11.6,48,69,803.0,12.5,0.0
2016-04-30 15:00:00,11.8,51,71,721.0,13.5,0.0
2016-04-30 16:00:00,11.6,54,75,601.0,14.3,0.0
2016-04-30 17:00:00,11.1,58,61,462.0,14.8,0.0
2016-04-30 18:00:00,10.2,62,84,286.0,12.0,0.2
2016-04-30 19:00:00,9.9,62,84,159.0,8.9,0.0
2016-04-30 20:00:00,8.1,72,66,57.0,6.4,0.0
2016-04-30 21:00:00,7.0,78,53,2.0,5.5,0.0
2016-04-30 22:00:00,6.3,83,17,0.0,6.3,0.0
2016-04-30 23:00:00,5.1,89,11,0.0,7.6,0.0
2016-05-01 00:00:00,3.8,93,0,0.0,8.4,0.0
2016-05-01 01:00:00,3.1,93,0,0.0,8.3,0.0
2016-05-01 02:00:00,2.9,94,0,0.0,8.4,0.0
2016-05-01 03:00:00,2.1,96,0,0.0,8.3,0.0
2016-05-01 04:00:00,1.5,98,0,0.0,8.1,0.0
2016-05-01 05:00:00,1.0,99,25,0.0,8.2,0.0
2016-05-01 06:00:00,0.6,98,21,4.0,6.3,0.0
2016-05-01 07:00:00,2.5,97,79,88.0,6.7,0.0
2016-05-01 08:00:00,6.0,88,100,235.0,4.6,0.0
2016-05-01 09:00:00,8.4,77,100,351.0,6.9,0.0
2016-05-01 10:00:00,10.0,65,100,475.0,9.8,0.0
2016-05-01 11:00:00,11.2,56,100,572.0,12.2,0.0
2016-05-01 12:00:00,12.0,51,100,636.0,13.5,0.0
2016-05-01 13:00:00,12.8,48,73,738.0,14.8,0.0
2016-05-01 14:00:00,13.4,46,87,747.0,16.5,0.0
2016-05-01 15:00:00,13.7,47,70,730.0,17.4,0.0
2016-05-01 16:00:00,13.8,48,77,626.0,18.1,0.0
2016-05-01 17:00:00,13.6,50,100,444.0,18.3,0.0
2016-05-01 18:00:00,13.1,54,100,272.0,17.9,0.0
2016-05-01 19:00:00,12.3,61,100,130.0,16.7,0.0
2016-05-01 20:00:00,10.8,69,100,49.0,15.6,0.0
2016-05-01 21:00:00,9.8,75,99,2.0,15.6,0.0
2016-05-01 22:00:00,9.1,80,97,0.0,15.6,0.0
2016-05-01 23:00:00,8.7,84,100,0.0,15.1,0.0
2016-05-02 00:00:00,8.9,85,100,0.0,16.3,0.0
2016-05-02 01:00:00,9.2,86,100,0.0,16.9,0.0
2016-05-02 02:00:00,9.3,88,100,0.0,17.4,0.0
2016-05-02 03:00:00,9.5,90,100,0.0,17.1,0.0
2016-05-02 04:00:00,9.6,93,100,0.0,16.3,0.0
2016-05-02 05:00:00,9.7,95,100,0.0,16.0,0.0
2016-05-02 06:00:00,9.8,96,100,1.0,16.3,0.0
2016-05-02 07:00:00,10.1,95,100,15.0,17.1,0.0
2016-05-02 08:00:00,10.8,92,100,43.0,20.9,0.0
2016-05-02 09:00:00,11.1,91,100,53.0,22.4,0.0
2016-05-02 10:00:00,11.3,90,100,55.0,24.2,0.0
2016-05-02 11:00:00,12.0,85,100,152.0,21.7,0.0
2016-05-02 12:00:00,13.0,78,100,309.0,22.4,0.0
2016-05-02 13:00:00,14.3,71,82,476.0,25.6,0.0
2016-05-02 14:00:00,15.0,67,50,545.0,28.4,0.0
2016-05-02 15:00:00,15.4,65,68,474.0,30.3,0.0
2016-05-02 16:00:00,14.6,69,94,324.0,31.1,0.2
2016-05-02 17:00:00,13.3,79,99,128.0,29.0,0.5
2016-05-02 18:00:00,12.3,84,100,60.0,23.1,0.5
2016-05-02 19:00:00,11.6,82,94,59.0,20.5,0.0
2016-05-02 20:00:00,10.8,82,40,25.0,20.0,0.0
2016-05-02 21:00:00,9.7,79,14,3.0,18.7,0.0
2016-05-02 22:00:00,8.6,81,18,0.0,17.7,0.0
2016-05-02 23:00:00,8.1,82,17,0.0,17.1,0.0
2016-05-03 00:00:00,7.3,84,7,0.0,15.4,0.0
2016-05-03 01:00:00,6.7,86,0,0.0,14.0,0.0
2016-05-03 02:00:00,5.9,88,0,0.0,13.6,0.0
2016-05-03 03:00:00,5.2,89,0,0.0,12.6,0.0
2016-05-03 04:00:00,4.6,89,0,0.0,11.7,0.0
2016-05-03 05:00:00,4.0,89,0,0.0,12.1,0.0
2016-05-03 06:00:00,3.7,88,0,6.0,11.4,0.0
2016-05-03 07:00:00,5.0,86,0,96.0,12.1,0.0
2016-05-03 08:00:00,7.4,79,0,250.0,11.5,0.0
2016-05-03 09:00:00,9.0,73,0,416.0,11.7,0.0
2016-05-03 10:00:00,10.4,67,50,571.0,12.1,0.0
2016-05-03 11:00:00,11.8,56,56,650.0,11.4,0.0
2016-05-03 12:00:00,12.6,50,95,624.0,14.1,0.0
2016-05-03 13:00:00,13.0,47,87,529.0,16.3,0.0
2016-05-03 14:00:00,13.0,46,91,443.0,16.4,0.0
2016-05-03 15:00:00,13.2,45,97,419.0,16.2,0.0
2016-05-03 16:00:00,13.3,45,94,378.0,15.6,0.0
2016-05-03 17:00:00,13.1,46,90,283.0,14.8,0.0
2016-05-03 18:00:00,12.6,51,70,193.0,11.0,0.0
2016-05-03 19:00:00,12.1,56,61,139.0,8.0,0.0
2016-05-03 20:00:00,11.5,60,24,71.0,7.2,0.0
2016-05-03 21:00:00,9.6,68,37,4.0,8.6,0.0
2016-05-03 22:00:00,7.9,76,27,0.0,8.6,0.0
2016-05-03 23:00:00,6.7,82,54,0.0,9.2,0.0
2016-05-04 00:00:00,5.8,86,80,0.0,8.3,0.0
2016-05-04 01:00:00,5.0,89,49,0.0,6.8,0.0
2016-05-04 02:00:00,4.5,91,19,0.0,7.8,0.0
2016-05-04 03:00:00,4.1,92,18,0.0,7.4,0.0
2016-05-04 04:00:00,3.9,92,40,0.0,8.0,0.0
2016-05-04 05:00:00,3.7,93,44,0.0,6.1,0.0
2016-05-04 06:00:00,3.4,95,37,7.0,5.4,0.0
2016-05-04 07:00:00,5.3,91,0,96.0,4.0,0.0
2016-05-04 08:00:00,8.6,81,0,247.0,3.7,0.0
2016-05-04 09:00:00,11.5,67,4,413.0,7.6,0.0
2016-05-04 10:00:00,13.1,58,10,569.0,12.3,0.0
2016-05-04 11:00:00,14.0,54,0,698.0,12.3,0.0
2016-05-04 12:00:00,14.6,53,0,784.0,13.7,0.0
2016-05-04 13:00:00,15.1,52,6,824.0,14.6,0.0
2016-05-04 14:00:00,15.1,51,25,758.0,14.3,0.0
2016-05-04 15:00:00,15.1,50,37,737.0,14.0,0.0
2016-05-04 16:00:00,15.1,48,64,671.0,13.4,0.0
2016-05-04 17:00:00,14.8,47,71,552.0,13.3,0.0
2016-05-04 18:00:00,14.2,47,41,399.0,13.0,0.0
2016-05-04 19:00:00,13.3,50,15,236.0,11.3,0.0
2016-05-04 20:00:00,11.9,56,0,90.0,8.8,0.0
2016-05-04 21:00:00,10.0,61,0,5.0,8.4,0.0
2016-05-04 22:00:00,8.5,66,0,0.0,7.6,0.0
2016-05-04 23:00:00,7.1,71,0,0.0,6.8,0.0
2016-05-05 00:00:00,6.0,75,0,0.0,7.7,0.0
2016-05-05 01:00:00,5.2,79,0,0.0,7.7,0.0
2016-05-05 02:00:00,4.9,81,0,0.0,8.4,0.0
2016-05-05 03:00:00,4.8,84,0,0.0,8.6,0.0
2016-05-05 04:00:00,4.9,86,0,0.0,8.3,0.0
2016-05-05 05:00:00,4.8,88,0,0.0,8.8,0.0
2016-05-05 06:00:00,4.7,89,0,8.0,9.1,0.0
2016-05-05 07:00:00,6.8,88,0,100.0,10.0,0.0
2016-05-05 08:00:00,10.7,70,1,253.0,9.0,0.0
2016-05-05 09:00:00,13.0,63,19,417.0,9.8,0.0
2016-05-05 10:00:00,14.8,57,60,572.0,11.6,0.0
2016-05-05 11:00:00,16.1,49,85,696.0,12.4,0.0
2016-05-05 12:00:00,16.9,44,94,784.0,12.9,0.0
2016-05-05 13:00:00,17.4,41,93,825.0,12.9,0.0
2016-05-05 14:00:00,17.8,39,85,823.0,13.8,0.0
2016-05-05 15:00:00,17.9,38,85,770.0,14.8,0.0
2016-05-05 16:00:00,17.7,39,97,665.0,15.2,0.0
2016-05-05 17:00:00,17.2,42,98,515.0,15.5,0.0
2016-05-05 18:00:00,16.4,48,85,349.0,13.6,0.0
2016-05-05 19:00:00,15.3,57,71,212.0,12.3,0.0
2016-05-05 20:00:00,13.4,56,60,86.0,12.0,0.0
2016-05-05 21:00:00,11.7,60,64,6.0,12.4,0.0
2016-05-05 22:00:00,10.6,63,76,0.0,11.3,0.0
2016-05-05 23:00:00,9.8,68,92,0.0,10.5,0.0
2016-05-06 00:00:00,9.1,73,74,0.0,9.1,0.0
2016-05-06 01:00:00,8.3,78,91,0.0,9.3,0.0
2016-05-06 02:00:00,7.6,83,76,0.0,9.8,0.0
2016-05-06 03:00:00,7.1,87,88,0.0,9.6,0.0
2016-05-06 04:00:00,6.8,89,97,0.0,9.1,0.0
2016-05-06 05:00:00,6.6,90,91,0.0,8.9,0.0
2016-05-06 06:00:00,6.6,92,100,9.0,9.3,0.0
2016-05-06 07:00:00,8.5,90,100,80.0,9.7,0.0
2016-05-06 08:00:00,11.4,79,99,168.0,9.2,0.0
2016-05-06 09:00:00,13.3,73,99,279.0,9.1,0.0
2016-05-06 10:00:00,15.1,68,99,440.0,9.4,0.0
2016-05-06 11:00:00,16.9,63,98,612.0,9.7,0.0
2016-05-06 12:00:00,18.2,57,97,716.0,11.3,0.0
2016-05-06 13:00:00,19.1,54,96,762.0,12.1,0.0
2016-05-06 14:00:00,19.8,51,93,767.0,11.9,0.0
2016-05-06 15:00:00,20.1,51,95,726.0,11.5,0.0
2016-05-06 16:00:00,20.2,52,83,654.0,11.0,0.0
2016-05-06 17:00:00,19.9,54,98,526.0,11.1,0.0
2016-05-06 18:00:00,19.2,59,99,362.0,10.0,0.0
2016-05-06 19:00:00,18.1,66,99,187.0,9.0,0.0
2016-05-06 20:00:00,16.4,67,100,66.0,9.8,0.0
2016-05-06 21:00:00,14.6,71,100,5.0,10.9,0.0
2016-05-06 22:00:00,13.5,74,93,0.0,10.8,0.0
2016-05-06 23:00:00,12.7,77,98,0.0,9.7,0.0
2016-05-07 00:00:00,12.2,78,94,0.0,9.7,0.0
2016-05-07 01:00:00,11.7,81,97,0.0,9.4,0.0
2016-05-07 02:00:00,11.3,84,99,0.0,9.0,0.0
2016-05-07 03:00:00,10.7,87,99,0.0,9.1,0.0
2016-05-07 04:00:00,10.4,90,94,0.0,8.9,0.0
2016-05-07 05:00:00,10.2,92,98,0.0,7.6,0.0
2016-05-07 06:00:00,10.2,94,100,6.0,6.8,0.0
2016-05-07 07:00:00,11.6,91,100,37.0,7.2,0.0
2016-05-07 08:00:00,13.8,80,83,112.0,6.4,0.0
2016-05-07 09:00:00,15.2,77,85,172.0,7.2,0.0
2016-05-07 10:00:00,17.0,72,86,308.0,8.7,0.0
2016-05-07 11:00:00,19.1,66,92,569.0,6.6,0.0
2016-05-07 12:00:00,20.6,61,99,687.0,7.4,0.0
2016-05-07 13:00:00,21.5,58,100,721.0,10.5,0.1
2016-05-07 14:00:00,21.7,55,100,637.0,14.3,0.0
2016-05-07 15:00:00,21.2,55,100,462.0,15.5,0.0
2016-05-07 16:00:00,21.1,54,99,475.0,14.5,0.0
2016-05-07 17:00:00,20.7,55,99,399.0,17.5,0.0
2016-05-07 18:00:00,20.2,57,95,305.0,16.2,0.0
2016-05-07 19:00:00,19.4,60,73,191.0,13.4,0.0
2016-05-07 20:00:00,17.7,59,34,86.0,11.2,0.0
2016-05-07 21:00:00,15.9,64,10,7.0,11.0,0.0
2016-05-07 22:00:00,14.8,68,2,0.0,11.5,0.0
2016-05-07 23:00:00,13.9,71,8,0.0,10.5,0.0
2016-05-08 00:00:00,13.1,75,17,0.0,9.8,0.0
2016-05-08 01:00:00,12.3,79,22,0.0,9.6,0.0
2016-05-08 02:00:00,11.7,83,23,0.0,9.3,0.0
2016-05-08 03:00:00,11.2,85,15,0.0,9.1,0.0
2016-05-08 04:00:00,10.8,87,2,0.0,9.4,0.0
2016-05-08 05:00:00,10.5,88,14,0.0,9.8,0.0
2016-05-08 06:00:00,10.6,89,37,11.0,10.5,0.0
2016-05-08 07:00:00,12.5,85,55,105.0,11.7,0.0
2016-05-08 08:00:00,15.9,69,64,250.0,11.1,0.0
2016-05-08 09:00:00,18.3,60,50,414.0,12.0,0.0
2016-05-08 10:00:00,20.1,54,68,563.0,13.8,0.0
2016-05-08 11:00:00,21.4,51,79,686.0,13.2,0.0
2016-05-08 12:00:00,22.5,49,81,769.0,15.2,0.0
2016-05-08 13:00:00,23.3,47,90,810.0,17.2,0.0
2016-05-08 14:00:00,23.7,45,82,798.0,18.2,0.0
2016-05-08 15:00:00,23.8,44,46,752.0,18.2,0.0
2016-05-08 16:00:00,23.6,47,50,675.0,17.4,0.0
2016-05-08 17:00:00,22.9,51,33,537.0,15.8,0.0
2016-05-08 18:00:00,22.0,56,11,351.0,15.3,0.0
2016-05-08 19:00:00,20.8,64,10,201.0,14.8,0.0
2016-05-08 20:00:00,19.5,57,16,89.0,15.2,0.0
2016-05-08 21:00:00,18.0,56,27,8.0,16.3,0.0
2016-05-08 22:00:00,17.2,55,54,0.0,17.0,0.0
2016-05-08 23:00:00,16.7,55,81,0.0,15.3,0.0
2016-05-09 00:00:00,16.5,56,93,0.0,15.2,0.0
2016-05-09 01:00:00,16.2,60,99,0.0,15.2,0.0
2016-05-09 02:00:00,15.3,65,98,0.0,15.3,0.0
2016-05-09 03:00:00,14.5,71,95,0.0,14.4,0.0
2016-05-09 04:00:00,13.9,75,98,0.0,13.5,0.0
2016-05-09 05:00:00,13.5,79,96,0.0,11.9,0.0
2016-05-09 06:00:00,13.2,83,99,11.0,9.5,0.0
2016-05-09 07:00:00,14.2,82,100,90.0,9.5,0.0
2016-05-09 08:00:00,16.3,73,99,196.0,9.7,0.0
2016-05-09 09:00:00,18.2,66,96,342.0,11.7,0.0
2016-05-09 10:00:00,19.4,62,95,442.0,14.9,0.0
2016-05-09 11:00:00,20.4,58,86,565.0,15.6,0.0
2016-05-09 12:00:00,21.1,55,43,670.0,15.6,0.0
2016-05-09 13:00:00,21.4,53,40,716.0,16.7,0.0
2016-05-09 14:00:00,21.6,53,43,732.0,17.8,0.0
2016-05-09 15:00:00,21.7,54,67,737.0,20.2,0.0
2016-05-09 16:00:00,21.6,56,78,635.0,20.9,0.0
2016-05-09 17:00:00,21.2,59,91,434.0,15.9,0.0
2016-05-09 18:00:00,20.0,65,100,279.0,13.6,0.9
2016-05-09 19:00:00,18.2,75,99,98.0,12.4,0.4
2016-05-09 20:00:00,17.7,75,100,65.0,12.0,0.3
2016-05-09 21:00:00,16.7,80,100,6.0,10.9,0.3
2016-05-09 22:00:00,16.0,82,100,0.0,10.1,0.2
2016-05-09 23:00:00,15.7,83,100,0.0,9.8,0.0
2016-05-10 00:00:00,15.1,84,100,0.0,9.0,0.0
2016-05-10 01:00:00,15.2,84,100,0.0,8.3,0.1
2016-05-10 02:00:00,14.9,84,100,0.0,8.6,0.0
2016-05-10 03:00:00,14.7,86,100,0.0,9.0,0.0
2016-05-10 04:00:00,14.5,87,100,0.0,8.7,0.0
2016-05-10 05:00:00,14.0,90,100,0.0,10.0,0.1
2016-05-10 06:00:00,13.9,93,100,8.0,10.4,0.2
2016-05-10 07:00:00,13.9,95,100,26.0,10.0,0.3
2016-05-10 08:00:00,14.2,96,100,26.0,10.5,0.8
2016-05-10 09:00:00,14.8,93,100,79.0,11.2,0.4
2016-05-10 10:00:00,15.1,95,100,99.0,12.3,0.3
2016-05-10 11:00:00,15.4,95,100,86.0,11.0,0.2
2016-05-10 12:00:00,16.1,93,100,142.0,11.7,0.0
2016-05-10 13:00:00,16.8,89,98,197.0,13.4,0.0
2016-05-10 14:00:00,16.7,88,99,188.0,14.8,0.2
2016-05-10 15:00:00,17.3,84,97,310.0,15.9,0.4
2016-05-10 16:00:00,16.8,86,98,219.0,16.6,0.8
2016-05-10 17:00:00,16.5,89,99,210.0,12.4,0.5
2016-05-10 18:00:00,16.4,88,99,189.0,11.7,0.4
2016-05-10 19:00:00,16.2,89,100,102.0,11.0,0.2
2016-05-10 20:00:00,15.4,93,100,50.0,11.2,1.3
2016-05-10 21:00:00,14.9,93,99,3.0,9.0,0.4
2016-05-10 22:00:00,14.5,93,100,0.0,9.0,0.1
2016-05-10 23:00:00,14.3,95,100,0.0,6.4,0.0
2016-05-11 00:00:00,13.9,96,100,0.0,7.1,0.1
2016-05-11 01:00:00,13.4,97,100,0.0,7.1,0.0
2016-05-11 02:00:00,13.0,98,100,0.0,6.7,0.0
2016-05-11 03:00:00,12.7,98,100,0.0,7.6,0.0
2016-05-11 04:00:00,12.5,98,100,0.0,8.2,0.1
2016-05-11 05:00:00,12.6,98,100,0.0,8.0,0.2
2016-05-11 06:00:00,12.8,98,100,7.0,7.5,0.3
2016-05-11 07:00:00,13.1,98,100,38.0,7.7,0.2
2016-05-11 08:00:00,14.2,97,100,49.0,7.9,0.5
2016-05-11 09:00:00,15.0,96,100,137.0,8.7,0.2
2016-05-11 10:00:00,15.3,94,100,157.0,9.5,0.1
2016-05-11 11:00:00,16.3,93,100,238.0,7.6,0.0
2016-05-11 12:00:00,17.4,88,100,344.0,6.5,0.4
2016-05-11 13:00:00,17.7,87,95,307.0,6.8,1.6
2016-05-11 14:00:00,18.5,78,94,437.0,7.7,0.6
2016-05-11 15:00:00,17.1,85,93,282.0,8.4,3.6
2016-05-11 16:00:00,17.2,87,96,234.0,6.2,0.4
2016-05-11 17:00:00,17.8,85,99,264.0,5.6,0.0
2016-05-11 18:00:00,18.2,85,94,285.0,9.7,0.0
2016-05-11 19:00:00,16.8,87,89,132.0,11.9,0.4
2016-05-11 20:00:00,16.5,85,100,72.0,11.2,0.0
2016-05-11 21:00:00,15.1,91,100,9.0,10.7,0.0
2016-05-11 22:00:00,14.4,93,100,0.0,8.5,0.0
2016-05-11 23:00:00,13.6,95,100,0.0,7.1,0.0
2016-05-12 00:00:00,13.3,95,100,0.0,7.4,0.0
2016-05-12 01:00:00,13.2,95,100,0.0,8.0,0.2
2016-05-12 02:00:00,13.0,95,100,0.0,9.7,0.3
2016-05-12 03:00:00,12.6,95,98,0.0,11.6,0.2
2016-05-12 04:00:00,12.3,94,77,0.0,12.3,0.2
2016-05-12 05:00:00,11.8,93,69,0.0,13.7,0.0
2016-05-12 06:00:00,11.6,92,73,13.0,14.5,0.0
2016-05-12 07:00:00,12.8,89,58,106.0,15.3,0.0
2016-05-12 08:00:00,14.5,82,84,259.0,16.4,0.0
2016-05-12 09:00:00,16.3,76,95,399.0,17.7,0.0
2016-05-12 10:00:00,17.9,71,95,563.0,18.1,0.0
2016-05-12 11:00:00,19.2,68,91,698.0,16.9,0.0
2016-05-12 12:00:00,20.2,65,92,787.0,19.4,0.0
2016-05-12 13:00:00,20.7,62,89,742.0,20.4,0.2
2016-05-12 14:00:00,20.6,61,61,570.0,20.5,0.0
2016-05-12 15:00:00,21.1,56,35,667.0,20.4,0.0
2016-05-12 16:00:00,21.0,55,31,607.0,20.7,0.0
2016-05-12 17:00:00,20.6,57,32,482.0,20.9,0.0
2016-05-12 18:00:00,20.1,62,19,376.0,19.2,0.0
2016-05-12 19:00:00,19.2,68,22,235.0,18.5,0.0
2016-05-12 20:00:00,17.5,71,47,99.0,18.5,0.0
2016-05-12 21:00:00,16.0,74,64,11.0,19.5,0.0
2016-05-12 22:00:00,14.6,78,77,0.0,21.1,0.0
2016-05-12 23:00:00,13.3,81,43,0.0,18.3,0.0
2016-05-13 00:00:00,12.4,84,48,0.0,18.6,0.0
2016-05-13 01:00:00,11.9,85,62,0.0,19.3,0.0
2016-05-13 02:00:00,11.3,87,70,0.0,18.8,0.0
2016-05-13 03:00:00,10.9,89,84,0.0,19.1,0.0
2016-05-13 04:00:00,10.5,90,94,0.0,19.6,0.0
2016-05-13 05:00:00,10.3,91,99,0.0,18.8,0.0
2016-05-13 06:00:00,10.3,90,95,16.0,19.2,0.0
2016-05-13 07:00:00,11.1,86,100,112.0,26.9,0.0
2016-05-13 08:00:00,12.0,81,98,157.0,25.9,0.0
2016-05-13 09:00:00,13.6,74,93,285.0,24.8,0.0
2016-05-13 10:00:00,15.0,71,82,487.0,23.5,0.0
2016-05-13 11:00:00,16.1,68,60,573.0,21.5,0.0
2016-05-13 12:00:00,16.9,66,51,656.0,21.4,0.0
2016-05-13 13:00:00,17.3,64,40,682.0,22.7,0.0
2016-05-13 14:00:00,17.5,63,35,715.0,22.7,0.0
2016-05-13 15:00:00,17.4,63,48,727.0,23.1,0.0
2016-05-13 16:00:00,16.8,65,49,643.0,23.5,0.0
2016-05-13 17:00:00,15.9,66,34,536.0,23.7,0.0
2016-05-13 18:00:00,14.4,69,51,392.0,24.0,0.0
2016-05-13 19:00:00,12.7,71,91,211.0,23.3,0.0
2016-05-13 20:00:00,10.9,71,89,84.0,21.4,0.2
2016-05-13 21:00:00,9.6,73,92,10.0,20.4,0.0
2016-05-13 22:00:00,8.9,72,95,0.0,20.1,0.0
2016-05-13 23:00:00,8.4,70,98,0.0,16.6,0.0
2016-05-14 00:00:00,8.1,69,98,0.0,17.2,0.0
2016-05-14 01:00:00,7.9,68,100,0.0,17.1,0.0
2016-05-14 02:00:00,7.9,67,99,0.0,17.0,0.0
2016-05-14 03:00:00,7.7,66,100,0.0,16.6,0.0
2016-05-14 04:00:00,7.6,65,98,0.0,16.9,0.0
2016-05-14 05:00:00,7.4,64,100,0.0,16.4,0.0
2016-05-14 06:00:00,7.3,64,99,10.0,17.1,0.0
2016-05-14 07:00:00,7.3,64,70,56.0,18.1,0.0
2016-05-14 08:00:00,7.6,65,72,224.0,18.9,0.0
2016-05-14 09:00:00,8.2,60,89,293.0,17.7,0.0
2016-05-14 10:00:00,8.8,59,99,373.0,16.1,0.0
2016-05-14 11:00:00,9.2,58,100,348.0,13.0,0.0
2016-05-14 12:00:00,9.9,57,100,460.0,12.6,0.0
2016-05-14 13:00:00,10.7,55,100,548.0,12.6,0.0
2016-05-14 14:00:00,11.0,54,98,484.0,13.7,0.0
2016-05-14 15:00:00,11.3,53,96,488.0,13.7,0.0
2016-05-14 16:00:00,11.2,52,100,354.0,13.8,0.0
2016-05-14 17:00:00,11.0,52,88,252.0,13.8,0.0
2016-05-14 18:00:00,10.9,51,84,196.0,13.0,0.0
2016-05-14 19:00:00,10.5,53,66,96.0,11.6,0.0
2016-05-14 20:00:00,10.4,56,36,87.0,8.6,0.0
2016-05-14 21:00:00,9.5,60,38,13.0,6.3,0.0
2016-05-14 22:00:00,8.3,68,30,0.0,5.9,0.0
2016-05-14 23:00:00,6.9,76,49,0.0,6.8,0.0
2016-05-15 00:00:00,6.3,80,45,0.0,6.2,0.0
2016-05-15 01:00:00,6.8,75,41,0.0,5.6,0.0
2016-05-15 02:00:00,4.9,87,25,0.0,6.6,0.0
2016-05-15 03:00:00,4.2,88,22,0.0,5.6,0.0
2016-05-15 04:00:00,4.0,88,36,0.0,6.0,0.0
2016-05-15 05:00:00,3.7,88,41,0.0,6.2,0.0
2016-05-15 06:00:00,4.5,87,46,19.0,6.6,0.0
2016-05-15 07:00:00,7.0,80,43,112.0,7.0,0.0
2016-05-15 08:00:00,9.3,81,52,232.0,6.9,0.0
2016-05-15 09:00:00,10.9,74,70,381.0,7.9,0.0
2016-05-15 10:00:00,11.9,68,57,480.0,9.8,0.0
2016-05-15 11:00:00,13.0,61,42,588.0,9.4,0.0
2016-05-15 12:00:00,13.7,56,46,608.0,10.4,0.0
2016-05-15 13:00:00,14.4,53,37,743.0,11.9,0.0
2016-05-15 14:00:00,14.9,49,48,790.0,13.7,0.0
2016-05-15 15:00:00,15.2,45,76,711.0,14.6,0.0
2016-05-15 16:00:00,15.2,43,84,616.0,14.6,0.0
2016-05-15 17:00:00,14.7,45,82,354.0,14.3,0.0
2016-05-15 18:00:00,14.1,49,86,228.0,13.2,0.0
2016-05-15 19:00:00,13.4,54,87,136.0,10.4,0.0
2016-05-15 20:00:00,13.6,55,80,51.0,6.8,0.0
2016-05-15 21:00:00,12.3,62,63,10.0,5.5,0.0
2016-05-15 22:00:00,10.8,71,60,0.0,7.2,0.0
2016-05-15 23:00:00,9.9,77,54,0.0,7.2,0.0
2016-05-16 00:00:00,9.0,83,52,0.0,5.2,0.0
2016-05-16 01:00:00,8.2,88,56,0.0,5.7,0.0
2016-05-16 02:00:00,7.9,91,34,0.0,4.9,0.0
2016-05-16 03:00:00,7.3,93,29,0.0,5.2,0.0
2016-05-16 04:00:00,7.4,93,27,0.0,5.0,0.0
2016-05-16 05:00:00,7.5,93,31,0.0,3.5,0.0
2016-05-16 06:00:00,7.8,92,33,16.0,3.4,0.0
2016-05-16 07:00:00,8.7,90,35,98.0,5.1,0.0
2016-05-16 08:00:00,9.8,84,40,238.0,5.9,0.0
2016-05-16 09:00:00,11.3,76,87,392.0,6.9,0.0
2016-05-16 10:00:00,12.3,69,97,443.0,6.1,0.0
2016-05-16 11:00:00,13.4,63,100,514.0,1.6,0.0
2016-05-16 12:00:00,14.0,59,98,455.0,4.1,0.0
2016-05-16 13:00:00,14.5,56,100,467.0,6.5,0.0
2016-05-16 14:00:00,15.1,53,96,522.0,8.9,0.0
2016-05-16 15:00:00,15.5,50,91,492.0,10.8,0.0
2016-05-16 16:00:00,16.0,49,92,487.0,12.5,0.0
2016-05-16 17:00:00,15.9,48,75,408.0,13.4,0.0
2016-05-16 18:00:00,15.8,47,59,374.0,13.3,0.0
2016-05-16 19:00:00,15.2,50,42,230.0,10.2,0.0
2016-05-16 20:00:00,14.7,56,14,103.0,5.7,0.0
2016-05-16 21:00:00,13.0,63,9,16.0,8.0,0.0
2016-05-16 22:00:00,11.1,74,10,0.0,8.6,0.0
2016-05-16 23:00:00,9.9,78,16,0.0,3.2,0.0
2016-05-17 00:00:00,9.0,82,47,0.0,5.5,0.0
2016-05-17 01:00:00,7.9,87,79,0.0,5.1,0.0
2016-05-17 02:00:00,7.3,90,85,0.0,5.6,0.0
2016-05-17 03:00:00,6.6,92,71,0.0,6.3,0.0
2016-05-17 04:00:00,5.8,93,58,0.0,7.1,0.0
2016-05-17 05:00:00,5.3,94,46,0.0,7.4,0.0
2016-05-17 06:00:00,5.6,94,38,23.0,7.4,0.0
2016-05-17 07:00:00,8.1,85,22,123.0,6.5,0.0
2016-05-17 08:00:00,10.7,77,17,241.0,6.3,0.0
2016-05-17 09:00:00,12.2,72,10,408.0,7.1,0.0
2016-05-17 10:00:00,13.7,68,15,577.0,7.6,0.0
2016-05-17 11:00:00,15.3,60,76,671.0,9.9,0.0
2016-05-17 12:00:00,16.2,55,100,602.0,14.0,0.0
2016-05-17 13:00:00,16.0,55,100,350.0,15.6,0.0
2016-05-17 14:00:00,16.0,56,91,429.0,16.4,0.0
2016-05-17 15:00:00,15.9,55,97,362.0,16.4,0.0
2016-05-17 16:00:00,15.7,54,81,286.0,18.1,0.0
2016-05-17 17:00:00,15.3,58,79,228.0,19.5,0.0
2016-05-17 18:00:00,14.8,63,86,228.0,20.7,0.0
2016-05-17 19:00:00,14.2,69,93,114.0,20.6,0.0
2016-05-17 20:00:00,13.3,76,100,53.0,17.3,0.0
2016-05-17 21:00:00,12.7,80,100,5.0,16.2,0.0
2016-05-17 22:00:00,12.4,82,100,0.0,16.4,0.0
2016-05-17 23:00:00,12.1,83,100,0.0,17.5,0.0
2016-05-18 00:00:00,11.7,84,96,0.0,17.6,0.0
2016-05-18 01:00:00,11.4,85,96,0.0,18.7,0.0
2016-05-18 02:00:00,10.9,86,96,0.0,19.5,0.0
2016-05-18 03:00:00,10.5,89,98,0.0,19.7,0.0
2016-05-18 04:00:00,10.5,89,99,0.0,19.2,0.0
2016-05-18 05:00:00,10.8,87,100,0.0,19.3,0.0
2016-05-18 06:00:00,11.1,86,100,7.0,19.8,0.0
2016-05-18 07:00:00,11.4,86,100,30.0,22.1,0.0
2016-05-18 08:00:00,12.1,83,100,120.0,23.6,0.2
2016-05-18 09:00:00,12.0,85,100,120.0,22.9,0.6
2016-05-18 10:00:00,11.5,91,100,94.0,21.2,1.0
2016-05-18 11:00:00,11.4,91,100,76.0,18.4,1.3
2016-05-18 12:00:00,11.6,90,100,73.0,18.7,1.5
2016-05-18 13:00:00,11.9,89,100,169.0,18.2,1.1
2016-05-18 14:00:00,12.4,91,100,254.0,14.9,0.4
2016-05-18 15:00:00,15.0,83,100,704.0,13.4,0.4
2016-05-18 16:00:00,14.9,75,93,574.0,12.3,2.7
2016-05-18 17:00:00,13.3,71,84,373.0,13.8,0.6
2016-05-18 18:00:00,13.2,69,82,288.0,11.0,0.0
2016-05-18 19:00:00,12.7,71,87,206.0,13.5,0.2
2016-05-18 20:00:00,11.6,84,83,70.0,14.2,0.3
2016-05-18 21:00:00,11.1,86,75,10.0,15.3,0.3
2016-05-18 22:00:00,10.4,88,89,0.0,17.6,0.3
2016-05-18 23:00:00,9.9,89,92,0.0,18.8,0.2
2016-05-19 00:00:00,9.9,90,87,0.0,18.6,0.5
2016-05-19 01:00:00,9.6,89,100,0.0,18.1,0.5
2016-05-19 02:00:00,9.3,91,100,0.0,17.8,0.2
2016-05-19 03:00:00,9.2,90,93,0.0,18.1,0.2
2016-05-19 04:00:00,9.2,91,84,0.0,18.3,0.0
2016-05-19 05:00:00,9.0,93,58,0.0,15.4,0.0
2016-05-19 06:00:00,9.1,94,32,17.0,13.5,0.0
2016-05-19 07:00:00,9.9,90,95,117.0,17.1,0.0
2016-05-19 08:00:00,11.0,88,100,184.0,15.8,0.0
2016-05-19 09:00:00,12.1,83,100,262.0,14.1,0.0
2016-05-19 10:00:00,13.1,78,100,337.0,10.7,0.0
2016-05-19 11:00:00,14.2,72,100,378.0,5.8,0.0
2016-05-19 12:00:00,15.1,67,100,392.0,7.3,0.0
2016-05-19 13:00:00,16.2,62,100,450.0,9.7,0.0
2016-05-19 14:00:00,16.8,58,100,417.0,12.5,0.0
2016-05-19 15:00:00,17.1,57,100,338.0,16.8,0.0
2016-05-19 16:00:00,17.3,55,99,356.0,19.9,0.0
2016-05-19 17:00:00,17.1,55,90,308.0,19.9,0.0
2016-05-19 18:00:00,16.5,60,85,263.0,21.0,0.0
2016-05-19 19:00:00,15.4,66,55,157.0,20.6,0.0
2016-05-19 20:00:00,13.3,75,78,103.0,19.7,0.5
2016-05-19 21:00:00,12.5,80,100,9.0,19.2,0.0
2016-05-19 22:00:00,12.5,84,100,0.0,19.0,0.0
2016-05-19 23:00:00,12.4,88,100,0.0,19.1,0.0
2016-05-20 00:00:00,12.5,90,100,0.0,19.9,0.0
2016-05-20 01:00:00,12.6,91,100,0.0,19.1,0.0
2016-05-20 02:00:00,12.6,92,100,0.0,18.4,0.0
2016-05-20 03:00:00,12.6,92,100,0.0,17.1,0.0
2016-05-20 04:00:00,12.7,92,100,0.0,16.4,0.0
2016-05-20 05:00:00,12.6,92,100,0.0,16.1,0.0
2016-05-20 06:00:00,12.7,91,99,9.0,15.6,0.0
2016-05-20 07:00:00,13.0,86,100,39.0,14.7,0.0
2016-05-20 08:00:00,13.3,83,100,84.0,16.6,0.0
2016-05-20 09:00:00,13.9,74,100,161.0,18.4,0.0
2016-05-20 10:00:00,14.3,72,98,292.0,19.9,0.0
2016-05-20 11:00:00,14.9,68,100,372.0,18.2,0.0
2016-05-20 12:00:00,15.6,62,100,464.0,20.4,0.0
2016-05-20 13:00:00,16.0,58,99,421.0,20.1,0.0
2016-05-20 14:00:00,16.2,59,100,483.0,19.2,0.3
2016-05-20 15:00:00,15.9,61,97,354.0,20.8,0.0
2016-05-20 16:00:00,16.7,59,98,519.0,19.5,0.0
2016-05-20 17:00:00,16.8,58,93,442.0,19.2,0.0
2016-05-20 18:00:00,15.5,67,60,226.0,20.8,0.1
2016-05-20 19:00:00,14.6,71,61,180.0,19.7,0.0
2016-05-20 20:00:00,13.7,73,68,110.0,17.7,0.0
2016-05-20 21:00:00,12.6,76,78,20.0,15.3,0.0
2016-05-20 22:00:00,12.2,77,64,0.0,14.7,0.0
2016-05-20 23:00:00,11.9,80,35,0.0,14.3,0.0
2016-05-21 00:00:00,11.4,84,90,0.0,16.9,0.0
2016-05-21 01:00:00,11.4,86,100,0.0,20.2,0.0
2016-05-21 02:00:00,12.0,85,100,0.0,21.5,0.0
2016-05-21 03:00:00,12.6,86,100,0.0,20.3,0.0
2016-05-21 04:00:00,12.9,89,100,0.0,19.5,0.0
2016-05-21 05:00:00,13.1,89,100,0.0,20.2,0.0
2016-05-21 06:00:00,13.0,90,100,5.0,21.6,0.0
2016-05-21 07:00:00,13.1,89,100,33.0,21.2,0.0
2016-05-21 08:00:00,13.5,91,100,50.0,20.5,0.2
2016-05-21 09:00:00,14.1,87,100,163.0,26.7,0.0
2016-05-21 10:00:00,14.9,80,100,336.0,28.3,0.0
2016-05-21 11:00:00,15.8,73,100,438.0,25.9,0.0
2016-05-21 12:00:00,16.2,71,100,482.0,26.1,0.0
2016-05-21 13:00:00,16.5,69,100,479.0,26.0,0.0
2016-05-21 14:00:00,16.3,71,100,454.0,26.8,0.0
2016-05-21 15:00:00,16.4,71,100,456.0,28.6,0.0
2016-05-21 16:00:00,16.3,70,100,377.0,24.4,0.0
2016-05-21 17:00:00,15.7,71,100,298.0,17.6,0.1
2016-05-21 18:00:00,14.9,75,100,162.0,18.4,0.2
2016-05-21 19:00:00,14.6,78,100,133.0,17.1,0.1
2016-05-21 20:00:00,15.0,82,95,48.0,16.5,0.2
2016-05-21 21:00:00,14.0,86,98,17.0,14.3,0.0
2016-05-21 22:00:00,13.5,88,99,0.0,12.6,0.0
2016-05-21 23:00:00,13.0,91,99,0.0,8.7,0.0
2016-05-22 00:00:00,12.7,91,87,0.0,10.9,0.0
2016-05-22 01:00:00,12.1,93,100,0.0,10.8,0.0
2016-05-22 02:00:00,11.8,94,100,0.0,9.4,0.0
2016-05-22 03:00:00,11.6,94,100,0.0,7.1,0.0
2016-05-22 04:00:00,11.4,95,100,0.0,6.8,0.0
2016-05-22 05:00:00,11.1,95,94,0.0,5.7,0.0
2016-05-22 06:00:00,10.8,95,94,17.0,8.8,0.0
2016-05-22 07:00:00,11.2,90,36,76.0,9.4,0.0
2016-05-22 08:00:00,12.2,85,48,271.0,7.2,0.0
2016-05-22 09:00:00,13.3,79,43,394.0,5.8,0.0
2016-05-22 10:00:00,14.3,71,74,518.0,4.7,0.0
2016-05-22 11:00:00,15.6,62,64,650.0,4.6,0.0
2016-05-22 12:00:00,16.5,56,76,690.0,4.7,0.0
2016-05-22 13:00:00,17.1,52,99,685.0,5.8,0.0
2016-05-22 14:00:00,17.4,50,86,585.0,6.2,0.0
2016-05-22 15:00:00,17.4,49,96,383.0,6.9,0.0
2016-05-22 16:00:00,16.8,52,100,251.0,8.9,0.0
2016-05-22 17:00:00,15.9,57,100,213.0,7.1,0.2
2016-05-22 18:00:00,15.1,63,100,171.0,11.3,0.2
2016-05-22 19:00:00,14.2,72,100,89.0,12.1,0.8
2016-05-22 20:00:00,13.5,78,100,54.0,9.8,0.2
2016-05-22 21:00:00,12.9,81,99,12.0,10.5,0.2
2016-05-22 22:00:00,12.3,84,100,0.0,11.7,0.0
2016-05-22 23:00:00,11.6,87,99,0.0,7.9,0.0
2016-05-23 00:00:00,11.2,87,99,0.0,9.8,0.0
2016-05-23 01:00:00,10.9,88,99,0.0,12.9,0.0
2016-05-23 02:00:00,10.6,89,100,0.0,13.8,0.0
2016-05-23 03:00:00,10.2,87,99,0.0,13.8,0.0
2016-05-23 04:00:00,9.7,85,99,0.0,14.0,0.0
2016-05-23 05:00:00,9.2,84,95,0.0,14.3,0.0
2016-05-23 06:00:00,9.0,84,57,28.0,15.3,0.0
2016-05-23 07:00:00,9.9,83,55,140.0,14.8,0.0
2016-05-23 08:00:00,11.2,80,59,244.0,16.3,0.0
2016-05-23 09:00:00,12.7,74,37,429.0,16.7,0.0
2016-05-23 10:00:00,14.3,65,23,591.0,18.6,0.0
2016-05-23 11:00:00,15.0,60,37,549.0,13.9,0.0
2016-05-23 12:00:00,16.1,55,40,746.0,13.3,0.0
2016-05-23 13:00:00,16.6,51,49,691.0,12.2,0.0
2016-05-23 14:00:00,16.9,50,42,683.0,11.0,0.0
2016-05-23 15:00:00,17.1,49,28,659.0,10.2,0.0
2016-05-23 16:00:00,16.8,50,34,576.0,9.8,0.0
2016-05-23 17:00:00,16.3,57,35,526.0,9.7,0.1
2016-05-23 18:00:00,15.7,62,29,357.0,10.8,0.0
2016-05-23 19:00:00,14.8,68,33,206.0,11.5,0.0
2016-05-23 20:00:00,14.4,69,40,106.0,10.2,0.0
2016-05-23 21:00:00,13.4,75,34,21.0,9.5,0.0
2016-05-23 22:00:00,12.1,82,29,0.0,9.6,0.0
2016-05-23 23:00:00,11.2,87,28,0.0,9.0,0.0
2016-05-24 00:00:00,10.2,91,19,0.0,8.8,0.0
2016-05-24 01:00:00,9.3,93,7,0.0,8.3,0.0
2016-05-24 02:00:00,8.4,94,3,0.0,9.5,0.0
2016-05-24 03:00:00,7.6,94,5,0.0,10.2,0.0
2016-05-24 04:00:00,6.9,94,10,0.0,10.5,0.0
2016-05-24 05:00:00,6.3,95,20,0.0,10.1,0.0
2016-05-24 06:00:00,6.5,95,12,33.0,10.7,0.0
2016-05-24 07:00:00,8.4,89,3,148.0,10.4,0.0
2016-05-24 08:00:00,10.1,81,9,303.0,12.7,0.0
2016-05-24 09:00:00,11.4,75,13,441.0,13.6,0.0
2016-05-24 10:00:00,13.0,64,35,604.0,15.1,0.0
2016-05-24 11:00:00,14.2,56,99,654.0,16.1,0.0
2016-05-24 12:00:00,15.1,51,100,666.0,16.6,0.0
2016-05-24 13:00:00,15.2,50,100,426.0,17.6,0.0
2016-05-24 14:00:00,15.2,50,100,348.0,18.1,0.0
2016-05-24 15:00:00,15.2,50,98,327.0,18.4,0.0
2016-05-24 16:00:00,15.3,51,77,385.0,18.2,0.0
2016-05-24 17:00:00,14.9,52,84,317.0,18.5,0.0
2016-05-24 18:00:00,14.3,56,76,277.0,19.4,0.0
2016-05-24 19:00:00,13.6,61,75,258.0,19.4,0.0
2016-05-24 20:00:00,12.1,67,75,116.0,19.7,0.0
2016-05-24 21:00:00,10.5,72,86,26.0,18.8,0.0
2016-05-24 22:00:00,9.5,75,93,0.0,17.9,0.0
2016-05-24 23:00:00,8.8,73,90,0.0,14.1,0.0
2016-05-25 00:00:00,8.4,72,85,0.0,12.7,0.0
2016-05-25 01:00:00,8.3,71,95,0.0,11.8,0.0
2016-05-25 02:00:00,8.2,73,93,0.0,11.6,0.0
2016-05-25 03:00:00,8.1,76,90,0.0,12.3,0.0
2016-05-25 04:00:00,8.0,78,96,0.0,11.7,0.0
2016-05-25 05:00:00,7.7,80,93,0.0,12.4,0.0
2016-05-25 06:00:00,8.0,81,95,18.0,13.1,0.0
2016-05-25 07:00:00,8.6,79,93,89.0,16.2,0.0
2016-05-25 08:00:00,9.5,75,100,145.0,14.8,0.1
2016-05-25 09:00:00,10.1,72,100,180.0,12.8,0.2
2016-05-25 10:00:00,10.5,71,100,187.0,12.9,0.1
2016-05-25 11:00:00,11.0,70,100,231.0,12.2,0.1
2016-05-25 12:00:00,11.2,71,100,251.0,13.8,0.0
2016-05-25 13:00:00,11.7,70,100,328.0,13.2,0.0
2016-05-25 14:00:00,12.5,68,100,379.0,12.9,0.0
2016-05-25 15:00:00,12.6,68,100,302.0,12.4,0.0
2016-05-25 16:00:00,12.4,69,100,199.0,11.6,0.0
2016-05-25 17:00:00,12.0,72,100,110.0,9.6,0.0
2016-05-25 18:00:00,12.2,71,100,120.0,9.8,0.0
2016-05-25 19:00:00,12.0,71,100,62.0,9.4,0.0
2016-05-25 20:00:00,11.2,76,100,32.0,8.3,0.0
2016-05-25 21:00:00,10.8,79,100,8.0,6.8,0.0
2016-05-25 22:00:00,10.6,81,95,0.0,6.2,0.0
2016-05-25 23:00:00,10.3,82,82,0.0,4.3,0.0
2016-05-26 00:00:00,9.8,85,82,0.0,4.7,0.0
2016-05-26 01:00:00,9.0,89,80,0.0,4.8,0.0
2016-05-26 02:00:00,7.9,93,84,0.0,4.2,0.0
2016-05-26 03:00:00,8.6,90,100,0.0,2.9,0.0
2016-05-26 04:00:00,8.3,93,98,0.0,1.9,0.0
2016-05-26 05:00:00,7.8,96,90,0.0,0.8,0.0
2016-05-26 06:00:00,7.6,97,87,30.0,1.8,0.0
2016-05-26 07:00:00,8.9,93,74,133.0,2.2,0.0
2016-05-26 08:00:00,11.0,85,55,206.0,3.5,0.0
2016-05-26 09:00:00,12.3,72,29,371.0,2.3,0.0
2016-05-26 10:00:00,13.7,61,40,569.0,2.2,0.0
2016-05-26 11:00:00,14.9,56,69,592.0,3.3,0.0
2016-05-26 12:00:00,16.1,52,44,644.0,3.3,0.0
2016-05-26 13:00:00,17.5,47,36,728.0,2.5,0.0
2016-05-26 14:00:00,18.3,45,42,726.0,3.3,0.0
2016-05-26 15:00:00,18.5,45,46,642.0,3.4,0.0
2016-05-26 16:00:00,18.6,45,57,595.0,1.1,0.0
2016-05-26 17:00:00,18.5,48,74,423.0,4.3,0.0
2016-05-26 18:00:00,17.9,55,77,311.0,9.1,0.0
2016-05-26 19:00:00,16.9,62,35,194.0,11.6,0.0
2016-05-26 20:00:00,15.1,72,50,132.0,11.3,0.0
2016-05-26 21:00:00,13.6,78,63,26.0,10.6,0.0
2016-05-26 22:00:00,12.2,84,60,0.0,10.7,0.0
2016-05-26 23:00:00,11.2,87,61,0.0,10.7,0.0
2016-05-27 00:00:00,10.5,90,89,0.0,11.4,0.0
2016-05-27 01:00:00,10.0,92,91,0.0,11.2,0.0
2016-05-27 02:00:00,9.5,93,93,0.0,11.6,0.0
2016-05-27 03:00:00,9.2,94,95,0.0,11.2,0.0
2016-05-27 04:00:00,8.9,93,95,0.0,10.8,0.0
2016-05-27 05:00:00,8.7,93,77,0.0,10.4,0.0
2016-05-27 06:00:00,9.2,90,53,32.0,11.1,0.0
2016-05-27 07:00:00,10.6,85,38,132.0,11.4,0.0
2016-05-27 08:00:00,12.3,79,39,276.0,12.2,0.0
2016-05-27 09:00:00,13.7,74,33,397.0,13.0,0.0
2016-05-27 10:00:00,15.0,70,43,529.0,13.8,0.0
2016-05-27 11:00:00,16.2,66,26,681.0,12.5,0.0
2016-05-27 12:00:00,17.3,62,8,808.0,13.6,0.0
2016-05-27 13:00:00,18.0,60,6,818.0,13.4,0.0
2016-05-27 14:00:00,18.9,56,15,842.0,12.2,0.0
2016-05-27 15:00:00,19.4,53,12,758.0,11.8,0.0
2016-05-27 16:00:00,19.5,53,10,598.0,11.3,0.0
2016-05-27 17:00:00,18.7,58,39,337.0,11.4,0.0
2016-05-27 18:00:00,18.1,64,67,278.0,13.0,0.0
2016-05-27 19:00:00,17.5,68,87,227.0,13.4,0.0
2016-05-27 20:00:00,16.1,74,90,122.0,12.8,0.0
2016-05-27 21:00:00,14.5,80,89,24.0,12.6,0.0
2016-05-27 22:00:00,13.1,86,75,0.0,12.6,0.0
2016-05-27 23:00:00,12.2,88,61,0.0,12.7,0.0
2016-05-28 00:00:00,11.3,90,63,0.0,13.3,0.0
2016-05-28 01:00:00,10.7,91,62,0.0,12.4,0.0
2016-05-28 02:00:00,10.1,92,67,0.0,11.9,0.0
2016-05-28 03:00:00,9.7,93,49,0.0,11.5,0.0
2016-05-28 04:00:00,9.4,93,29,0.0,11.8,0.0
2016-05-28 05:00:00,9.3,94,26,0.0,12.0,0.0
2016-05-28 06:00:00,9.7,92,49,30.0,12.7,0.0
2016-05-28 07:00:00,11.2,86,65,129.0,14.0,0.0
2016-05-28 08:00:00,12.1,83,60,216.0,13.9,0.0
2016-05-28 09:00:00,13.1,80,62,301.0,14.1,0.0
2016-05-28 10:00:00,14.9,74,52,555.0,13.8,0.0
2016-05-28 11:00:00,16.3,69,26,677.0,12.9,0.0
2016-05-28 12:00:00,17.6,64,26,783.0,13.0,0.0
2016-05-28 13:00:00,18.5,60,30,841.0,12.9,0.0
2016-05-28 14:00:00,19.2,57,23,837.0,12.6,0.0
2016-05-28 15:00:00,19.4,55,6,741.0,12.7,0.0
2016-05-28 16:00:00,19.3,55,13,551.0,14.1,0.0
2016-05-28 17:00:00,18.9,57,34,427.0,15.0,0.0
2016-05-28 18:00:00,18.3,62,57,283.0,15.3,0.0
2016-05-28 19:00:00,17.5,66,65,269.0,13.8,0.0
2016-05-28 20:00:00,16.9,67,51,113.0,13.3,0.0
2016-05-28 21:00:00,15.2,73,59,29.0,13.8,0.0
2016-05-28 22:00:00,13.8,78,74,0.0,14.8,0.0
2016-05-28 23:00:00,12.6,82,8,0.0,15.0,0.0
2016-05-29 00:00:00,11.5,84,7,0.0,14.1,0.0
2016-05-29 01:00:00,10.5,87,95,0.0,12.4,0.0
2016-05-29 02:00:00,9.7,89,97,0.0,11.6,0.0
2016-05-29 03:00:00,9.1,90,90,0.0,11.7,0.0
2016-05-29 04:00:00,8.7,93,90,0.0,13.1,0.0
2016-05-29 05:00:00,8.4,94,96,0.0,14.6,0.0
2016-05-29 06:00:00,8.8,94,90,38.0,15.6,0.0
2016-05-29 07:00:00,10.4,90,70,136.0,18.2,0.0
2016-05-29 08:00:00,11.3,86,83,271.0,19.8,0.0
2016-05-29 09:00:00,12.6,83,79,361.0,19.5,0.0
2016-05-29 10:00:00,14.1,79,79,484.0,20.5,0.0
2016-05-29 11:00:00,15.5,75,100,535.0,19.8,0.0
2016-05-29 12:00:00,16.9,71,100,625.0,20.5,0.0
2016-05-29 13:00:00,17.8,68,100,606.0,21.5,0.0
2016-05-29 14:00:00,18.4,67,100,593.0,21.6,0.0
2016-05-29 15:00:00,18.6,66,99,502.0,21.7,0.0
2016-05-29 16:00:00,18.8,66,100,421.0,21.4,0.0
2016-05-29 17:00:00,18.4,68,100,355.0,21.0,0.1
2016-05-29 18:00:00,17.8,70,100,255.0,21.0,0.0
2016-05-29 19:00:00,16.9,73,93,182.0,19.3,0.0
2016-05-29 20:00:00,15.4,75,93,103.0,19.4,0.0
2016-05-29 21:00:00,13.9,79,96,29.0,18.2,0.0
2016-05-29 22:00:00,12.8,83,99,0.0,18.4,0.0
2016-05-29 23:00:00,12.2,86,98,0.0,17.5,0.0
2016-05-30 00:00:00,11.9,87,99,0.0,18.7,0.0
2016-05-30 01:00:00,11.7,88,94,0.0,17.5,0.0
2016-05-30 02:00:00,11.5,89,95,0.0,17.1,0.0
2016-05-30 03:00:00,11.2,90,99,0.0,18.4,0.0
2016-05-30 04:00:00,10.9,91,100,0.0,19.8,0.0
2016-05-30 05:00:00,10.9,91,100,0.0,18.7,0.0
2016-05-30 06:00:00,10.9,90,100,17.0,19.7,0.0
2016-05-30 07:00:00,11.4,87,100,70.0,23.5,0.0
2016-05-30 08:00:00,11.5,87,100,139.0,23.4,0.0
2016-05-30 09:00:00,12.2,84,100,225.0,24.5,0.0
2016-05-30 10:00:00,13.1,80,100,262.0,25.9,0.0
2016-05-30 11:00:00,13.8,78,100,309.0,24.5,0.0
2016-05-30 12:00:00,14.5,76,100,295.0,24.2,0.0
2016-05-30 13:00:00,15.5,71,100,358.0,25.4,0.0
2016-05-30 14:00:00,16.5,65,100,390.0,28.2,0.0
2016-05-30 15:00:00,16.8,62,100,307.0,28.1,0.0
2016-05-30 16:00:00,17.0,61,100,309.0,27.4,0.0
2016-05-30 17:00:00,17.1,60,100,308.0,29.9,0.0
2016-05-30 18:00:00,16.7,62,100,215.0,26.6,0.0
2016-05-30 19:00:00,16.2,64,100,151.0,27.3,0.0
2016-05-30 20:00:00,15.1,67,100,75.0,27.6,0.0
2016-05-30 21:00:00,14.2,68,100,19.0,27.6,0.0
2016-05-30 22:00:00,13.5,68,100,0.0,27.3,0.0
2016-05-30 23:00:00,12.9,70,100,0.0,26.6,0.0
2016-05-31 00:00:00,12.3,72,100,0.0,27.2,0.0
2016-05-31 01:00:00,12.0,74,100,0.0,27.8,0.0
2016-05-31 02:00:00,11.7,76,100,0.0,27.9,0.0
2016-05-31 03:00:00,11.5,78,100,0.0,28.0,0.0
2016-05-31 04:00:00,11.5,79,100,0.0,28.0,0.0
2016-05-31 05:00:00,11.4,79,99,0.0,30.5,0.0
2016-05-31 06:00:00,11.4,80,100,16.0,30.9,0.0
2016-05-31 07:00:00,11.4,81,100,57.0,31.7,0.2
2016-05-31 08:00:00,10.4,94,100,36.0,31.1,1.4
2016-05-31 09:00:00,10.5,95,100,33.0,31.1,1.5
2016-05-31 10:00:00,10.6,96,100,72.0,30.4,2.2
2016-05-31 11:00:00,10.9,95,100,57.0,26.3,2.3
2016-05-31 12:00:00,11.1,95,100,69.0,27.2,1.3
2016-05-31 13:00:00,11.3,95,100,53.0,27.4,1.0
2016-05-31 14:00:00,11.4,95,100,76.0,27.6,0.6
2016-05-31 15:00:00,11.6,94,100,67.0,26.7,0.7
2016-05-31 16:00:00,11.9,93,100,80.0,26.3,0.1
2016-05-31 17:00:00,11.9,93,100,42.0,25.5,0.0
2016-05-31 18:00:00,11.9,93,100,57.0,24.9,0.0
2016-05-31 19:00:00,11.8,93,100,30.0,23.6,0.1
2016-05-31 20:00:00,11.5,91,100,18.0,23.1,0.0
2016-05-31 21:00:00,11.6,92,100,6.0,23.1,0.0
2016-05-31 22:00:00,11.6,93,100,0.0,22.3,0.0
2016-05-31 23:00:00,11.6,93,100,0.0,16.8,0.0
2016-06-01 00:00:00,11.6,93,100,0.0,18.2,0.0
2016-06-01 01:00:00,11.5,94,100,0.0,18.8,0.0
2016-06-01 02:00:00,11.5,94,100,0.0,18.8,0.0
2016-06-01 03:00:00,11.5,95,100,0.0,19.5,0.0
2016-06-01 04:00:00,11.5,94,100,0.0,19.4,0.0
2016-06-01 05:00:00,11.5,94,100,0.0,19.4,0.0
2016-06-01 06:00:00,11.5,94,100,4.0,19.8,0.0
2016-06-01 07:00:00,11.7,94,100,21.0,21.3,0.0
2016-06-01 08:00:00,12.0,91,100,69.0,23.0,0.0
2016-06-01 09:00:00,12.4,89,100,98.0,24.1,0.0
2016-06-01 10:00:00,12.7,89,100,132.0,24.9,0.0
2016-06-01 11:00:00,13.0,88,100,150.0,20.2,0.0
2016-06-01 12:00:00,12.9,89,100,123.0,21.0,0.0
2016-06-01 13:00:00,13.5,85,100,195.0,21.6,0.0
2016-06-01 14:00:00,14.2,84,100,280.0,22.3,0.0
2016-06-01 15:00:00,14.2,85,100,232.0,23.8,0.2
2016-06-01 16:00:00,13.9,87,100,172.0,24.1,0.3
2016-06-01 17:00:00,13.8,86,100,144.0,22.0,0.0
2016-06-01 18:00:00,13.5,86,100,131.0,21.3,0.0
2016-06-01 19:00:00,13.1,85,100,98.0,22.8,0.0
2016-06-01 20:00:00,12.0,90,100,32.0,24.8,0.0
2016-06-01 21:00:00,11.7,91,100,12.0,24.9,0.0
2016-06-01 22:00:00,11.4,91,100,0.0,25.3,0.0
2016-06-01 23:00:00,11.2,91,100,0.0,22.0,0.0
2016-06-02 00:00:00,11.1,91,100,0.0,21.2,0.0
2016-06-02 01:00:00,10.9,91,100,0.0,21.6,0.0
2016-06-02 02:00:00,10.8,91,100,0.0,21.6,0.0
2016-06-02 03:00:00,10.7,90,100,0.0,21.6,0.0
2016-06-02 04:00:00,10.4,89,100,0.0,21.3,0.0
2016-06-02 05:00:00,10.2,89,100,0.0,20.9,0.0
2016-06-02 06:00:00,10.0,88,99,21.0,22.7,0.0
2016-06-02 07:00:00,10.1,86,100,54.0,25.1,0.0
2016-06-02 08:00:00,10.2,84,100,140.0,26.7,0.0
2016-06-02 09:00:00,10.6,83,100,168.0,27.0,0.2
2016-06-02 10:00:00,11.3,80,100,276.0,27.5,0.0
2016-06-02 11:00:00,12.0,77,100,332.0,23.0,0.0
2016-06-02 12:00:00,12.8,74,100,424.0,23.0,0.0
2016-06-02 13:00:00,13.5,71,100,467.0,23.0,0.0
2016-06-02 14:00:00,13.7,71,100,437.0,23.0,0.0
2016-06-02 15:00:00,14.2,69,100,536.0,23.8,0.0
2016-06-02 16:00:00,14.4,68,100,517.0,24.0,0.0
2016-06-02 17:00:00,14.4,67,100,483.0,21.7,0.0
2016-06-02 18:00:00,13.9,68,100,375.0,20.8,0.0
2016-06-02 19:00:00,12.9,69,100,213.0,20.9,0.0
2016-06-02 20:00:00,11.1,78,100,65.0,19.1,0.0
2016-06-02 21:00:00,10.6,79,100,17.0,17.9,0.0
2016-06-02 22:00:00,10.1,80,100,0.0,17.5,0.0
2016-06-02 23:00:00,9.9,80,100,0.0,14.6,0.0
2016-06-03 00:00:00,9.8,80,97,0.0,14.4,0.0
2016-06-03 01:00:00,9.6,80,99,0.0,14.4,0.0
2016-06-03 02:00:00,9.5,81,99,0.0,14.8,0.0
2016-06-03 03:00:00,9.4,82,100,0.0,14.8,0.0
2016-06-03 04:00:00,9.4,82,99,0.0,14.0,0.0
2016-06-03 05:00:00,9.3,84,100,0.0,15.5,0.0
2016-06-03 06:00:00,9.5,84,100,21.0,17.3,0.0
2016-06-03 07:00:00,9.9,81,100,63.0,17.5,0.0
2016-06-03 08:00:00,9.2,84,100,75.0,16.9,0.0
2016-06-03 09:00:00,9.7,82,100,142.0,16.0,0.0
2016-06-03 10:00:00,10.4,80,100,222.0,15.3,0.0
2016-06-03 11:00:00,11.1,78,100,257.0,11.5,0.0
2016-06-03 12:00:00,11.8,77,100,316.0,11.9,0.0
2016-06-03 13:00:00,12.2,76,100,307.0,12.3,0.0
2016-06-03 14:00:00,12.7,75,100,304.0,12.6,0.0
2016-06-03 15:00:00,13.2,75,100,324.0,11.9,0.0
2016-06-03 16:00:00,13.7,74,100,292.0,11.5,0.0
2016-06-03 17:00:00,14.2,73,100,232.0,11.9,0.0
2016-06-03 18:00:00,14.3,74,100,135.0,12.2,0.0
2016-06-03 19:00:00,14.2,76,100,92.0,12.3,0.0
2016-06-03 20:00:00,13.0,79,100,46.0,11.8,0.0
2016-06-03 21:00:00,12.6,81,100,8.0,10.4,0.0
2016-06-03 22:00:00,12.4,83,100,0.0,8.8,0.0
2016-06-03 23:00:00,12.1,86,100,0.0,9.6,0.0
2016-06-04 00:00:00,12.0,87,100,0.0,7.2,0.0
2016-06-04 01:00:00,11.9,88,100,0.0,6.8,0.0
2016-06-04 02:00:00,11.8,89,100,0.0,7.2,0.0
2016-06-04 03:00:00,11.7,90,100,0.0,7.6,0.0
2016-06-04 04:00:00,11.7,90,100,0.0,7.6,0.0
2016-06-04 05:00:00,11.6,91,100,0.0,8.1,0.0
2016-06-04 06:00:00,11.8,91,100,9.0,9.4,0.0
2016-06-04 07:00:00,12.1,91,100,32.0,10.1,0.0
2016-06-04 08:00:00,12.8,89,100,83.0,10.1,0.0
2016-06-04 09:00:00,13.7,87,100,157.0,10.4,0.0
2016-06-04 10:00:00,14.3,87,100,145.0,10.4,0.0
2016-06-04 11:00:00,15.4,84,100,279.0,8.8,0.0
2016-06-04 12:00:00,16.6,81,100,329.0,10.8,0.0
2016-06-04 13:00:00,17.4,79,100,335.0,11.2,0.0
2016-06-04 14:00:00,18.3,78,100,389.0,10.8,0.0
2016-06-04 15:00:00,19.1,75,100,353.0,11.0,0.0
2016-06-04 16:00:00,19.7,74,100,292.0,12.3,0.0
2016-06-04 17:00:00,19.8,75,100,191.0,12.6,0.0
2016-06-04 18:00:00,20.0,75,99,146.0,9.8,0.0
2016-06-04 19:00:00,19.9,78,100,85.0,9.7,0.0
2016-06-04 20:00:00,19.0,82,83,43.0,9.4,0.0
2016-06-04 21:00:00,17.9,86,60,20.0,10.0,0.0
2016-06-04 22:00:00,16.6,90,33,0.0,11.4,0.0
2016-06-04 23:00:00,15.1,93,12,0.0,11.3,0.0
2016-06-05 00:00:00,13.8,95,4,0.0,10.6,0.0
2016-06-05 01:00:00,12.7,96,6,0.0,10.7,0.0
2016-06-05 02:00:00,11.9,95,3,0.0,11.2,0.0
2016-06-05 03:00:00,11.3,95,5,0.0,11.9,0.0
2016-06-05 04:00:00,10.9,95,13,0.0,11.9,0.0
2016-06-05 05:00:00,10.5,95,27,0.0,11.8,0.0
2016-06-05 06:00:00,10.8,94,47,43.0,12.9,0.0
2016-06-05 07:00:00,12.3,89,57,156.0,14.8,0.0
2016-06-05 08:00:00,13.6,86,22,280.0,13.9,0.0
2016-06-05 09:00:00,15.6,78,9,389.0,13.9,0.0
2016-06-05 10:00:00,17.3,74,4,560.0,14.4,0.0
2016-06-05 11:00:00,18.6,72,14,672.0,12.3,0.0
2016-06-05 12:00:00,19.9,69,15,765.0,12.7,0.0
2016-06-05 13:00:00,20.7,68,23,784.0,13.0,0.0
2016-06-05 14:00:00,21.5,66,21,751.0,12.8,0.0
2016-06-05 15:00:00,21.9,65,20,689.0,12.4,0.0
2016-06-05 16:00:00,22.1,65,13,590.0,12.1,0.0
2016-06-05 17:00:00,22.2,64,7,554.0,12.3,0.0
2016-06-05 18:00:00,21.7,65,7,428.0,12.2,0.0
2016-06-05 19:00:00,20.6,69,2,272.0,11.4,0.0
2016-06-05 20:00:00,19.0,74,1,150.0,10.1,0.0
2016-06-05 21:00:00,17.3,78,3,41.0,9.7,0.0
2016-06-05 22:00:00,15.5,82,2,0.0,10.8,0.0
2016-06-05 23:00:00,14.2,84,14,0.0,9.4,0.0
2016-06-06 00:00:00,13.1,86,36,0.0,8.3,0.0
2016-06-06 01:00:00,12.2,88,44,0.0,7.3,0.0
2016-06-06 02:00:00,11.4,91,26,0.0,7.7,0.0
2016-06-06 03:00:00,10.7,92,16,0.0,8.4,0.0
2016-06-06 04:00:00,10.2,93,6,0.0,8.9,0.0
2016-06-06 05:00:00,9.8,92,4,0.0,9.7,0.0
2016-06-06 06:00:00,10.2,90,5,44.0,11.4,0.0
2016-06-06 07:00:00,11.8,83,7,161.0,11.4,0.0
2016-06-06 08:00:00,13.5,78,13,303.0,11.6,0.0
2016-06-06 09:00:00,15.1,72,3,448.0,11.5,0.0
2016-06-06 10:00:00,16.8,65,5,601.0,12.0,0.0
2016-06-06 11:00:00,18.4,59,3,731.0,9.7,0.0
2016-06-06 12:00:00,19.7,54,5,821.0,11.8,0.0
2016-06-06 13:00:00,20.6,51,8,845.0,13.4,0.0
2016-06-06 14:00:00,21.1,48,6,820.0,14.1,0.0
2016-06-06 15:00:00,21.6,47,8,821.0,13.8,0.0
2016-06-06 16:00:00,21.7,47,9,706.0,14.1,0.0
2016-06-06 17:00:00,21.3,48,5,585.0,14.5,0.0
2016-06-06 18:00:00,20.4,50,12,458.0,13.7,0.0
2016-06-06 19:00:00,19.2,55,3,308.0,11.6,0.0
2016-06-06 20:00:00,17.7,56,2,159.0,10.5,0.0
2016-06-06 21:00:00,15.8,61,12,41.0,10.4,0.0
2016-06-06 22:00:00,14.3,67,18,0.0,10.1,0.0
2016-06-06 23:00:00,13.2,73,13,0.0,9.6,0.0
2016-06-07 00:00:00,12.4,78,42,0.0,9.4,0.0
2016-06-07 01:00:00,11.8,82,33,0.0,8.2,0.0
2016-06-07 02:00:00,11.3,87,11,0.0,6.3,0.0
2016-06-07 03:00:00,11.0,89,10,0.0,5.2,0.0
2016-06-07 04:00:00,10.7,90,3,0.0,4.6,0.0
2016-06-07 05:00:00,10.7,90,6,0.0,4.6,0.0
2016-06-07 06:00:00,11.5,91,22,39.0,5.9,0.2
2016-06-07 07:00:00,13.4,81,22,145.0,4.6,0.0
2016-06-07 08:00:00,15.3,78,30,283.0,4.6,0.0
2016-06-07 09:00:00,17.0,74,43,426.0,4.4,0.0
2016-06-07 10:00:00,18.5,73,39,545.0,4.2,0.4
2016-06-07 11:00:00,19.0,77,66,602.0,4.4,2.1
2016-06-07 12:00:00,19.4,80,66,632.0,2.1,2.1
2016-06-07 13:00:00,19.8,79,52,554.0,1.1,0.8
2016-06-07 14:00:00,20.9,74,60,527.0,1.1,0.0
2016-06-07 15:00:00,21.8,72,60,555.0,1.8,0.0
2016-06-07 16:00:00,22.0,72,54,370.0,0.8,0.0
2016-06-07 17:00:00,21.7,73,73,277.0,1.6,0.6
2016-06-07 18:00:00,20.7,77,92,186.0,1.8,1.5
2016-06-07 19:00:00,19.3,86,81,128.0,1.8,1.7
2016-06-07 20:00:00,20.2,84,78,98.0,3.1,0.7
2016-06-07 21:00:00,18.5,90,83,31.0,4.0,1.4
2016-06-07 22:00:00,16.8,95,76,0.0,2.9,3.9
2016-06-07 23:00:00,16.3,97,99,0.0,5.9,2.1
2016-06-08 00:00:00,15.8,98,86,0.0,5.0,0.7
2016-06-08 01:00:00,15.4,99,72,0.0,4.6,0.0
2016-06-08 02:00:00,14.8,100,88,0.0,3.5,0.0
2016-06-08 03:00:00,14.5,100,87,0.0,1.8,0.0
2016-06-08 04:00:00,14.6,100,94,0.0,4.3,0.0
2016-06-08 05:00:00,14.4,99,94,0.0,5.9,0.0
2016-06-08 06:00:00,14.8,99,92,29.0,6.9,0.0
2016-06-08 07:00:00,15.4,98,63,83.0,6.6,0.0
2016-06-08 08:00:00,17.7,92,49,267.0,7.3,0.0
2016-06-08 09:00:00,19.1,85,23,394.0,5.7,0.0
2016-06-08 10:00:00,20.3,77,34,464.0,5.2,0.0
2016-06-08 11:00:00,21.4,68,31,614.0,1.8,0.0
2016-06-08 12:00:00,22.4,63,24,677.0,1.8,0.0
2016-06-08 13:00:00,23.1,62,83,723.0,3.3,0.0
2016-06-08 14:00:00,23.5,62,50,728.0,4.5,0.0
2016-06-08 15:00:00,23.5,64,42,632.0,4.0,0.0
2016-06-08 16:00:00,23.4,65,55,511.0,8.9,0.1
2016-06-08 17:00:00,22.0,69,74,379.0,8.4,0.8
2016-06-08 18:00:00,21.0,74,40,262.0,7.0,0.0
2016-06-08 19:00:00,20.7,74,56,243.0,9.7,0.0
2016-06-08 20:00:00,19.7,80,41,106.0,9.2,0.0
2016-06-08 21:00:00,18.5,82,34,34.0,9.5,0.0
2016-06-08 22:00:00,16.8,85,36,0.0,11.1,0.0
2016-06-08 23:00:00,15.5,86,38,0.0,10.8,0.0
2016-06-09 00:00:00,14.2,89,71,0.0,10.4,0.0
2016-06-09 01:00:00,13.3,91,98,0.0,9.5,0.0
2016-06-09 02:00:00,12.6,92,100,0.0,8.9,0.0
2016-06-09 03:00:00,12.1,92,92,0.0,7.6,0.0
2016-06-09 04:00:00,12.0,91,98,0.0,6.7,0.0
2016-06-09 05:00:00,11.7,91,79,0.0,6.9,0.0
2016-06-09 06:00:00,11.6,90,73,32.0,7.6,0.0
2016-06-09 07:00:00,11.8,88,65,103.0,8.2,0.0
2016-06-09 08:00:00,12.6,84,56,220.0,8.5,0.0
2016-06-09 09:00:00,13.9,78,42,358.0,7.8,0.0
2016-06-09 10:00:00,15.3,75,18,525.0,7.2,0.0
2016-06-09 11:00:00,16.7,72,26,685.0,6.8,0.0
2016-06-09 12:00:00,18.1,69,4,819.0,8.1,0.0
2016-06-09 13:00:00,19.2,67,1,874.0,8.0,0.0
2016-06-09 14:00:00,20.0,66,8,868.0,6.1,0.0
2016-06-09 15:00:00,20.6,63,46,814.0,5.8,0.0
2016-06-09 16:00:00,20.9,62,80,649.0,6.5,0.0
2016-06-09 17:00:00,21.0,62,88,556.0,6.5,0.0
2016-06-09 18:00:00,20.7,63,93,417.0,6.2,0.0
2016-06-09 19:00:00,20.0,66,92,230.0,7.8,0.0
2016-06-09 20:00:00,18.6,71,93,133.0,8.0,0.0
2016-06-09 21:00:00,17.2,75,92,42.0,8.2,0.0
2016-06-09 22:00:00,15.7,80,99,1.0,8.7,0.0
2016-06-09 23:00:00,14.6,84,98,0.0,7.9,0.0
2016-06-10 00:00:00,13.8,87,97,0.0,7.1,0.0
2016-06-10 01:00:00,13.0,89,98,0.0,5.9,0.0
2016-06-10 02:00:00,12.1,92,100,0.0,4.1,0.0
2016-06-10 03:00:00,11.6,93,100,0.0,4.3,0.0
2016-06-10 04:00:00,11.0,94,100,0.0,4.4,0.0
2016-06-10 05:00:00,10.9,94,99,0.0,3.9,0.0
2016-06-10 06:00:00,11.7,90,100,31.0,5.2,0.0
2016-06-10 07:00:00,12.7,83,100,95.0,5.1,0.0
2016-06-10 08:00:00,14.3,74,99,163.0,5.4,0.0
2016-06-10 09:00:00,15.4,67,100,233.0,5.6,0.0
2016-06-10 10:00:00,16.6,61,100,309.0,5.6,0.0
2016-06-10 11:00:00,17.7,56,100,360.0,5.0,0.0
2016-06-10 12:00:00,18.7,52,99,417.0,5.4,0.0
2016-06-10 13:00:00,19.4,50,98,447.0,5.0,0.0
2016-06-10 14:00:00,20.2,49,93,558.0,6.3,0.0
2016-06-10 15:00:00,20.7,49,97,562.0,7.4,0.0
2016-06-10 16:00:00,21.0,48,99,499.0,8.4,0.0
2016-06-10 17:00:00,20.9,49,100,377.0,8.4,0.0
2016-06-10 18:00:00,20.3,52,100,249.0,8.2,0.0
2016-06-10 19:00:00,19.8,56,100,202.0,6.5,0.0
2016-06-10 20:00:00,18.6,67,100,61.0,5.8,0.0
2016-06-10 21:00:00,17.5,72,100,22.0,4.7,0.0
2016-06-10 22:00:00,16.6,76,100,0.0,4.7,0.0
2016-06-10 23:00:00,15.9,79,100,0.0,3.8,0.2
2016-06-11 00:00:00,15.4,80,100,0.0,4.9,0.2
2016-06-11 01:00:00,15.0,80,100,0.0,3.0,0.2
2016-06-11 02:00:00,14.6,82,100,0.0,1.3,0.2
2016-06-11 03:00:00,14.3,84,100,0.0,4.0,0.2
2016-06-11 04:00:00,14.1,87,100,0.0,1.3,0.2
2016-06-11 05:00:00,13.7,91,100,0.0,3.1,0.2
2016-06-11 06:00:00,13.8,92,100,16.0,1.8,0.2
2016-06-11 07:00:00,14.3,87,100,54.0,1.1,0.3
2016-06-11 08:00:00,16.1,82,100,168.0,0.8,0.0
2016-06-11 09:00:00,17.0,76,100,221.0,2.3,0.0
2016-06-11 10:00:00,18.5,70,100,407.0,4.3,0.0
2016-06-11 11:00:00,19.3,66,100,483.0,6.5,0.0
2016-06-11 12:00:00,20.0,61,100,530.0,5.5,0.0
2016-06-11 13:00:00,20.5,58,99,533.0,5.9,0.0
2016-06-11 14:00:00,20.8,57,100,527.0,6.1,0.0
2016-06-11 15:00:00,20.9,58,98,478.0,6.4,0.0
2016-06-11 16:00:00,20.8,59,98,436.0,7.3,0.0
2016-06-11 17:00:00,20.1,60,99,326.0,7.6,0.3
2016-06-11 18:00:00,19.4,63,100,192.0,5.1,0.0
2016-06-11 19:00:00,19.5,62,100,253.0,3.1,0.0
2016-06-11 20:00:00,18.8,72,80,96.0,2.5,0.0
2016-06-11 21:00:00,18.0,76,49,43.0,6.1,0.0
2016-06-11 22:00:00,16.6,83,56,1.0,5.8,0.0
2016-06-11 23:00:00,15.8,86,79,0.0,7.5,0.0
2016-06-12 00:00:00,15.4,87,66,0.0,6.6,0.1
2016-06-12 01:00:00,15.1,88,66,0.0,8.6,0.0
2016-06-12 02:00:00,14.7,89,79,0.0,9.2,0.3
2016-06-12 03:00:00,14.1,91,96,0.0,10.5,0.0
2016-06-12 04:00:00,13.5,94,100,0.0,10.6,0.0
2016-06-12 05:00:00,13.3,96,100,0.0,10.4,0.0
2016-06-12 06:00:00,13.3,96,100,31.0,10.9,0.0
2016-06-12 07:00:00,13.9,92,100,91.0,12.8,0.0
2016-06-12 08:00:00,14.5,89,100,97.0,11.3,0.0
2016-06-12 09:00:00,15.0,86,100,187.0,10.7,0.8
2016-06-12 10:00:00,15.5,86,100,258.0,11.2,0.9
2016-06-12 11:00:00,15.3,90,100,196.0,10.0,1.0
2016-06-12 12:00:00,14.7,96,100,82.0,13.5,0.8
2016-06-12 13:00:00,14.7,97,100,98.0,14.6,0.2
2016-06-12 14:00:00,15.5,89,95,173.0,12.9,0.0
2016-06-12 15:00:00,16.5,87,74,153.0,12.7,0.0
2016-06-12 16:00:00,17.8,84,72,320.0,13.0,0.0
2016-06-12 17:00:00,18.0,83,87,231.0,14.7,0.3
2016-06-12 18:00:00,17.7,82,71,301.0,16.5,0.2
2016-06-12 19:00:00,17.6,81,52,214.0,14.1,0.0
2016-06-12 20:00:00,17.0,87,73,118.0,14.1,0.5
2016-06-12 21:00:00,16.4,88,57,27.0,11.3,0.0
2016-06-12 22:00:00,15.6,90,46,1.0,12.3,0.0
2016-06-12 23:00:00,15.3,91,63,0.0,11.6,0.0
2016-06-13 00:00:00,15.0,91,70,0.0,13.0,0.0
2016-06-13 01:00:00,14.4,93,66,0.0,13.0,0.0
2016-06-13 02:00:00,13.9,94,21,0.0,13.3,0.0
2016-06-13 03:00:00,13.8,95,61,0.0,13.0,0.0
2016-06-13 04:00:00,13.6,95,90,0.0,11.5,0.0
2016-06-13 05:00:00,13.2,96,95,0.0,12.0,0.0
2016-06-13 06:00:00,13.3,96,95,40.0,12.4,0.0
2016-06-13 07:00:00,14.2,91,100,124.0,13.2,0.0
2016-06-13 08:00:00,15.1,89,97,140.0,15.8,0.0
2016-06-13 09:00:00,15.5,89,99,146.0,14.0,0.2
2016-06-13 10:00:00,15.9,88,100,146.0,12.8,0.3
2016-06-13 11:00:00,15.5,89,97,144.0,12.3,0.8
2016-06-13 12:00:00,15.7,93,78,220.0,12.6,0.6
2016-06-13 13:00:00,16.6,89,93,338.0,13.9,0.4
2016-06-13 14:00:00,17.0,87,80,351.0,17.0,0.4
2016-06-13 15:00:00,18.5,79,93,618.0,17.9,0.2
2016-06-13 16:00:00,18.3,76,97,519.0,16.6,0.2
2016-06-13 17:00:00,17.7,77,84,390.0,13.3,0.3
2016-06-13 18:00:00,16.8,78,89,214.0,11.5,0.4
2016-06-13 19:00:00,16.2,82,58,146.0,10.5,0.3
2016-06-13 20:00:00,16.4,80,60,113.0,10.1,0.0
2016-06-13 21:00:00,15.5,82,53,37.0,8.7,0.0
2016-06-13 22:00:00,14.9,85,68,1.0,9.3,0.0
2016-06-13 23:00:00,14.3,88,94,0.0,10.7,0.3
2016-06-14 00:00:00,14.0,91,100,0.0,11.7,0.5
2016-06-14 01:00:00,13.8,93,94,0.0,11.7,0.4
2016-06-14 02:00:00,13.6,95,73,0.0,12.0,0.0
2016-06-14 03:00:00,12.9,96,84,0.0,12.2,0.0
2016-06-14 04:00:00,12.7,96,90,0.0,12.8,0.0
2016-06-14 05:00:00,12.8,95,98,0.0,12.2,0.0
2016-06-14 06:00:00,13.0,95,100,20.0,12.0,0.0
2016-06-14 07:00:00,13.5,92,99,62.0,13.0,0.5
2016-06-14 08:00:00,13.8,91,100,63.0,13.5,0.2
2016-06-14 09:00:00,14.4,89,100,83.0,13.8,0.0
2016-06-14 10:00:00,14.8,87,100,108.0,14.0,0.0
2016-06-14 11:00:00,15.2,85,99,151.0,15.1,0.5
2016-06-14 12:00:00,17.2,74,100,532.0,18.8,0.2
2016-06-14 13:00:00,16.2,80,100,295.0,20.6,2.2
2016-06-14 14:00:00,17.1,77,100,426.0,18.4,0.7
2016-06-14 15:00:00,16.3,81,100,291.0,19.2,0.9
2016-06-14 16:00:00,17.5,79,98,496.0,18.1,0.1
2016-06-14 17:00:00,16.6,79,100,374.0,18.3,1.5
2016-06-14 18:00:00,15.3,81,99,281.0,17.6,0.4
2016-06-14 19:00:00,15.6,80,99,174.0,16.9,0.0
2016-06-14 20:00:00,15.5,78,99,88.0,13.8,0.0
2016-06-14 21:00:00,14.8,82,98,27.0,13.0,0.0
2016-06-14 22:00:00,14.0,85,98,1.0,13.2,0.0
2016-06-14 23:00:00,13.5,87,98,0.0,11.0,0.0
2016-06-15 00:00:00,13.1,89,98,0.0,12.2,0.0
2016-06-15 01:00:00,12.6,90,92,0.0,12.5,0.0
2016-06-15 02:00:00,12.3,91,76,0.0,11.8,0.0
2016-06-15 03:00:00,11.8,93,67,0.0,10.7,0.0
2016-06-15 04:00:00,11.2,94,54,0.0,9.7,0.0
2016-06-15 05:00:00,10.7,94,45,1.0,8.7,0.0
2016-06-15 06:00:00,11.1,94,45,43.0,9.8,0.0
2016-06-15 07:00:00,12.4,90,63,152.0,12.2,0.0
2016-06-15 08:00:00,13.7,85,68,275.0,13.5,0.0
2016-06-15 09:00:00,15.1,75,35,386.0,14.0,0.0
2016-06-15 10:00:00,16.1,66,27,472.0,14.3,0.0
2016-06-15 11:00:00,17.2,59,57,652.0,9.8,0.1
2016-06-15 12:00:00,17.3,58,53,563.0,11.8,0.1
2016-06-15 13:00:00,17.8,59,48,677.0,13.9,0.1
2016-06-15 14:00:00,16.8,66,40,459.0,15.4,1.4
2016-06-15 15:00:00,16.2,72,61,580.0,21.5,1.3
2016-06-15 16:00:00,16.4,72,51,474.0,18.3,0.3
2016-06-15 17:00:00,16.7,68,39,402.0,17.8,0.2
2016-06-15 18:00:00,16.4,69,58,307.0,16.8,0.1
2016-06-15 19:00:00,16.0,73,72,237.0,15.7,0.0
2016-06-15 20:00:00,15.4,72,79,123.0,13.0,0.0
2016-06-15 21:00:00,14.6,77,91,42.0,12.2,0.0
2016-06-15 22:00:00,13.7,83,85,1.0,11.8,0.0
2016-06-15 23:00:00,12.9,88,60,0.0,12.0,0.0
2016-06-16 00:00:00,12.3,92,54,0.0,9.8,0.0
2016-06-16 01:00:00,12.0,94,69,0.0,11.9,0.0
2016-06-16 02:00:00,11.8,95,68,0.0,10.9,0.0
2016-06-16 03:00:00,12.0,95,75,0.0,9.4,0.0
2016-06-16 04:00:00,12.3,93,68,0.0,8.9,0.0
2016-06-16 05:00:00,12.4,93,64,0.0,7.2,0.0
2016-06-16 06:00:00,12.7,91,66,20.0,10.7,0.0
2016-06-16 07:00:00,13.4,87,76,74.0,10.5,0.0
2016-06-16 08:00:00,13.9,86,83,194.0,7.9,0.0
2016-06-16 09:00:00,14.9,83,93,239.0,7.0,0.0
2016-06-16 10:00:00,15.7,81,74,337.0,7.1,0.2
2016-06-16 11:00:00,16.5,77,78,418.0,9.2,0.2
2016-06-16 12:00:00,17.0,76,84,500.0,9.8,0.3
2016-06-16 13:00:00,16.5,76,75,459.0,11.1,3.3
2016-06-16 14:00:00,15.1,82,90,209.0,12.9,2.1
2016-06-16 15:00:00,15.3,83,89,235.0,10.4,0.1
2016-06-16 16:00:00,16.1,82,88,295.0,8.6,0.0
2016-06-16 17:00:00,16.8,81,95,404.0,7.7,0.0
2016-06-16 18:00:00,16.7,82,98,291.0,4.6,0.3
2016-06-16 19:00:00,16.1,84,97,211.0,4.0,1.0
2016-06-16 20:00:00,15.5,79,98,103.0,3.9,1.0
2016-06-16 21:00:00,14.8,84,92,34.0,4.3,0.0
2016-06-16 22:00:00,14.1,88,95,1.0,4.7,0.0
2016-06-16 23:00:00,13.1,93,86,0.0,3.6,0.0
2016-06-17 00:00:00,12.6,96,84,0.0,5.4,0.0
2016-06-17 01:00:00,11.9,97,71,0.0,4.9,0.0
2016-06-17 02:00:00,11.6,98,70,0.0,6.2,0.0
2016-06-17 03:00:00,11.0,99,54,0.0,7.6,0.0
2016-06-17 04:00:00,10.5,100,82,0.0,7.9,0.0
2016-06-17 05:00:00,10.4,100,87,0.0,8.7,0.0
2016-06-17 06:00:00,11.4,99,100,24.0,9.6,0.0
2016-06-17 07:00:00,12.1,98,100,72.0,11.1,0.0
2016-06-17 08:00:00,13.8,92,100,175.0,11.4,0.1
2016-06-17 09:00:00,14.5,93,100,227.0,10.6,0.1
2016-06-17 10:00:00,15.5,90,99,301.0,11.7,0.4
2016-06-17 11:00:00,16.3,82,97,371.0,11.5,0.3
2016-06-17 12:00:00,16.3,82,96,354.0,12.2,0.5
2016-06-17 13:00:00,17.2,80,90,552.0,11.9,1.1
2016-06-17 14:00:00,18.2,71,88,524.0,10.5,0.3
2016-06-17 15:00:00,16.8,75,80,223.0,9.7,0.6
2016-06-17 16:00:00,17.2,74,71,372.0,9.0,0.8
2016-06-17 17:00:00,16.6,79,63,245.0,8.5,0.7
2016-06-17 18:00:00,17.4,77,66,329.0,11.0,0.0
2016-06-17 19:00:00,16.4,80,96,272.0,10.4,0.6
2016-06-17 20:00:00,15.2,83,80,101.0,4.7,0.2
2016-06-17 21:00:00,14.7,85,74,37.0,2.9,0.0
2016-06-17 22:00:00,13.7,91,61,1.0,5.1,0.0
2016-06-17 23:00:00,12.7,93,66,0.0,6.8,0.0
2016-06-18 00:00:00,12.0,96,64,0.0,7.2,0.0
2016-06-18 01:00:00,12.5,95,65,0.0,8.4,0.0
2016-06-18 02:00:00,12.5,94,71,0.0,10.2,0.0
2016-06-18 03:00:00,12.5,92,47,0.0,11.5,0.0
2016-06-18 04:00:00,11.8,93,60,0.0,11.8,0.0
2016-06-18 05:00:00,11.5,93,63,0.0,11.8,0.0
2016-06-18 06:00:00,11.6,93,68,37.0,11.2,0.0
2016-06-18 07:00:00,12.6,90,68,128.0,14.1,0.0
2016-06-18 08:00:00,13.2,87,82,179.0,14.8,0.0
2016-06-18 09:00:00,14.2,80,98,317.0,14.5,0.0
2016-06-18 10:00:00,14.7,76,83,324.0,14.5,0.0
2016-06-18 11:00:00,15.0,75,100,306.0,11.4,0.0
2016-06-18 12:00:00,15.5,71,100,359.0,11.8,0.0
2016-06-18 13:00:00,16.1,69,100,410.0,11.9,0.0
2016-06-18 14:00:00,16.7,65,98,470.0,12.4,0.1
2016-06-18 15:00:00,16.9,64,100,369.0,14.1,0.1
2016-06-18 16:00:00,17.0,63,100,321.0,12.2,0.0
2016-06-18 17:00:00,16.6,65,100,246.0,11.0,0.0
2016-06-18 18:00:00,16.5,65,100,245.0,11.2,0.0
2016-06-18 19:00:00,16.2,65,88,210.0,7.9,0.0
2016-06-18 20:00:00,15.3,69,50,105.0,4.0,0.0
2016-06-18 21:00:00,14.8,77,24,36.0,2.5,0.0
2016-06-18 22:00:00,13.7,80,32,1.0,4.2,0.0
2016-06-18 23:00:00,11.9,89,48,0.0,6.3,0.0
2016-06-19 00:00:00,11.4,91,36,0.0,8.0,0.0
2016-06-19 01:00:00,11.4,90,49,0.0,9.1,0.0
2016-06-19 02:00:00,11.6,90,60,0.0,9.7,0.0
2016-06-19 03:00:00,11.4,92,66,0.0,9.2,0.0
2016-06-19 04:00:00,11.1,94,78,0.0,8.7,0.0
2016-06-19 05:00:00,10.8,95,63,0.0,7.9,0.0
2016-06-19 06:00:00,11.3,95,67,32.0,8.9,0.0
2016-06-19 07:00:00,12.8,89,72,149.0,10.3,0.0
2016-06-19 08:00:00,14.0,88,97,240.0,11.1,0.0
2016-06-19 09:00:00,15.4,82,99,386.0,11.9,0.0
2016-06-19 10:00:00,16.5,74,100,455.0,14.3,0.0
2016-06-19 11:00:00,17.6,67,100,574.0,14.8,0.0
2016-06-19 12:00:00,18.0,63,100,571.0,15.7,0.0
2016-06-19 13:00:00,18.6,60,100,565.0,15.7,0.0
2016-06-19 14:00:00,18.9,60,100,473.0,16.6,0.0
2016-06-19 15:00:00,18.6,63,100,363.0,17.6,0.0
2016-06-19 16:00:00,18.0,68,100,210.0,19.6,0.0
2016-06-19 17:00:00,17.8,71,100,207.0,22.4,0.0
2016-06-19 18:00:00,17.1,76,100,112.0,21.9,0.0
2016-06-19 19:00:00,16.6,81,100,71.0,19.6,0.2
2016-06-19 20:00:00,15.8,86,100,36.0,17.9,0.4
2016-06-19 21:00:00,15.2,92,100,10.0,17.2,0.7
2016-06-19 22:00:00,14.8,96,100,0.0,18.5,0.3
2016-06-19 23:00:00,14.6,97,100,0.0,20.2,0.3
2016-06-20 00:00:00,14.7,97,100,0.0,20.7,0.7
2016-06-20 01:00:00,14.5,97,100,0.0,23.5,0.3
2016-06-20 02:00:00,14.4,95,100,0.0,25.3,0.0
2016-06-20 03:00:00,14.5,94,100,0.0,25.5,0.0
2016-06-20 04:00:00,14.5,93,100,0.0,24.9,0.0
2016-06-20 05:00:00,14.5,94,100,0.0,23.4,0.0
2016-06-20 06:00:00,14.4,95,100,3.0,22.4,0.4
2016-06-20 07:00:00,14.3,96,100,10.0,21.6,1.1
2016-06-20 08:00:00,14.4,97,100,32.0,20.8,0.5
2016-06-20 09:00:00,14.4,97,100,23.0,19.0,2.2
2016-06-20 10:00:00,14.4,97,100,21.0,18.5,3.6
2016-06-20 11:00:00,14.4,98,100,22.0,16.4,3.4
2016-06-20 12:00:00,14.6,98,100,29.0,15.9,2.4
2016-06-20 13:00:00,14.9,96,100,44.0,16.3,0.8
2016-06-20 14:00:00,15.3,94,99,56.0,17.8,0.0
2016-06-20 15:00:00,16.9,89,70,189.0,17.9,0.1
2016-06-20 16:00:00,18.4,82,31,344.0,17.2,0.0
2016-06-20 17:00:00,19.8,76,27,469.0,18.5,0.0
2016-06-20 18:00:00,20.1,73,42,385.0,19.7,0.2
2016-06-20 19:00:00,19.9,72,44,274.0,17.9,0.0
2016-06-20 20:00:00,19.1,77,22,131.0,15.0,0.0
2016-06-20 21:00:00,17.9,81,89,48.0,10.6,0.0
2016-06-20 22:00:00,16.5,87,92,1.0,9.1,0.0
2016-06-20 23:00:00,15.5,91,95,0.0,9.7,0.0
2016-06-21 00:00:00,14.7,93,83,0.0,9.5,0.0
2016-06-21 01:00:00,14.4,94,90,0.0,9.0,0.0
2016-06-21 02:00:00,14.0,95,100,0.0,8.9,0.0
2016-06-21 03:00:00,13.7,95,87,0.0,9.5,0.0
2016-06-21 04:00:00,13.3,95,74,0.0,9.5,0.0
2016-06-21 05:00:00,12.9,95,73,0.0,10.2,0.0
2016-06-21 06:00:00,13.0,94,85,40.0,10.2,0.0
2016-06-21 07:00:00,13.9,89,92,121.0,11.5,0.0
2016-06-21 08:00:00,14.9,85,91,163.0,11.2,0.0
2016-06-21 09:00:00,16.2,77,82,321.0,12.0,0.0
2016-06-21 10:00:00,17.1,71,97,391.0,14.0,0.0
2016-06-21 11:00:00,18.2,65,99,515.0,13.6,0.0
2016-06-21 12:00:00,19.0,62,100,558.0,14.7,0.0
2016-06-21 13:00:00,19.5,62,100,446.0,15.0,0.0
2016-06-21 14:00:00,19.6,62,100,401.0,15.2,0.0
2016-06-21 15:00:00,19.3,63,100,315.0,15.5,0.0
2016-06-21 16:00:00,19.4,62,84,340.0,15.5,0.0
2016-06-21 17:00:00,19.5,61,80,351.0,15.6,0.0
2016-06-21 18:00:00,19.2,63,88,242.0,14.6,0.0
2016-06-21 19:00:00,18.9,66,56,209.0,13.6,0.0
2016-06-21 20:00:00,18.0,70,61,124.0,12.7,0.0
2016-06-21 21:00:00,16.8,76,69,34.0,11.7,0.0
2016-06-21 22:00:00,15.6,82,59,1.0,12.8,0.0
2016-06-21 23:00:00,15.0,86,58,0.0,12.7,0.0
2016-06-22 00:00:00,14.3,91,80,0.0,11.6,0.0
2016-06-22 01:00:00,13.9,93,89,0.0,11.4,0.0
2016-06-22 02:00:00,14.0,93,86,0.0,11.0,0.0
2016-06-22 03:00:00,14.0,93,72,0.0,10.2,0.0
2016-06-22 04:00:00,13.9,94,90,0.0,9.4,0.0
2016-06-22 05:00:00,13.8,95,100,0.0,8.4,0.0
2016-06-22 06:00:00,13.8,95,100,35.0,8.0,0.0
2016-06-22 07:00:00,15.2,90,100,117.0,5.8,0.0
2016-06-22 08:00:00,15.1,91,100,18.0,6.1,0.0
2016-06-22 09:00:00,15.9,88,100,75.0,8.4,0.0
2016-06-22 10:00:00,16.7,88,100,100.0,10.4,0.3
2016-06-22 11:00:00,17.7,87,100,175.0,14.3,0.0
2016-06-22 12:00:00,18.7,84,100,247.0,16.8,0.0
2016-06-22 13:00:00,18.9,84,97,155.0,18.4,0.0
2016-06-22 14:00:00,18.9,86,95,139.0,19.2,0.0
2016-06-22 15:00:00,19.2,85,99,161.0,19.3,0.0
2016-06-22 16:00:00,20.2,81,100,247.0,18.4,0.0
2016-06-22 17:00:00,21.0,76,94,267.0,17.8,0.0
2016-06-22 18:00:00,20.9,77,93,185.0,15.2,0.0
2016-06-22 19:00:00,20.7,78,74,171.0,12.2,0.2
2016-06-22 20:00:00,20.3,83,50,91.0,7.0,0.0
2016-06-22 21:00:00,19.3,88,63,42.0,6.9,0.0
2016-06-22 22:00:00,17.9,94,58,1.0,6.1,0.0
2016-06-22 23:00:00,17.1,96,50,0.0,2.2,0.0
2016-06-23 00:00:00,16.4,97,93,0.0,5.2,0.0
2016-06-23 01:00:00,15.9,98,99,0.0,8.4,0.5
2016-06-23 02:00:00,16.5,97,100,0.0,7.7,0.9
2016-06-23 03:00:00,15.5,99,100,0.0,7.5,1.4
2016-06-23 04:00:00,15.8,98,100,0.0,5.8,3.1
2016-06-23 05:00:00,16.2,98,100,0.0,4.0,4.3
2016-06-23 06:00:00,16.8,98,100,5.0,2.9,4.4
2016-06-23 07:00:00,17.3,98,100,13.0,5.8,2.7
2016-06-23 08:00:00,17.8,98,100,32.0,5.4,0.4
2016-06-23 09:00:00,18.6,93,100,98.0,3.3,0.0
2016-06-23 10:00:00,18.9,93,100,94.0,1.5,0.0
2016-06-23 11:00:00,19.5,91,100,150.0,2.9,0.0
2016-06-23 12:00:00,20.3,89,99,235.0,2.4,0.2
2016-06-23 13:00:00,20.7,88,94,271.0,4.5,0.1
2016-06-23 14:00:00,22.2,81,98,422.0,2.9,0.2
2016-06-23 15:00:00,22.9,77,94,441.0,6.0,0.3
2016-06-23 16:00:00,22.9,77,92,284.0,8.4,1.5
2016-06-23 17:00:00,21.1,83,100,266.0,10.2,1.6
2016-06-23 18:00:00,20.8,84,100,173.0,8.2,0.0
2016-06-23 19:00:00,20.8,81,97,194.0,7.3,0.0
2016-06-23 20:00:00,19.3,90,62,45.0,9.0,0.2
2016-06-23 21:00:00,18.6,92,39,26.0,9.7,0.2
2016-06-23 22:00:00,17.9,92,64,1.0,10.0,0.0
2016-06-23 23:00:00,17.3,91,73,0.0,12.0,0.0
2016-06-24 00:00:00,16.8,91,41,0.0,13.8,0.0
2016-06-24 01:00:00,16.2,89,30,0.0,13.7,0.0
2016-06-24 02:00:00,15.6,88,13,0.0,14.2,0.0
2016-06-24 03:00:00,15.0,87,15,0.0,13.7,0.0
2016-06-24 04:00:00,14.1,88,9,0.0,12.6,0.0
2016-06-24 05:00:00,13.2,90,16,0.0,11.3,0.0
2016-06-24 06:00:00,12.9,92,12,45.0,11.8,0.0
2016-06-24 07:00:00,13.7,88,42,164.0,13.0,0.0
2016-06-24 08:00:00,14.9,85,87,266.0,15.3,0.0
2016-06-24 09:00:00,15.9,79,97,305.0,14.6,0.0
2016-06-24 10:00:00,17.2,72,100,369.0,15.1,0.0
2016-06-24 11:00:00,17.8,69,28,399.0,12.6,0.1
2016-06-24 12:00:00,18.2,66,42,387.0,14.8,0.0
2016-06-24 13:00:00,19.4,60,57,636.0,16.4,0.0
2016-06-24 14:00:00,19.7,59,52,607.0,20.5,0.3
2016-06-24 15:00:00,19.0,64,46,577.0,21.3,0.2
2016-06-24 16:00:00,18.9,67,27,509.0,21.3,0.2
2016-06-24 17:00:00,18.8,69,39,442.0,23.2,0.0
2016-06-24 18:00:00,17.6,73,41,301.0,21.5,0.4
2016-06-24 19:00:00,17.0,75,65,234.0,17.9,0.2
2016-06-24 20:00:00,16.8,72,56,149.0,15.1,0.0
2016-06-24 21:00:00,15.8,75,42,43.0,11.2,0.0
2016-06-24 22:00:00,14.8,80,34,1.0,9.7,0.0
2016-06-24 23:00:00,13.8,85,19,0.0,9.0,0.0
2016-06-25 00:00:00,13.0,88,6,0.0,9.5,0.0
2016-06-25 01:00:00,12.3,89,2,0.0,9.7,0.0
2016-06-25 02:00:00,11.6,91,2,0.0,9.6,0.0
2016-06-25 03:00:00,11.1,91,12,0.0,8.6,0.0
2016-06-25 04:00:00,10.7,92,18,0.0,9.2,0.0
2016-06-25 05:00:00,10.5,92,4,0.0,9.4,0.0
2016-06-25 06:00:00,10.8,92,3,43.0,9.8,0.0
2016-06-25 07:00:00,12.3,87,16,155.0,9.8,0.0
2016-06-25 08:00:00,14.0,82,64,300.0,11.0,0.0
2016-06-25 09:00:00,15.1,79,31,394.0,9.1,0.0
2016-06-25 10:00:00,16.3,77,70,556.0,8.7,0.0
2016-06-25 11:00:00,17.2,76,51,672.0,7.6,0.2
2016-06-25 12:00:00,18.0,74,54,724.0,8.7,0.3
2016-06-25 13:00:00,18.3,65,64,701.0,10.0,0.3
2016-06-25 14:00:00,17.8,68,54,527.0,10.3,0.2
2016-06-25 15:00:00,18.0,68,81,592.0,9.8,0.3
2016-06-25 16:00:00,18.5,64,72,617.0,9.3,0.2
2016-06-25 17:00:00,18.8,62,62,516.0,9.0,0.0
2016-06-25 18:00:00,17.1,68,54,320.0,8.4,1.4
2016-06-25 19:00:00,15.6,78,83,164.0,13.3,0.9
2016-06-25 20:00:00,14.4,85,97,93.0,12.7,1.2
2016-06-25 21:00:00,13.9,88,84,34.0,10.4,0.1
2016-06-25 22:00:00,13.3,89,59,1.0,9.2,0.0
2016-06-25 23:00:00,12.7,91,79,0.0,12.6,0.0
2016-06-26 00:00:00,12.3,92,71,0.0,15.5,0.0
2016-06-26 01:00:00,12.2,92,50,0.0,14.9,0.0
2016-06-26 02:00:00,11.9,92,42,0.0,14.2,0.0
2016-06-26 03:00:00,11.8,92,27,0.0,12.3,0.0
2016-06-26 04:00:00,11.5,93,25,0.0,11.2,0.0
2016-06-26 05:00:00,11.6,93,29,0.0,11.7,0.0
2016-06-26 06:00:00,12.1,92,73,26.0,13.6,0.0
2016-06-26 07:00:00,12.7,90,76,64.0,17.8,0.0
2016-06-26 08:00:00,13.3,87,65,202.0,17.7,0.1
2016-06-26 09:00:00,14.3,84,61,297.0,15.8,0.0
2016-06-26 10:00:00,15.2,80,51,357.0,14.5,0.0
2016-06-26 11:00:00,16.5,74,36,547.0,12.6,0.0
2016-06-26 12:00:00,17.3,70,34,593.0,14.0,0.0
2016-06-26 13:00:00,18.1,66,41,665.0,16.3,0.0
2016-06-26 14:00:00,18.8,61,50,724.0,17.0,0.0
2016-06-26 15:00:00,19.1,58,74,582.0,17.3,0.1
2016-06-26 16:00:00,19.3,55,95,576.0,17.8,0.0
2016-06-26 17:00:00,19.3,55,97,461.0,19.2,0.0
2016-06-26 18:00:00,18.7,59,100,268.0,18.8,0.0
2016-06-26 19:00:00,17.8,66,100,117.0,16.2,0.0
2016-06-26 20:00:00,16.1,78,100,64.0,15.1,0.3
2016-06-26 21:00:00,15.2,83,100,13.0,14.2,0.7
2016-06-26 22:00:00,14.5,91,100,0.0,13.6,0.7
2016-06-26 23:00:00,14.4,93,100,0.0,13.8,0.3
2016-06-27 00:00:00,14.4,95,100,0.0,14.8,0.2
2016-06-27 01:00:00,14.5,95,100,0.0,15.4,0.0
2016-06-27 02:00:00,14.7,96,100,0.0,15.1,0.0
2016-06-27 03:00:00,14.8,97,100,0.0,14.8,0.0
2016-06-27 04:00:00,15.0,97,100,0.0,15.3,0.0
2016-06-27 05:00:00,15.1,95,100,0.0,14.5,0.0
2016-06-27 06:00:00,15.2,93,100,11.0,13.7,0.1
2016-06-27 07:00:00,15.5,91,100,59.0,13.7,0.3
2016-06-27 08:00:00,15.8,89,57,92.0,13.5,0.3
2016-06-27 09:00:00,16.2,87,82,233.0,14.8,0.1
2016-06-27 10:00:00,16.8,81,96,379.0,15.9,0.0
2016-06-27 11:00:00,17.8,68,91,544.0,12.2,0.0
2016-06-27 12:00:00,17.6,64,95,375.0,15.1,0.0
2016-06-27 13:00:00,17.5,64,87,364.0,16.2,0.0
2016-06-27 14:00:00,17.8,62,84,432.0,16.9,0.0
2016-06-27 15:00:00,18.2,60,53,496.0,17.1,0.0
2016-06-27 16:00:00,18.3,58,60,467.0,16.2,0.0
2016-06-27 17:00:00,18.4,57,73,468.0,15.0,0.0
2016-06-27 18:00:00,18.2,57,90,338.0,14.5,0.0
2016-06-27 19:00:00,17.9,56,96,241.0,11.2,0.0
2016-06-27 20:00:00,17.7,62,100,116.0,8.7,0.0
2016-06-27 21:00:00,16.7,65,98,31.0,7.0,0.0
2016-06-27 22:00:00,15.5,70,96,1.0,7.0,0.0
2016-06-27 23:00:00,14.7,73,89,0.0,6.9,0.0
2016-06-28 00:00:00,13.5,77,85,0.0,6.4,0.0
2016-06-28 01:00:00,12.6,81,52,0.0,6.1,0.0
2016-06-28 02:00:00,12.0,84,55,0.0,6.1,0.0
2016-06-28 03:00:00,10.9,89,66,0.0,5.4,0.0
2016-06-28 04:00:00,10.3,90,42,0.0,5.4,0.0
2016-06-28 05:00:00,9.9,91,15,0.0,6.7,0.0
2016-06-28 06:00:00,10.8,90,27,37.0,4.4,0.0
2016-06-28 07:00:00,12.9,83,23,147.0,2.5,0.0
2016-06-28 08:00:00,14.9,76,22,239.0,1.3,0.0
2016-06-28 09:00:00,16.4,67,83,405.0,3.9,0.0
2016-06-28 10:00:00,17.5,60,100,542.0,7.2,0.0
2016-06-28 11:00:00,18.1,56,99,475.0,9.8,0.0
2016-06-28 12:00:00,18.3,55,94,449.0,12.0,0.0
2016-06-28 13:00:00,18.3,56,94,408.0,15.0,0.0
2016-06-28 14:00:00,18.4,56,95,497.0,18.1,0.0
2016-06-28 15:00:00,18.5,57,100,616.0,19.0,0.0
2016-06-28 16:00:00,18.2,57,96,533.0,18.0,0.0
2016-06-28 17:00:00,17.3,61,100,404.0,19.4,0.2
2016-06-28 18:00:00,15.9,73,100,222.0,18.2,0.8
2016-06-28 19:00:00,14.9,81,99,127.0,16.9,1.2
2016-06-28 20:00:00,13.9,85,99,38.0,18.8,0.3
2016-06-28 21:00:00,13.7,92,100,7.0,20.8,0.4
2016-06-28 22:00:00,14.2,91,73,0.0,20.5,0.0
2016-06-28 23:00:00,14.0,90,84,0.0,20.8,0.0
2016-06-29 00:00:00,13.7,89,100,0.0,21.5,0.0
2016-06-29 01:00:00,13.7,89,90,0.0,24.9,0.0
2016-06-29 02:00:00,13.4,88,96,0.0,23.8,0.0
2016-06-29 03:00:00,12.8,85,97,0.0,19.8,0.0
2016-06-29 04:00:00,12.2,82,45,0.0,16.1,0.0
2016-06-29 05:00:00,11.2,85,15,0.0,13.6,0.0
2016-06-29 06:00:00,11.2,87,53,37.0,14.1,0.0
2016-06-29 07:00:00,12.2,87,27,131.0,14.0,0.0
2016-06-29 08:00:00,14.4,81,57,284.0,19.3,0.0
2016-06-29 09:00:00,15.5,73,73,364.0,20.9,0.0
2016-06-29 10:00:00,16.5,67,100,406.0,25.4,0.0
2016-06-29 11:00:00,16.8,65,93,356.0,24.9,0.0
2016-06-29 12:00:00,16.6,67,100,372.0,31.7,0.0
2016-06-29 13:00:00,16.1,71,100,272.0,29.8,0.0
2016-06-29 14:00:00,15.3,77,100,125.0,32.8,0.1
2016-06-29 15:00:00,15.2,80,100,112.0,31.1,0.2
2016-06-29 16:00:00,15.0,83,100,81.0,28.1,0.2
2016-06-29 17:00:00,14.9,85,100,67.0,26.5,0.1
2016-06-29 18:00:00,15.0,84,100,107.0,27.8,0.0
2016-06-29 19:00:00,15.0,84,100,63.0,23.6,0.0
2016-06-29 20:00:00,14.6,86,100,32.0,23.1,0.0
2016-06-29 21:00:00,14.6,85,98,10.0,21.2,0.0
2016-06-29 22:00:00,14.5,86,100,0.0,19.6,0.0
2016-06-29 23:00:00,14.4,86,99,0.0,18.6,0.0
2016-06-30 00:00:00,14.3,88,99,0.0,17.9,0.1
2016-06-30 01:00:00,14.2,89,99,0.0,16.9,0.2
2016-06-30 02:00:00,14.1,91,84,0.0,14.4,0.4
2016-06-30 03:00:00,13.9,93,69,0.0,12.7,0.2
2016-06-30 04:00:00,13.8,94,100,0.0,11.5,0.1
2016-06-30 05:00:00,13.8,95,100,0.0,11.2,0.1
2016-06-30 06:00:00,13.8,96,100,4.0,11.3,0.0
2016-06-30 07:00:00,13.9,96,97,18.0,9.6,0.1
2016-06-30 08:00:00,14.4,92,84,80.0,9.7,0.0
2016-06-30 09:00:00,15.4,86,56,226.0,9.2,0.0
2016-06-30 10:00:00,16.7,78,46,441.0,10.6,0.0
2016-06-30 11:00:00,18.2,68,58,619.0,11.4,0.0
2016-06-30 12:00:00,19.1,61,74,648.0,14.5,0.0
2016-06-30 13:00:00,19.5,58,97,638.0,15.0,0.0
2016-06-30 14:00:00,19.7,60,89,737.0,17.1,0.2
2016-06-30 15:00:00,19.7,61,90,670.0,18.9,0.2
2016-06-30 16:00:00,19.5,63,97,454.0,20.6,0.0
2016-06-30 17:00:00,19.4,64,73,441.0,20.6,0.0
2016-06-30 18:00:00,18.6,69,72,225.0,22.4,0.0
2016-06-30 19:00:00,18.1,72,72,146.0,21.1,0.0
2016-06-30 20:00:00,17.2,76,86,96.0,20.2,0.0
2016-06-30 21:00:00,16.5,80,79,22.0,19.8,0.0
2016-06-30 22:00:00,15.7,85,79,1.0,20.9,0.0
2016-06-30 23:00:00,15.4,87,97,0.0,22.4,0.0
2016-07-01 00:00:00,15.4,86,99,0.0,23.2,0.0
2016-07-01 01:00:00,15.5,86,100,0.0,23.2,0.0
2016-07-01 02:00:00,15.4,85,100,0.0,23.2,0.0
2016-07-01 03:00:00,15.4,85,100,0.0,22.4,0.0
2016-07-01 04:00:00,15.4,86,100,0.0,21.4,0.0
2016-07-01 05:00:00,15.4,86,100,0.0,21.2,0.0
2016-07-01 06:00:00,15.3,86,100,7.0,20.0,0.0
2016-07-01 07:00:00,15.3,86,100,40.0,19.0,0.0
2016-07-01 08:00:00,15.3,88,100,42.0,18.4,0.0
2016-07-01 09:00:00,15.5,87,100,70.0,16.4,0.0
2016-07-01 10:00:00,15.7,85,96,102.0,17.7,0.0
2016-07-01 11:00:00,16.2,82,92,191.0,18.3,0.0
2016-07-01 12:00:00,16.6,79,99,230.0,20.1,0.0
2016-07-01 13:00:00,17.2,74,100,386.0,20.4,0.1
2016-07-01 14:00:00,17.7,70,98,504.0,21.1,0.2
2016-07-01 15:00:00,17.6,70,55,447.0,22.7,0.3
2016-07-01 16:00:00,17.9,68,55,522.0,26.0,0.2
2016-07-01 17:00:00,17.7,66,51,413.0,24.7,0.0
2016-07-01 18:00:00,17.3,65,64,310.0,24.0,0.0
2016-07-01 19:00:00,16.7,65,61,220.0,22.8,0.0
2016-07-01 20:00:00,15.6,66,54,142.0,22.5,0.0
2016-07-01 21:00:00,14.5,68,22,40.0,20.8,0.0
2016-07-01 22:00:00,13.5,71,2,1.0,20.0,0.0
2016-07-01 23:00:00,12.7,73,14,0.0,19.0,0.0
2016-07-02 00:00:00,12.0,76,22,0.0,19.2,0.0
2016-07-02 01:00:00,11.5,79,30,0.0,19.2,0.0
2016-07-02 02:00:00,11.2,80,25,0.0,18.7,0.0
2016-07-02 03:00:00,10.8,83,29,0.0,18.5,0.0
2016-07-02 04:00:00,10.4,85,38,0.0,18.7,0.0
2016-07-02 05:00:00,10.2,87,48,0.0,18.0,0.0
2016-07-02 06:00:00,10.7,85,42,33.0,18.1,0.0
2016-07-02 07:00:00,11.4,83,17,119.0,17.9,0.0
2016-07-02 08:00:00,12.6,75,23,264.0,22.1,0.0
2016-07-02 09:00:00,13.7,66,24,414.0,22.1,0.0
2016-07-02 10:00:00,14.6,59,46,525.0,24.7,0.0
2016-07-02 11:00:00,15.6,54,55,615.0,21.3,0.0
2016-07-02 12:00:00,16.2,51,67,531.0,21.5,0.0
2016-07-02 13:00:00,16.9,51,38,640.0,21.6,0.0
2016-07-02 14:00:00,17.6,52,55,723.0,22.5,0.0
2016-07-02 15:00:00,17.9,53,59,707.0,23.4,0.0
2016-07-02 16:00:00,17.3,62,68,624.0,24.4,0.3
2016-07-02 17:00:00,17.5,60,55,481.0,25.0,0.3
2016-07-02 18:00:00,16.2,63,41,307.0,23.6,0.9
2016-07-02 19:00:00,16.1,66,40,312.0,20.4,0.0
2016-07-02 20:00:00,15.8,64,27,132.0,18.0,0.0
2016-07-02 21:00:00,14.9,66,27,44.0,15.6,0.0
2016-07-02 22:00:00,14.1,69,24,1.0,14.7,0.0
2016-07-02 23:00:00,13.3,73,91,0.0,15.9,0.0
2016-07-03 00:00:00,12.8,76,76,0.0,15.3,0.0
2016-07-03 01:00:00,12.2,80,29,0.0,14.4,0.0
2016-07-03 02:00:00,11.6,83,17,0.0,13.5,0.0
2016-07-03 03:00:00,11.1,87,30,0.0,13.4,0.0
2016-07-03 04:00:00,10.8,90,22,0.0,13.4,0.0
2016-07-03 05:00:00,10.3,92,19,0.0,12.2,0.0
2016-07-03 06:00:00,10.5,92,14,36.0,11.1,0.0
2016-07-03 07:00:00,11.6,89,18,119.0,9.7,0.0
2016-07-03 08:00:00,13.8,80,54,276.0,12.3,0.0
2016-07-03 09:00:00,15.0,73,40,420.0,10.7,0.0
2016-07-03 10:00:00,16.2,65,36,527.0,11.1,0.0
2016-07-03 11:00:00,17.1,60,38,582.0,8.9,0.0
2016-07-03 12:00:00,18.0,57,52,680.0,10.7,0.0
2016-07-03 13:00:00,18.6,55,56,697.0,11.8,0.0
2016-07-03 14:00:00,18.9,55,81,537.0,12.7,0.0
2016-07-03 15:00:00,18.8,57,91,451.0,13.0,0.0
2016-07-03 16:00:00,19.1,56,73,502.0,12.2,0.0
2016-07-03 17:00:00,18.9,58,76,414.0,11.5,0.0
2016-07-03 18:00:00,18.8,59,80,346.0,10.7,0.0
2016-07-03 19:00:00,18.1,65,56,145.0,10.6,0.0
2016-07-03 20:00:00,17.3,71,63,121.0,10.5,0.0
2016-07-03 21:00:00,16.0,77,72,45.0,10.7,0.0
2016-07-03 22:00:00,14.8,82,71,1.0,11.6,0.0
2016-07-03 23:00:00,14.0,86,35,0.0,11.6,0.0
2016-07-04 00:00:00,13.2,89,50,0.0,11.0,0.0
2016-07-04 01:00:00,13.1,89,34,0.0,10.7,0.0
2016-07-04 02:00:00,12.5,92,16,0.0,9.7,0.0
2016-07-04 03:00:00,11.9,94,8,0.0,8.7,0.0
2016-07-04 04:00:00,11.3,96,4,0.0,7.7,0.0
2016-07-04 05:00:00,10.5,97,3,0.0,6.5,0.0
2016-07-04 06:00:00,10.6,97,0,38.0,7.4,0.0
2016-07-04 07:00:00,12.9,91,2,152.0,6.0,0.0
2016-07-04 08:00:00,14.7,85,4,294.0,5.5,0.0
2016-07-04 09:00:00,16.6,77,9,455.0,6.1,0.0
2016-07-04 10:00:00,18.3,66,18,573.0,9.2,0.0
2016-07-04 11:00:00,19.2,61,70,623.0,14.3,0.0
2016-07-04 12:00:00,19.7,59,92,590.0,15.1,0.0
2016-07-04 13:00:00,19.8,61,100,493.0,16.4,0.0
2016-07-04 14:00:00,19.5,64,100,389.0,16.7,0.1
2016-07-04 15:00:00,19.2,66,96,317.0,19.6,0.0
2016-07-04 16:00:00,18.9,69,93,258.0,20.3,0.0
2016-07-04 17:00:00,18.9,70,98,306.0,21.4,0.0
2016-07-04 18:00:00,18.5,73,100,150.0,20.5,0.0
2016-07-04 19:00:00,18.2,76,100,120.0,19.2,0.0
2016-07-04 20:00:00,17.2,81,100,60.0,18.7,0.0
2016-07-04 21:00:00,16.8,83,97,30.0,16.5,0.0
2016-07-04 22:00:00,16.4,86,93,0.0,16.1,0.0
2016-07-04 23:00:00,15.8,90,94,0.0,17.2,0.0
2016-07-05 00:00:00,15.6,91,87,0.0,17.3,0.0
2016-07-05 01:00:00,15.4,92,62,0.0,16.9,0.0
2016-07-05 02:00:00,15.5,91,99,0.0,17.6,0.0
2016-07-05 03:00:00,15.6,89,100,0.0,18.7,0.0
2016-07-05 04:00:00,15.4,88,99,0.0,19.5,0.0
2016-07-05 05:00:00,15.2,86,98,0.0,19.4,0.0
2016-07-05 06:00:00,15.0,86,100,11.0,17.8,0.0
2016-07-05 07:00:00,15.2,85,100,38.0,21.7,0.0
2016-07-05 08:00:00,15.6,86,81,64.0,19.9,0.2
2016-07-05 09:00:00,16.3,77,94,195.0,19.7,0.0
2016-07-05 10:00:00,16.5,69,97,253.0,20.7,0.0
2016-07-05 11:00:00,17.0,65,83,346.0,16.0,0.0
2016-07-05 12:00:00,17.3,63,90,360.0,17.9,0.0
2016-07-05 13:00:00,17.6,62,92,329.0,16.6,0.0
2016-07-05 14:00:00,18.2,59,95,437.0,15.9,0.0
2016-07-05 15:00:00,18.8,56,93,512.0,15.0,0.0
2016-07-05 16:00:00,19.4,54,96,577.0,14.5,0.0
2016-07-05 17:00:00,19.4,52,98,456.0,14.2,0.0
2016-07-05 18:00:00,19.2,52,91,374.0,12.7,0.0
2016-07-05 19:00:00,18.7,54,90,227.0,11.4,0.0
2016-07-05 20:00:00,17.8,59,71,113.0,10.4,0.0
2016-07-05 21:00:00,17.0,61,71,38.0,9.4,0.0
2016-07-05 22:00:00,16.3,62,54,1.0,9.7,0.0
2016-07-05 23:00:00,15.5,64,72,0.0,10.5,0.0
2016-07-06 00:00:00,14.7,66,55,0.0,10.3,0.0
2016-07-06 01:00:00,13.8,68,42,0.0,9.5,0.0
2016-07-06 02:00:00,13.0,71,37,0.0,9.0,0.0
2016-07-06 03:00:00,11.9,76,60,0.0,7.7,0.0
2016-07-06 04:00:00,10.9,81,100,0.0,8.2,0.0
2016-07-06 05:00:00,10.3,84,99,0.0,8.8,0.0
2016-07-06 06:00:00,10.5,86,98,33.0,9.6,0.0
2016-07-06 07:00:00,12.1,81,97,138.0,8.1,0.0
2016-07-06 08:00:00,13.6,78,99,255.0,7.5,0.0
2016-07-06 09:00:00,14.8,72,100,374.0,6.2,0.0
2016-07-06 10:00:00,15.8,65,100,449.0,4.7,0.0
2016-07-06 11:00:00,16.8,59,100,573.0,4.3,0.0
2016-07-06 12:00:00,17.8,54,100,661.0,6.1,0.0
2016-07-06 13:00:00,18.3,53,88,640.0,5.6,0.0
2016-07-06 14:00:00,18.7,53,97,630.0,6.5,0.0
2016-07-06 15:00:00,18.9,52,100,547.0,8.2,0.0
2016-07-06 16:00:00,19.0,52,97,430.0,8.3,0.0
2016-07-06 17:00:00,18.9,52,99,293.0,7.3,0.0
2016-07-06 18:00:00,18.9,53,96,273.0,5.2,0.0
2016-07-06 19:00:00,18.7,54,100,165.0,5.1,0.0
2016-07-06 20:00:00,18.8,59,100,73.0,5.4,0.0
2016-07-06 21:00:00,17.6,65,100,33.0,7.4,0.0
2016-07-06 22:00:00,16.3,69,100,1.0,9.7,0.0
2016-07-06 23:00:00,15.5,72,100,0.0,9.2,0.0
2016-07-07 00:00:00,14.8,76,99,0.0,10.3,0.0
2016-07-07 01:00:00,14.3,79,100,0.0,9.1,0.0
2016-07-07 02:00:00,13.6,82,97,0.0,8.0,0.0
2016-07-07 03:00:00,13.5,83,98,0.0,6.8,0.0
2016-07-07 04:00:00,13.5,83,97,0.0,6.4,0.0
2016-07-07 05:00:00,13.4,84,98,0.0,6.9,0.0
2016-07-07 06:00:00,13.4,86,98,19.0,8.2,0.0
2016-07-07 07:00:00,14.1,84,100,84.0,10.1,0.0
2016-07-07 08:00:00,14.8,81,100,140.0,10.3,0.3
2016-07-07 09:00:00,15.8,78,98,255.0,10.6,0.0
2016-07-07 10:00:00,16.4,74,100,281.0,11.2,0.0
2016-07-07 11:00:00,17.2,70,94,362.0,11.0,0.0
2016-07-07 12:00:00,18.3,65,87,470.0,11.7,0.0
2016-07-07 13:00:00,19.3,61,90,514.0,13.2,0.0
2016-07-07 14:00:00,19.6,60,92,440.0,14.0,0.0
2016-07-07 15:00:00,19.3,61,96,319.0,12.5,0.0
2016-07-07 16:00:00,19.5,61,99,375.0,13.0,0.0
2016-07-07 17:00:00,19.8,60,100,415.0,14.2,0.0
2016-07-07 18:00:00,19.5,61,100,219.0,13.5,0.0
2016-07-07 19:00:00,19.0,65,100,129.0,11.7,0.0
2016-07-07 20:00:00,18.5,72,100,99.0,12.0,0.0
2016-07-07 21:00:00,17.5,75,100,27.0,10.2,0.0
2016-07-07 22:00:00,16.5,79,100,1.0,9.9,0.0
2016-07-07 23:00:00,15.8,83,100,0.0,10.5,0.0
2016-07-08 00:00:00,15.3,85,99,0.0,10.2,0.0
2016-07-08 01:00:00,14.8,87,72,0.0,10.1,0.0
2016-07-08 02:00:00,14.3,88,52,0.0,12.2,0.0
2016-07-08 03:00:00,13.8,90,97,0.0,12.7,0.0
2016-07-08 04:00:00,13.5,90,98,0.0,12.5,0.0
2016-07-08 05:00:00,13.5,89,99,0.0,13.3,0.0
2016-07-08 06:00:00,13.9,88,100,16.0,15.1,0.0
2016-07-08 07:00:00,14.6,87,100,72.0,15.3,0.0
2016-07-08 08:00:00,15.7,86,100,127.0,22.3,0.1
2016-07-08 09:00:00,16.6,82,99,160.0,23.9,0.0
2016-07-08 10:00:00,17.4,78,99,180.0,25.0,0.0
2016-07-08 11:00:00,18.9,72,93,343.0,22.8,0.0
2016-07-08 12:00:00,20.1,66,81,406.0,22.8,0.0
2016-07-08 13:00:00,20.9,62,74,454.0,25.1,0.0
2016-07-08 14:00:00,22.2,56,62,720.0,26.1,0.0
2016-07-08 15:00:00,22.4,55,74,675.0,26.6,0.0
2016-07-08 16:00:00,22.5,55,68,590.0,25.2,0.0
2016-07-08 17:00:00,22.1,56,52,474.0,23.1,0.0
2016-07-08 18:00:00,21.4,60,34,383.0,20.7,0.0
2016-07-08 19:00:00,20.5,66,24,279.0,19.2,0.0
2016-07-08 20:00:00,19.4,70,24,154.0,17.3,0.0
2016-07-08 21:00:00,18.1,74,35,47.0,14.8,0.0
2016-07-08 22:00:00,17.1,78,28,1.0,13.0,0.0
2016-07-08 23:00:00,16.4,81,69,0.0,11.0,0.0
2016-07-09 00:00:00,15.5,85,97,0.0,12.4,0.0
2016-07-09 01:00:00,14.9,88,64,0.0,11.2,0.0
2016-07-09 02:00:00,14.2,91,29,0.0,10.0,0.0
2016-07-09 03:00:00,13.7,93,40,0.0,8.2,0.0
2016-07-09 04:00:00,13.4,94,55,0.0,9.6,0.0
2016-07-09 05:00:00,13.5,94,87,0.0,10.5,0.0
2016-07-09 06:00:00,13.7,95,82,29.0,12.4,0.0
2016-07-09 07:00:00,15.1,90,89,123.0,14.8,0.0
2016-07-09 08:00:00,17.0,82,92,244.0,19.8,0.0
2016-07-09 09:00:00,18.3,76,71,331.0,21.9,0.0
2016-07-09 10:00:00,19.5,72,76,439.0,23.5,0.0
2016-07-09 11:00:00,20.4,71,100,500.0,22.5,0.0
2016-07-09 12:00:00,20.9,68,99,498.0,23.5,0.0
2016-07-09 13:00:00,21.0,69,99,450.0,28.0,0.0
2016-07-09 14:00:00,20.9,70,100,425.0,29.5,0.0
2016-07-09 15:00:00,20.7,72,94,371.0,28.8,0.0
2016-07-09 16:00:00,20.6,73,94,353.0,25.9,0.0
2016-07-09 17:00:00,20.1,76,96,285.0,25.7,0.0
2016-07-09 18:00:00,19.8,76,100,246.0,24.5,0.0
2016-07-09 19:00:00,19.1,78,100,130.0,21.2,0.0
2016-07-09 20:00:00,18.8,76,99,77.0,22.8,0.0
2016-07-09 21:00:00,18.0,77,97,33.0,22.1,0.0
2016-07-09 22:00:00,17.3,80,97,1.0,21.2,0.0
2016-07-09 23:00:00,16.6,82,91,0.0,20.6,0.0
2016-07-10 00:00:00,16.2,84,96,0.0,19.6,0.0
2016-07-10 01:00:00,15.9,86,68,0.0,19.2,0.0
2016-07-10 02:00:00,15.6,88,64,0.0,18.7,0.0
2016-07-10 03:00:00,15.5,90,80,0.0,18.6,0.0
2016-07-10 04:00:00,15.6,90,92,0.0,18.4,0.0
2016-07-10 05:00:00,15.7,91,99,0.0,17.3,0.0
2016-07-10 06:00:00,15.9,91,100,13.0,17.2,0.0
2016-07-10 07:00:00,16.4,89,100,49.0,20.8,0.0
2016-07-10 08:00:00,17.3,88,100,83.0,20.8,0.0
2016-07-10 09:00:00,17.8,86,100,126.0,21.3,0.0
2016-07-10 10:00:00,18.4,84,100,185.0,23.4,0.0
2016-07-10 11:00:00,18.3,86,100,138.0,20.6,0.0
2016-07-10 12:00:00,17.9,88,100,100.0,21.5,0.1
2016-07-10 13:00:00,18.0,88,96,128.0,22.7,0.1
2016-07-10 14:00:00,18.1,86,78,215.0,25.0,0.0
2016-07-10 15:00:00,19.3,75,86,420.0,26.0,0.0
2016-07-10 16:00:00,20.1,66,65,500.0,26.9,0.0
2016-07-10 17:00:00,20.2,63,67,511.0,27.1,0.0
2016-07-10 18:00:00,19.9,64,55,453.0,27.0,0.0
2016-07-10 19:00:00,19.2,67,36,248.0,24.4,0.0
2016-07-10 20:00:00,18.1,72,25,141.0,22.9,0.0
2016-07-10 21:00:00,17.0,76,26,37.0,21.4,0.0
2016-07-10 22:00:00,16.0,81,33,0.0,20.4,0.0
2016-07-10 23:00:00,15.3,85,69,0.0,22.2,0.0
2016-07-11 00:00:00,14.8,87,93,0.0,22.7,0.0
2016-07-11 01:00:00,14.5,88,77,0.0,22.8,0.0
2016-07-11 02:00:00,14.5,88,61,0.0,23.5,0.0
2016-07-11 03:00:00,14.8,86,93,0.0,23.7,0.0
2016-07-11 04:00:00,15.1,85,100,0.0,24.0,0.0
2016-07-11 05:00:00,15.2,84,100,0.0,23.4,0.0
2016-07-11 06:00:00,15.3,84,100,17.0,23.9,0.0
2016-07-11 07:00:00,15.6,84,58,88.0,27.5,0.0
2016-07-11 08:00:00,16.4,81,68,194.0,31.0,0.0
2016-07-11 09:00:00,17.3,74,99,296.0,31.0,0.1
2016-07-11 10:00:00,18.1,70,74,346.0,30.4,0.2
2016-07-11 11:00:00,19.1,65,91,551.0,24.9,0.3
2016-07-11 12:00:00,19.4,64,68,534.0,25.5,0.2
2016-07-11 13:00:00,20.1,64,68,604.0,26.2,0.0
2016-07-11 14:00:00,20.4,66,48,566.0,27.2,0.0
2016-07-11 15:00:00,20.5,68,65,548.0,27.2,0.0
2016-07-11 16:00:00,20.6,69,60,518.0,28.1,0.6
2016-07-11 17:00:00,18.7,74,63,455.0,23.5,2.4
2016-07-11 18:00:00,19.0,70,30,321.0,21.6,0.0
2016-07-11 19:00:00,18.7,69,48,226.0,19.0,0.0
2016-07-11 20:00:00,18.2,70,54,136.0,15.6,0.1
2016-07-11 21:00:00,17.3,73,47,38.0,13.7,0.0
2016-07-11 22:00:00,16.1,79,20,0.0,12.6,0.0
2016-07-11 23:00:00,15.5,82,12,0.0,11.4,0.0
2016-07-12 00:00:00,14.5,85,5,0.0,11.7,0.0
2016-07-12 01:00:00,13.8,87,20,0.0,12.2,0.0
2016-07-12 02:00:00,13.3,88,34,0.0,11.3,0.0
2016-07-12 03:00:00,12.9,89,33,0.0,10.5,0.0
2016-07-12 04:00:00,12.5,90,30,0.0,10.2,0.0
2016-07-12 05:00:00,12.2,91,41,0.0,10.0,0.0
2016-07-12 06:00:00,12.1,92,25,25.0,10.1,0.0
2016-07-12 07:00:00,13.1,88,13,114.0,10.7,0.0
2016-07-12 08:00:00,14.7,80,52,262.0,14.0,0.0
2016-07-12 09:00:00,15.7,73,43,356.0,13.8,0.0
2016-07-12 10:00:00,16.5,65,49,455.0,14.4,0.0
2016-07-12 11:00:00,17.0,62,79,525.0,13.2,0.2
2016-07-12 12:00:00,17.4,63,76,566.0,11.5,0.0
2016-07-12 13:00:00,18.2,62,46,601.0,12.6,0.0
2016-07-12 14:00:00,18.7,63,69,617.0,15.0,0.1
2016-07-12 15:00:00,17.4,70,89,574.0,15.3,2.4
2016-07-12 16:00:00,16.1,79,72,435.0,13.1,1.5
2016-07-12 17:00:00,15.9,78,89,346.0,15.6,0.6
2016-07-12 18:00:00,15.6,80,97,173.0,13.8,0.2
2016-07-12 19:00:00,15.4,81,92,183.0,13.8,0.3
2016-07-12 20:00:00,14.4,84,95,101.0,13.9,0.4
2016-07-12 21:00:00,13.7,90,86,18.0,12.3,0.2
2016-07-12 22:00:00,13.5,91,88,0.0,11.5,0.1
2016-07-12 23:00:00,13.3,92,85,0.0,11.5,0.1
2016-07-13 00:00:00,12.9,92,98,0.0,11.2,0.2
2016-07-13 01:00:00,12.7,92,100,0.0,11.2,0.2
2016-07-13 02:00:00,12.5,91,100,0.0,11.2,0.0
2016-07-13 03:00:00,12.2,91,100,0.0,12.0,0.0
2016-07-13 04:00:00,11.9,88,99,0.0,12.5,0.0
2016-07-13 05:00:00,11.5,87,99,0.0,13.3,0.0
2016-07-13 06:00:00,11.1,87,87,20.0,13.8,0.0
2016-07-13 07:00:00,11.7,85,86,112.0,12.7,0.0
2016-07-13 08:00:00,12.6,85,53,142.0,13.2,0.0
2016-07-13 09:00:00,14.0,79,31,353.0,13.3,0.0
2016-07-13 10:00:00,15.5,71,17,536.0,13.8,0.0
2016-07-13 11:00:00,16.7,64,24,652.0,13.3,0.0
2016-07-13 12:00:00,17.4,60,30,670.0,13.3,0.1
2016-07-13 13:00:00,18.0,59,41,741.0,12.3,0.0
2016-07-13 14:00:00,18.5,61,56,800.0,12.1,0.0
2016-07-13 15:00:00,18.6,64,70,663.0,13.1,0.2
2016-07-13 16:00:00,17.0,68,58,517.0,14.4,1.1
2016-07-13 17:00:00,15.9,71,38,345.0,14.6,0.6
2016-07-13 18:00:00,16.7,63,40,293.0,15.0,0.0
2016-07-13 19:00:00,16.9,57,36,267.0,14.8,0.0
2016-07-13 20:00:00,16.0,59,40,111.0,12.7,0.0
2016-07-13 21:00:00,15.1,61,32,39.0,10.2,0.0
2016-07-13 22:00:00,14.1,65,29,0.0,9.9,0.0
2016-07-13 23:00:00,13.3,68,83,0.0,8.4,0.0
2016-07-14 00:00:00,12.7,71,72,0.0,8.7,0.0
2016-07-14 01:00:00,12.1,76,81,0.0,9.4,0.0
2016-07-14 02:00:00,11.4,80,42,0.0,9.1,0.0
2016-07-14 03:00:00,11.1,83,33,0.0,8.8,0.0
2016-07-14 04:00:00,10.6,85,9,0.0,9.4,0.0
2016-07-14 05:00:00,10.2,88,2,0.0,10.3,0.0
2016-07-14 06:00:00,10.3,89,2,25.0,11.5,0.0
2016-07-14 07:00:00,11.6,85,4,133.0,12.0,0.0
2016-07-14 08:00:00,13.1,79,53,279.0,16.8,0.0
2016-07-14 09:00:00,14.4,72,49,395.0,14.2,0.0
2016-07-14 10:00:00,15.8,63,62,554.0,13.2,0.0
2016-07-14 11:00:00,17.0,56,52,625.0,12.6,0.0
2016-07-14 12:00:00,17.5,53,47,487.0,12.6,0.0
2016-07-14 13:00:00,17.6,52,62,369.0,12.3,0.0
2016-07-14 14:00:00,17.8,52,100,337.0,13.0,0.0
2016-07-14 15:00:00,18.0,52,95,349.0,12.4,0.0
2016-07-14 16:00:00,18.4,51,67,425.0,13.7,0.0
2016-07-14 17:00:00,18.6,50,69,368.0,13.3,0.0
2016-07-14 18:00:00,18.4,51,72,311.0,12.1,0.0
2016-07-14 19:00:00,18.1,53,95,215.0,10.5,0.0
2016-07-14 20:00:00,18.0,60,98,121.0,7.9,0.0
2016-07-14 21:00:00,16.7,65,100,37.0,6.9,0.0
2016-07-14 22:00:00,15.4,70,100,0.0,7.6,0.0
2016-07-14 23:00:00,14.5,73,98,0.0,9.7,0.0
2016-07-15 00:00:00,13.7,77,98,0.0,10.1,0.0
2016-07-15 01:00:00,13.2,80,99,0.0,9.7,0.0
2016-07-15 02:00:00,12.7,84,95,0.0,9.1,0.0
2016-07-15 03:00:00,12.1,88,46,0.0,7.9,0.0
2016-07-15 04:00:00,11.0,93,49,0.0,6.2,0.0
2016-07-15 05:00:00,10.3,94,97,0.0,6.8,0.0
2016-07-15 06:00:00,10.5,95,71,23.0,8.7,0.0
2016-07-15 07:00:00,12.8,87,41,108.0,8.0,0.0
2016-07-15 08:00:00,14.1,83,55,244.0,8.3,0.0
2016-07-15 09:00:00,15.5,75,91,377.0,8.8,0.0
2016-07-15 10:00:00,16.6,68,95,472.0,10.7,0.0
2016-07-15 11:00:00,17.6,61,92,597.0,10.4,0.0
2016-07-15 12:00:00,18.5,57,89,653.0,13.6,0.0
2016-07-15 13:00:00,18.5,56,96,396.0,16.1,0.0
2016-07-15 14:00:00,18.3,60,100,270.0,18.4,0.0
2016-07-15 15:00:00,18.3,63,100,221.0,18.9,0.0
2016-07-15 16:00:00,18.0,67,100,124.0,20.0,0.0
2016-07-15 17:00:00,17.7,70,100,97.0,19.2,0.0
2016-07-15 18:00:00,17.7,71,100,114.0,17.8,0.0
2016-07-15 19:00:00,17.5,74,100,74.0,16.7,0.0
2016-07-15 20:00:00,17.6,78,100,40.0,14.7,0.0
2016-07-15 21:00:00,17.4,80,100,18.0,14.5,0.0
2016-07-15 22:00:00,17.3,82,100,0.0,14.8,0.0
2016-07-15 23:00:00,17.2,84,94,0.0,14.3,0.0
2016-07-16 00:00:00,17.2,86,100,0.0,14.9,0.0
2016-07-16 01:00:00,17.0,87,100,0.0,15.3,0.0
2016-07-16 02:00:00,16.8,88,99,0.0,15.3,0.0
2016-07-16 03:00:00,16.6,89,100,0.0,15.6,0.0
2016-07-16 04:00:00,16.5,89,100,0.0,15.3,0.0
2016-07-16 05:00:00,16.3,89,100,0.0,14.5,0.0
2016-07-16 06:00:00,16.3,89,100,8.0,14.2,0.0
2016-07-16 07:00:00,16.5,89,100,45.0,14.2,0.0
2016-07-16 08:00:00,17.4,87,100,97.0,17.9,0.0
2016-07-16 09:00:00,18.2,84,100,179.0,17.8,0.0
2016-07-16 10:00:00,19.6,80,100,333.0,17.8,0.0
2016-07-16 11:00:00,21.2,75,80,487.0,15.5,0.0
2016-07-16 12:00:00,22.1,71,91,408.0,15.5,0.0
2016-07-16 13:00:00,22.6,69,93,377.0,16.2,0.0
2016-07-16 14:00:00,23.0,68,58,374.0,18.0,0.0
2016-07-16 15:00:00,23.3,67,67,357.0,18.9,0.0
2016-07-16 16:00:00,23.3,67,80,359.0,19.9,0.0
2016-07-16 17:00:00,23.0,68,66,310.0,18.7,0.0
2016-07-16 18:00:00,23.0,67,51,341.0,18.4,0.0
2016-07-16 19:00:00,22.5,69,51,224.0,17.6,0.0
2016-07-16 20:00:00,22.0,74,65,140.0,16.6,0.0
2016-07-16 21:00:00,20.4,80,80,40.0,14.8,0.0
2016-07-16 22:00:00,19.2,85,91,0.0,14.1,0.0
2016-07-16 23:00:00,18.3,88,84,0.0,13.4,0.0
2016-07-17 00:00:00,17.6,91,75,0.0,13.1,0.0
2016-07-17 01:00:00,17.1,93,49,0.0,12.0,0.0
2016-07-17 02:00:00,16.7,95,37,0.0,11.6,0.4
2016-07-17 03:00:00,16.5,96,67,0.0,10.8,0.0
2016-07-17 04:00:00,16.3,97,88,0.0,10.1,0.0
2016-07-17 05:00:00,16.2,97,100,0.0,9.8,0.0
2016-07-17 06:00:00,16.5,96,100,8.0,10.1,0.0
2016-07-17 07:00:00,17.1,92,100,38.0,13.7,0.0
2016-07-17 08:00:00,18.6,88,100,96.0,13.3,0.0
2016-07-17 09:00:00,19.7,83,99,192.0,13.3,0.0
2016-07-17 10:00:00,20.8,78,99,290.0,14.0,0.0
2016-07-17 11:00:00,21.6,74,73,342.0,14.0,0.2
2016-07-17 12:00:00,22.8,69,43,491.0,15.2,0.3
2016-07-17 13:00:00,23.4,67,65,597.0,16.6,0.3
2016-07-17 14:00:00,23.9,64,64,707.0,17.3,0.2
2016-07-17 15:00:00,24.1,63,60,590.0,18.0,0.1
2016-07-17 16:00:00,24.3,62,58,506.0,17.7,0.0
2016-07-17 17:00:00,24.4,60,65,465.0,17.4,0.0
2016-07-17 18:00:00,24.1,62,55,343.0,14.9,0.0
2016-07-17 19:00:00,23.5,65,25,254.0,13.4,0.0
2016-07-17 20:00:00,23.1,67,13,146.0,10.5,0.0
2016-07-17 21:00:00,21.4,73,11,39.0,9.0,0.0
2016-07-17 22:00:00,20.1,79,0,0.0,9.4,0.0
2016-07-17 23:00:00,18.9,85,0,0.0,11.2,0.0
2016-07-18 00:00:00,18.0,90,0,0.0,10.0,0.0
2016-07-18 01:00:00,17.1,93,0,0.0,8.1,0.0
2016-07-18 02:00:00,16.3,95,0,0.0,6.9,0.0
2016-07-18 03:00:00,15.6,96,17,0.0,6.6,0.0
2016-07-18 04:00:00,14.7,98,70,0.0,6.4,0.0
2016-07-18 05:00:00,14.1,98,91,0.0,6.0,0.0
2016-07-18 06:00:00,14.4,98,80,18.0,6.1,0.0
2016-07-18 07:00:00,16.4,94,58,110.0,5.9,0.0
2016-07-18 08:00:00,18.3,85,66,260.0,5.0,0.0
2016-07-18 09:00:00,20.0,78,77,404.0,4.2,0.0
2016-07-18 10:00:00,21.5,71,71,546.0,1.9,0.0
2016-07-18 11:00:00,22.7,67,83,673.0,1.3,0.0
2016-07-18 12:00:00,23.8,63,66,783.0,1.8,0.0
2016-07-18 13:00:00,24.7,59,66,813.0,1.9,0.0
2016-07-18 14:00:00,25.4,56,47,831.0,3.0,0.0
2016-07-18 15:00:00,25.9,54,14,792.0,3.9,0.0
2016-07-18 16:00:00,26.3,52,2,720.0,4.6,0.0
2016-07-18 17:00:00,26.4,52,0,607.0,4.7,0.0
2016-07-18 18:00:00,26.3,53,0,460.0,5.2,0.0
2016-07-18 19:00:00,25.8,56,0,304.0,5.2,0.0
2016-07-18 20:00:00,24.5,60,0,159.0,4.6,0.0
2016-07-18 21:00:00,22.5,68,0,40.0,6.5,0.0
2016-07-18 22:00:00,20.7,77,0,0.0,7.3,0.0
2016-07-18 23:00:00,19.2,84,0,0.0,6.7,0.0
2016-07-19 00:00:00,17.9,90,0,0.0,6.4,0.0
2016-07-19 01:00:00,16.8,92,0,0.0,6.7,0.0
2016-07-19 02:00:00,16.0,93,0,0.0,6.4,0.0
2016-07-19 03:00:00,15.5,93,0,0.0,6.8,0.0
2016-07-19 04:00:00,15.1,93,0,0.0,7.1,0.0
2016-07-19 05:00:00,14.8,93,0,0.0,7.0,0.0
2016-07-19 06:00:00,15.1,94,0,21.0,8.2,0.0
2016-07-19 07:00:00,17.9,88,0,124.0,9.7,0.0
2016-07-19 08:00:00,20.6,79,0,270.0,9.2,0.0
2016-07-19 09:00:00,22.9,71,0,427.0,10.5,0.0
2016-07-19 10:00:00,25.0,64,0,574.0,11.8,0.0
2016-07-19 11:00:00,26.7,59,0,699.0,12.5,0.0
2016-07-19 12:00:00,27.9,54,0,789.0,14.5,0.0
2016-07-19 13:00:00,28.8,51,0,839.0,15.6,0.0
2016-07-19 14:00:00,29.3,49,0,843.0,15.9,0.0
2016-07-19 15:00:00,29.6,47,0,802.0,16.6,0.0
2016-07-19 16:00:00,29.7,46,0,720.0,16.8,0.0
2016-07-19 17:00:00,29.5,47,0,603.0,16.3,0.0
2016-07-19 18:00:00,28.9,51,0,460.0,15.0,0.0
2016-07-19 19:00:00,27.8,58,0,305.0,14.7,0.0
2016-07-19 20:00:00,25.9,60,0,156.0,15.0,0.0
2016-07-19 21:00:00,24.1,64,0,38.0,15.8,0.0
2016-07-19 22:00:00,23.0,66,0,0.0,16.1,0.0
2016-07-19 23:00:00,22.3,67,0,0.0,16.1,0.0
2016-07-20 00:00:00,21.9,68,0,0.0,16.5,0.0
2016-07-20 01:00:00,21.7,70,0,0.0,16.4,0.0
2016-07-20 02:00:00,21.4,73,13,0.0,15.7,0.0
2016-07-20 03:00:00,21.2,75,10,0.0,15.8,0.0
2016-07-20 04:00:00,21.0,75,38,0.0,16.5,0.0
2016-07-20 05:00:00,20.9,75,79,0.0,17.1,0.0
2016-07-20 06:00:00,20.9,75,77,18.0,17.1,0.0
2016-07-20 07:00:00,21.6,74,59,103.0,17.0,0.0
2016-07-20 08:00:00,22.4,75,52,242.0,18.4,0.0
2016-07-20 09:00:00,22.6,77,85,383.0,21.3,0.0
2016-07-20 10:00:00,23.2,75,76,539.0,22.9,0.0
2016-07-20 11:00:00,24.5,71,73,657.0,23.7,0.0
2016-07-20 12:00:00,26.6,64,61,732.0,23.0,0.0
2016-07-20 13:00:00,27.8,59,21,771.0,21.1,0.0
2016-07-20 14:00:00,28.4,57,10,804.0,19.4,0.0
2016-07-20 15:00:00,28.3,50,27,794.0,19.4,0.1
2016-07-20 16:00:00,27.4,54,58,442.0,16.9,0.0
2016-07-20 17:00:00,27.3,52,8,603.0,14.7,0.0
2016-07-20 18:00:00,26.0,57,50,354.0,16.1,0.1
2016-07-20 19:00:00,25.7,58,26,262.0,14.2,0.0
2016-07-20 20:00:00,24.5,60,6,144.0,14.2,0.0
2016-07-20 21:00:00,22.8,64,1,36.0,14.9,0.0
2016-07-20 22:00:00,21.1,68,0,0.0,15.9,0.0
2016-07-20 23:00:00,19.3,71,7,0.0,13.1,0.0
2016-07-21 00:00:00,17.8,75,65,0.0,14.5,0.0
2016-07-21 01:00:00,16.8,78,83,0.0,14.5,0.0
2016-07-21 02:00:00,16.2,81,50,0.0,13.1,0.0
2016-07-21 03:00:00,15.8,83,52,0.0,11.6,0.0
2016-07-21 04:00:00,15.4,85,95,0.0,11.2,0.0
2016-07-21 05:00:00,15.0,88,96,0.0,10.5,0.0
2016-07-21 06:00:00,14.7,89,95,17.0,10.1,0.0
2016-07-21 07:00:00,15.9,84,82,113.0,10.0,0.0
2016-07-21 08:00:00,17.2,83,83,193.0,9.9,0.0
2016-07-21 09:00:00,18.6,76,96,316.0,8.9,0.0
2016-07-21 10:00:00,19.8,70,99,399.0,8.4,0.1
2016-07-21 11:00:00,20.7,64,98,464.0,5.0,0.0
2016-07-21 12:00:00,21.4,60,100,503.0,4.6,0.0
2016-07-21 13:00:00,22.0,56,100,556.0,4.3,0.0
2016-07-21 14:00:00,22.2,54,100,459.0,4.9,0.0
2016-07-21 15:00:00,22.6,52,100,415.0,5.9,0.0
2016-07-21 16:00:00,22.5,52,100,284.0,6.0,0.0
2016-07-21 17:00:00,22.7,52,100,293.0,5.5,0.0
2016-07-21 18:00:00,22.6,52,99,176.0,5.1,0.0
2016-07-21 19:00:00,22.5,52,98,192.0,4.8,0.0
2016-07-21 20:00:00,22.2,59,100,82.0,3.8,0.0
2016-07-21 21:00:00,21.1,67,99,20.0,4.4,0.0
2016-07-21 22:00:00,20.1,73,99,0.0,4.7,0.0
2016-07-21 23:00:00,18.9,81,98,0.0,6.1,0.0
2016-07-22 00:00:00,18.6,85,97,0.0,6.0,0.0
2016-07-22 01:00:00,18.1,87,97,0.0,5.4,0.0
2016-07-22 02:00:00,17.5,90,88,0.0,4.7,0.0
2016-07-22 03:00:00,17.1,93,86,0.0,5.0,0.0
2016-07-22 04:00:00,16.6,95,85,0.0,5.1,0.0
2016-07-22 05:00:00,16.8,95,93,0.0,4.4,0.2
2016-07-22 06:00:00,16.6,96,99,11.0,4.3,0.0
2016-07-22 07:00:00,17.7,93,97,54.0,4.2,0.0
2016-07-22 08:00:00,17.9,91,91,75.0,3.8,0.0
2016-07-22 09:00:00,18.4,87,88,124.0,4.0,0.0
2016-07-22 10:00:00,19.6,77,67,277.0,4.7,0.0
2016-07-22 11:00:00,20.6,70,73,443.0,5.4,0.0
2016-07-22 12:00:00,22.0,63,71,716.0,5.2,0.0
2016-07-22 13:00:00,22.2,61,64,592.0,4.4,0.0
2016-07-22 14:00:00,22.4,60,79,540.0,2.8,0.0
2016-07-22 15:00:00,22.9,58,67,521.0,2.0,0.0
2016-07-22 16:00:00,23.1,57,52,406.0,0.8,0.0
2016-07-22 17:00:00,23.2,56,53,426.0,1.5,0.0
2016-07-22 18:00:00,22.9,58,40,373.0,3.3,0.1
2016-07-22 19:00:00,22.5,62,49,225.0,5.4,0.0
2016-07-22 20:00:00,21.7,66,48,116.0,3.3,0.0
2016-07-22 21:00:00,20.9,72,47,24.0,4.7,0.0
2016-07-22 22:00:00,20.0,81,41,0.0,5.7,0.0
2016-07-22 23:00:00,18.8,87,30,0.0,5.8,0.0
2016-07-23 00:00:00,17.9,91,26,0.0,5.4,0.0
2016-07-23 01:00:00,17.7,91,26,0.0,6.5,0.0
2016-07-23 02:00:00,17.4,91,18,0.0,3.5,0.0
2016-07-23 03:00:00,16.8,94,10,0.0,3.0,0.0
2016-07-23 04:00:00,16.5,96,12,0.0,2.9,0.0
2016-07-23 05:00:00,16.1,98,11,0.0,2.9,0.0
2016-07-23 06:00:00,15.9,98,85,15.0,2.4,0.0
2016-07-23 07:00:00,16.8,96,7,96.0,1.6,0.0
2016-07-23 08:00:00,19.0,85,3,258.0,2.3,0.0
2016-07-23 09:00:00,20.7,78,15,417.0,4.3,0.0
2016-07-23 10:00:00,22.2,71,48,569.0,5.7,0.0
2016-07-23 11:00:00,23.4,62,46,689.0,6.8,0.1
2016-07-23 12:00:00,24.1,57,50,669.0,7.6,0.0
2016-07-23 13:00:00,24.1,55,46,511.0,8.0,0.0
2016-07-23 14:00:00,24.7,53,35,636.0,9.0,0.0
2016-07-23 15:00:00,24.6,53,44,511.0,10.0,0.0
2016-07-23 16:00:00,24.6,53,48,404.0,11.0,0.0
2016-07-23 17:00:00,24.4,54,54,319.0,12.6,0.0
2016-07-23 18:00:00,24.1,55,41,322.0,13.4,0.0
2016-07-23 19:00:00,23.7,57,23,254.0,13.0,0.0
2016-07-23 20:00:00,22.5,64,9,114.0,12.1,0.0
2016-07-23 21:00:00,20.8,70,15,26.0,11.0,0.0
2016-07-23 22:00:00,19.4,76,15,0.0,9.7,0.0
2016-07-23 23:00:00,18.2,80,24,0.0,9.3,0.0
2016-07-24 00:00:00,17.4,84,69,0.0,8.7,0.0
2016-07-24 01:00:00,16.6,87,85,0.0,8.4,0.0
2016-07-24 02:00:00,16.1,89,53,0.0,8.8,0.0
2016-07-24 03:00:00,15.5,91,15,0.0,8.2,0.0
2016-07-24 04:00:00,14.8,92,2,0.0,8.6,0.0
2016-07-24 05:00:00,14.5,92,12,0.0,8.8,0.0
2016-07-24 06:00:00,14.5,91,69,14.0,7.7,0.0
2016-07-24 07:00:00,16.1,84,93,102.0,8.2,0.0
2016-07-24 08:00:00,17.3,82,11,238.0,8.7,0.0
2016-07-24 09:00:00,18.9,76,30,358.0,10.1,0.0
2016-07-24 10:00:00,20.3,71,67,444.0,13.4,0.0
2016-07-24 11:00:00,21.5,65,100,467.0,15.0,0.1
2016-07-24 12:00:00,21.8,65,99,385.0,16.3,0.2
2016-07-24 13:00:00,21.7,67,79,352.0,17.3,0.1
2016-07-24 14:00:00,21.8,65,90,312.0,17.6,0.0
2016-07-24 15:00:00,22.2,64,94,378.0,18.3,0.0
2016-07-24 16:00:00,22.5,62,90,451.0,19.3,0.0
2016-07-24 17:00:00,22.4,61,90,325.0,18.1,0.0
2016-07-24 18:00:00,22.0,64,99,161.0,17.8,0.0
2016-07-24 19:00:00,21.5,67,100,133.0,16.3,0.0
2016-07-24 20:00:00,19.6,80,100,59.0,15.3,0.0
2016-07-24 21:00:00,19.0,84,100,12.0,14.5,0.0
2016-07-24 22:00:00,18.4,87,100,0.0,15.0,0.0
2016-07-24 23:00:00,18.2,89,100,0.0,12.6,0.0
2016-07-25 00:00:00,18.3,90,100,0.0,13.0,0.0
2016-07-25 01:00:00,18.2,90,100,0.0,13.4,0.0
2016-07-25 02:00:00,17.8,88,98,0.0,13.5,0.0
2016-07-25 03:00:00,17.0,84,77,0.0,14.6,0.0
2016-07-25 04:00:00,16.1,81,91,0.0,13.8,0.0
2016-07-25 05:00:00,15.0,83,94,0.0,13.8,0.0
2016-07-25 06:00:00,14.8,84,91,11.0,14.1,0.0
2016-07-25 07:00:00,15.2,82,100,62.0,13.4,0.0
2016-07-25 08:00:00,16.5,79,97,108.0,14.8,0.0
2016-07-25 09:00:00,17.4,73,96,196.0,14.8,0.0
2016-07-25 10:00:00,18.5,66,99,324.0,14.1,0.0
2016-07-25 11:00:00,19.5,60,99,448.0,12.3,0.0
2016-07-25 12:00:00,20.3,55,97,544.0,13.6,0.0
2016-07-25 13:00:00,21.0,51,99,550.0,14.7,0.0
2016-07-25 14:00:00,21.4,48,99,460.0,15.4,0.0
2016-07-25 15:00:00,21.8,46,98,473.0,16.5,0.0
2016-07-25 16:00:00,22.1,45,90,444.0,17.3,0.0
2016-07-25 17:00:00,21.9,46,95,295.0,16.7,0.0
2016-07-25 18:00:00,21.3,49,84,188.0,15.9,0.0
2016-07-25 19:00:00,20.8,53,82,149.0,13.3,0.0
2016-07-25 20:00:00,20.2,55,78,86.0,10.1,0.0
2016-07-25 21:00:00,19.1,60,43,23.0,8.7,0.0
2016-07-25 22:00:00,18.0,66,32,0.0,9.2,0.0
2016-07-25 23:00:00,17.0,71,24,0.0,10.9,0.0
2016-07-26 00:00:00,16.2,76,29,0.0,10.9,0.0
2016-07-26 01:00:00,15.6,79,19,0.0,10.9,0.0
2016-07-26 02:00:00,14.8,84,15,0.0,10.1,0.0
2016-07-26 03:00:00,14.1,87,15,0.0,9.4,0.0
2016-07-26 04:00:00,13.4,91,16,0.0,8.3,0.0
2016-07-26 05:00:00,12.8,93,32,0.0,7.9,0.0
2016-07-26 06:00:00,12.6,94,35,12.0,7.9,0.0
2016-07-26 07:00:00,14.1,89,55,101.0,7.2,0.0
2016-07-26 08:00:00,15.7,85,90,236.0,6.8,0.0
2016-07-26 09:00:00,17.2,78,96,356.0,6.6,0.0
2016-07-26 10:00:00,18.4,69,97,456.0,7.0,0.0
2016-07-26 11:00:00,19.5,63,98,510.0,6.8,0.0
2016-07-26 12:00:00,20.4,57,96,536.0,9.4,0.0
2016-07-26 13:00:00,20.9,55,97,468.0,11.1,0.0
2016-07-26 14:00:00,20.5,57,100,244.0,13.0,0.0
2016-07-26 15:00:00,20.6,57,100,302.0,14.3,0.0
2016-07-26 16:00:00,21.0,56,100,362.0,15.0,0.0
2016-07-26 17:00:00,21.0,57,99,284.0,15.4,0.0
2016-07-26 18:00:00,20.8,58,100,212.0,14.0,0.0
2016-07-26 19:00:00,20.4,62,98,126.0,11.8,0.0
2016-07-26 20:00:00,20.0,61,95,98.0,10.4,0.0
2016-07-26 21:00:00,19.2,65,96,14.0,11.5,0.0
2016-07-26 22:00:00,18.7,69,99,0.0,12.8,0.0
2016-07-26 23:00:00,18.2,74,100,0.0,12.8,0.0
2016-07-27 00:00:00,17.8,78,90,0.0,13.2,0.0
2016-07-27 01:00:00,17.6,80,95,0.0,13.0,0.0
2016-07-27 02:00:00,17.3,82,100,0.0,13.9,0.0
2016-07-27 03:00:00,17.1,84,100,0.0,14.9,0.0
2016-07-27 04:00:00,16.9,85,100,0.0,16.1,0.0
2016-07-27 05:00:00,16.7,87,97,0.0,17.1,0.0
2016-07-27 06:00:00,16.5,89,100,7.0,17.3,0.2
2016-07-27 07:00:00,16.7,90,98,42.0,17.8,0.3
2016-07-27 08:00:00,17.8,87,100,83.0,21.0,0.2
2016-07-27 09:00:00,17.8,88,100,93.0,18.2,0.3
2016-07-27 10:00:00,18.2,85,100,138.0,17.9,0.2
2016-07-27 11:00:00,18.1,87,100,104.0,19.8,0.2
2016-07-27 12:00:00,18.6,84,100,136.0,18.4,0.1
2016-07-27 13:00:00,18.8,83,99,151.0,16.2,0.1
2016-07-27 14:00:00,19.3,82,87,210.0,14.9,0.0
2016-07-27 15:00:00,20.3,79,57,357.0,14.3,0.0
2016-07-27 16:00:00,21.3,75,53,467.0,13.2,0.0
2016-07-27 17:00:00,21.2,74,61,336.0,12.0,0.0
2016-07-27 18:00:00,21.2,73,73,262.0,10.5,0.0
2016-07-27 19:00:00,20.5,73,83,168.0,8.6,0.0
2016-07-27 20:00:00,20.5,72,97,87.0,4.3,0.1
2016-07-27 21:00:00,19.8,75,100,14.0,5.2,0.0
2016-07-27 22:00:00,18.6,82,100,0.0,4.7,0.0
2016-07-27 23:00:00,17.9,85,99,0.0,7.9,0.0
2016-07-28 00:00:00,17.4,83,99,0.0,8.3,0.0
2016-07-28 01:00:00,16.7,81,98,0.0,8.6,0.0
2016-07-28 02:00:00,16.2,78,91,0.0,9.4,0.0
2016-07-28 03:00:00,15.6,77,96,0.0,9.8,0.0
2016-07-28 04:00:00,15.0,76,75,0.0,10.6,0.0
2016-07-28 05:00:00,14.8,74,32,0.0,9.5,0.0
2016-07-28 06:00:00,14.4,76,74,7.0,8.5,0.0
2016-07-28 07:00:00,15.0,73,48,68.0,6.4,0.0
2016-07-28 08:00:00,16.0,69,98,195.0,4.6,0.0
2016-07-28 09:00:00,17.0,65,98,278.0,4.7,0.0
2016-07-28 10:00:00,18.0,61,99,353.0,5.1,0.0
2016-07-28 11:00:00,19.2,58,82,524.0,7.1,0.0
2016-07-28 12:00:00,20.4,58,42,676.0,11.7,0.0
2016-07-28 13:00:00,21.6,54,63,798.0,15.7,0.0
2016-07-28 14:00:00,22.5,52,77,689.0,18.4,0.0
2016-07-28 15:00:00,21.9,57,99,424.0,20.6,0.5
2016-07-28 16:00:00,20.4,67,100,196.0,16.8,0.0
2016-07-28 17:00:00,19.9,72,86,160.0,18.8,0.0
2016-07-28 18:00:00,19.5,76,93,93.0,18.6,0.1
2016-07-28 19:00:00,19.2,80,63,54.0,15.6,0.1
2016-07-28 20:00:00,18.8,84,47,93.0,13.8,0.0
2016-07-28 21:00:00,18.3,86,42,17.0,13.0,0.0
2016-07-28 22:00:00,17.9,88,56,0.0,12.7,0.0
2016-07-28 23:00:00,17.3,91,92,0.0,11.4,0.0
2016-07-29 00:00:00,16.8,94,88,0.0,12.6,0.0
2016-07-29 01:00:00,16.7,94,88,0.0,12.2,0.0
2016-07-29 02:00:00,16.6,92,84,0.0,11.6,0.0
2016-07-29 03:00:00,16.4,90,79,0.0,11.2,0.0
2016-07-29 04:00:00,16.3,87,76,0.0,11.2,0.0
2016-07-29 05:00:00,16.2,87,85,0.0,12.0,0.0
2016-07-29 06:00:00,16.0,88,97,4.0,13.0,0.0
2016-07-29 07:00:00,16.2,88,96,32.0,15.3,0.0
2016-07-29 08:00:00,16.9,90,89,76.0,18.6,0.1
2016-07-29 09:00:00,17.7,86,70,198.0,18.5,0.2
2016-07-29 10:00:00,19.1,82,86,370.0,16.2,0.0
2016-07-29 11:00:00,20.2,72,100,356.0,14.8,0.0
2016-07-29 12:00:00,19.4,75,73,222.0,15.7,0.2
2016-07-29 13:00:00,20.5,71,81,510.0,17.1,0.1
2016-07-29 14:00:00,21.0,69,100,525.0,18.5,0.2
2016-07-29 15:00:00,21.3,68,95,540.0,18.7,0.3
2016-07-29 16:00:00,21.1,67,94,372.0,18.2,0.1
2016-07-29 17:00:00,20.4,70,96,305.0,18.1,0.3
2016-07-29 18:00:00,20.4,67,98,291.0,17.1,0.2
2016-07-29 19:00:00,19.9,70,93,147.0,14.0,0.0
2016-07-29 20:00:00,19.6,68,97,62.0,11.9,0.0
2016-07-29 21:00:00,18.8,71,97,11.0,10.0,0.0
2016-07-29 22:00:00,18.1,74,86,0.0,9.2,0.0
2016-07-29 23:00:00,17.5,77,76,0.0,9.5,0.0
2016-07-30 00:00:00,16.9,80,59,0.0,9.0,0.0
2016-07-30 01:00:00,16.6,81,49,0.0,9.3,0.0
2016-07-30 02:00:00,16.0,85,38,0.0,9.5,0.0
2016-07-30 03:00:00,15.6,87,26,0.0,8.6,0.0
2016-07-30 04:00:00,15.0,90,29,0.0,8.4,0.0
2016-07-30 05:00:00,14.7,92,23,0.0,8.1,0.0
2016-07-30 06:00:00,14.6,93,33,5.0,7.9,0.0
2016-07-30 07:00:00,15.6,88,76,54.0,9.2,0.0
2016-07-30 08:00:00,16.0,89,89,145.0,8.5,0.0
2016-07-30 09:00:00,17.1,83,94,234.0,8.4,0.0
2016-07-30 10:00:00,18.3,78,96,338.0,8.6,0.0
2016-07-30 11:00:00,18.9,75,94,353.0,6.6,0.0
2016-07-30 12:00:00,19.6,72,68,469.0,7.7,0.0
2016-07-30 13:00:00,20.4,67,98,560.0,7.6,0.0
2016-07-30 14:00:00,21.0,60,88,589.0,8.7,0.0
2016-07-30 15:00:00,21.5,54,89,569.0,9.9,0.0
2016-07-30 16:00:00,22.0,51,98,551.0,9.6,0.0
2016-07-30 17:00:00,21.8,48,94,335.0,9.2,0.0
2016-07-30 18:00:00,21.7,48,74,259.0,9.4,0.0
2016-07-30 19:00:00,21.3,49,55,186.0,8.7,0.0
2016-07-30 20:00:00,19.8,55,51,70.0,8.4,0.0
2016-07-30 21:00:00,18.6,59,27,17.0,8.0,0.0
2016-07-30 22:00:00,17.7,63,49,0.0,8.1,0.0
2016-07-30 23:00:00,16.9,66,92,0.0,8.2,0.0
2016-07-31 00:00:00,16.1,70,97,0.0,9.0,0.0
2016-07-31 01:00:00,15.8,71,99,0.0,7.7,0.0
2016-07-31 02:00:00,15.2,73,100,0.0,8.0,0.0
2016-07-31 03:00:00,14.7,75,100,0.0,7.5,0.0
2016-07-31 04:00:00,14.4,76,100,0.0,7.2,0.0
2016-07-31 05:00:00,14.1,77,99,0.0,7.0,0.0
2016-07-31 06:00:00,13.9,79,97,5.0,7.6,0.0
2016-07-31 07:00:00,14.1,79,80,67.0,8.4,0.0
2016-07-31 08:00:00,14.9,79,69,187.0,9.5,0.0
2016-07-31 09:00:00,16.2,74,44,376.0,9.2,0.0
2016-07-31 10:00:00,17.6,65,25,505.0,11.1,0.0
2016-07-31 11:00:00,18.5,58,41,525.0,9.7,0.0
2016-07-31 12:00:00,19.2,54,55,588.0,11.5,0.1
2016-07-31 13:00:00,19.8,51,59,540.0,12.3,0.2
2016-07-31 14:00:00,20.1,50,60,517.0,12.1,0.0
2016-07-31 15:00:00,20.0,51,52,379.0,12.8,0.0
2016-07-31 16:00:00,20.2,50,55,417.0,14.3,0.0
2016-07-31 17:00:00,20.3,50,65,385.0,13.8,0.0
2016-07-31 18:00:00,20.1,50,96,287.0,12.1,0.0
2016-07-31 19:00:00,19.6,53,97,136.0,8.8,0.0
2016-07-31 20:00:00,18.8,55,89,61.0,6.9,0.0
2016-07-31 21:00:00,17.8,60,81,12.0,6.1,0.0
2016-07-31 22:00:00,16.8,65,71,0.0,7.2,0.0
2016-07-31 23:00:00,16.0,68,75,0.0,9.4,0.0
2016-08-01 00:00:00,15.4,71,49,0.0,10.1,0.0
2016-08-01 01:00:00,15.0,72,21,0.0,9.7,0.0
2016-08-01 02:00:00,14.0,76,15,0.0,9.2,0.0
2016-08-01 03:00:00,13.5,78,92,0.0,9.0,0.0
2016-08-01 04:00:00,13.0,81,98,0.0,8.7,0.0
2016-08-01 05:00:00,12.1,86,99,0.0,7.3,0.0
2016-08-01 06:00:00,11.6,89,100,6.0,6.6,0.0
2016-08-01 07:00:00,13.0,85,100,74.0,6.8,0.0
2016-08-01 08:00:00,14.6,80,99,154.0,6.5,0.0
2016-08-01 09:00:00,15.7,75,99,252.0,6.6,0.0
2016-08-01 10:00:00,16.8,68,100,332.0,8.9,0.0
2016-08-01 11:00:00,17.1,66,100,281.0,8.7,0.0
2016-08-01 12:00:00,17.8,62,100,386.0,10.7,0.0
2016-08-01 13:00:00,17.9,62,100,345.0,12.3,0.0
2016-08-01 14:00:00,17.7,64,100,357.0,12.8,0.2
2016-08-01 15:00:00,17.1,68,100,245.0,12.7,0.1
2016-08-01 16:00:00,16.7,70,100,205.0,12.5,0.2
2016-08-01 17:00:00,15.8,78,100,57.0,11.5,0.4
2016-08-01 18:00:00,15.7,81,100,97.0,12.2,0.4
2016-08-01 19:00:00,15.0,90,100,33.0,13.1,0.5
2016-08-01 20:00:00,14.5,91,100,11.0,12.7,0.9
2016-08-01 21:00:00,14.4,92,100,2.0,13.7,1.5
2016-08-01 22:00:00,14.3,92,100,0.0,14.8,1.7
2016-08-01 23:00:00,14.3,92,100,0.0,16.2,2.9
2016-08-02 00:00:00,14.3,92,100,0.0,18.8,3.9
2016-08-02 01:00:00,14.5,92,100,0.0,19.5,3.0
2016-08-02 02:00:00,14.7,94,100,0.0,17.6,3.1
2016-08-02 03:00:00,15.2,97,100,0.0,15.1,1.4
2016-08-02 04:00:00,16.1,97,100,0.0,16.9,0.5
2016-08-02 05:00:00,16.6,95,100,0.0,18.3,0.0
2016-08-02 06:00:00,16.5,95,100,0.0,17.8,0.2
2016-08-02 07:00:00,16.6,95,100,6.0,17.3,0.0
2016-08-02 08:00:00,16.7,96,100,21.0,16.3,0.1
2016-08-02 09:00:00,17.0,96,100,35.0,15.5,0.0
2016-08-02 10:00:00,17.3,96,100,41.0,15.0,0.0
2016-08-02 11:00:00,17.9,93,100,53.0,14.8,0.0
2016-08-02 12:00:00,18.4,91,100,73.0,16.8,0.0
2016-08-02 13:00:00,18.6,91,100,62.0,18.9,0.0
2016-08-02 14:00:00,19.0,90,100,82.0,21.8,0.1
2016-08-02 15:00:00,18.8,92,100,59.0,17.9,0.0
2016-08-02 16:00:00,19.0,91,100,76.0,17.4,0.0
2016-08-02 17:00:00,19.1,90,100,60.0,19.1,0.0
2016-08-02 18:00:00,19.3,90,99,69.0,20.9,0.0
2016-08-02 19:00:00,19.2,90,97,50.0,18.1,0.0
2016-08-02 20:00:00,19.7,90,100,47.0,17.3,0.0
2016-08-02 21:00:00,19.1,92,100,5.0,17.3,0.0
2016-08-02 22:00:00,18.6,94,100,0.0,18.1,0.0
2016-08-02 23:00:00,18.2,95,100,0.0,18.9,0.0
2016-08-03 00:00:00,18.0,95,100,0.0,19.9,0.0
2016-08-03 01:00:00,17.9,95,100,0.0,20.1,0.0
2016-08-03 02:00:00,17.9,94,100,0.0,20.6,0.0
2016-08-03 03:00:00,18.0,94,100,0.0,20.4,0.0
2016-08-03 04:00:00,18.0,94,100,0.0,20.9,0.0
2016-08-03 05:00:00,18.0,94,100,0.0,19.6,0.0
2016-08-03 06:00:00,18.1,93,100,1.0,18.9,0.0
2016-08-03 07:00:00,18.2,91,100,15.0,18.7,0.0
2016-08-03 08:00:00,18.5,89,100,62.0,17.4,0.0
2016-08-03 09:00:00,18.8,81,98,135.0,18.6,0.0
2016-08-03 10:00:00,19.4,76,97,287.0,20.7,0.0
2016-08-03 11:00:00,20.4,71,99,505.0,22.6,0.0
2016-08-03 12:00:00,20.9,66,92,524.0,25.2,0.0
2016-08-03 13:00:00,21.2,63,95,491.0,26.6,0.0
2016-08-03 14:00:00,21.1,61,84,407.0,27.3,0.0
2016-08-03 15:00:00,21.6,59,60,463.0,27.0,0.0
2016-08-03 16:00:00,21.7,58,61,439.0,28.0,0.0
2016-08-03 17:00:00,21.4,59,56,412.0,26.4,0.0
2016-08-03 18:00:00,20.8,61,52,268.0,24.2,0.0
2016-08-03 19:00:00,20.0,66,43,176.0,23.3,0.0
2016-08-03 20:00:00,19.0,71,46,92.0,23.1,0.0
2016-08-03 21:00:00,17.8,76,41,11.0,22.5,0.0
2016-08-03 22:00:00,17.1,79,25,0.0,23.1,0.0
2016-08-03 23:00:00,16.6,80,67,0.0,23.3,0.0
2016-08-04 00:00:00,16.2,80,78,0.0,23.3,0.0
2016-08-04 01:00:00,16.0,79,87,0.0,23.3,0.0
2016-08-04 02:00:00,16.0,78,94,0.0,23.3,0.0
2016-08-04 03:00:00,15.8,78,66,0.0,23.1,0.0
2016-08-04 04:00:00,15.6,79,59,0.0,22.3,0.0
2016-08-04 05:00:00,15.3,80,92,0.0,21.3,0.0
2016-08-04 06:00:00,14.8,82,98,4.0,20.5,0.0
2016-08-04 07:00:00,15.1,83,99,74.0,18.6,0.0
2016-08-04 08:00:00,16.2,79,98,198.0,25.0,0.0
2016-08-04 09:00:00,17.2,73,100,299.0,25.4,0.0
2016-08-04 10:00:00,18.2,66,100,365.0,24.1,0.0
2016-08-04 11:00:00,18.8,63,82,412.0,20.3,0.0
2016-08-04 12:00:00,19.3,61,57,441.0,20.9,0.0
2016-08-04 13:00:00,20.1,58,60,607.0,20.7,0.2
2016-08-04 14:00:00,20.8,54,93,646.0,20.9,0.1
2016-08-04 15:00:00,20.7,54,99,527.0,22.3,0.1
2016-08-04 16:00:00,20.4,55,96,405.0,21.9,0.0
2016-08-04 17:00:00,20.0,56,93,305.0,21.6,0.0
2016-08-04 18:00:00,19.8,58,76,261.0,20.2,0.0
2016-08-04 19:00:00,19.1,61,91,189.0,16.2,0.0
2016-08-04 20:00:00,18.3,65,90,63.0,14.1,0.0
2016-08-04 21:00:00,17.5,69,72,7.0,13.7,0.0
2016-08-04 22:00:00,16.6,74,46,0.0,13.7,0.0
2016-08-04 23:00:00,16.0,78,22,0.0,13.0,0.0
2016-08-05 00:00:00,15.4,82,36,0.0,12.6,0.0
2016-08-05 01:00:00,14.9,84,24,0.0,9.8,0.0
2016-08-05 02:00:00,14.3,87,8,0.0,8.0,0.0
2016-08-05 03:00:00,13.8,90,4,0.0,10.4,0.0
2016-08-05 04:00:00,13.4,92,2,0.0,10.8,0.0
2016-08-05 05:00:00,13.1,92,5,0.0,11.6,0.0
2016-08-05 06:00:00,12.8,93,10,4.0,10.0,0.0
2016-08-05 07:00:00,13.7,90,74,79.0,9.1,0.0
2016-08-05 08:00:00,15.6,85,97,199.0,10.6,0.0
2016-08-05 09:00:00,16.5,79,100,326.0,9.5,0.0
2016-08-05 10:00:00,17.7,71,97,459.0,9.7,0.0
2016-08-05 11:00:00,18.8,66,100,585.0,8.7,0.0
2016-08-05 12:00:00,19.9,60,96,673.0,9.7,0.0
2016-08-05 13:00:00,20.9,55,97,763.0,10.1,0.0
2016-08-05 14:00:00,21.6,52,88,725.0,10.1,0.0
2016-08-05 15:00:00,22.3,49,87,622.0,10.9,0.0
2016-08-05 16:00:00,22.4,49,53,543.0,11.0,0.0
2016-08-05 17:00:00,21.4,54,82,226.0,12.3,0.0
2016-08-05 18:00:00,20.9,58,80,233.0,12.8,0.1
2016-08-05 19:00:00,20.2,63,67,161.0,11.0,0.0
2016-08-05 20:00:00,19.6,65,29,64.0,10.5,0.0
2016-08-05 21:00:00,18.4,71,40,10.0,11.3,0.0
2016-08-05 22:00:00,17.2,76,69,0.0,12.8,0.0
2016-08-05 23:00:00,16.3,78,66,0.0,14.0,0.0
2016-08-06 00:00:00,15.5,79,41,0.0,14.6,0.0
2016-08-06 01:00:00,14.7,82,7,0.0,13.3,0.0
2016-08-06 02:00:00,14.1,85,5,0.0,11.9,0.0
2016-08-06 03:00:00,13.6,88,2,0.0,11.2,0.0
2016-08-06 04:00:00,13.1,90,2,0.0,10.5,0.0
2016-08-06 05:00:00,12.9,91,4,0.0,9.9,0.0
2016-08-06 06:00:00,12.6,92,0,3.0,9.9,0.0
2016-08-06 07:00:00,13.5,90,2,74.0,10.3,0.0
2016-08-06 08:00:00,15.7,84,0,214.0,9.8,0.0
2016-08-06 09:00:00,17.3,77,4,373.0,9.1,0.0
2016-08-06 10:00:00,18.9,70,4,530.0,7.7,0.0
2016-08-06 11:00:00,20.2,63,1,660.0,6.6,0.0
2016-08-06 12:00:00,21.3,57,4,750.0,7.2,0.0
2016-08-06 13:00:00,22.3,51,15,759.0,8.7,0.0
2016-08-06 14:00:00,22.8,49,46,601.0,10.1,0.0
2016-08-06 15:00:00,23.2,48,31,557.0,11.9,0.0
2016-08-06 16:00:00,23.6,48,38,509.0,13.0,0.0
2016-08-06 17:00:00,23.6,48,10,411.0,13.9,0.0
2016-08-06 18:00:00,23.6,49,10,312.0,15.1,0.0
2016-08-06 19:00:00,22.7,55,2,199.0,13.8,0.0
2016-08-06 20:00:00,20.8,66,20,104.0,13.7,0.0
2016-08-06 21:00:00,19.2,72,61,11.0,14.2,0.0
2016-08-06 22:00:00,18.1,77,55,0.0,14.8,0.0
2016-08-06 23:00:00,17.3,83,26,0.0,16.1,0.0
2016-08-07 00:00:00,16.7,88,50,0.0,16.2,0.0
2016-08-07 01:00:00,16.5,92,72,0.0,16.4,0.0
2016-08-07 02:00:00,16.7,91,85,0.0,17.3,0.0
2016-08-07 03:00:00,17.2,85,93,0.0,18.1,0.0
2016-08-07 04:00:00,17.4,83,90,0.0,18.1,0.0
2016-08-07 05:00:00,17.5,84,100,0.0,17.8,0.0
2016-08-07 06:00:00,17.7,86,97,1.0,18.1,0.0
2016-08-07 07:00:00,18.0,87,97,24.0,17.8,0.0
2016-08-07 08:00:00,19.0,88,100,80.0,23.6,0.0
2016-08-07 09:00:00,20.0,82,100,163.0,23.8,0.0
2016-08-07 10:00:00,20.8,77,99,231.0,23.4,0.0
2016-08-07 11:00:00,21.3,75,86,279.0,20.8,0.0
2016-08-07 12:00:00,21.8,72,63,393.0,22.1,0.0
2016-08-07 13:00:00,22.4,69,64,538.0,23.2,0.0
2016-08-07 14:00:00,23.0,66,27,675.0,24.5,0.0
2016-08-07 15:00:00,22.9,63,28,636.0,25.0,0.0
2016-08-07 16:00:00,22.7,60,31,550.0,23.9,0.0
2016-08-07 17:00:00,22.2,59,28,474.0,23.7,0.0
2016-08-07 18:00:00,21.4,58,22,378.0,22.9,0.0
2016-08-07 19:00:00,20.2,58,24,244.0,20.9,0.0
2016-08-07 20:00:00,19.5,60,16,107.0,19.7,0.0
2016-08-07 21:00:00,18.1,63,0,10.0,19.9,0.0
2016-08-07 22:00:00,17.1,67,0,0.0,20.6,0.0
2016-08-07 23:00:00,16.2,71,0,0.0,21.5,0.0
2016-08-08 00:00:00,15.6,75,3,0.0,22.2,0.0
2016-08-08 01:00:00,15.2,79,3,0.0,22.1,0.0
2016-08-08 02:00:00,15.0,82,34,0.0,20.8,0.0
2016-08-08 03:00:00,15.1,84,25,0.0,20.3,0.0
2016-08-08 04:00:00,15.0,85,6,0.0,19.7,0.0
2016-08-08 05:00:00,14.6,87,18,0.0,18.4,0.0
2016-08-08 06:00:00,14.2,88,18,3.0,17.3,0.0
2016-08-08 07:00:00,14.5,83,10,75.0,15.7,0.0
2016-08-08 08:00:00,15.1,69,18,194.0,19.0,0.0
2016-08-08 09:00:00,15.8,64,23,367.0,18.9,0.0
2016-08-08 10:00:00,16.8,59,37,505.0,18.8,0.0
2016-08-08 11:00:00,18.0,53,81,631.0,18.5,0.0
2016-08-08 12:00:00,18.7,49,98,633.0,18.7,0.0
2016-08-08 13:00:00,19.0,47,94,506.0,18.9,0.0
2016-08-08 14:00:00,19.1,47,94,445.0,19.2,0.0
2016-08-08 15:00:00,19.4,46,95,508.0,18.3,0.0
2016-08-08 16:00:00,19.2,46,98,358.0,17.6,0.0
2016-08-08 17:00:00,19.1,45,94,296.0,16.8,0.0
2016-08-08 18:00:00,18.8,46,69,207.0,14.8,0.0
2016-08-08 19:00:00,18.3,49,60,157.0,13.4,0.0
2016-08-08 20:00:00,17.4,53,54,68.0,12.0,0.0
2016-08-08 21:00:00,16.5,55,51,6.0,10.4,0.0
2016-08-08 22:00:00,15.6,58,52,0.0,9.7,0.0
2016-08-08 23:00:00,14.7,60,69,0.0,12.1,0.0
2016-08-09 00:00:00,14.1,62,70,0.0,10.7,0.0
2016-08-09 01:00:00,13.4,64,77,0.0,9.3,0.0
2016-08-09 02:00:00,12.6,69,34,0.0,10.5,0.0
2016-08-09 03:00:00,12.1,72,8,0.0,11.4,0.0
2016-08-09 04:00:00,11.7,75,2,0.0,12.7,0.0
2016-08-09 05:00:00,11.3,78,4,0.0,13.1,0.0
2016-08-09 06:00:00,10.9,81,2,2.0,13.0,0.0
2016-08-09 07:00:00,11.5,80,3,73.0,13.2,0.0
2016-08-09 08:00:00,12.8,77,1,215.0,14.8,0.0
2016-08-09 09:00:00,14.0,69,11,372.0,15.4,0.0
2016-08-09 10:00:00,15.2,63,15,516.0,14.1,0.0
2016-08-09 11:00:00,16.3,57,18,628.0,11.8,0.0
2016-08-09 12:00:00,17.3,51,18,725.0,12.5,0.0
2016-08-09 13:00:00,18.4,45,69,685.0,15.1,0.0
2016-08-09 14:00:00,18.6,44,100,463.0,16.0,0.0
2016-08-09 15:00:00,18.0,49,87,274.0,15.3,0.0
2016-08-09 16:00:00,17.5,52,68,277.0,14.8,0.0
2016-08-09 17:00:00,17.5,52,67,321.0,15.9,0.0
2016-08-09 18:00:00,17.2,53,80,239.0,17.0,0.0
2016-08-09 19:00:00,16.6,56,51,141.0,16.1,0.0
2016-08-09 20:00:00,16.2,56,52,57.0,13.2,0.0
2016-08-09 21:00:00,15.2,58,30,6.0,13.4,0.0
2016-08-09 22:00:00,14.4,59,12,0.0,14.1,0.0
2016-08-09 23:00:00,13.5,63,7,0.0,13.0,0.0
2016-08-10 00:00:00,12.6,68,6,0.0,13.0,0.0
2016-08-10 01:00:00,11.9,73,15,0.0,13.2,0.0
2016-08-10 02:00:00,11.6,75,12,0.0,13.6,0.0
2016-08-10 03:00:00,11.2,78,23,0.0,13.6,0.0
2016-08-10 04:00:00,11.0,79,13,0.0,13.3,0.0
2016-08-10 05:00:00,10.6,82,19,0.0,13.3,0.0
2016-08-10 06:00:00,10.5,84,34,2.0,12.9,0.0
2016-08-10 07:00:00,11.1,83,45,64.0,12.9,0.0
2016-08-10 08:00:00,12.3,81,46,138.0,14.2,0.0
2016-08-10 09:00:00,13.9,73,54,286.0,16.6,0.0
2016-08-10 10:00:00,14.7,67,43,310.0,15.4,0.0
2016-08-10 11:00:00,15.8,60,60,513.0,13.8,0.1
2016-08-10 12:00:00,16.4,56,60,465.0,13.0,0.0
2016-08-10 13:00:00,17.1,53,52,522.0,12.5,0.0
2016-08-10 14:00:00,17.7,50,68,505.0,12.2,0.0
2016-08-10 15:00:00,17.6,50,66,339.0,13.4,0.0
2016-08-10 16:00:00,18.1,49,65,451.0,12.9,0.0
2016-08-10 17:00:00,18.1,48,81,301.0,12.0,0.0
2016-08-10 18:00:00,17.7,49,96,175.0,10.6,0.0
2016-08-10 19:00:00,17.4,53,98,114.0,8.3,0.0
2016-08-10 20:00:00,17.2,57,89,54.0,8.0,0.0
2016-08-10 21:00:00,16.1,61,81,4.0,9.0,0.0
2016-08-10 22:00:00,15.3,65,58,0.0,10.5,0.0
2016-08-10 23:00:00,15.0,68,83,0.0,11.4,0.0
2016-08-11 00:00:00,14.9,70,95,0.0,11.6,0.0
2016-08-11 01:00:00,15.0,72,100,0.0,12.4,0.0
2016-08-11 02:00:00,14.9,76,100,0.0,12.6,0.0
2016-08-11 03:00:00,14.7,80,100,0.0,13.1,0.0
2016-08-11 04:00:00,14.5,82,100,0.0,13.8,0.2
2016-08-11 05:00:00,14.2,84,99,0.0,12.7,0.0
2016-08-11 06:00:00,14.0,85,98,0.0,13.2,0.0
2016-08-11 07:00:00,14.1,85,99,15.0,13.8,0.0
2016-08-11 08:00:00,14.4,87,99,49.0,14.0,0.6
2016-08-11 09:00:00,14.7,84,89,103.0,17.0,0.0
2016-08-11 10:00:00,15.8,76,87,250.0,18.0,0.0
2016-08-11 11:00:00,17.3,69,94,414.0,17.2,0.0
2016-08-11 12:00:00,18.5,66,99,402.0,17.9,0.0
2016-08-11 13:00:00,18.9,66,97,279.0,20.5,0.0
2016-08-11 14:00:00,19.3,66,100,268.0,21.7,0.0
2016-08-11 15:00:00,19.8,66,100,310.0,22.3,0.0
2016-08-11 16:00:00,19.9,65,100,238.0,22.3,0.0
2016-08-11 17:00:00,19.7,67,100,153.0,21.1,0.0
2016-08-11 18:00:00,19.8,67,100,138.0,18.6,0.0
2016-08-11 19:00:00,19.8,68,100,93.0,18.2,0.0
2016-08-11 20:00:00,19.8,70,100,41.0,17.3,0.0
2016-08-11 21:00:00,18.9,74,98,3.0,15.7,0.0
2016-08-11 22:00:00,18.3,77,67,0.0,14.9,0.0
2016-08-11 23:00:00,17.4,81,28,0.0,15.1,0.0
2016-08-12 00:00:00,16.7,84,25,0.0,14.4,0.0
2016-08-12 01:00:00,16.5,85,19,0.0,14.8,0.0
2016-08-12 02:00:00,16.6,84,39,0.0,14.2,0.0
2016-08-12 03:00:00,16.5,84,36,0.0,13.4,0.0
2016-08-12 04:00:00,16.4,84,37,0.0,12.6,0.0
2016-08-12 05:00:00,16.2,85,2,0.0,12.2,0.0
2016-08-12 06:00:00,16.0,86,0,1.0,11.6,0.0
2016-08-12 07:00:00,16.1,87,0,41.0,11.8,0.0
2016-08-12 08:00:00,16.5,85,0,194.0,12.3,0.0
2016-08-12 09:00:00,18.1,80,0,353.0,12.9,0.0
2016-08-12 10:00:00,19.7,74,0,505.0,13.9,0.0
2016-08-12 11:00:00,21.2,66,1,605.0,14.3,0.0
2016-08-12 12:00:00,22.1,62,3,711.0,16.4,0.0
2016-08-12 13:00:00,22.8,57,0,768.0,17.9,0.0
2016-08-12 14:00:00,23.5,53,0,792.0,18.2,0.0
2016-08-12 15:00:00,23.9,51,0,752.0,18.8,0.0
2016-08-12 16:00:00,24.1,50,0,664.0,19.9,0.0
2016-08-12 17:00:00,23.8,51,0,539.0,20.1,0.0
2016-08-12 18:00:00,23.1,54,0,389.0,19.8,0.0
2016-08-12 19:00:00,22.1,58,0,230.0,18.0,0.0
2016-08-12 20:00:00,20.7,62,0,85.0,16.9,0.0
2016-08-12 21:00:00,19.1,66,1,5.0,17.1,0.0
2016-08-12 22:00:00,17.8,70,6,0.0,17.0,0.0
2016-08-12 23:00:00,16.6,73,3,0.0,17.1,0.0
2016-08-13 00:00:00,15.8,76,43,0.0,16.5,0.0
2016-08-13 01:00:00,15.1,79,88,0.0,15.7,0.0
2016-08-13 02:00:00,14.7,81,96,0.0,16.1,0.0
2016-08-13 03:00:00,14.5,84,99,0.0,15.7,0.0
2016-08-13 04:00:00,14.4,85,77,0.0,15.5,0.0
2016-08-13 05:00:00,14.1,88,44,0.0,14.9,0.0
2016-08-13 06:00:00,13.8,91,62,1.0,15.0,0.0
2016-08-13 07:00:00,14.3,90,78,50.0,14.3,0.0
2016-08-13 08:00:00,16.5,82,94,126.0,20.1,0.0
2016-08-13 09:00:00,17.6,77,97,181.0,20.3,0.0
2016-08-13 10:00:00,18.8,73,96,255.0,19.2,0.0
2016-08-13 11:00:00,19.9,71,99,335.0,15.7,0.0
2016-08-13 12:00:00,20.9,67,100,371.0,15.2,0.1
2016-08-13 13:00:00,21.3,65,100,339.0,16.9,0.0
2016-08-13 14:00:00,21.8,63,83,404.0,18.4,0.0
2016-08-13 15:00:00,22.6,59,68,541.0,19.1,0.0
2016-08-13 16:00:00,23.0,57,61,499.0,18.6,0.0
2016-08-13 17:00:00,23.1,54,62,454.0,16.6,0.0
2016-08-13 18:00:00,22.6,53,46,311.0,15.1,0.0
2016-08-13 19:00:00,22.1,55,43,171.0,11.6,0.0
2016-08-13 20:00:00,21.1,61,42,62.0,7.6,0.0
2016-08-13 21:00:00,19.7,67,84,3.0,6.2,0.0
2016-08-13 22:00:00,18.8,69,86,0.0,6.9,0.0
2016-08-13 23:00:00,17.6,72,99,0.0,7.7,0.0
2016-08-14 00:00:00,16.8,72,98,0.0,9.1,0.0
2016-08-14 01:00:00,16.3,72,98,0.0,9.8,0.0
2016-08-14 02:00:00,15.7,74,96,0.0,10.0,0.0
2016-08-14 03:00:00,15.2,76,100,0.0,9.5,0.0
2016-08-14 04:00:00,14.7,77,99,0.0,9.4,0.0
2016-08-14 05:00:00,14.2,79,90,0.0,9.4,0.0
2016-08-14 06:00:00,13.9,81,89,1.0,8.4,0.0
2016-08-14 07:00:00,14.2,81,76,48.0,7.6,0.0
2016-08-14 08:00:00,16.3,74,57,103.0,6.5,0.0
2016-08-14 09:00:00,17.7,65,32,277.0,6.2,0.0
2016-08-14 10:00:00,18.7,57,45,417.0,8.3,0.0
2016-08-14 11:00:00,19.6,53,90,544.0,8.0,0.0
2016-08-14 12:00:00,20.5,50,97,567.0,8.3,0.0
2016-08-14 13:00:00,21.3,48,97,610.0,7.9,0.0
2016-08-14 14:00:00,21.7,47,96,465.0,8.3,0.0
2016-08-14 15:00:00,22.1,46,98,488.0,9.0,0.0
2016-08-14 16:00:00,22.1,46,96,418.0,9.4,0.0
2016-08-14 17:00:00,21.9,47,96,332.0,9.8,0.0
2016-08-14 18:00:00,21.6,48,84,248.0,9.3,0.0
2016-08-14 19:00:00,21.0,51,63,125.0,8.2,0.0
2016-08-14 20:00:00,19.5,55,55,46.0,6.3,0.0
2016-08-14 21:00:00,18.8,58,42,2.0,6.2,0.0
2016-08-14 22:00:00,17.6,65,48,0.0,5.7,0.0
2016-08-14 23:00:00,16.3,72,36,0.0,6.4,0.0
2016-08-15 00:00:00,15.5,77,20,0.0,6.5,0.0
2016-08-15 01:00:00,14.8,81,17,0.0,6.9,0.0
2016-08-15 02:00:00,13.8,85,4,0.0,6.7,0.0
2016-08-15 03:00:00,13.0,90,9,0.0,6.6,0.0
2016-08-15 04:00:00,12.6,91,8,0.0,5.8,0.0
2016-08-15 05:00:00,12.4,91,4,0.0,6.8,0.0
2016-08-15 06:00:00,11.7,94,6,0.0,5.9,0.0
2016-08-15 07:00:00,12.5,94,9,51.0,7.9,0.0
2016-08-15 08:00:00,15.4,87,8,184.0,8.0,0.0
2016-08-15 09:00:00,17.2,74,16,345.0,11.4,0.0
2016-08-15 10:00:00,18.5,64,19,488.0,13.8,0.0
2016-08-15 11:00:00,19.5,58,19,621.0,13.3,0.0
2016-08-15 12:00:00,20.3,55,8,716.0,14.0,0.0
2016-08-15 13:00:00,21.0,52,0,785.0,14.0,0.0
2016-08-15 14:00:00,21.4,50,1,791.0,14.3,0.0
2016-08-15 15:00:00,21.5,51,2,747.0,14.2,0.0
2016-08-15 16:00:00,21.3,51,0,659.0,14.2,0.0
2016-08-15 17:00:00,20.8,53,0,534.0,14.1,0.0
2016-08-15 18:00:00,19.9,57,0,382.0,14.1,0.0
2016-08-15 19:00:00,18.8,61,0,222.0,13.3,0.0
2016-08-15 20:00:00,17.7,65,0,77.0,12.6,0.0
2016-08-15 21:00:00,16.2,71,11,3.0,12.6,0.0
2016-08-15 22:00:00,15.3,77,42,0.0,12.3,0.0
2016-08-15 23:00:00,14.6,82,1,0.0,11.5,0.0
2016-08-16 00:00:00,13.9,87,0,0.0,10.2,0.0
2016-08-16 01:00:00,13.3,91,6,0.0,10.0,0.0
2016-08-16 02:00:00,12.8,93,47,0.0,9.9,0.0
2016-08-16 03:00:00,12.5,94,92,0.0,10.1,0.0
2016-08-16 04:00:00,12.6,95,88,0.0,10.1,0.0
2016-08-16 05:00:00,13.0,95,89,0.0,10.0,0.0
2016-08-16 06:00:00,12.9,95,69,0.0,9.9,0.0
2016-08-16 07:00:00,13.5,94,77,44.0,11.7,0.0
2016-08-16 08:00:00,15.8,89,91,130.0,12.0,0.0
2016-08-16 09:00:00,17.5,78,95,239.0,15.6,0.0
2016-08-16 10:00:00,18.7,70,92,339.0,14.3,0.0
2016-08-16 11:00:00,19.5,65,89,396.0,10.9,0.0
2016-08-16 12:00:00,20.6,60,82,588.0,11.0,0.0
2016-08-16 13:00:00,21.1,57,92,597.0,11.4,0.0
2016-08-16 14:00:00,21.4,56,90,563.0,11.7,0.0
2016-08-16 15:00:00,21.2,56,88,512.0,12.1,0.0
2016-08-16 16:00:00,20.9,57,90,448.0,13.1,0.0
2016-08-16 17:00:00,20.3,59,88,340.0,13.6,0.0
2016-08-16 18:00:00,19.7,61,66,273.0,13.9,0.0
2016-08-16 19:00:00,18.8,66,59,180.0,14.1,0.0
2016-08-16 20:00:00,17.6,68,46,69.0,13.3,0.0
2016-08-16 21:00:00,16.3,75,43,2.0,12.3,0.0
2016-08-16 22:00:00,15.2,82,30,0.0,10.9,0.0
2016-08-16 23:00:00,14.4,87,0,0.0,10.8,0.0
2016-08-17 00:00:00,13.6,91,3,0.0,11.1,0.0
2016-08-17 01:00:00,13.2,92,15,0.0,11.2,0.0
2016-08-17 02:00:00,12.9,93,37,0.0,11.1,0.0
2016-08-17 03:00:00,12.9,93,50,0.0,11.0,0.0
2016-08-17 04:00:00,13.0,93,43,0.0,10.8,0.0
2016-08-17 05:00:00,13.2,94,40,0.0,10.5,0.0
2016-08-17 06:00:00,13.0,95,38,0.0,10.8,0.0
2016-08-17 07:00:00,13.9,94,20,47.0,12.8,0.0
2016-08-17 08:00:00,16.4,89,19,165.0,13.4,0.0
2016-08-17 09:00:00,17.9,80,32,288.0,14.4,0.0
2016-08-17 10:00:00,19.5,71,38,452.0,13.4,0.0
2016-08-17 11:00:00,20.8,63,5,553.0,10.6,0.0
2016-08-17 12:00:00,21.9,58,17,643.0,9.9,0.0
2016-08-17 13:00:00,22.4,55,26,576.0,10.4,0.0
2016-08-17 14:00:00,23.1,52,28,689.0,10.9,0.0
2016-08-17 15:00:00,23.2,52,6,656.0,10.4,0.0
2016-08-17 16:00:00,23.2,52,8,588.0,9.4,0.0
2016-08-17 17:00:00,23.0,53,1,506.0,9.7,0.0
2016-08-17 18:00:00,22.4,56,7,367.0,9.7,0.0
2016-08-17 19:00:00,21.2,62,10,204.0,10.2,0.0
2016-08-17 20:00:00,19.7,67,43,70.0,10.0,0.0
2016-08-17 21:00:00,17.8,76,79,1.0,10.0,0.0
2016-08-17 22:00:00,16.6,84,92,0.0,7.3,0.0
2016-08-17 23:00:00,15.3,90,95,0.0,8.6,0.0
2016-08-18 00:00:00,14.4,93,100,0.0,9.0,0.0
2016-08-18 01:00:00,14.0,94,100,0.0,8.3,0.0
2016-08-18 02:00:00,13.9,94,99,0.0,8.4,0.0
2016-08-18 03:00:00,13.9,94,63,0.0,6.4,0.0
2016-08-18 04:00:00,13.7,95,80,0.0,4.2,0.1
2016-08-18 05:00:00,13.4,95,90,0.0,5.8,0.0
2016-08-18 06:00:00,13.5,96,79,0.0,6.2,0.2
2016-08-18 07:00:00,14.0,96,53,29.0,8.1,0.3
2016-08-18 08:00:00,16.2,90,31,144.0,7.2,0.2
2016-08-18 09:00:00,18.1,83,65,288.0,6.6,0.3
2016-08-18 10:00:00,19.3,77,78,310.0,7.9,0.4
2016-08-18 11:00:00,20.2,71,85,312.0,7.6,0.0
2016-08-18 12:00:00,20.9,67,71,329.0,10.3,0.0
2016-08-18 13:00:00,22.0,61,68,519.0,9.9,0.0
2016-08-18 14:00:00,22.5,58,59,560.0,8.3,0.0
2016-08-18 15:00:00,22.6,57,46,470.0,9.7,0.0
2016-08-18 16:00:00,22.5,57,27,412.0,11.5,0.0
2016-08-18 17:00:00,22.3,56,36,400.0,10.6,0.0
2016-08-18 18:00:00,21.5,59,43,217.0,10.4,0.0
2016-08-18 19:00:00,20.6,64,93,129.0,9.3,0.0
2016-08-18 20:00:00,20.0,68,86,48.0,9.8,0.0
2016-08-18 21:00:00,18.6,75,70,1.0,11.6,0.0
2016-08-18 22:00:00,17.5,81,80,0.0,11.4,0.0
2016-08-18 23:00:00,17.1,84,96,0.0,11.7,0.0
2016-08-19 00:00:00,16.5,88,68,0.0,10.8,0.0
2016-08-19 01:00:00,15.9,92,84,0.0,11.1,0.0
2016-08-19 02:00:00,15.4,94,100,0.0,11.5,0.0
2016-08-19 03:00:00,15.5,95,100,0.0,11.3,0.0
2016-08-19 04:00:00,15.7,95,100,0.0,10.0,0.0
2016-08-19 05:00:00,15.7,95,100,0.0,9.4,0.0
2016-08-19 06:00:00,15.7,96,100,0.0,8.9,0.0
2016-08-19 07:00:00,15.9,96,100,8.0,10.2,0.0
2016-08-19 08:00:00,17.0,92,100,61.0,12.7,0.1
2016-08-19 09:00:00,17.6,88,100,78.0,13.7,0.0
2016-08-19 10:00:00,18.5,84,100,135.0,15.0,0.3
2016-08-19 11:00:00,18.3,87,100,71.0,13.1,0.6
2016-08-19 12:00:00,18.1,90,100,62.0,17.5,0.3
2016-08-19 13:00:00,18.4,88,100,159.0,16.9,0.2
2016-08-19 14:00:00,19.1,82,98,211.0,17.7,0.1
2016-08-19 15:00:00,18.8,84,98,152.0,20.0,0.2
2016-08-19 16:00:00,19.1,81,100,199.0,19.9,0.2
2016-08-19 17:00:00,19.0,79,100,150.0,20.6,0.0
2016-08-19 18:00:00,18.2,82,96,30.0,21.0,0.2
2016-08-19 19:00:00,18.1,84,45,47.0,20.3,0.0
2016-08-19 20:00:00,17.4,86,16,42.0,20.3,0.0
2016-08-19 21:00:00,16.5,86,3,1.0,20.2,0.0
2016-08-19 22:00:00,15.8,87,16,0.0,20.5,0.0
2016-08-19 23:00:00,15.5,88,15,0.0,20.3,0.0
2016-08-20 00:00:00,15.3,88,29,0.0,20.0,0.0
2016-08-20 01:00:00,15.1,88,40,0.0,19.5,0.0
2016-08-20 02:00:00,15.0,89,39,0.0,20.4,0.0
2016-08-20 03:00:00,14.8,88,49,0.0,21.9,0.0
2016-08-20 04:00:00,14.8,87,61,0.0,23.3,0.0
2016-08-20 05:00:00,14.8,86,41,0.0,23.6,0.0
2016-08-20 06:00:00,14.6,86,38,0.0,23.4,0.0
2016-08-20 07:00:00,14.8,85,38,37.0,25.9,0.0
2016-08-20 08:00:00,15.8,80,64,119.0,26.1,0.0
2016-08-20 09:00:00,16.6,74,72,263.0,30.3,0.2
2016-08-20 10:00:00,17.1,72,77,266.0,31.4,0.7
2016-08-20 11:00:00,17.8,71,52,335.0,26.3,0.0
2016-08-20 12:00:00,19.1,70,51,547.0,30.0,0.0
2016-08-20 13:00:00,19.5,66,72,569.0,32.6,0.0
2016-08-20 14:00:00,19.7,63,60,595.0,33.3,0.0
2016-08-20 15:00:00,19.8,62,69,616.0,36.3,0.0
2016-08-20 16:00:00,18.6,62,77,332.0,35.4,0.2
2016-08-20 17:00:00,17.8,69,80,239.0,30.6,0.3
2016-08-20 18:00:00,17.0,74,63,106.0,27.7,0.0
2016-08-20 19:00:00,16.8,74,66,105.0,27.5,0.0
2016-08-20 20:00:00,16.5,74,68,36.0,27.0,0.0
2016-08-20 21:00:00,16.0,76,84,0.0,26.0,0.0
2016-08-20 22:00:00,15.8,77,94,0.0,26.2,0.0
2016-08-20 23:00:00,15.7,78,89,0.0,24.0,0.0
2016-08-21 00:00:00,15.8,78,99,0.0,24.7,0.0
2016-08-21 01:00:00,15.7,79,100,0.0,25.3,0.0
2016-08-21 02:00:00,15.6,80,96,0.0,25.5,0.0
2016-08-21 03:00:00,15.6,80,97,0.0,25.1,0.0
2016-08-21 04:00:00,15.4,82,85,0.0,23.7,0.0
2016-08-21 05:00:00,15.2,83,92,0.0,23.2,0.0
2016-08-21 06:00:00,15.1,84,98,0.0,23.2,0.0
2016-08-21 07:00:00,15.1,84,100,14.0,22.6,0.0
2016-08-21 08:00:00,15.5,85,89,75.0,21.6,0.2
2016-08-21 09:00:00,16.1,82,96,161.0,22.1,0.0
2016-08-21 10:00:00,16.8,77,48,209.0,23.4,0.0
2016-08-21 11:00:00,18.0,70,62,354.0,19.9,0.0
2016-08-21 12:00:00,19.1,64,45,554.0,20.9,0.2
2016-08-21 13:00:00,19.4,62,61,436.0,22.3,0.0
2016-08-21 14:00:00,20.3,58,60,531.0,24.1,0.0
2016-08-21 15:00:00,20.4,57,73,429.0,25.0,0.0
2016-08-21 16:00:00,20.3,57,71,407.0,23.1,0.0
2016-08-21 17:00:00,20.4,54,78,377.0,24.1,0.0
2016-08-21 18:00:00,19.9,56,99,223.0,23.9,0.0
2016-08-21 19:00:00,18.2,71,100,64.0,20.7,0.3
2016-08-21 20:00:00,17.5,79,100,12.0,17.8,0.3
2016-08-21 21:00:00,17.0,85,100,0.0,17.6,0.7
2016-08-21 22:00:00,16.6,91,99,0.0,18.7,1.2
2016-08-21 23:00:00,16.7,92,99,0.0,18.6,0.8
2016-08-22 00:00:00,16.6,91,97,0.0,19.5,0.4
2016-08-22 01:00:00,16.5,92,94,0.0,19.1,0.0
2016-08-22 02:00:00,16.4,92,97,0.0,19.8,0.0
2016-08-22 03:00:00,16.3,91,98,0.0,19.4,0.0
2016-08-22 04:00:00,16.2,91,95,0.0,20.1,0.0
2016-08-22 05:00:00,16.2,90,89,0.0,20.1,0.0
2016-08-22 06:00:00,16.1,90,88,0.0,18.5,0.0
2016-08-22 07:00:00,16.2,89,96,16.0,17.9,0.0
2016-08-22 08:00:00,17.1,91,81,109.0,18.8,0.6
2016-08-22 09:00:00,17.8,86,99,171.0,20.5,0.0
2016-08-22 10:00:00,18.5,81,91,214.0,22.6,0.0
2016-08-22 11:00:00,19.8,72,67,380.0,23.6,0.0
2016-08-22 12:00:00,20.9,65,73,417.0,23.0,0.0
2016-08-22 13:00:00,22.3,61,93,530.0,22.7,0.0
2016-08-22 14:00:00,22.9,61,78,516.0,22.4,0.0
2016-08-22 15:00:00,22.9,62,92,369.0,22.8,0.0
2016-08-22 16:00:00,22.7,64,77,272.0,21.0,0.0
2016-08-22 17:00:00,22.5,66,80,224.0,20.2,0.0
2016-08-22 18:00:00,22.0,68,69,126.0,17.6,0.0
2016-08-22 19:00:00,21.3,72,80,64.0,15.3,0.0
2016-08-22 20:00:00,20.2,72,68,29.0,13.0,0.0
2016-08-22 21:00:00,18.8,78,50,0.0,11.0,0.0
2016-08-22 22:00:00,17.8,83,78,0.0,8.9,0.0
2016-08-22 23:00:00,16.9,87,74,0.0,9.1,0.0
2016-08-23 00:00:00,15.9,91,65,0.0,7.1,0.0
2016-08-23 01:00:00,15.0,94,52,0.0,6.2,0.0
2016-08-23 02:00:00,14.4,96,63,0.0,5.8,0.0
2016-08-23 03:00:00,14.0,97,68,0.0,5.4,0.0
2016-08-23 04:00:00,13.6,97,48,0.0,5.4,0.0
2016-08-23 05:00:00,13.2,97,28,0.0,5.8,0.0
2016-08-23 06:00:00,12.9,98,87,0.0,6.5,0.0
2016-08-23 07:00:00,13.6,96,71,35.0,9.0,0.0
2016-08-23 08:00:00,16.7,87,22,146.0,8.5,0.0
2016-08-23 09:00:00,19.4,71,22,313.0,9.5,0.0
2016-08-23 10:00:00,21.8,59,2,463.0,11.0,0.0
2016-08-23 11:00:00,23.8,54,0,590.0,11.4,0.0
2016-08-23 12:00:00,25.4,53,0,682.0,13.4,0.0
2016-08-23 13:00:00,26.5,52,0,731.0,14.8,0.0
2016-08-23 14:00:00,27.3,50,0,733.0,16.6,0.0
2016-08-23 15:00:00,27.7,48,0,688.0,17.9,0.0
2016-08-23 16:00:00,27.7,47,2,600.0,18.5,0.0
2016-08-23 17:00:00,27.4,48,27,478.0,17.9,0.0
2016-08-23 18:00:00,26.7,52,73,330.0,14.7,0.0
2016-08-23 19:00:00,25.6,57,81,173.0,11.8,0.0
2016-08-23 20:00:00,24.1,58,50,44.0,9.7,0.0
2016-08-23 21:00:00,22.6,64,1,0.0,10.4,0.0
2016-08-23 22:00:00,21.7,67,47,0.0,10.7,0.0
2016-08-23 23:00:00,21.0,69,87,0.0,10.3,0.0
2016-08-24 00:00:00,20.6,72,90,0.0,9.1,0.0
2016-08-24 01:00:00,20.0,75,88,0.0,7.6,0.0
2016-08-24 02:00:00,19.4,78,77,0.0,8.8,0.0
2016-08-24 03:00:00,18.8,82,61,0.0,7.3,0.0
2016-08-24 04:00:00,18.0,86,67,0.0,5.0,0.0
2016-08-24 05:00:00,17.5,88,74,0.0,2.6,0.0
2016-08-24 06:00:00,17.7,86,68,0.0,2.1,0.0
2016-08-24 07:00:00,19.0,81,43,27.0,3.3,0.0
2016-08-24 08:00:00,20.2,83,32,144.0,4.2,0.0
2016-08-24 09:00:00,22.5,74,25,304.0,4.3,0.0
2016-08-24 10:00:00,24.2,69,5,454.0,4.1,0.0
2016-08-24 11:00:00,25.6,64,2,582.0,6.1,0.0
2016-08-24 12:00:00,27.0,61,1,676.0,4.5,0.0
2016-08-24 13:00:00,28.1,58,6,727.0,2.5,0.0
2016-08-24 14:00:00,28.9,56,28,728.0,0.4,0.0
2016-08-24 15:00:00,29.4,54,52,669.0,1.1,0.0
2016-08-24 16:00:00,29.6,54,98,569.0,1.6,0.0
2016-08-24 17:00:00,29.5,53,100,414.0,5.0,0.0
2016-08-24 18:00:00,29.0,56,100,227.0,6.8,0.0
2016-08-24 19:00:00,27.8,62,100,97.0,7.5,0.0
2016-08-24 20:00:00,26.5,63,99,23.0,8.2,0.0
2016-08-24 21:00:00,24.7,68,90,0.0,10.3,0.0
2016-08-24 22:00:00,22.8,74,86,0.0,14.0,0.7
2016-08-24 23:00:00,21.1,79,88,0.0,13.9,0.1
2016-08-25 00:00:00,20.4,82,96,0.0,17.1,0.0
2016-08-25 01:00:00,20.0,83,96,0.0,15.9,0.0
2016-08-25 02:00:00,19.6,84,91,0.0,8.1,0.0
2016-08-25 03:00:00,19.3,85,91,0.0,4.3,0.0
2016-08-25 04:00:00,18.9,87,83,0.0,3.6,0.2
2016-08-25 05:00:00,18.8,87,96,0.0,5.0,0.0
2016-08-25 06:00:00,18.6,88,100,0.0,6.2,0.4
2016-08-25 07:00:00,18.6,88,99,17.0,9.7,0.4
2016-08-25 08:00:00,19.3,88,98,106.0,10.5,0.0
2016-08-25 09:00:00,20.8,81,99,214.0,10.2,0.0
2016-08-25 10:00:00,22.7,73,98,358.0,8.9,0.0
2016-08-25 11:00:00,23.9,69,94,413.0,3.1,0.0
2016-08-25 12:00:00,25.0,66,40,461.0,3.9,0.0
2016-08-25 13:00:00,26.4,63,53,653.0,3.5,0.0
2016-08-25 14:00:00,27.4,60,56,682.0,5.0,0.0
2016-08-25 15:00:00,28.0,59,65,627.0,6.5,0.0
2016-08-25 16:00:00,28.2,58,42,507.0,5.9,0.0
2016-08-25 17:00:00,28.3,58,50,423.0,4.2,0.0
2016-08-25 18:00:00,27.9,59,29,246.0,4.0,0.0
2016-08-25 19:00:00,27.1,63,36,139.0,4.1,0.0
2016-08-25 20:00:00,24.7,75,29,30.0,4.9,0.0
2016-08-25 21:00:00,23.8,83,28,0.0,2.7,0.0
2016-08-25 22:00:00,22.7,86,43,0.0,1.9,0.0
2016-08-25 23:00:00,21.2,93,63,0.0,7.2,0.0
2016-08-26 00:00:00,20.8,93,90,0.0,10.9,0.0
2016-08-26 01:00:00,20.4,94,91,0.0,10.8,0.1
2016-08-26 02:00:00,19.6,95,89,0.0,9.1,0.0
2016-08-26 03:00:00,19.1,96,45,0.0,5.9,0.2
2016-08-26 04:00:00,18.5,96,36,0.0,3.8,0.0
2016-08-26 05:00:00,18.1,97,54,0.0,6.1,0.0
2016-08-26 06:00:00,17.8,97,52,0.0,7.5,0.0
2016-08-26 07:00:00,17.9,96,100,23.0,9.4,0.0
2016-08-26 08:00:00,17.9,96,80,89.0,10.8,0.0
2016-08-26 09:00:00,19.1,87,42,257.0,10.6,0.0
2016-08-26 10:00:00,20.2,75,36,427.0,9.6,0.0
2016-08-26 11:00:00,21.2,65,18,541.0,6.3,0.0
2016-08-26 12:00:00,22.3,56,13,676.0,6.5,0.0
2016-08-26 13:00:00,23.1,49,0,741.0,6.2,0.0
2016-08-26 14:00:00,23.8,45,4,749.0,6.5,0.0
2016-08-26 15:00:00,24.3,42,1,703.0,7.2,0.0
2016-08-26 16:00:00,24.5,40,1,613.0,7.6,0.0
2016-08-26 17:00:00,24.3,39,0,484.0,8.5,0.0
2016-08-26 18:00:00,23.8,41,0,330.0,9.8,0.0
2016-08-26 19:00:00,22.9,45,0,170.0,8.9,0.0
2016-08-26 20:00:00,21.6,47,1,37.0,8.5,0.0
2016-08-26 21:00:00,20.0,52,12,0.0,9.1,0.0
2016-08-26 22:00:00,18.8,57,33,0.0,9.8,0.0
2016-08-26 23:00:00,17.9,62,2,0.0,10.4,0.0
2016-08-27 00:00:00,17.2,67,4,0.0,10.0,0.0
2016-08-27 01:00:00,16.6,71,4,0.0,9.5,0.0
2016-08-27 02:00:00,16.2,76,7,0.0,10.4,0.0
2016-08-27 03:00:00,16.0,82,8,0.0,10.7,0.0
2016-08-27 04:00:00,15.9,88,12,0.0,10.7,0.0
2016-08-27 05:00:00,15.9,92,13,0.0,11.1,0.0
2016-08-27 06:00:00,16.0,93,34,0.0,11.4,0.0
2016-08-27 07:00:00,16.8,90,49,20.0,13.4,0.0
2016-08-27 08:00:00,18.3,84,48,111.0,13.4,0.0
2016-08-27 09:00:00,20.3,73,67,278.0,14.9,0.0
2016-08-27 10:00:00,21.9,68,95,420.0,14.3,0.5
2016-08-27 11:00:00,21.4,76,98,349.0,14.4,3.0
2016-08-27 12:00:00,20.6,81,96,140.0,17.9,2.7
2016-08-27 13:00:00,19.7,87,100,95.0,18.4,1.5
2016-08-27 14:00:00,18.9,88,100,77.0,16.8,0.4
2016-08-27 15:00:00,18.6,86,100,231.0,15.9,0.0
2016-08-27 16:00:00,20.5,80,69,494.0,15.2,0.0
2016-08-27 17:00:00,21.5,77,38,401.0,15.5,0.0
2016-08-27 18:00:00,22.1,76,43,256.0,12.5,0.0
2016-08-27 19:00:00,22.0,79,86,105.0,6.8,0.0
2016-08-27 20:00:00,20.8,87,72,21.0,5.9,0.0
2016-08-27 21:00:00,20.2,90,43,0.0,6.9,0.0
2016-08-27 22:00:00,20.0,91,23,0.0,9.8,0.2
2016-08-27 23:00:00,19.4,92,56,0.0,4.8,0.0
2016-08-28 00:00:00,18.9,92,47,0.0,5.8,0.0
2016-08-28 01:00:00,18.3,91,74,0.0,8.4,0.0
2016-08-28 02:00:00,17.7,91,94,0.0,10.3,0.0
2016-08-28 03:00:00,16.9,90,97,0.0,12.5,0.0
2016-08-28 04:00:00,16.1,90,99,0.0,13.8,0.0
2016-08-28 05:00:00,15.4,90,60,0.0,14.5,0.0
2016-08-28 06:00:00,14.8,92,37,0.0,14.5,0.0
2016-08-28 07:00:00,15.0,93,60,22.0,14.1,0.0
2016-08-28 08:00:00,16.1,92,89,99.0,17.6,0.0
2016-08-28 09:00:00,17.9,82,97,229.0,20.2,0.0
2016-08-28 10:00:00,18.7,78,83,232.0,19.7,0.0
2016-08-28 11:00:00,19.3,76,99,307.0,18.1,0.0
2016-08-28 12:00:00,20.1,75,94,374.0,18.4,0.1
2016-08-28 13:00:00,20.9,74,97,486.0,18.4,0.0
2016-08-28 14:00:00,20.1,77,100,335.0,19.9,0.4
2016-08-28 15:00:00,20.2,79,99,326.0,20.2,0.3
2016-08-28 16:00:00,20.3,78,95,282.0,20.1,0.2
2016-08-28 17:00:00,19.8,78,84,264.0,17.7,0.2
2016-08-28 18:00:00,19.4,80,78,183.0,16.3,0.2
2016-08-28 19:00:00,18.7,83,92,74.0,14.3,0.0
2016-08-28 20:00:00,18.3,84,82,9.0,11.2,0.0
2016-08-28 21:00:00,17.8,87,95,0.0,8.6,0.1
2016-08-28 22:00:00,17.6,88,89,0.0,7.6,0.0
2016-08-28 23:00:00,17.7,89,54,0.0,6.5,0.0
2016-08-29 00:00:00,17.0,92,51,0.0,6.9,0.0
2016-08-29 01:00:00,16.5,95,80,0.0,7.7,0.0
2016-08-29 02:00:00,16.1,96,96,0.0,8.8,0.0
2016-08-29 03:00:00,15.8,96,91,0.0,9.4,0.0
2016-08-29 04:00:00,15.4,95,78,0.0,9.4,0.0
2016-08-29 05:00:00,15.0,94,100,0.0,9.4,0.0
2016-08-29 06:00:00,14.5,94,98,0.0,8.6,0.0
2016-08-29 07:00:00,14.5,92,91,18.0,7.3,0.0
2016-08-29 08:00:00,15.3,94,87,78.0,6.2,0.0
2016-08-29 09:00:00,16.0,86,73,165.0,6.6,0.0
2016-08-29 10:00:00,16.9,80,73,232.0,6.6,0.0
2016-08-29 11:00:00,18.6,69,58,438.0,7.1,0.2
2016-08-29 12:00:00,19.5,65,64,466.0,7.7,0.1
2016-08-29 13:00:00,20.3,60,51,483.0,7.4,0.1
2016-08-29 14:00:00,21.1,56,56,516.0,8.5,0.0
2016-08-29 15:00:00,21.0,56,41,362.0,9.1,0.0
2016-08-29 16:00:00,21.4,54,31,410.0,9.6,0.0
2016-08-29 17:00:00,21.1,54,25,263.0,9.0,0.0
2016-08-29 18:00:00,21.0,53,29,262.0,8.7,0.0
2016-08-29 19:00:00,20.2,56,32,130.0,4.6,0.0
2016-08-29 20:00:00,19.4,63,35,24.0,6.5,0.0
2016-08-29 21:00:00,18.3,67,37,0.0,4.7,0.0
2016-08-29 22:00:00,18.8,61,36,0.0,2.6,0.0
2016-08-29 23:00:00,18.1,64,2,0.0,2.7,0.0
2016-08-30 00:00:00,16.9,70,6,0.0,4.6,0.0
2016-08-30 01:00:00,14.8,80,7,0.0,4.8,0.0
2016-08-30 02:00:00,13.3,88,0,0.0,5.6,0.0
2016-08-30 03:00:00,12.7,90,0,0.0,6.0,0.0
2016-08-30 04:00:00,12.5,91,0,0.0,6.4,0.0
2016-08-30 05:00:00,12.5,92,0,0.0,5.9,0.0
2016-08-30 06:00:00,12.5,93,0,0.0,5.4,0.0
2016-08-30 07:00:00,12.8,94,2,21.0,2.6,0.0
2016-08-30 08:00:00,14.8,93,2,132.0,2.3,0.0
2016-08-30 09:00:00,17.9,79,1,274.0,2.9,0.0
2016-08-30 10:00:00,20.3,65,0,421.0,6.1,0.0
2016-08-30 11:00:00,21.9,55,5,563.0,6.2,0.0
2016-08-30 12:00:00,22.9,50,8,661.0,7.5,0.0
2016-08-30 13:00:00,23.5,48,13,710.0,8.6,0.0
2016-08-30 14:00:00,23.9,47,8,711.0,8.8,0.0
2016-08-30 15:00:00,24.1,47,11,660.0,8.2,0.0
2016-08-30 16:00:00,24.2,46,4,567.0,8.4,0.0
2016-08-30 17:00:00,24.0,47,2,420.0,9.1,0.0
2016-08-30 18:00:00,23.3,49,7,291.0,10.0,0.0
2016-08-30 19:00:00,21.9,56,6,136.0,10.6,0.0
2016-08-30 20:00:00,20.5,64,12,22.0,10.9,0.0
2016-08-30 21:00:00,18.8,72,5,0.0,10.0,0.0
2016-08-30 22:00:00,17.6,78,1,0.0,8.6,0.0
2016-08-30 23:00:00,16.1,85,0,0.0,7.2,0.0
2016-08-31 00:00:00,14.7,91,0,0.0,6.3,0.0
2016-08-31 01:00:00,13.9,92,4,0.0,6.2,0.0
2016-08-31 02:00:00,13.2,94,3,0.0,6.8,0.0
2016-08-31 03:00:00,12.6,95,6,0.0,7.0,0.0
2016-08-31 04:00:00,11.9,95,3,0.0,7.0,0.0
2016-08-31 05:00:00,11.7,95,7,0.0,8.9,0.0
2016-08-31 06:00:00,11.6,95,14,0.0,8.5,0.0
2016-08-31 07:00:00,11.9,95,24,20.0,8.9,0.0
2016-08-31 08:00:00,14.8,89,53,129.0,8.8,0.0
2016-08-31 09:00:00,16.8,79,82,274.0,10.2,0.0
2016-08-31 10:00:00,18.5,71,98,400.0,11.5,0.0
2016-08-31 11:00:00,19.8,63,99,499.0,14.6,0.0
2016-08-31 12:00:00,21.2,56,99,554.0,15.5,0.0
2016-08-31 13:00:00,21.9,55,98,529.0,14.9,0.0
2016-08-31 14:00:00,22.3,55,95,405.0,14.9,0.0
2016-08-31 15:00:00,22.4,56,96,336.0,16.1,0.0
2016-08-31 16:00:00,21.8,61,69,187.0,16.6,0.0
2016-08-31 17:00:00,21.3,66,62,159.0,17.1,0.0
2016-08-31 18:00:00,21.0,69,62,159.0,15.1,0.0
2016-08-31 19:00:00,20.3,72,35,108.0,14.1,0.0
2016-08-31 20:00:00,19.3,77,63,15.0,13.2,0.0
2016-08-31 21:00:00,18.2,83,89,0.0,13.2,0.0
2016-08-31 22:00:00,17.3,86,95,0.0,12.8,0.0
2016-08-31 23:00:00,16.5,85,91,0.0,12.0,0.0
2016-09-01 00:00:00,15.5,85,99,0.0,10.9,0.0
2016-09-01 01:00:00,14.8,85,100,0.0,10.6,0.0
2016-09-01 02:00:00,14.3,86,91,0.0,10.1,0.0
2016-09-01 03:00:00,13.8,89,12,0.0,9.0,0.0
2016-09-01 04:00:00,13.0,92,10,0.0,7.9,0.0
2016-09-01 05:00:00,12.6,94,7,0.0,7.2,0.0
2016-09-01 06:00:00,12.5,95,46,0.0,6.8,0.0
2016-09-01 07:00:00,12.7,95,67,14.0,7.2,0.0
2016-09-01 08:00:00,14.4,92,90,118.0,6.8,0.0
2016-09-01 09:00:00,16.1,85,76,230.0,6.5,0.0
2016-09-01 10:00:00,17.9,74,79,391.0,6.5,0.0
2016-09-01 11:00:00,19.0,68,73,421.0,7.5,0.0
2016-09-01 12:00:00,20.0,61,66,454.0,8.7,0.0
2016-09-01 13:00:00,20.8,57,60,505.0,9.2,0.0
2016-09-01 14:00:00,21.8,51,92,617.0,10.1,0.0
2016-09-01 15:00:00,22.2,50,52,601.0,11.0,0.0
2016-09-01 16:00:00,22.3,49,95,528.0,12.6,0.0
2016-09-01 17:00:00,22.2,49,100,431.0,13.2,0.0
2016-09-01 18:00:00,21.6,51,99,270.0,12.4,0.0
2016-09-01 19:00:00,20.5,56,87,100.0,10.2,0.0
2016-09-01 20:00:00,18.8,64,24,18.0,10.7,0.0
2016-09-01 21:00:00,17.4,72,35,0.0,11.8,0.0
2016-09-01 22:00:00,16.2,78,92,0.0,12.4,0.0
2016-09-01 23:00:00,15.4,83,100,0.0,12.2,0.0
2016-09-02 00:00:00,15.0,87,99,0.0,12.2,0.0
2016-09-02 01:00:00,14.6,89,99,0.0,11.8,0.0
2016-09-02 02:00:00,14.1,91,98,0.0,9.8,0.0
2016-09-02 03:00:00,13.6,93,99,0.0,10.2,0.0
2016-09-02 04:00:00,13.3,95,100,0.0,11.7,0.0
2016-09-02 05:00:00,13.2,95,93,0.0,11.5,0.3
2016-09-02 06:00:00,13.3,94,82,0.0,12.8,0.4
2016-09-02 07:00:00,13.5,93,93,10.0,14.8,0.3
2016-09-02 08:00:00,14.9,89,97,99.0,14.5,0.3
2016-09-02 09:00:00,16.4,80,99,174.0,16.6,0.0
2016-09-02 10:00:00,18.3,73,100,304.0,19.7,0.0
2016-09-02 11:00:00,20.0,69,100,375.0,20.3,0.0
2016-09-02 12:00:00,21.0,67,100,364.0,18.0,0.0
2016-09-02 13:00:00,21.0,68,100,276.0,18.1,0.0
2016-09-02 14:00:00,20.7,69,100,216.0,19.5,0.0
2016-09-02 15:00:00,19.9,72,100,111.0,17.8,0.0
2016-09-02 16:00:00,19.5,74,100,73.0,17.1,0.0
2016-09-02 17:00:00,19.1,77,100,35.0,16.6,0.0
2016-09-02 18:00:00,18.8,79,100,23.0,17.1,0.0
2016-09-02 19:00:00,18.7,80,100,34.0,16.1,0.0
2016-09-02 20:00:00,17.7,85,100,1.0,14.3,0.0
2016-09-02 21:00:00,17.6,87,100,0.0,13.5,0.0
2016-09-02 22:00:00,17.5,88,100,0.0,12.9,0.0
2016-09-02 23:00:00,17.3,88,100,0.0,12.1,0.0
2016-09-03 00:00:00,17.0,86,100,0.0,12.2,0.0
2016-09-03 01:00:00,16.2,85,100,0.0,11.0,0.0
2016-09-03 02:00:00,15.2,85,99,0.0,9.9,0.0
2016-09-03 03:00:00,14.4,86,99,0.0,10.7,0.0
2016-09-03 04:00:00,13.6,89,98,0.0,11.4,0.0
2016-09-03 05:00:00,13.2,92,99,0.0,9.8,0.0
2016-09-03 06:00:00,12.6,94,88,0.0,9.5,0.0
2016-09-03 07:00:00,12.4,95,72,14.0,10.0,0.0
2016-09-03 08:00:00,14.3,92,75,79.0,11.4,0.0
2016-09-03 09:00:00,15.5,83,89,206.0,12.4,0.0
2016-09-03 10:00:00,16.9,72,98,305.0,15.7,0.0
2016-09-03 11:00:00,18.2,63,100,367.0,17.0,0.0
2016-09-03 12:00:00,19.3,59,100,454.0,21.5,0.0
2016-09-03 13:00:00,20.0,57,100,445.0,20.0,0.0
2016-09-03 14:00:00,20.2,60,100,294.0,25.3,0.0
2016-09-03 15:00:00,20.2,63,100,287.0,29.4,0.0
2016-09-03 16:00:00,19.3,68,100,263.0,24.0,0.0
2016-09-03 17:00:00,18.6,74,100,164.0,23.8,0.2
2016-09-03 18:00:00,17.7,83,100,48.0,23.8,0.8
2016-09-03 19:00:00,16.9,94,100,16.0,23.1,1.3
2016-09-03 20:00:00,17.0,94,100,4.0,22.5,0.0
2016-09-03 21:00:00,17.5,94,100,0.0,21.9,0.0
2016-09-03 22:00:00,17.7,94,100,0.0,21.5,0.3
2016-09-03 23:00:00,17.6,95,100,0.0,23.2,0.2
2016-09-04 00:00:00,17.5,96,100,0.0,23.9,0.0
2016-09-04 01:00:00,17.4,95,99,0.0,25.1,0.0
2016-09-04 02:00:00,17.4,96,99,0.0,26.9,0.1
2016-09-04 03:00:00,17.5,95,66,0.0,26.9,0.3
2016-09-04 04:00:00,17.4,91,92,0.0,23.2,0.2
2016-09-04 05:00:00,16.1,87,97,0.0,21.5,0.0
2016-09-04 06:00:00,15.1,86,82,0.0,20.2,0.0
2016-09-04 07:00:00,14.6,86,100,11.0,20.9,0.0
2016-09-04 08:00:00,15.9,84,100,55.0,20.9,0.0
2016-09-04 09:00:00,16.3,81,96,115.0,24.0,0.0
2016-09-04 10:00:00,17.4,74,100,265.0,27.2,0.0
2016-09-04 11:00:00,18.5,67,100,348.0,27.1,0.0
2016-09-04 12:00:00,19.1,62,100,381.0,23.7,0.0
2016-09-04 13:00:00,20.0,56,100,413.0,23.3,0.0
2016-09-04 14:00:00,20.2,55,100,298.0,21.4,0.0
2016-09-04 15:00:00,20.3,55,100,218.0,17.9,0.0
2016-09-04 16:00:00,20.3,55,100,198.0,18.2,0.0
2016-09-04 17:00:00,20.1,57,100,160.0,17.7,0.0
2016-09-04 18:00:00,19.6,59,100,83.0,15.9,0.0
2016-09-04 19:00:00,19.1,62,100,50.0,14.8,0.0
2016-09-04 20:00:00,18.1,70,98,6.0,13.4,0.0
2016-09-04 21:00:00,17.5,73,100,0.0,11.8,0.0
2016-09-04 22:00:00,16.9,77,100,0.0,11.0,0.0
2016-09-04 23:00:00,16.4,80,100,0.0,11.8,0.0
2016-09-05 00:00:00,16.0,82,99,0.0,10.0,0.1
2016-09-05 01:00:00,15.8,84,100,0.0,10.2,0.2
2016-09-05 02:00:00,15.4,86,100,0.0,7.4,0.3
2016-09-05 03:00:00,15.1,89,100,0.0,8.3,0.3
2016-09-05 04:00:00,14.9,91,100,0.0,6.9,0.1
2016-09-05 05:00:00,14.9,92,100,0.0,5.8,0.0
2016-09-05 06:00:00,14.8,94,100,0.0,5.2,0.2
2016-09-05 07:00:00,15.0,94,100,1.0,7.2,0.2
2016-09-05 08:00:00,14.9,93,100,5.0,9.8,0.6
2016-09-05 09:00:00,15.1,93,100,10.0,12.0,0.4
2016-09-05 10:00:00,15.6,92,100,29.0,12.8,0.0
2016-09-05 11:00:00,16.4,91,100,87.0,12.4,0.0
2016-09-05 12:00:00,17.2,89,100,109.0,11.6,0.0
2016-09-05 13:00:00,18.4,87,100,188.0,10.1,0.0
2016-09-05 14:00:00,19.6,84,100,222.0,8.0,0.0
2016-09-05 15:00:00,20.5,81,100,202.0,9.2,0.0
2016-09-05 16:00:00,21.0,80,100,139.0,9.7,0.0
2016-09-05 17:00:00,21.6,77,100,138.0,10.3,0.0
2016-09-05 18:00:00,21.4,79,100,58.0,9.5,0.0
2016-09-05 19:00:00,21.1,81,100,25.0,7.5,0.0
2016-09-05 20:00:00,20.8,85,99,3.0,7.9,0.0
2016-09-05 21:00:00,20.5,87,100,0.0,8.7,0.0
2016-09-05 22:00:00,20.3,89,82,0.0,8.9,0.0
2016-09-05 23:00:00,19.9,92,65,0.0,8.2,0.0
2016-09-06 00:00:00,19.5,94,61,0.0,8.9,0.0
2016-09-06 01:00:00,19.2,95,54,0.0,9.2,0.0
2016-09-06 02:00:00,18.9,96,66,0.0,9.7,0.0
2016-09-06 03:00:00,18.8,97,56,0.0,9.3,0.0
2016-09-06 04:00:00,18.6,97,63,0.0,8.9,0.0
2016-09-06 05:00:00,18.5,97,83,0.0,8.2,0.0
2016-09-06 06:00:00,18.4,97,88,0.0,7.4,0.0
2016-09-06 07:00:00,18.3,98,95,5.0,7.3,0.0
2016-09-06 08:00:00,19.5,95,96,39.0,7.0,0.0
2016-09-06 09:00:00,20.3,91,100,65.0,7.8,0.0
2016-09-06 10:00:00,21.1,87,91,122.0,6.6,0.0
2016-09-06 11:00:00,21.9,84,97,205.0,7.7,0.0
2016-09-06 12:00:00,22.8,77,100,208.0,9.2,0.1
2016-09-06 13:00:00,23.3,75,100,257.0,9.7,0.0
2016-09-06 14:00:00,23.3,75,100,257.0,9.7,0.0
2016-09-06 15:00:00,23.2,75,100,195.0,10.0,0.0
2016-09-06 16:00:00,23.1,74,100,159.0,8.7,0.0
2016-09-06 17:00:00,22.9,74,93,127.0,7.7,0.0
2016-09-06 18:00:00,22.4,76,85,67.0,7.8,0.0
2016-09-06 19:00:00,21.8,79,82,42.0,7.1,0.0
2016-09-06 20:00:00,20.8,84,97,5.0,7.1,0.0
2016-09-06 21:00:00,20.3,86,93,0.0,7.4,0.0
2016-09-06 22:00:00,19.8,87,100,0.0,7.7,0.0
2016-09-06 23:00:00,19.3,88,85,0.0,8.3,0.0
2016-09-07 00:00:00,18.9,89,63,0.0,8.0,0.0
2016-09-07 01:00:00,18.7,89,64,0.0,7.2,0.0
2016-09-07 02:00:00,18.5,89,42,0.0,5.9,0.0
2016-09-07 03:00:00,18.1,90,39,0.0,4.5,0.0
2016-09-07 04:00:00,17.3,94,54,0.0,5.4,0.0
2016-09-07 05:00:00,16.8,95,87,0.0,4.5,0.0
2016-09-07 06:00:00,17.1,94,92,0.0,2.9,0.0
2016-09-07 07:00:00,17.1,94,92,7.0,2.8,0.0
2016-09-07 08:00:00,18.0,92,100,28.0,3.5,0.0
2016-09-07 09:00:00,18.9,90,100,79.0,5.0,0.0
2016-09-07 10:00:00,20.3,87,100,143.0,7.4,0.0
2016-09-07 11:00:00,21.4,82,99,188.0,10.5,0.0
2016-09-07 12:00:00,23.3,71,93,327.0,11.5,0.0
2016-09-07 13:00:00,24.1,68,80,327.0,10.1,0.0
2016-09-07 14:00:00,24.7,64,76,341.0,9.0,0.0
2016-09-07 15:00:00,24.8,63,75,316.0,9.7,0.0
2016-09-07 16:00:00,25.1,60,63,314.0,8.9,0.0
2016-09-07 17:00:00,25.1,57,36,314.0,9.2,0.0
2016-09-07 18:00:00,24.4,58,11,204.0,9.7,0.0
2016-09-07 19:00:00,22.9,63,3,92.0,10.4,0.0
2016-09-07 20:00:00,21.2,65,11,7.0,12.1,0.0
2016-09-07 21:00:00,19.9,69,53,0.0,12.4,0.0
2016-09-07 22:00:00,19.1,72,13,0.0,12.5,0.0
2016-09-07 23:00:00,18.4,75,19,0.0,12.8,0.0
2016-09-08 00:00:00,17.6,78,4,0.0,11.4,0.0
2016-09-08 01:00:00,17.0,80,0,0.0,11.5,0.0
2016-09-08 02:00:00,16.6,81,0,0.0,11.0,0.0
2016-09-08 03:00:00,16.2,83,0,0.0,11.0,0.0
2016-09-08 04:00:00,15.8,85,0,0.0,11.6,0.0
2016-09-08 05:00:00,15.6,87,0,0.0,11.8,0.0
2016-09-08 06:00:00,15.5,88,0,0.0,11.4,0.0
2016-09-08 07:00:00,15.7,88,1,9.0,12.7,0.0
2016-09-08 08:00:00,17.8,87,12,104.0,14.2,0.0
2016-09-08 09:00:00,19.6,80,21,234.0,20.7,0.0
2016-09-08 10:00:00,20.1,71,16,390.0,22.3,0.0
2016-09-08 11:00:00,20.8,61,3,511.0,20.5,0.0
2016-09-08 12:00:00,21.4,57,4,623.0,21.3,0.0
2016-09-08 13:00:00,21.7,54,12,665.0,21.7,0.0
2016-09-08 14:00:00,22.0,51,19,655.0,23.0,0.0
2016-09-08 15:00:00,21.8,49,41,551.0,23.6,0.0
2016-09-08 16:00:00,21.2,48,16,380.0,22.4,0.0
2016-09-08 17:00:00,20.8,48,22,281.0,20.7,0.0
2016-09-08 18:00:00,20.3,48,20,220.0,18.8,0.0
2016-09-08 19:00:00,19.3,53,15,90.0,15.1,0.0
2016-09-08 20:00:00,18.4,59,3,6.0,13.1,0.0
2016-09-08 21:00:00,17.1,67,36,0.0,12.8,0.0
2016-09-08 22:00:00,16.2,75,43,0.0,13.7,0.0
2016-09-08 23:00:00,15.5,81,15,0.0,13.9,0.0
2016-09-09 00:00:00,14.9,85,16,0.0,15.0,0.0
2016-09-09 01:00:00,14.6,88,38,0.0,15.8,0.0
2016-09-09 02:00:00,14.7,90,44,0.0,16.1,0.0
2016-09-09 03:00:00,14.9,91,60,0.0,17.1,0.0
2016-09-09 04:00:00,15.6,88,76,0.0,17.6,0.0
2016-09-09 05:00:00,16.3,85,77,0.0,17.4,0.0
2016-09-09 06:00:00,16.7,84,98,0.0,16.7,0.0
2016-09-09 07:00:00,17.0,84,86,3.0,16.9,0.0
2016-09-09 08:00:00,17.4,86,68,49.0,15.9,0.0
2016-09-09 09:00:00,18.6,79,89,169.0,21.6,0.0
2016-09-09 10:00:00,19.8,72,97,284.0,21.7,0.0
2016-09-09 11:00:00,20.1,70,44,226.0,22.4,0.0
2016-09-09 12:00:00,20.6,68,52,277.0,25.9,0.1
2016-09-09 13:00:00,20.8,68,65,278.0,27.4,0.0
2016-09-09 14:00:00,20.8,68,91,271.0,27.1,0.0
2016-09-09 15:00:00,20.9,68,80,294.0,27.5,0.1
2016-09-09 16:00:00,21.1,67,85,306.0,28.8,0.0
2016-09-09 17:00:00,20.9,68,80,222.0,25.9,0.0
2016-09-09 18:00:00,20.4,72,47,137.0,25.6,0.0
2016-09-09 19:00:00,19.7,74,51,83.0,20.4,0.0
2016-09-09 20:00:00,18.9,78,55,4.0,19.8,0.0
2016-09-09 21:00:00,18.4,80,83,0.0,19.7,0.0
2016-09-09 22:00:00,18.1,81,95,0.0,19.9,0.0
2016-09-09 23:00:00,17.9,82,95,0.0,20.7,0.0
2016-09-10 00:00:00,17.6,84,88,0.0,19.6,0.0
2016-09-10 01:00:00,17.6,84,97,0.0,19.2,0.0
2016-09-10 02:00:00,17.4,86,99,0.0,19.2,0.0
2016-09-10 03:00:00,17.1,87,99,0.0,18.3,0.0
2016-09-10 04:00:00,16.8,88,99,0.0,18.1,0.0
2016-09-10 05:00:00,16.7,88,94,0.0,17.9,0.0
2016-09-10 06:00:00,16.5,89,98,0.0,17.3,0.0
2016-09-10 07:00:00,16.6,90,98,4.0,18.0,0.2
2016-09-10 08:00:00,17.5,91,99,41.0,19.0,0.2
2016-09-10 09:00:00,18.4,86,100,82.0,21.3,0.2
2016-09-10 10:00:00,19.0,83,100,99.0,20.3,0.4
2016-09-10 11:00:00,18.6,87,100,58.0,20.6,0.7
2016-09-10 12:00:00,18.5,90,99,81.0,24.1,2.0
2016-09-10 13:00:00,18.1,93,100,34.0,22.7,1.8
2016-09-10 14:00:00,17.9,94,100,26.0,25.6,0.5
2016-09-10 15:00:00,17.8,94,100,29.0,24.3,0.8
2016-09-10 16:00:00,17.7,94,100,12.0,20.4,0.6
2016-09-10 17:00:00,17.6,94,100,12.0,17.9,0.0
2016-09-10 18:00:00,17.7,94,100,23.0,16.5,0.0
2016-09-10 19:00:00,17.6,95,100,7.0,13.5,0.1
2016-09-10 20:00:00,17.7,94,99,0.0,11.9,0.0
2016-09-10 21:00:00,17.4,94,98,0.0,11.3,0.0
2016-09-10 22:00:00,17.0,93,99,0.0,10.8,0.0
2016-09-10 23:00:00,16.2,92,69,0.0,10.5,0.0
2016-09-11 00:00:00,15.7,91,71,0.0,10.8,0.0
2016-09-11 01:00:00,15.0,91,79,0.0,10.1,0.0
2016-09-11 02:00:00,14.4,91,82,0.0,9.0,0.0
2016-09-11 03:00:00,14.0,91,84,0.0,9.0,0.0
2016-09-11 04:00:00,13.2,92,48,0.0,8.7,0.0
2016-09-11 05:00:00,13.0,91,45,0.0,7.6,0.0
2016-09-11 06:00:00,12.2,93,14,0.0,5.1,0.0
2016-09-11 07:00:00,11.6,95,1,5.0,4.9,0.0
2016-09-11 08:00:00,11.8,95,2,98.0,4.1,0.0
2016-09-11 09:00:00,13.7,89,3,245.0,2.6,0.0
2016-09-11 10:00:00,15.4,77,15,401.0,1.9,0.0
2016-09-11 11:00:00,16.9,63,16,527.0,4.7,0.0
2016-09-11 12:00:00,18.0,56,9,609.0,7.3,0.0
2016-09-11 13:00:00,18.8,53,8,633.0,8.4,0.0
2016-09-11 14:00:00,19.5,51,1,631.0,8.7,0.0
2016-09-11 15:00:00,19.8,50,1,571.0,10.1,0.0
2016-09-11 16:00:00,19.8,49,0,501.0,11.5,0.0
2016-09-11 17:00:00,19.3,49,1,374.0,13.0,0.0
2016-09-11 18:00:00,18.5,52,1,234.0,12.1,0.0
2016-09-11 19:00:00,17.1,58,6,85.0,10.3,0.0
2016-09-11 20:00:00,16.2,65,4,3.0,9.0,0.0
2016-09-11 21:00:00,14.9,72,2,0.0,8.3,0.0
2016-09-11 22:00:00,13.7,79,0,0.0,7.2,0.0
2016-09-11 23:00:00,12.8,84,1,0.0,9.2,0.0
2016-09-12 00:00:00,12.3,86,2,0.0,10.9,0.0
2016-09-12 01:00:00,12.0,87,3,0.0,9.5,0.0
2016-09-12 02:00:00,11.9,89,11,0.0,9.3,0.0
2016-09-12 03:00:00,11.9,91,38,0.0,9.3,0.0
2016-09-12 04:00:00,11.9,93,60,0.0,9.0,0.0
2016-09-12 05:00:00,11.9,95,0,0.0,9.4,0.0
2016-09-12 06:00:00,12.1,97,5,0.0,10.6,0.0
2016-09-12 07:00:00,12.4,98,26,5.0,11.8,0.0
2016-09-12 08:00:00,15.0,95,34,88.0,13.6,0.0
2016-09-12 09:00:00,18.0,88,58,216.0,13.7,0.0
2016-09-12 10:00:00,20.1,74,86,350.0,15.9,0.0
2016-09-12 11:00:00,21.5,65,58,477.0,21.0,0.0
2016-09-12 12:00:00,22.4,63,79,492.0,18.2,0.0
2016-09-12 13:00:00,23.2,61,84,539.0,18.3,0.0
2016-09-12 14:00:00,23.6,61,86,502.0,18.6,0.0
2016-09-12 15:00:00,24.2,59,67,522.0,17.2,0.0
2016-09-12 16:00:00,24.3,59,53,430.0,15.9,0.0
2016-09-12 17:00:00,24.0,60,51,321.0,14.4,0.0
2016-09-12 18:00:00,23.4,63,75,185.0,11.0,0.0
2016-09-12 19:00:00,22.1,69,82,62.0,8.2,0.0
2016-09-12 20:00:00,20.6,74,85,2.0,9.7,0.0
2016-09-12 21:00:00,20.4,74,92,0.0,11.0,0.0
2016-09-12 22:00:00,20.2,74,98,0.0,11.4,0.0
2016-09-12 23:00:00,20.0,75,100,0.0,11.8,0.0
2016-09-13 00:00:00,19.8,77,91,0.0,11.3,0.0
2016-09-13 01:00:00,19.4,80,90,0.0,10.5,0.0
2016-09-13 02:00:00,19.3,81,96,0.0,9.7,0.0
2016-09-13 03:00:00,18.9,82,91,0.0,8.9,0.0
2016-09-13 04:00:00,18.5,84,94,0.0,7.7,0.0
2016-09-13 05:00:00,17.8,87,96,0.0,6.9,0.0
2016-09-13 06:00:00,17.1,89,93,0.0,8.5,0.0
2016-09-13 07:00:00,16.9,90,0,4.0,8.9,0.0
2016-09-13 08:00:00,18.5,89,0,87.0,9.7,0.0
2016-09-13 09:00:00,21.7,77,1,231.0,9.7,0.0
2016-09-13 10:00:00,24.1,68,7,376.0,12.1,0.0
2016-09-13 11:00:00,26.1,61,43,496.0,13.7,0.0
2016-09-13 12:00:00,27.6,55,66,588.0,16.6,0.0
2016-09-13 13:00:00,28.6,51,54,607.0,11.5,0.0
2016-09-13 14:00:00,29.2,49,40,590.0,7.1,0.0
2016-09-13 15:00:00,29.5,49,35,549.0,10.6,0.0
2016-09-13 16:00:00,29.3,49,31,461.0,12.4,0.0
2016-09-13 17:00:00,28.8,52,33,341.0,10.5,0.0
2016-09-13 18:00:00,27.6,59,53,200.0,7.2,0.0
2016-09-13 19:00:00,25.5,66,8,71.0,8.3,0.0
2016-09-13 20:00:00,24.0,67,4,2.0,11.0,0.0
2016-09-13 21:00:00,22.9,70,6,0.0,12.1,0.0
2016-09-13 22:00:00,22.2,72,14,0.0,12.4,0.0
2016-09-13 23:00:00,21.7,72,15,0.0,13.0,0.0
2016-09-14 00:00:00,21.2,74,1,0.0,11.6,0.0
2016-09-14 01:00:00,20.7,76,1,0.0,11.3,0.0
2016-09-14 02:00:00,20.3,78,3,0.0,11.5,0.0
2016-09-14 03:00:00,20.0,81,2,0.0,12.9,0.0
2016-09-14 04:00:00,19.6,83,0,0.0,13.5,0.0
2016-09-14 05:00:00,19.3,83,0,0.0,13.1,0.0
2016-09-14 06:00:00,19.1,81,0,0.0,12.5,0.0
2016-09-14 07:00:00,19.0,78,0,4.0,12.4,0.0
2016-09-14 08:00:00,20.2,79,0,82.0,14.1,0.0
2016-09-14 09:00:00,22.5,69,2,222.0,14.1,0.0
2016-09-14 10:00:00,23.8,64,8,359.0,14.6,0.0
2016-09-14 11:00:00,24.5,64,26,477.0,9.4,0.0
2016-09-14 12:00:00,24.8,64,20,530.0,10.3,0.0
2016-09-14 13:00:00,25.4,62,2,620.0,11.3,0.0
2016-09-14 14:00:00,25.9,60,1,618.0,12.4,0.0
2016-09-14 15:00:00,26.1,57,2,562.0,13.3,0.0
2016-09-14 16:00:00,25.9,54,2,470.0,11.5,0.0
2016-09-14 17:00:00,25.4,54,0,349.0,9.9,0.0
2016-09-14 18:00:00,24.4,57,2,204.0,9.0,0.0
2016-09-14 19:00:00,22.9,62,10,67.0,7.2,0.0
2016-09-14 20:00:00,21.5,66,9,1.0,6.5,0.0
2016-09-14 21:00:00,20.0,75,0,0.0,6.1,0.0
2016-09-14 22:00:00,18.7,81,1,0.0,6.3,0.0
2016-09-14 23:00:00,17.8,85,32,0.0,3.3,0.0
2016-09-15 00:00:00,16.7,90,30,0.0,5.1,0.0
2016-09-15 01:00:00,16.4,91,21,0.0,7.9,0.0
2016-09-15 02:00:00,16.2,91,5,0.0,9.5,0.0
2016-09-15 03:00:00,16.2,90,3,0.0,10.5,0.0
2016-09-15 04:00:00,16.4,89,0,0.0,11.0,0.0
2016-09-15 05:00:00,16.5,89,4,0.0,11.7,0.0
2016-09-15 06:00:00,16.6,90,8,0.0,11.7,0.0
2016-09-15 07:00:00,16.8,91,5,3.0,12.5,0.0
2016-09-15 08:00:00,17.6,92,17,78.0,14.2,0.0
2016-09-15 09:00:00,19.8,83,9,200.0,13.8,0.0
2016-09-15 10:00:00,21.8,75,12,325.0,12.8,0.0
2016-09-15 11:00:00,23.3,70,17,414.0,12.0,0.0
2016-09-15 12:00:00,24.7,66,19,489.0,12.0,0.0
2016-09-15 13:00:00,25.9,62,17,556.0,10.2,0.0
2016-09-15 14:00:00,26.6,59,18,530.0,7.3,0.0
2016-09-15 15:00:00,26.1,60,21,536.0,5.5,0.4
2016-09-15 16:00:00,25.2,64,30,444.0,6.2,0.5
2016-09-15 17:00:00,24.9,65,51,294.0,9.0,0.0
2016-09-15 18:00:00,24.1,69,75,159.0,10.8,0.0
2016-09-15 19:00:00,22.6,76,88,47.0,10.7,0.1
2016-09-15 20:00:00,20.2,86,96,1.0,11.9,0.0
2016-09-15 21:00:00,19.2,90,98,0.0,11.0,0.0
2016-09-15 22:00:00,18.3,93,94,0.0,10.9,0.2
2016-09-15 23:00:00,17.7,94,90,0.0,10.8,0.8
2016-09-16 00:00:00,17.3,95,93,0.0,10.2,1.1
2016-09-16 01:00:00,17.1,96,100,0.0,7.3,1.7
2016-09-16 02:00:00,17.1,97,100,0.0,7.1,1.9
2016-09-16 03:00:00,17.0,97,100,0.0,7.6,0.4
2016-09-16 04:00:00,16.8,98,98,0.0,8.0,0.4
2016-09-16 05:00:00,16.8,98,99,0.0,5.9,1.8
2016-09-16 06:00:00,17.1,98,100,0.0,5.4,1.8
2016-09-16 07:00:00,17.2,98,100,0.0,6.8,0.9
2016-09-16 08:00:00,17.1,98,100,16.0,9.3,0.5
2016-09-16 09:00:00,16.9,97,100,10.0,14.0,1.0
2016-09-16 10:00:00,16.5,95,100,38.0,18.4,1.5
2016-09-16 11:00:00,15.9,92,100,70.0,15.1,1.6
2016-09-16 12:00:00,15.9,92,100,106.0,16.6,1.3
2016-09-16 13:00:00,16.1,91,100,150.0,18.7,0.7
2016-09-16 14:00:00,16.1,89,89,145.0,20.9,0.6
2016-09-16 15:00:00,16.0,83,60,119.0,21.1,0.4
2016-09-16 16:00:00,16.2,79,40,131.0,20.7,0.1
2016-09-16 17:00:00,16.6,73,53,135.0,22.8,0.0
2016-09-16 18:00:00,16.6,69,44,85.0,22.0,0.0
2016-09-16 19:00:00,16.3,65,47,30.0,21.7,0.0
2016-09-16 20:00:00,15.6,65,42,0.0,21.2,0.0
2016-09-16 21:00:00,15.2,67,64,0.0,20.9,0.0
2016-09-16 22:00:00,15.1,68,74,0.0,21.7,0.0
2016-09-16 23:00:00,15.0,68,68,0.0,21.2,0.0
2016-09-17 00:00:00,14.8,69,67,0.0,19.9,0.0
2016-09-17 01:00:00,14.6,70,79,0.0,19.6,0.0
2016-09-17 02:00:00,14.1,72,93,0.0,19.3,0.0
2016-09-17 03:00:00,13.9,73,97,0.0,19.1,0.0
2016-09-17 04:00:00,13.7,74,100,0.0,19.9,0.0
2016-09-17 05:00:00,13.7,73,100,0.0,21.4,0.0
2016-09-17 06:00:00,13.5,74,100,0.0,22.9,0.2
2016-09-17 07:00:00,13.5,75,100,0.0,23.0,0.0
2016-09-17 08:00:00,13.8,76,100,15.0,22.6,0.0
2016-09-17 09:00:00,14.0,76,99,47.0,20.5,0.0
2016-09-17 10:00:00,14.2,76,99,63.0,25.3,0.0
2016-09-17 11:00:00,14.7,75,97,100.0,26.3,0.0
2016-09-17 12:00:00,15.2,75,100,153.0,25.9,0.0
2016-09-17 13:00:00,15.7,75,100,192.0,26.8,0.0
2016-09-17 14:00:00,16.2,75,100,158.0,26.3,0.0
2016-09-17 15:00:00,16.6,75,100,131.0,25.7,0.0
2016-09-17 16:00:00,17.0,77,100,121.0,25.2,0.0
2016-09-17 17:00:00,17.2,78,96,105.0,21.7,0.0
2016-09-17 18:00:00,17.0,80,98,56.0,21.3,0.0
2016-09-17 19:00:00,16.6,82,100,22.0,18.7,0.0
2016-09-17 20:00:00,15.6,86,100,0.0,18.0,0.0
2016-09-17 21:00:00,15.3,87,99,0.0,17.0,0.0
2016-09-17 22:00:00,15.2,87,100,0.0,15.5,0.0
2016-09-17 23:00:00,14.9,88,80,0.0,12.8,0.0
2016-09-18 00:00:00,14.7,89,77,0.0,12.1,0.0
2016-09-18 01:00:00,14.6,89,80,0.0,11.3,0.0
2016-09-18 02:00:00,14.6,90,81,0.0,10.1,0.0
2016-09-18 03:00:00,14.5,90,82,0.0,9.4,0.0
2016-09-18 04:00:00,14.1,92,71,0.0,9.4,0.0
2016-09-18 05:00:00,14.1,92,63,0.0,8.9,0.0
2016-09-18 06:00:00,13.8,93,57,0.0,8.5,0.0
2016-09-18 07:00:00,13.7,93,62,1.0,8.2,0.0
2016-09-18 08:00:00,13.9,93,72,51.0,8.9,0.0
2016-09-18 09:00:00,15.2,85,95,155.0,10.5,0.0
2016-09-18 10:00:00,16.1,78,100,230.0,10.1,0.0
2016-09-18 11:00:00,17.0,74,99,289.0,7.9,0.0
2016-09-18 12:00:00,18.0,69,100,402.0,7.6,0.0
2016-09-18 13:00:00,18.7,65,99,381.0,8.6,0.0
2016-09-18 14:00:00,19.3,62,100,350.0,8.0,0.0
2016-09-18 15:00:00,19.5,61,94,268.0,8.0,0.0
2016-09-18 16:00:00,19.4,61,93,199.0,8.5,0.0
2016-09-18 17:00:00,19.2,62,99,145.0,8.9,0.0
2016-09-18 18:00:00,18.6,66,90,62.0,7.4,0.0
2016-09-18 19:00:00,18.1,69,93,13.0,5.1,0.0
2016-09-18 20:00:00,17.1,76,96,0.0,3.8,0.0
2016-09-18 21:00:00,16.7,82,100,0.0,2.7,0.0
2016-09-18 22:00:00,16.3,84,100,0.0,3.6,0.0
2016-09-18 23:00:00,16.2,83,95,0.0,4.8,0.0
2016-09-19 00:00:00,16.0,83,90,0.0,5.1,0.0
2016-09-19 01:00:00,15.9,84,90,0.0,7.4,0.0
2016-09-19 02:00:00,15.9,83,79,0.0,9.4,0.0
2016-09-19 03:00:00,15.6,84,97,0.0,8.0,0.0
2016-09-19 04:00:00,15.4,84,100,0.0,7.4,0.0
2016-09-19 05:00:00,15.2,85,100,0.0,6.4,0.0
2016-09-19 06:00:00,15.0,85,100,0.0,6.2,0.0
2016-09-19 07:00:00,14.6,86,100,1.0,6.2,0.0
2016-09-19 08:00:00,14.6,91,99,15.0,6.6,0.0
2016-09-19 09:00:00,15.6,86,100,86.0,5.7,0.0
2016-09-19 10:00:00,16.7,81,100,193.0,5.2,0.0
2016-09-19 11:00:00,17.9,76,100,294.0,4.3,0.0
2016-09-19 12:00:00,18.9,70,99,373.0,4.7,0.0
2016-09-19 13:00:00,19.3,66,100,345.0,4.8,0.0
2016-09-19 14:00:00,19.1,65,98,186.0,6.2,0.0
2016-09-19 15:00:00,18.7,68,99,109.0,7.0,0.0
2016-09-19 16:00:00,18.4,72,100,98.0,7.8,0.0
2016-09-19 17:00:00,18.0,75,100,73.0,7.8,0.2
2016-09-19 18:00:00,17.4,80,100,35.0,8.4,0.3
2016-09-19 19:00:00,16.8,84,100,13.0,8.0,0.4
2016-09-19 20:00:00,15.7,92,100,0.0,8.0,0.3
2016-09-19 21:00:00,15.4,94,100,0.0,7.9,0.2
2016-09-19 22:00:00,15.3,95,100,0.0,7.6,0.2
2016-09-19 23:00:00,15.2,95,100,0.0,7.1,0.0
2016-09-20 00:00:00,15.1,95,100,0.0,6.1,0.0
2016-09-20 01:00:00,15.0,96,100,0.0,6.0,0.0
2016-09-20 02:00:00,14.8,97,100,0.0,6.5,0.0
2016-09-20 03:00:00,14.7,97,100,0.0,7.1,0.0
2016-09-20 04:00:00,14.6,97,100,0.0,7.0,0.0
2016-09-20 05:00:00,14.5,97,100,0.0,7.2,0.0
2016-09-20 06:00:00,14.3,97,100,0.0,8.0,0.0
2016-09-20 07:00:00,14.3,97,100,0.0,8.8,0.0
2016-09-20 08:00:00,14.3,97,99,15.0,9.1,0.0
2016-09-20 09:00:00,14.4,96,97,34.0,10.2,0.0
2016-09-20 10:00:00,15.1,89,100,110.0,11.1,0.0
2016-09-20 11:00:00,15.7,84,100,116.0,9.0,0.0
2016-09-20 12:00:00,16.4,80,100,152.0,7.6,0.0
2016-09-20 13:00:00,16.9,77,100,175.0,8.8,0.0
2016-09-20 14:00:00,17.6,73,97,251.0,8.0,0.0
2016-09-20 15:00:00,17.7,71,93,171.0,6.2,0.0
2016-09-20 16:00:00,18.0,69,94,170.0,5.5,0.0
2016-09-20 17:00:00,18.0,68,100,119.0,5.4,0.0
2016-09-20 18:00:00,17.8,69,96,82.0,5.8,0.0
2016-09-20 19:00:00,17.4,72,98,18.0,5.1,0.0
2016-09-20 20:00:00,16.7,77,96,0.0,4.9,0.0
2016-09-20 21:00:00,16.2,81,90,0.0,4.4,0.0
2016-09-20 22:00:00,15.5,86,93,0.0,4.3,0.0
2016-09-20 23:00:00,15.2,87,100,0.0,4.2,0.0
2016-09-21 00:00:00,14.9,90,99,0.0,5.2,0.0
2016-09-21 01:00:00,14.5,91,100,0.0,6.2,0.0
2016-09-21 02:00:00,13.8,94,100,0.0,6.9,0.0
2016-09-21 03:00:00,13.1,96,100,0.0,5.9,0.0
2016-09-21 04:00:00,12.8,96,87,0.0,5.9,0.0
2016-09-21 05:00:00,13.0,97,40,0.0,5.2,0.0
2016-09-21 06:00:00,12.9,98,18,0.0,4.6,0.0
2016-09-21 07:00:00,12.0,100,14,1.0,4.7,0.0
2016-09-21 08:00:00,13.3,98,19,53.0,6.6,0.0
2016-09-21 09:00:00,15.8,91,9,165.0,7.2,0.0
2016-09-21 10:00:00,17.6,81,3,325.0,8.5,0.0
2016-09-21 11:00:00,18.7,73,29,405.0,7.8,0.0
2016-09-21 12:00:00,19.8,67,49,517.0,9.0,0.0
2016-09-21 13:00:00,20.5,64,56,509.0,10.8,0.0
2016-09-21 14:00:00,20.8,61,37,472.0,12.2,0.0
2016-09-21 15:00:00,21.0,58,43,474.0,13.6,0.0
2016-09-21 16:00:00,20.4,57,60,327.0,14.0,0.0
2016-09-21 17:00:00,19.7,60,61,200.0,12.6,0.0
2016-09-21 18:00:00,18.9,66,57,111.0,11.5,0.0
2016-09-21 19:00:00,17.8,72,42,30.0,10.9,0.0
2016-09-21 20:00:00,17.0,76,75,0.0,10.9,0.0
2016-09-21 21:00:00,15.9,83,98,0.0,10.9,0.0
2016-09-21 22:00:00,15.6,85,100,0.0,10.9,0.0
2016-09-21 23:00:00,15.1,88,100,0.0,8.7,0.0
2016-09-22 00:00:00,15.2,87,100,0.0,9.3,0.0
2016-09-22 01:00:00,15.2,88,96,0.0,10.4,0.0
2016-09-22 02:00:00,15.2,90,94,0.0,8.6,0.0
2016-09-22 03:00:00,14.7,93,95,0.0,8.2,0.0
2016-09-22 04:00:00,14.1,95,98,0.0,8.4,0.0
2016-09-22 05:00:00,13.8,96,99,0.0,8.7,0.0
2016-09-22 06:00:00,13.3,96,100,0.0,9.2,0.0
2016-09-22 07:00:00,13.0,95,95,0.0,9.9,0.0
2016-09-22 08:00:00,14.0,95,76,35.0,10.4,0.0
2016-09-22 09:00:00,15.2,86,64,137.0,12.0,0.0
2016-09-22 10:00:00,16.4,78,51,261.0,15.6,0.0
2016-09-22 11:00:00,17.7,71,92,360.0,15.6,0.0
2016-09-22 12:00:00,18.3,69,90,310.0,14.3,0.1
2016-09-22 13:00:00,18.5,69,79,261.0,14.5,0.0
2016-09-22 14:00:00,18.7,68,54,306.0,14.0,0.1
2016-09-22 15:00:00,18.7,68,32,252.0,13.7,0.1
2016-09-22 16:00:00,18.6,70,35,266.0,13.0,0.0
2016-09-22 17:00:00,18.1,73,39,176.0,12.5,0.1
2016-09-22 18:00:00,17.6,75,38,123.0,10.9,0.0
2016-09-22 19:00:00,16.6,80,20,33.0,9.2,0.0
2016-09-22 20:00:00,15.8,80,12,0.0,9.2,0.0
2016-09-22 21:00:00,15.1,83,11,0.0,8.7,0.0
2016-09-22 22:00:00,13.8,87,4,0.0,9.0,0.0
2016-09-22 23:00:00,12.7,88,11,0.0,9.7,0.0
2016-09-23 00:00:00,11.8,85,17,0.0,9.0,0.0
2016-09-23 01:00:00,11.1,81,36,0.0,6.5,0.0
2016-09-23 02:00:00,10.2,81,35,0.0,6.2,0.0
2016-09-23 03:00:00,9.5,82,38,0.0,6.1,0.0
2016-09-23 04:00:00,8.7,84,17,0.0,6.1,0.0
2016-09-23 05:00:00,8.0,86,13,0.0,6.5,0.0
2016-09-23 06:00:00,7.4,88,10,0.0,6.6,0.0
2016-09-23 07:00:00,7.3,87,8,0.0,7.1,0.0
2016-09-23 08:00:00,9.1,89,3,57.0,6.9,0.0
2016-09-23 09:00:00,12.4,78,4,193.0,6.1,0.0
2016-09-23 10:00:00,14.4,71,11,334.0,6.4,0.0
2016-09-23 11:00:00,16.0,63,0,467.0,7.1,0.0
2016-09-23 12:00:00,17.0,54,3,556.0,9.5,0.0
2016-09-23 13:00:00,17.8,50,37,592.0,10.0,0.0
2016-09-23 14:00:00,18.2,48,64,544.0,10.2,0.0
2016-09-23 15:00:00,18.4,47,63,440.0,10.4,0.0
2016-09-23 16:00:00,18.2,48,62,380.0,10.8,0.0
2016-09-23 17:00:00,17.7,49,52,275.0,12.8,0.0
2016-09-23 18:00:00,16.7,54,0,149.0,11.6,0.0
2016-09-23 19:00:00,15.1,60,0,31.0,10.1,0.0
2016-09-23 20:00:00,13.7,69,0,0.0,10.3,0.0
2016-09-23 21:00:00,12.6,77,0,0.0,10.0,0.0
2016-09-23 22:00:00,11.6,84,0,0.0,10.0,0.0
2016-09-23 23:00:00,10.9,88,7,0.0,10.8,0.0
2016-09-24 00:00:00,10.6,90,22,0.0,11.7,0.0
2016-09-24 01:00:00,10.7,90,26,0.0,12.6,0.0
2016-09-24 02:00:00,11.1,90,3,0.0,13.3,0.0
2016-09-24 03:00:00,11.6,90,22,0.0,13.7,0.0
2016-09-24 04:00:00,12.3,90,80,0.0,14.0,0.0
2016-09-24 05:00:00,13.1,89,91,0.0,14.8,0.0
2016-09-24 06:00:00,13.6,88,98,0.0,15.9,0.0
2016-09-24 07:00:00,14.0,87,97,0.0,15.8,0.0
2016-09-24 08:00:00,14.7,89,92,49.0,16.9,0.0
2016-09-24 09:00:00,16.5,83,99,157.0,16.6,0.0
2016-09-24 10:00:00,18.7,74,99,308.0,19.8,0.0
2016-09-24 11:00:00,20.2,66,97,419.0,19.9,0.0
2016-09-24 12:00:00,21.2,59,99,512.0,22.0,0.0
2016-09-24 13:00:00,21.5,56,99,521.0,23.8,0.0
2016-09-24 14:00:00,21.6,55,95,520.0,24.6,0.0
2016-09-24 15:00:00,21.3,56,98,419.0,24.3,0.0
2016-09-24 16:00:00,20.9,58,98,303.0,23.5,0.0
2016-09-24 17:00:00,20.4,60,99,185.0,20.9,0.0
2016-09-24 18:00:00,19.8,60,100,81.0,20.0,0.0
2016-09-24 19:00:00,19.2,60,100,17.0,19.3,0.0
2016-09-24 20:00:00,18.8,60,99,0.0,19.1,0.0
2016-09-24 21:00:00,18.6,59,100,0.0,20.0,0.0
2016-09-24 22:00:00,18.5,59,100,0.0,20.8,0.0
2016-09-24 23:00:00,18.4,59,96,0.0,22.5,0.0
2016-09-25 00:00:00,18.3,59,100,0.0,21.7,0.0
2016-09-25 01:00:00,18.1,60,100,0.0,21.3,0.0
2016-09-25 02:00:00,18.0,62,100,0.0,20.9,0.0
2016-09-25 03:00:00,17.8,65,100,0.0,21.7,0.0
2016-09-25 04:00:00,17.4,72,100,0.0,21.1,0.0
2016-09-25 05:00:00,17.0,81,100,0.0,19.3,0.0
2016-09-25 06:00:00,16.8,87,100,0.0,18.9,0.0
2016-09-25 07:00:00,16.5,88,100,0.0,15.8,0.0
2016-09-25 08:00:00,15.9,86,97,13.0,15.0,0.0
2016-09-25 09:00:00,15.8,82,97,95.0,16.4,0.0
2016-09-25 10:00:00,16.4,73,92,255.0,19.5,0.0
2016-09-25 11:00:00,16.9,68,95,314.0,18.7,0.0
2016-09-25 12:00:00,17.6,62,44,474.0,20.3,0.0
2016-09-25 13:00:00,18.0,57,31,511.0,22.4,0.0
2016-09-25 14:00:00,18.1,55,41,444.0,23.4,0.0
2016-09-25 15:00:00,18.1,53,35,443.0,24.3,0.0
2016-09-25 16:00:00,17.9,52,19,357.0,23.1,0.0
2016-09-25 17:00:00,17.5,52,5,259.0,19.9,0.0
2016-09-25 18:00:00,16.8,53,0,113.0,15.3,0.0
2016-09-25 19:00:00,15.6,57,0,25.0,13.3,0.0
2016-09-25 20:00:00,14.3,64,0,0.0,11.8,0.0
2016-09-25 21:00:00,13.3,69,0,0.0,10.9,0.0
2016-09-25 22:00:00,12.4,74,1,0.0,10.7,0.0
2016-09-25 23:00:00,11.7,79,2,0.0,11.7,0.0
2016-09-26 00:00:00,11.1,83,94,0.0,10.4,0.0
2016-09-26 01:00:00,10.6,87,92,0.0,9.4,0.0
2016-09-26 02:00:00,10.2,89,98,0.0,8.1,0.0
2016-09-26 03:00:00,10.0,91,100,0.0,8.4,0.0
2016-09-26 04:00:00,9.8,93,100,0.0,7.3,0.0
2016-09-26 05:00:00,9.5,93,100,0.0,8.0,0.0
2016-09-26 06:00:00,9.7,93,100,0.0,9.0,0.0
2016-09-26 07:00:00,9.7,93,100,0.0,9.0,0.0
2016-09-26 08:00:00,11.5,93,100,21.0,10.1,0.2
2016-09-26 09:00:00,13.3,88,97,87.0,10.8,0.4
2016-09-26 10:00:00,14.9,81,85,216.0,14.2,0.0
2016-09-26 11:00:00,16.2,74,94,376.0,14.7,0.0
2016-09-26 12:00:00,16.7,71,100,342.0,16.2,0.0
2016-09-26 13:00:00,17.0,68,98,324.0,17.9,0.0
2016-09-26 14:00:00,16.7,67,99,246.0,16.2,0.1
2016-09-26 15:00:00,16.5,65,99,182.0,16.1,0.0
2016-09-26 16:00:00,16.5,64,90,166.0,14.9,0.0
2016-09-26 17:00:00,16.4,64,49,166.0,12.6,0.0
2016-09-26 18:00:00,15.8,67,39,60.0,10.8,0.0
2016-09-26 19:00:00,15.3,69,45,10.0,8.8,0.0
2016-09-26 20:00:00,14.2,76,56,0.0,10.3,0.0
2016-09-26 21:00:00,13.1,83,99,0.0,10.4,0.0
2016-09-26 22:00:00,12.4,88,97,0.0,10.2,0.0
2016-09-26 23:00:00,11.9,91,97,0.0,9.4,0.0
2016-09-27 00:00:00,11.7,91,31,0.0,9.6,0.0
2016-09-27 01:00:00,11.6,91,12,0.0,8.6,0.0
2016-09-27 02:00:00,11.5,91,40,0.0,9.5,0.0
2016-09-27 03:00:00,11.5,92,99,0.0,12.1,0.0
2016-09-27 04:00:00,12.1,92,85,0.0,11.8,0.0
2016-09-27 05:00:00,12.9,91,89,0.0,13.9,0.0
2016-09-27 06:00:00,13.8,89,89,0.0,15.3,0.0
2016-09-27 07:00:00,14.5,87,96,0.0,16.2,0.0
2016-09-27 08:00:00,15.0,85,94,14.0,18.0,0.0
2016-09-27 09:00:00,16.0,79,97,54.0,18.7,0.0
2016-09-27 10:00:00,16.8,76,98,81.0,18.0,0.0
2016-09-27 11:00:00,17.5,73,100,115.0,19.5,0.0
2016-09-27 12:00:00,17.4,76,100,102.0,23.4,0.0
2016-09-27 13:00:00,17.7,78,100,119.0,24.0,0.0
2016-09-27 14:00:00,18.2,80,100,133.0,22.7,0.0
2016-09-27 15:00:00,18.6,81,100,119.0,22.1,0.0
2016-09-27 16:00:00,18.9,82,100,110.0,20.4,0.0
2016-09-27 17:00:00,19.1,81,100,121.0,18.4,0.0
2016-09-27 18:00:00,18.7,82,100,64.0,15.6,0.0
2016-09-27 19:00:00,18.0,84,100,8.0,14.5,0.0
2016-09-27 20:00:00,17.6,87,100,0.0,14.0,0.0
2016-09-27 21:00:00,17.4,88,98,0.0,13.6,0.0
2016-09-27 22:00:00,17.1,90,93,0.0,13.5,0.0
2016-09-27 23:00:00,16.7,90,87,0.0,13.8,0.0
2016-09-28 00:00:00,16.1,89,65,0.0,13.1,0.0
2016-09-28 01:00:00,15.2,89,11,0.0,14.0,0.0
2016-09-28 02:00:00,13.8,91,14,0.0,15.7,0.0
2016-09-28 03:00:00,12.9,90,19,0.0,16.1,0.0
2016-09-28 04:00:00,12.2,91,37,0.0,15.8,0.0
2016-09-28 05:00:00,11.8,93,83,0.0,15.1,0.0
2016-09-28 06:00:00,11.6,93,96,0.0,14.7,0.0
2016-09-28 07:00:00,11.6,93,91,0.0,14.4,0.0
2016-09-28 08:00:00,12.2,91,92,35.0,16.0,0.0
2016-09-28 09:00:00,13.8,85,52,156.0,16.9,0.0
2016-09-28 10:00:00,15.5,77,22,287.0,18.0,0.0
2016-09-28 11:00:00,17.1,71,8,417.0,17.2,0.0
2016-09-28 12:00:00,18.8,67,5,514.0,18.3,0.0
2016-09-28 13:00:00,20.1,66,30,542.0,20.2,0.0
2016-09-28 14:00:00,21.2,66,82,508.0,23.4,0.0
2016-09-28 15:00:00,21.8,67,99,382.0,23.7,0.0
2016-09-28 16:00:00,21.5,70,99,234.0,21.4,0.0
2016-09-28 17:00:00,20.5,74,99,123.0,19.2,0.0
2016-09-28 18:00:00,19.4,79,96,53.0,19.5,0.0
2016-09-28 19:00:00,18.5,83,99,5.0,20.7,0.0
2016-09-28 20:00:00,17.4,87,100,0.0,21.3,0.0
2016-09-28 21:00:00,16.9,89,100,0.0,23.5,0.0
2016-09-28 22:00:00,16.6,90,100,0.0,23.1,0.0
2016-09-28 23:00:00,16.5,91,100,0.0,23.6,0.0
2016-09-29 00:00:00,16.5,92,100,0.0,23.3,0.0
2016-09-29 01:00:00,16.5,92,100,0.0,24.0,0.0
2016-09-29 02:00:00,16.6,92,100,0.0,23.7,0.0
2016-09-29 03:00:00,16.7,92,100,0.0,24.0,0.0
2016-09-29 04:00:00,16.7,91,100,0.0,24.2,0.0
2016-09-29 05:00:00,16.7,91,99,0.0,23.9,0.0
2016-09-29 06:00:00,16.7,91,100,0.0,24.2,0.0
2016-09-29 07:00:00,16.6,91,100,0.0,24.7,0.0
2016-09-29 08:00:00,16.7,91,100,10.0,24.9,0.0
2016-09-29 09:00:00,16.8,90,100,23.0,25.8,0.1
2016-09-29 10:00:00,17.0,88,100,32.0,23.6,0.0
2016-09-29 11:00:00,17.0,86,97,30.0,22.5,0.0
2016-09-29 12:00:00,17.2,78,83,138.0,20.4,0.0
2016-09-29 13:00:00,18.1,65,81,354.0,22.5,0.0
2016-09-29 14:00:00,19.0,56,88,529.0,23.7,0.0
2016-09-29 15:00:00,19.1,53,93,446.0,25.2,0.0
2016-09-29 16:00:00,18.7,54,87,304.0,23.9,0.0
2016-09-29 17:00:00,18.0,55,83,220.0,23.1,0.0
2016-09-29 18:00:00,17.0,56,58,101.0,20.8,0.0
2016-09-29 19:00:00,15.8,58,69,13.0,19.7,0.0
2016-09-29 20:00:00,15.0,63,82,0.0,18.4,0.0
2016-09-29 21:00:00,14.2,64,98,0.0,16.9,0.0
2016-09-29 22:00:00,13.4,67,99,0.0,15.9,0.0
2016-09-29 23:00:00,13.0,69,100,0.0,15.8,0.0
2016-09-30 00:00:00,12.6,72,100,0.0,14.8,0.0
2016-09-30 01:00:00,12.3,74,100,0.0,13.8,0.0
2016-09-30 02:00:00,12.1,77,100,0.0,12.7,0.0
2016-09-30 03:00:00,12.1,78,100,0.0,13.5,0.0
2016-09-30 04:00:00,11.9,79,100,0.0,12.9,0.0
2016-09-30 05:00:00,11.8,80,94,0.0,13.0,0.0
2016-09-30 06:00:00,11.3,84,75,0.0,12.8,0.0
2016-09-30 07:00:00,10.7,88,53,0.0,12.5,0.0
2016-09-30 08:00:00,11.3,90,43,31.0,13.6,0.0
2016-09-30 09:00:00,12.6,85,15,140.0,14.0,0.0
2016-09-30 10:00:00,14.4,73,56,292.0,18.2,0.0
2016-09-30 11:00:00,15.6,62,39,377.0,15.5,0.0
2016-09-30 12:00:00,16.4,54,32,429.0,17.9,0.0
2016-09-30 13:00:00,16.8,52,33,401.0,18.6,0.1
2016-09-30 14:00:00,17.1,52,38,360.0,19.1,0.2
2016-09-30 15:00:00,17.1,52,41,356.0,19.3,0.0
2016-09-30 16:00:00,17.0,52,40,290.0,18.6,0.0
2016-09-30 17:00:00,16.6,54,45,191.0,14.8,0.0
2016-09-30 18:00:00,15.8,59,39,89.0,13.3,0.0
2016-09-30 19:00:00,14.9,64,35,11.0,11.4,0.0
2016-09-30 20:00:00,13.7,73,31,0.0,10.1,0.0
2016-09-30 21:00:00,13.0,77,20,0.0,9.8,0.0
2016-09-30 22:00:00,12.2,82,25,0.0,9.5,0.0
2016-09-30 23:00:00,11.6,87,54,0.0,6.7,0.0
2016-10-01 00:00:00,10.7,92,86,0.0,5.5,0.0
2016-10-01 01:00:00,10.2,94,92,0.0,6.0,0.0
2016-10-01 02:00:00,9.8,96,94,0.0,6.6,0.0
2016-10-01 03:00:00,9.9,96,97,0.0,5.5,0.0
2016-10-01 04:00:00,9.7,97,93,0.0,6.2,0.0
2016-10-01 05:00:00,10.0,97,97,0.0,5.8,0.0
2016-10-01 06:00:00,9.5,98,82,0.0,5.4,0.0
2016-10-01 07:00:00,9.7,98,68,0.0,6.0,0.0
2016-10-01 08:00:00,10.4,97,47,16.0,8.3,0.0
2016-10-01 09:00:00,12.1,94,47,108.0,8.0,0.0
2016-10-01 10:00:00,13.4,85,76,216.0,10.5,0.4
2016-10-01 11:00:00,13.7,80,96,240.0,10.5,0.5
2016-10-01 12:00:00,12.7,85,98,165.0,10.8,1.5
2016-10-01 13:00:00,12.6,85,99,144.0,12.8,0.6
2016-10-01 14:00:00,12.9,81,75,193.0,11.1,0.1
2016-10-01 15:00:00,14.7,66,38,418.0,11.0,0.1
2016-10-01 16:00:00,15.1,59,74,277.0,14.2,0.0
2016-10-01 17:00:00,14.8,58,85,215.0,10.5,0.0
2016-10-01 18:00:00,13.7,63,64,72.0,6.6,0.0
2016-10-01 19:00:00,12.7,68,55,8.0,7.5,0.0
2016-10-01 20:00:00,11.4,83,55,0.0,8.0,0.0
2016-10-01 21:00:00,10.6,87,47,0.0,7.9,0.0
2016-10-01 22:00:00,9.7,92,33,0.0,8.0,0.0
2016-10-01 23:00:00,9.1,94,20,0.0,10.5,0.0
2016-10-02 00:00:00,9.0,94,33,0.0,13.6,0.0
2016-10-02 01:00:00,8.8,93,5,0.0,13.1,0.0
2016-10-02 02:00:00,8.4,94,17,0.0,14.0,0.0
2016-10-02 03:00:00,8.2,95,66,0.0,15.8,0.0
2016-10-02 04:00:00,8.4,95,84,0.0,16.1,0.0
2016-10-02 05:00:00,9.0,94,63,0.0,16.4,0.0
2016-10-02 06:00:00,9.0,94,46,0.0,15.8,0.0
2016-10-02 07:00:00,8.9,93,39,0.0,15.5,0.0
2016-10-02 08:00:00,9.0,94,28,30.0,16.0,0.0
2016-10-02 09:00:00,10.0,89,28,123.0,16.8,0.0
2016-10-02 10:00:00,11.6,82,60,271.0,19.2,0.0
2016-10-02 11:00:00,13.0,74,87,345.0,13.2,0.0
2016-10-02 12:00:00,14.2,65,48,354.0,14.0,0.0
2016-10-02 13:00:00,14.9,59,40,350.0,13.8,0.0
2016-10-02 14:00:00,15.6,54,45,401.0,13.4,0.0
2016-10-02 15:00:00,15.7,52,55,307.0,13.5,0.0
2016-10-02 16:00:00,15.6,52,56,261.0,13.1,0.0
2016-10-02 17:00:00,15.3,52,34,198.0,11.2,0.0
2016-10-02 18:00:00,14.5,56,31,93.0,7.5,0.0
2016-10-02 19:00:00,13.2,62,31,8.0,6.3,0.0
2016-10-02 20:00:00,12.1,72,35,0.0,6.1,0.0
2016-10-02 21:00:00,10.5,81,21,0.0,5.9,0.0
2016-10-02 22:00:00,9.5,85,1,0.0,6.6,0.0
2016-10-02 23:00:00,8.8,86,2,0.0,8.3,0.0
2016-10-03 00:00:00,9.1,85,1,0.0,7.6,0.0
2016-10-03 01:00:00,9.4,85,9,0.0,7.7,0.0
2016-10-03 02:00:00,9.4,87,10,0.0,7.1,0.0
2016-10-03 03:00:00,9.1,90,23,0.0,7.1,0.0
2016-10-03 04:00:00,8.7,92,9,0.0,5.8,0.0
2016-10-03 05:00:00,8.4,95,25,0.0,4.3,0.0
2016-10-03 06:00:00,7.9,97,45,0.0,5.5,0.0
2016-10-03 07:00:00,6.0,100,100,0.0,6.4,0.0
2016-10-03 08:00:00,6.0,99,100,24.0,4.9,0.0
2016-10-03 09:00:00,7.8,97,100,100.0,4.2,0.0
2016-10-03 10:00:00,9.5,96,93,194.0,5.3,0.0
2016-10-03 11:00:00,11.3,89,39,280.0,6.0,0.0
2016-10-03 12:00:00,13.6,71,20,448.0,8.1,0.0
2016-10-03 13:00:00,14.9,56,14,539.0,8.7,0.0
2016-10-03 14:00:00,15.7,48,0,548.0,8.1,0.0
2016-10-03 15:00:00,16.1,46,0,495.0,7.6,0.0
2016-10-03 16:00:00,16.1,46,0,394.0,7.5,0.0
2016-10-03 17:00:00,15.8,49,0,259.0,7.5,0.0
2016-10-03 18:00:00,14.8,57,0,111.0,6.0,0.0
2016-10-03 19:00:00,13.0,66,8,9.0,7.0,0.0
2016-10-03 20:00:00,11.9,78,9,0.0,7.0,0.0
2016-10-03 21:00:00,11.0,85,12,0.0,7.4,0.0
2016-10-03 22:00:00,10.5,90,10,0.0,8.9,0.0
2016-10-03 23:00:00,10.2,94,4,0.0,9.8,0.0
2016-10-04 00:00:00,10.3,96,11,0.0,11.0,0.0
2016-10-04 01:00:00,10.6,96,18,0.0,11.9,0.0
2016-10-04 02:00:00,10.9,96,25,0.0,12.4,0.0
2016-10-04 03:00:00,11.2,96,47,0.0,12.0,0.0
2016-10-04 04:00:00,11.1,96,74,0.0,13.1,0.0
2016-10-04 05:00:00,11.2,96,80,0.0,13.7,0.0
2016-10-04 06:00:00,11.3,96,25,0.0,13.7,0.0
2016-10-04 07:00:00,11.6,96,12,0.0,13.3,0.0
2016-10-04 08:00:00,11.8,97,29,25.0,14.8,0.0
2016-10-04 09:00:00,13.3,92,82,135.0,19.6,0.0
2016-10-04 10:00:00,14.2,84,78,196.0,19.2,0.0
2016-10-04 11:00:00,15.0,77,65,266.0,18.7,0.0
2016-10-04 12:00:00,15.8,71,43,383.0,19.4,0.0
2016-10-04 13:00:00,16.4,68,24,407.0,18.5,0.0
2016-10-04 14:00:00,16.7,66,12,444.0,19.8,0.0
2016-10-04 15:00:00,16.7,66,7,459.0,21.6,0.0
2016-10-04 16:00:00,16.2,68,7,354.0,22.7,0.0
2016-10-04 17:00:00,15.5,71,14,202.0,22.5,0.0
2016-10-04 18:00:00,14.7,74,17,94.0,22.1,0.0
2016-10-04 19:00:00,14.1,78,21,5.0,21.3,0.0
2016-10-04 20:00:00,13.9,79,37,0.0,20.9,0.0
2016-10-04 21:00:00,14.1,75,54,0.0,20.6,0.0
2016-10-04 22:00:00,14.2,72,47,0.0,19.5,0.0
2016-10-04 23:00:00,13.7,74,74,0.0,18.4,0.0
2016-10-05 00:00:00,13.7,75,66,0.0,19.1,0.0
2016-10-05 01:00:00,13.4,76,86,0.0,19.5,0.0
2016-10-05 02:00:00,13.1,76,60,0.0,19.1,0.0
2016-10-05 03:00:00,12.8,75,42,0.0,18.4,0.0
2016-10-05 04:00:00,12.6,74,10,0.0,18.4,0.0
2016-10-05 05:00:00,12.1,74,2,0.0,18.4,0.0
2016-10-05 06:00:00,11.5,75,3,0.0,18.0,0.0
2016-10-05 07:00:00,11.0,77,0,0.0,18.0,0.0
2016-10-05 08:00:00,11.2,81,2,26.0,18.4,0.0
2016-10-05 09:00:00,12.5,77,11,145.0,19.5,0.0
2016-10-05 10:00:00,13.7,69,41,273.0,26.3,0.0
2016-10-05 11:00:00,14.2,67,20,337.0,23.8,0.0
2016-10-05 12:00:00,14.7,64,29,446.0,25.2,0.0
2016-10-05 13:00:00,14.5,63,23,399.0,26.4,0.0
2016-10-05 14:00:00,14.5,61,24,420.0,27.6,0.0
2016-10-05 15:00:00,14.3,60,18,398.0,28.0,0.0
2016-10-05 16:00:00,13.9,61,23,347.0,27.5,0.0
2016-10-05 17:00:00,13.3,61,14,229.0,27.3,0.0
2016-10-05 18:00:00,12.6,62,0,88.0,23.4,0.0
2016-10-05 19:00:00,11.9,64,2,6.0,22.4,0.0
2016-10-05 20:00:00,11.8,66,6,0.0,22.5,0.0
2016-10-05 21:00:00,11.7,68,23,0.0,21.1,0.0
2016-10-05 22:00:00,11.5,68,48,0.0,20.2,0.0
2016-10-05 23:00:00,11.7,66,51,0.0,19.4,0.0
2016-10-06 00:00:00,11.4,65,36,0.0,17.3,0.0
2016-10-06 01:00:00,11.2,65,30,0.0,17.0,0.0
2016-10-06 02:00:00,11.1,65,45,0.0,15.7,0.0
2016-10-06 03:00:00,11.2,65,51,0.0,13.7,0.0
2016-10-06 04:00:00,11.1,65,84,0.0,13.4,0.0
2016-10-06 05:00:00,11.1,65,93,0.0,15.0,0.0
2016-10-06 06:00:00,11.0,66,99,0.0,15.5,0.0
2016-10-06 07:00:00,10.9,66,99,0.0,15.5,0.0
2016-10-06 08:00:00,11.1,70,92,8.0,15.8,0.0
2016-10-06 09:00:00,11.4,69,98,54.0,15.9,0.0
2016-10-06 10:00:00,12.0,62,79,104.0,21.1,0.0
2016-10-06 11:00:00,12.2,58,100,138.0,21.9,0.0
2016-10-06 12:00:00,12.5,55,100,154.0,21.7,0.0
2016-10-06 13:00:00,12.7,54,99,196.0,22.7,0.0
2016-10-06 14:00:00,13.1,54,82,181.0,18.5,0.0
2016-10-06 15:00:00,13.5,53,84,168.0,20.0,0.0
2016-10-06 16:00:00,13.3,57,80,148.0,17.7,0.0
2016-10-06 17:00:00,12.9,60,60,138.0,18.6,0.0
2016-10-06 18:00:00,12.1,62,49,55.0,17.7,0.0
2016-10-06 19:00:00,11.5,62,50,3.0,15.8,0.0
2016-10-06 20:00:00,11.3,64,79,0.0,14.2,0.0
2016-10-06 21:00:00,11.6,63,92,0.0,13.7,0.0
2016-10-06 22:00:00,11.9,66,100,0.0,13.4,0.0
2016-10-06 23:00:00,12.0,71,99,0.0,13.2,0.0
2016-10-07 00:00:00,12.1,76,100,0.0,12.1,0.0
2016-10-07 01:00:00,11.9,79,100,0.0,11.9,0.0
2016-10-07 02:00:00,11.7,81,100,0.0,11.2,0.0
2016-10-07 03:00:00,11.5,83,97,0.0,10.1,0.0
2016-10-07 04:00:00,10.8,87,89,0.0,9.8,0.0
2016-10-07 05:00:00,10.4,90,93,0.0,9.6,0.0
2016-10-07 06:00:00,10.6,90,97,0.0,11.2,0.0
2016-10-07 07:00:00,10.7,91,97,0.0,11.1,0.0
2016-10-07 08:00:00,11.4,91,82,8.0,9.6,0.0
2016-10-07 09:00:00,12.3,87,71,57.0,9.6,0.0
2016-10-07 10:00:00,13.2,78,62,148.0,14.0,0.0
2016-10-07 11:00:00,13.8,72,100,166.0,13.8,0.0
2016-10-07 12:00:00,14.5,67,100,227.0,12.7,0.0
2016-10-07 13:00:00,15.1,65,99,266.0,16.0,0.1
2016-10-07 14:00:00,14.8,68,100,206.0,18.0,0.0
2016-10-07 15:00:00,14.9,68,98,213.0,17.1,0.0
2016-10-07 16:00:00,14.6,69,97,157.0,15.8,0.0
2016-10-07 17:00:00,14.5,69,35,151.0,13.2,0.0
2016-10-07 18:00:00,13.8,73,38,62.0,10.2,0.0
2016-10-07 19:00:00,12.9,77,53,3.0,8.4,0.0
2016-10-07 20:00:00,12.1,83,49,0.0,7.9,0.0
2016-10-07 21:00:00,11.4,88,33,0.0,8.7,0.0
2016-10-07 22:00:00,11.2,89,38,0.0,9.0,0.0
2016-10-07 23:00:00,10.6,92,52,0.0,7.7,0.0
2016-10-08 00:00:00,10.5,93,66,0.0,8.7,0.0
2016-10-08 01:00:00,10.3,94,100,0.0,9.0,0.0
2016-10-08 02:00:00,9.9,95,100,0.0,8.9,0.0
2016-10-08 03:00:00,9.8,96,100,0.0,9.2,0.0
2016-10-08 04:00:00,9.7,96,100,0.0,9.4,0.0
2016-10-08 05:00:00,9.4,97,100,0.0,9.6,0.0
2016-10-08 06:00:00,9.3,98,100,0.0,9.5,0.0
2016-10-08 07:00:00,9.7,97,100,0.0,9.4,0.0
2016-10-08 08:00:00,11.1,96,100,4.0,10.2,0.0
2016-10-08 09:00:00,11.9,94,99,24.0,11.7,0.0
2016-10-08 10:00:00,12.7,88,98,47.0,14.2,0.0
2016-10-08 11:00:00,13.3,85,76,80.0,11.5,0.0
2016-10-08 12:00:00,13.7,82,51,96.0,10.8,0.0
2016-10-08 13:00:00,14.1,81,65,165.0,10.7,0.0
2016-10-08 14:00:00,14.8,80,71,240.0,12.0,0.0
2016-10-08 15:00:00,15.1,78,77,261.0,12.4,0.0
2016-10-08 16:00:00,14.2,80,83,176.0,13.2,0.4
2016-10-08 17:00:00,13.5,81,78,39.0,12.0,0.2
2016-10-08 18:00:00,13.0,83,69,31.0,11.0,0.0
2016-10-08 19:00:00,12.1,86,78,1.0,11.6,0.0
2016-10-08 20:00:00,12.6,78,93,0.0,12.4,0.0
2016-10-08 21:00:00,12.3,77,98,0.0,12.4,0.0
2016-10-08 22:00:00,11.9,78,86,0.0,11.7,0.0
2016-10-08 23:00:00,11.4,80,63,0.0,12.3,0.0
2016-10-09 00:00:00,10.5,84,36,0.0,12.6,0.0
2016-10-09 01:00:00,10.2,84,26,0.0,12.6,0.0
2016-10-09 02:00:00,9.4,89,23,0.0,13.0,0.0
2016-10-09 03:00:00,9.0,90,27,0.0,13.0,0.0
2016-10-09 04:00:00,8.4,92,23,0.0,13.0,0.0
2016-10-09 05:00:00,8.0,92,31,0.0,12.6,0.0
2016-10-09 06:00:00,7.7,93,30,0.0,12.7,0.0
2016-10-09 07:00:00,7.3,93,23,0.0,13.1,0.0
2016-10-09 08:00:00,8.2,89,28,16.0,14.1,0.0
2016-10-09 09:00:00,9.5,84,32,112.0,14.1,0.0
2016-10-09 10:00:00,11.1,76,24,233.0,15.8,0.0
2016-10-09 11:00:00,12.7,69,40,377.0,17.6,0.0
2016-10-09 12:00:00,13.6,62,39,411.0,16.4,0.1
2016-10-09 13:00:00,14.0,60,40,386.0,14.0,0.1
2016-10-09 14:00:00,14.1,60,57,345.0,12.4,0.0
2016-10-09 15:00:00,14.3,60,52,331.0,12.6,0.0
2016-10-09 16:00:00,13.3,64,49,233.0,12.3,0.2
2016-10-09 17:00:00,13.0,65,52,166.0,12.3,0.0
2016-10-09 18:00:00,12.2,69,52,56.0,11.2,0.0
2016-10-09 19:00:00,11.3,73,46,1.0,10.5,0.0
2016-10-09 20:00:00,10.6,83,40,0.0,10.2,0.0
2016-10-09 21:00:00,9.8,86,41,0.0,10.9,0.0
2016-10-09 22:00:00,9.4,89,38,0.0,10.7,0.0
2016-10-09 23:00:00,9.0,92,17,0.0,10.4,0.0
2016-10-10 00:00:00,8.3,93,12,0.0,10.4,0.0
2016-10-10 01:00:00,7.7,94,14,0.0,10.1,0.0
2016-10-10 02:00:00,7.3,94,10,0.0,10.9,0.0
2016-10-10 03:00:00,6.8,93,2,0.0,11.2,0.0
2016-10-10 04:00:00,6.4,93,4,0.0,11.2,0.0
2016-10-10 05:00:00,6.1,93,1,0.0,10.1,0.0
2016-10-10 06:00:00,5.7,94,2,0.0,9.5,0.0
2016-10-10 07:00:00,5.4,95,3,0.0,10.0,0.0
2016-10-10 08:00:00,5.5,96,2,16.0,10.8,0.0
2016-10-10 09:00:00,7.5,92,15,120.0,10.8,0.0
2016-10-10 10:00:00,9.4,83,15,253.0,12.4,0.0
2016-10-10 11:00:00,11.1,72,32,379.0,13.0,0.0
2016-10-10 12:00:00,12.2,64,50,443.0,14.4,0.0
2016-10-10 13:00:00,12.8,59,55,463.0,15.2,0.0
2016-10-10 14:00:00,12.9,57,58,371.0,15.2,0.0
2016-10-10 15:00:00,12.9,56,63,274.0,14.9,0.0
2016-10-10 16:00:00,12.8,56,75,229.0,15.2,0.0
2016-10-10 17:00:00,12.0,62,59,115.0,13.0,0.0
2016-10-10 18:00:00,11.2,67,43,45.0,11.9,0.0
2016-10-10 19:00:00,9.9,73,42,1.0,10.9,0.0
2016-10-10 20:00:00,9.5,82,34,0.0,10.7,0.0
2016-10-10 21:00:00,8.5,89,18,0.0,10.0,0.0
2016-10-10 22:00:00,7.8,93,18,0.0,10.5,0.0
2016-10-10 23:00:00,7.7,94,12,0.0,10.3,0.0
2016-10-11 00:00:00,7.4,95,16,0.0,10.0,0.0
2016-10-11 01:00:00,7.3,95,18,0.0,10.4,0.0
2016-10-11 02:00:00,7.2,95,17,0.0,10.6,0.0
2016-10-11 03:00:00,6.9,96,21,0.0,10.3,0.0
2016-10-11 04:00:00,6.6,96,14,0.0,9.9,0.0
2016-10-11 05:00:00,6.4,96,10,0.0,9.0,0.0
2016-10-11 06:00:00,6.1,97,7,0.0,8.4,0.0
2016-10-11 07:00:00,5.7,97,11,0.0,8.8,0.0
2016-10-11 08:00:00,5.8,98,38,13.0,9.4,0.0
2016-10-11 09:00:00,7.6,95,18,102.0,8.7,0.0
2016-10-11 10:00:00,10.1,87,19,222.0,8.3,0.0
2016-10-11 11:00:00,11.7,78,20,327.0,7.4,0.0
2016-10-11 12:00:00,12.8,70,40,384.0,10.0,0.0
2016-10-11 13:00:00,13.7,64,52,374.0,11.0,0.0
2016-10-11 14:00:00,13.9,62,45,312.0,10.8,0.0
2016-10-11 15:00:00,13.9,62,35,229.0,11.2,0.0
2016-10-11 16:00:00,13.8,62,31,199.0,11.9,0.0
2016-10-11 17:00:00,13.5,65,20,149.0,10.3,0.0
2016-10-11 18:00:00,12.4,72,23,52.0,8.9,0.0
2016-10-11 19:00:00,11.2,79,19,1.0,8.3,0.0
2016-10-11 20:00:00,10.4,83,27,0.0,6.7,0.0
2016-10-11 21:00:00,9.0,91,32,0.0,7.0,0.0
2016-10-11 22:00:00,8.4,92,45,0.0,6.6,0.0
2016-10-11 23:00:00,8.1,94,70,0.0,5.4,0.0
2016-10-12 00:00:00,8.8,93,59,0.0,6.3,0.0
2016-10-12 01:00:00,9.5,91,53,0.0,7.9,0.0
2016-10-12 02:00:00,9.8,90,51,0.0,9.0,0.0
2016-10-12 03:00:00,9.4,92,52,0.0,10.1,0.0
2016-10-12 04:00:00,9.3,93,34,0.0,10.5,0.0
2016-10-12 05:00:00,9.1,94,34,0.0,10.7,0.0
2016-10-12 06:00:00,8.9,94,41,0.0,11.2,0.0
2016-10-12 07:00:00,8.8,95,54,0.0,11.8,0.0
2016-10-12 08:00:00,9.3,93,51,10.0,12.6,0.0
2016-10-12 09:00:00,10.2,91,84,54.0,13.0,0.0
2016-10-12 10:00:00,11.1,87,87,100.0,14.0,0.0
2016-10-12 11:00:00,12.1,86,51,201.0,14.5,0.0
2016-10-12 12:00:00,12.7,85,36,237.0,16.1,0.0
2016-10-12 13:00:00,13.7,80,63,362.0,16.3,0.0
2016-10-12 14:00:00,13.7,79,63,302.0,16.5,0.0
2016-10-12 15:00:00,13.9,76,69,325.0,18.7,0.0
2016-10-12 16:00:00,13.5,73,74,270.0,19.6,0.0
2016-10-12 17:00:00,12.6,73,62,155.0,17.7,0.0
2016-10-12 18:00:00,11.7,76,55,49.0,17.4,0.0
2016-10-12 19:00:00,10.6,82,63,0.0,15.3,0.0
2016-10-12 20:00:00,10.7,81,62,0.0,15.4,0.1
2016-10-12 21:00:00,10.2,85,64,0.0,15.4,0.0
2016-10-12 22:00:00,9.7,89,56,0.0,14.7,0.2
2016-10-12 23:00:00,9.5,90,44,0.0,13.8,0.0
2016-10-13 00:00:00,9.0,92,35,0.0,13.3,0.0
2016-10-13 01:00:00,8.7,92,33,0.0,12.8,0.0
2016-10-13 02:00:00,8.2,95,63,0.0,12.0,0.0
2016-10-13 03:00:00,8.2,95,82,0.0,13.3,0.0
2016-10-13 04:00:00,8.1,95,62,0.0,13.8,0.0
2016-10-13 05:00:00,8.0,95,51,0.0,13.6,0.0
2016-10-13 06:00:00,8.2,95,40,0.0,12.8,0.0
2016-10-13 07:00:00,8.5,94,51,0.0,13.0,0.0
2016-10-13 08:00:00,7.8,94,56,8.0,13.4,0.3
2016-10-13 09:00:00,8.7,93,55,72.0,13.6,0.0
2016-10-13 10:00:00,10.0,89,83,169.0,16.1,0.0
2016-10-13 11:00:00,10.9,85,65,264.0,14.7,0.1
2016-10-13 12:00:00,11.7,81,38,319.0,16.7,0.1
2016-10-13 13:00:00,12.4,75,51,354.0,19.0,0.0
2016-10-13 14:00:00,12.7,68,50,336.0,22.0,0.0
2016-10-13 15:00:00,12.7,64,51,306.0,23.2,0.0
2016-10-13 16:00:00,12.2,64,58,206.0,22.6,0.0
2016-10-13 17:00:00,11.8,65,70,90.0,20.3,0.0
2016-10-13 18:00:00,11.7,63,100,22.0,16.6,0.0
2016-10-13 19:00:00,11.7,63,100,0.0,15.0,0.0
2016-10-13 20:00:00,11.1,72,100,0.0,13.1,0.0
2016-10-13 21:00:00,11.2,72,100,0.0,12.8,0.0
2016-10-13 22:00:00,11.1,73,100,0.0,13.3,0.0
2016-10-13 23:00:00,10.8,76,100,0.0,9.9,0.0
2016-10-14 00:00:00,10.6,78,100,0.0,9.2,0.0
2016-10-14 01:00:00,10.5,80,100,0.0,8.7,0.0
2016-10-14 02:00:00,10.4,81,100,0.0,10.0,0.0
2016-10-14 03:00:00,10.2,81,100,0.0,10.5,0.0
2016-10-14 04:00:00,9.9,82,92,0.0,10.0,0.0
2016-10-14 05:00:00,9.4,84,63,0.0,9.4,0.0
2016-10-14 06:00:00,9.6,83,72,0.0,9.3,0.0
2016-10-14 07:00:00,9.8,81,75,0.0,9.8,0.0
2016-10-14 08:00:00,8.5,93,70,8.0,9.9,0.0
2016-10-14 09:00:00,9.5,91,74,68.0,9.6,0.0
2016-10-14 10:00:00,10.7,85,81,178.0,12.0,0.0
2016-10-14 11:00:00,12.0,73,82,307.0,14.0,0.0
2016-10-14 12:00:00,12.6,68,97,284.0,13.9,0.0
2016-10-14 13:00:00,13.3,64,93,338.0,13.8,0.0
2016-10-14 14:00:00,13.7,62,93,324.0,15.3,0.0
2016-10-14 15:00:00,13.5,63,100,221.0,15.5,0.0
2016-10-14 16:00:00,12.8,67,99,93.0,15.0,0.0
2016-10-14 17:00:00,12.4,70,99,55.0,13.8,0.0
2016-10-14 18:00:00,12.0,73,99,17.0,13.2,0.0
2016-10-14 19:00:00,11.7,76,99,0.0,12.4,0.0
2016-10-14 20:00:00,11.4,80,99,0.0,11.3,0.0
2016-10-14 21:00:00,11.3,82,100,0.0,9.7,0.0
2016-10-14 22:00:00,11.2,83,100,0.0,8.7,0.0
2016-10-14 23:00:00,11.2,84,100,0.0,6.7,0.0
2016-10-15 00:00:00,11.1,86,100,0.0,6.1,0.0
2016-10-15 01:00:00,11.0,87,100,0.0,4.8,0.0
2016-10-15 02:00:00,11.0,89,98,0.0,4.6,0.0
2016-10-15 03:00:00,10.8,93,91,0.0,3.1,0.0
2016-10-15 04:00:00,10.6,93,87,0.0,3.0,0.0
2016-10-15 05:00:00,9.9,96,88,0.0,4.1,0.0
2016-10-15 06:00:00,8.9,97,93,0.0,6.2,0.0
2016-10-15 07:00:00,8.6,97,84,0.0,7.9,0.0
2016-10-15 08:00:00,9.3,96,93,7.0,9.7,0.0
2016-10-15 09:00:00,11.2,90,85,74.0,11.9,0.0
2016-10-15 10:00:00,13.1,79,72,175.0,13.1,0.0
2016-10-15 11:00:00,14.3,71,97,234.0,15.2,0.0
2016-10-15 12:00:00,14.5,71,79,181.0,11.4,0.0
2016-10-15 13:00:00,15.1,68,43,249.0,9.8,0.0
2016-10-15 14:00:00,15.6,64,43,286.0,11.2,0.0
2016-10-15 15:00:00,16.0,61,54,356.0,13.7,0.0
2016-10-15 16:00:00,15.7,59,85,278.0,16.2,0.0
2016-10-15 17:00:00,15.0,63,98,150.0,15.9,0.0
2016-10-15 18:00:00,13.8,70,100,42.0,15.1,0.0
2016-10-15 19:00:00,13.0,81,86,0.0,15.3,1.3
2016-10-15 20:00:00,12.6,91,96,0.0,16.6,0.3
2016-10-15 21:00:00,12.5,92,49,0.0,16.8,0.0
2016-10-15 22:00:00,12.0,92,19,0.0,14.8,0.0
2016-10-15 23:00:00,11.2,93,5,0.0,12.2,0.0
2016-10-16 00:00:00,10.5,94,3,0.0,9.5,0.0
2016-10-16 01:00:00,10.1,94,11,0.0,9.4,0.0
2016-10-16 02:00:00,9.9,94,22,0.0,10.1,0.0
2016-10-16 03:00:00,9.7,95,28,0.0,11.1,0.0
2016-10-16 04:00:00,9.9,95,66,0.0,12.1,0.0
2016-10-16 05:00:00,10.5,94,100,0.0,13.8,0.0
2016-10-16 06:00:00,11.0,94,100,0.0,15.8,0.2
2016-10-16 07:00:00,11.2,93,100,0.0,16.5,0.9
2016-10-16 08:00:00,11.7,95,100,2.0,16.6,1.9
2016-10-16 09:00:00,12.3,93,100,10.0,21.6,2.5
2016-10-16 10:00:00,13.3,91,100,28.0,26.9,1.5
2016-10-16 11:00:00,14.0,91,82,71.0,19.6,0.4
2016-10-16 12:00:00,14.8,90,52,172.0,16.9,0.0
2016-10-16 13:00:00,15.5,88,52,257.0,17.7,0.1
2016-10-16 14:00:00,16.0,83,55,349.0,17.9,0.0
2016-10-16 15:00:00,16.2,80,34,361.0,17.5,0.0
2016-10-16 16:00:00,15.8,79,51,260.0,20.5,0.0
2016-10-16 17:00:00,14.8,81,55,114.0,18.8,0.0
2016-10-16 18:00:00,14.1,83,55,36.0,15.5,0.0
2016-10-16 19:00:00,13.2,87,33,0.0,14.8,0.0
2016-10-16 20:00:00,12.7,89,31,0.0,15.5,0.0
2016-10-16 21:00:00,12.2,91,39,0.0,15.2,0.0
2016-10-16 22:00:00,12.1,93,43,0.0,14.2,0.0
2016-10-16 23:00:00,12.2,93,61,0.0,13.0,0.0
2016-10-17 00:00:00,11.9,94,66,0.0,15.6,0.0
2016-10-17 01:00:00,11.6,94,70,0.0,15.5,0.0
2016-10-17 02:00:00,11.4,94,53,0.0,14.7,0.0
2016-10-17 03:00:00,11.4,94,40,0.0,14.8,0.0
2016-10-17 04:00:00,11.1,92,46,0.0,14.3,0.0
2016-10-17 05:00:00,11.0,92,75,0.0,14.7,0.0
2016-10-17 06:00:00,10.9,92,90,0.0,15.3,0.0
2016-10-17 07:00:00,10.9,93,87,0.0,14.7,0.0
2016-10-17 08:00:00,11.3,92,71,5.0,14.8,0.0
2016-10-17 09:00:00,12.2,90,53,77.0,15.5,0.0
2016-10-17 10:00:00,13.6,85,56,189.0,17.7,0.0
2016-10-17 11:00:00,14.9,74,22,308.0,17.3,0.0
2016-10-17 12:00:00,15.7,70,24,379.0,17.8,0.0
2016-10-17 13:00:00,16.0,69,36,378.0,17.8,0.0
2016-10-17 14:00:00,16.0,68,38,340.0,18.0,0.1
2016-10-17 15:00:00,15.8,69,41,255.0,20.4,0.2
2016-10-17 16:00:00,14.5,75,48,194.0,19.5,0.3
2016-10-17 17:00:00,14.1,75,30,128.0,16.8,0.1
2016-10-17 18:00:00,13.3,75,44,34.0,14.1,0.0
2016-10-17 19:00:00,12.4,78,34,0.0,13.0,0.0
2016-10-17 20:00:00,11.9,80,18,0.0,13.3,0.0
2016-10-17 21:00:00,11.1,84,14,0.0,13.2,0.0
2016-10-17 22:00:00,10.7,86,15,0.0,13.1,0.0
2016-10-17 23:00:00,10.2,89,14,0.0,14.6,0.0
2016-10-18 00:00:00,9.9,91,12,0.0,15.4,0.0
2016-10-18 01:00:00,9.8,92,29,0.0,15.4,0.0
2016-10-18 02:00:00,9.6,92,62,0.0,15.9,0.0
2016-10-18 03:00:00,9.4,93,96,0.0,15.9,0.0
2016-10-18 04:00:00,9.6,92,93,0.0,15.8,0.0
2016-10-18 05:00:00,9.7,91,63,0.0,16.1,0.0
2016-10-18 06:00:00,10.0,90,99,0.0,16.6,0.0
2016-10-18 07:00:00,10.3,89,93,0.0,18.1,0.2
2016-10-18 08:00:00,11.0,86,86,2.0,20.4,0.1
2016-10-18 09:00:00,11.4,85,83,16.0,22.1,0.1
2016-10-18 10:00:00,11.6,84,63,61.0,23.7,0.1
2016-10-18 11:00:00,11.6,78,58,129.0,20.6,0.2
2016-10-18 12:00:00,11.6,72,41,220.0,20.5,0.0
2016-10-18 13:00:00,12.2,64,17,318.0,22.0,0.0
2016-10-18 14:00:00,12.7,59,31,347.0,22.5,0.0
2016-10-18 15:00:00,12.9,57,28,351.0,22.1,0.0
2016-10-18 16:00:00,12.7,56,26,269.0,22.8,0.0
2016-10-18 17:00:00,12.2,56,23,153.0,20.9,0.0
2016-10-18 18:00:00,11.1,58,3,37.0,20.2,0.0
2016-10-18 19:00:00,10.3,60,0,0.0,20.9,0.0
2016-10-18 20:00:00,9.9,64,6,0.0,21.4,0.0
2016-10-18 21:00:00,9.6,66,1,0.0,21.5,0.0
2016-10-18 22:00:00,9.3,69,5,0.0,21.3,0.0
2016-10-18 23:00:00,9.1,72,14,0.0,21.4,0.0
2016-10-19 00:00:00,9.0,75,25,0.0,20.1,0.0
2016-10-19 01:00:00,8.9,78,34,0.0,19.7,0.0
2016-10-19 02:00:00,8.9,80,20,0.0,19.6,0.0
2016-10-19 03:00:00,8.8,82,33,0.0,19.4,0.0
2016-10-19 04:00:00,8.7,84,48,0.0,18.9,0.0
2016-10-19 05:00:00,8.7,85,47,0.0,18.2,0.0
2016-10-19 06:00:00,8.6,87,23,0.0,18.1,0.0
2016-10-19 07:00:00,8.4,89,8,0.0,17.4,0.0
2016-10-19 08:00:00,8.5,90,22,4.0,16.9,0.0
2016-10-19 09:00:00,9.2,88,4,77.0,16.1,0.0
2016-10-19 10:00:00,10.8,81,5,205.0,18.4,0.0
2016-10-19 11:00:00,12.1,72,67,318.0,16.1,0.0
2016-10-19 12:00:00,12.8,67,42,335.0,17.1,0.0
2016-10-19 13:00:00,13.4,61,39,339.0,17.8,0.0
2016-10-19 14:00:00,13.7,58,44,343.0,18.5,0.0
2016-10-19 15:00:00,13.8,56,59,301.0,18.2,0.0
2016-10-19 16:00:00,13.4,58,66,163.0,16.4,0.0
2016-10-19 17:00:00,13.0,60,73,99.0,15.2,0.0
2016-10-19 18:00:00,12.2,64,50,21.0,15.1,0.0
2016-10-19 19:00:00,11.6,67,27,0.0,15.2,0.0
2016-10-19 20:00:00,10.6,74,16,0.0,15.3,0.0
2016-10-19 21:00:00,10.0,77,9,0.0,15.5,0.0
2016-10-19 22:00:00,9.6,80,13,0.0,15.3,0.0
2016-10-19 23:00:00,9.3,83,17,0.0,14.0,0.0
2016-10-20 00:00:00,9.0,85,17,0.0,13.7,0.0
2016-10-20 01:00:00,9.3,85,27,0.0,14.6,0.0
2016-10-20 02:00:00,9.4,85,50,0.0,15.9,0.0
2016-10-20 03:00:00,9.5,85,88,0.0,16.1,0.0
2016-10-20 04:00:00,9.5,86,97,0.0,15.9,0.0
2016-10-20 05:00:00,9.7,86,90,0.0,15.9,0.0
2016-10-20 06:00:00,9.9,86,83,0.0,15.6,0.0
2016-10-20 07:00:00,10.0,86,94,0.0,15.8,0.0
2016-10-20 08:00:00,9.4,91,91,2.0,15.8,0.0
2016-10-20 09:00:00,10.0,90,95,43.0,16.8,0.0
2016-10-20 10:00:00,10.9,85,100,113.0,21.3,0.0
2016-10-20 11:00:00,12.2,74,45,210.0,18.1,0.0
2016-10-20 12:00:00,12.9,69,36,245.0,19.5,0.0
2016-10-20 13:00:00,13.4,67,34,318.0,21.3,0.1
2016-10-20 14:00:00,13.3,67,32,231.0,19.9,0.0
2016-10-20 15:00:00,13.2,68,42,236.0,19.8,0.0
2016-10-20 16:00:00,12.5,74,50,164.0,16.6,0.0
2016-10-20 17:00:00,11.9,76,42,107.0,15.9,0.0
2016-10-20 18:00:00,11.0,79,41,25.0,15.0,0.0
2016-10-20 19:00:00,10.5,81,31,0.0,15.3,0.0
2016-10-20 20:00:00,9.8,88,24,0.0,15.3,0.0
2016-10-20 21:00:00,9.6,88,31,0.0,15.3,0.0
2016-10-20 22:00:00,9.2,89,33,0.0,15.0,0.0
2016-10-20 23:00:00,8.6,92,17,0.0,14.1,0.0
2016-10-21 00:00:00,8.4,93,15,0.0,14.0,0.0
2016-10-21 01:00:00,8.3,93,27,0.0,14.8,0.0
2016-10-21 02:00:00,8.0,95,23,0.0,14.8,0.0
2016-10-21 03:00:00,7.8,95,52,0.0,14.7,0.0
2016-10-21 04:00:00,7.6,96,33,0.0,14.0,0.0
2016-10-21 05:00:00,7.5,96,61,0.0,13.7,0.0
2016-10-21 06:00:00,7.2,96,89,0.0,13.2,0.0
2016-10-21 07:00:00,6.9,97,97,0.0,13.2,0.0
2016-10-21 08:00:00,7.1,94,42,3.0,13.6,0.0
2016-10-21 09:00:00,7.8,92,85,71.0,14.3,0.0
2016-10-21 10:00:00,9.1,87,100,159.0,18.0,0.0
2016-10-21 11:00:00,10.6,80,100,244.0,15.5,0.0
2016-10-21 12:00:00,11.5,74,100,284.0,15.8,0.0
2016-10-21 13:00:00,12.0,69,100,256.0,15.9,0.0
2016-10-21 14:00:00,12.3,67,99,236.0,15.5,0.0
2016-10-21 15:00:00,12.4,65,100,224.0,15.0,0.0
2016-10-21 16:00:00,12.2,65,99,134.0,14.6,0.0
2016-10-21 17:00:00,11.8,66,99,66.0,12.1,0.0
2016-10-21 18:00:00,11.2,69,85,15.0,11.3,0.0
2016-10-21 19:00:00,10.6,72,61,0.0,10.2,0.0
2016-10-21 20:00:00,9.7,85,43,0.0,10.3,0.0
2016-10-21 21:00:00,9.0,89,35,0.0,10.3,0.0
2016-10-21 22:00:00,8.5,92,31,0.0,10.6,0.0
2016-10-21 23:00:00,7.9,94,23,0.0,11.2,0.0
2016-10-22 00:00:00,7.6,95,22,0.0,10.1,0.0
2016-10-22 01:00:00,7.1,96,11,0.0,10.1,0.0
2016-10-22 02:00:00,6.9,97,8,0.0,10.4,0.0
2016-10-22 03:00:00,6.3,98,9,0.0,10.4,0.0
2016-10-22 04:00:00,5.9,98,8,0.0,9.7,0.0
2016-10-22 05:00:00,6.0,99,3,0.0,9.0,0.0
2016-10-22 06:00:00,5.9,99,5,0.0,9.0,0.0
2016-10-22 07:00:00,6.1,98,11,0.0,9.7,0.0
2016-10-22 08:00:00,5.6,98,6,3.0,10.1,0.0
2016-10-22 09:00:00,6.8,97,4,72.0,11.2,0.0
2016-10-22 10:00:00,9.3,89,12,189.0,10.6,0.0
2016-10-22 11:00:00,11.1,80,80,310.0,11.9,0.0
2016-10-22 12:00:00,12.2,71,48,357.0,11.1,0.0
2016-10-22 13:00:00,13.0,64,42,375.0,11.9,0.0
2016-10-22 14:00:00,13.1,62,46,236.0,12.1,0.0
2016-10-22 15:00:00,13.1,61,52,193.0,11.8,0.0
2016-10-22 16:00:00,12.7,63,53,161.0,12.1,0.0
2016-10-22 17:00:00,12.0,68,46,74.0,9.8,0.0
2016-10-22 18:00:00,10.8,73,43,18.0,9.8,0.0
2016-10-22 19:00:00,9.6,80,35,0.0,11.1,0.0
2016-10-22 20:00:00,9.5,85,35,0.0,11.5,0.0
2016-10-22 21:00:00,9.0,88,26,0.0,11.7,0.0
2016-10-22 22:00:00,8.2,92,22,0.0,10.9,0.0
2016-10-22 23:00:00,7.6,94,15,0.0,10.6,0.0
2016-10-23 00:00:00,7.0,95,8,0.0,9.7,0.0
2016-10-23 01:00:00,6.5,97,12,0.0,9.7,0.0
2016-10-23 02:00:00,6.7,97,29,0.0,10.5,0.0
2016-10-23 03:00:00,6.9,97,34,0.0,10.7,0.0
2016-10-23 04:00:00,7.5,96,30,0.0,10.4,0.0
2016-10-23 05:00:00,7.7,96,23,0.0,10.2,0.0
2016-10-23 06:00:00,7.6,96,31,0.0,10.5,0.0
2016-10-23 07:00:00,7.7,96,42,0.0,10.9,0.0
2016-10-23 08:00:00,7.2,96,50,2.0,12.1,0.0
2016-10-23 09:00:00,8.0,93,48,52.0,13.0,0.0
2016-10-23 10:00:00,9.6,85,46,157.0,14.9,0.0
2016-10-23 11:00:00,10.7,74,60,235.0,21.3,0.0
2016-10-23 12:00:00,11.5,68,66,288.0,21.4,0.0
2016-10-23 13:00:00,12.1,63,41,335.0,21.8,0.0
2016-10-23 14:00:00,12.4,61,48,326.0,22.6,0.0
2016-10-23 15:00:00,12.2,63,62,256.0,23.9,0.0
2016-10-23 16:00:00,11.7,65,100,187.0,23.6,0.0
2016-10-23 17:00:00,10.9,69,99,107.0,20.8,0.0
2016-10-23 18:00:00,9.9,74,100,19.0,18.8,0.0
2016-10-23 19:00:00,9.4,77,99,0.0,18.6,0.0
2016-10-23 20:00:00,10.2,74,100,0.0,19.4,0.0
2016-10-23 21:00:00,10.4,73,98,0.0,16.9,0.0
2016-10-23 22:00:00,10.2,75,100,0.0,16.2,0.0
2016-10-23 23:00:00,10.2,75,92,0.0,15.4,0.0
2016-10-24 00:00:00,10.1,77,99,0.0,14.1,0.0
2016-10-24 01:00:00,9.9,79,98,0.0,14.5,0.0
2016-10-24 02:00:00,9.7,81,100,0.0,13.3,0.0
2016-10-24 03:00:00,9.7,81,99,0.0,15.3,0.0
2016-10-24 04:00:00,9.8,80,96,0.0,16.9,0.2
2016-10-24 05:00:00,9.6,82,100,0.0,15.1,0.2
2016-10-24 06:00:00,9.7,83,100,0.0,15.6,0.2
2016-10-24 07:00:00,9.7,84,100,0.0,15.9,0.0
2016-10-24 08:00:00,10.1,82,100,0.0,15.6,0.0
2016-10-24 09:00:00,10.3,82,100,12.0,14.0,0.0
2016-10-24 10:00:00,10.7,81,100,26.0,13.4,0.0
2016-10-24 11:00:00,11.1,80,100,50.0,11.9,0.0
2016-10-24 12:00:00,11.4,79,100,58.0,11.1,0.0
2016-10-24 13:00:00,11.9,76,100,78.0,10.2,0.0
2016-10-24 14:00:00,12.1,74,100,76.0,10.8,0.0
2016-10-24 15:00:00,12.4,73,98,100.0,10.0,0.0
2016-10-24 16:00:00,12.1,76,95,51.0,10.9,0.4
2016-10-24 17:00:00,11.6,81,85,26.0,9.1,0.4
2016-10-24 18:00:00,10.9,87,96,6.0,8.7,0.4
2016-10-24 19:00:00,10.5,90,98,0.0,8.6,0.4
2016-10-24 20:00:00,10.4,85,90,0.0,8.4,0.2
2016-10-24 21:00:00,9.4,91,72,0.0,7.4,0.2
2016-10-24 22:00:00,9.3,92,95,0.0,5.9,0.1
2016-10-24 23:00:00,8.5,94,100,0.0,6.4,0.0
2016-10-25 00:00:00,8.0,95,100,0.0,7.2,0.0
2016-10-25 01:00:00,8.1,96,93,0.0,7.0,0.0
2016-10-25 02:00:00,8.3,96,55,0.0,5.9,0.0
2016-10-25 03:00:00,8.4,96,44,0.0,5.1,0.1
2016-10-25 04:00:00,7.9,97,52,0.0,6.4,0.0
2016-10-25 05:00:00,7.4,98,81,0.0,6.4,0.0
2016-10-25 06:00:00,7.0,98,64,0.0,6.9,0.0
2016-10-25 07:00:00,6.8,98,25,0.0,7.3,0.0
2016-10-25 08:00:00,5.8,99,27,1.0,6.3,0.0
2016-10-25 09:00:00,7.0,98,44,61.0,6.8,0.0
2016-10-25 10:00:00,9.6,94,60,145.0,4.8,0.0
2016-10-25 11:00:00,11.3,88,82,214.0,7.8,0.0
2016-10-25 12:00:00,12.5,81,87,229.0,7.5,0.0
2016-10-25 13:00:00,13.5,73,97,300.0,7.4,0.0
2016-10-25 14:00:00,14.3,69,96,342.0,6.2,0.0
2016-10-25 15:00:00,14.7,67,100,227.0,5.5,0.0
2016-10-25 16:00:00,14.5,70,95,78.0,4.2,0.0
2016-10-25 17:00:00,14.1,73,82,34.0,3.3,0.0
2016-10-25 18:00:00,13.4,78,89,8.0,5.9,0.0
2016-10-25 19:00:00,12.1,86,76,0.0,5.6,0.0
2016-10-25 20:00:00,11.6,92,62,0.0,6.4,0.0
2016-10-25 21:00:00,10.8,95,55,0.0,6.2,0.0
2016-10-25 22:00:00,10.5,96,42,0.0,6.2,0.0
2016-10-25 23:00:00,9.7,98,36,0.0,7.2,0.0
2016-10-26 00:00:00,9.5,98,45,0.0,7.3,0.0
2016-10-26 01:00:00,9.5,99,57,0.0,6.6,0.0
2016-10-26 02:00:00,9.1,99,69,0.0,7.1,0.0
2016-10-26 03:00:00,8.8,99,91,0.0,7.4,0.1
2016-10-26 04:00:00,8.6,99,99,0.0,6.5,0.0
2016-10-26 05:00:00,8.5,99,100,0.0,6.4,0.0
2016-10-26 06:00:00,8.3,100,100,0.0,7.1,0.0
2016-10-26 07:00:00,8.1,100,100,0.0,8.4,0.0
2016-10-26 08:00:00,8.6,100,100,0.0,9.2,0.0
2016-10-26 09:00:00,9.9,99,100,26.0,11.6,0.0
2016-10-26 10:00:00,10.5,98,100,77.0,13.2,0.0
2016-10-26 11:00:00,11.5,91,96,137.0,13.2,0.0
2016-10-26 12:00:00,12.5,86,95,202.0,14.4,0.0
2016-10-26 13:00:00,13.4,80,85,244.0,16.3,0.0
2016-10-26 14:00:00,14.0,75,94,228.0,17.4,0.0
2016-10-26 15:00:00,13.9,75,91,160.0,16.6,0.0
2016-10-26 16:00:00,14.1,73,84,116.0,15.5,0.0
2016-10-26 17:00:00,13.8,75,87,44.0,13.0,0.0
2016-10-26 18:00:00,13.4,77,61,9.0,11.3,0.0
2016-10-26 19:00:00,12.7,81,35,0.0,10.4,0.0
2016-10-26 20:00:00,11.7,88,21,0.0,10.6,0.0
2016-10-26 21:00:00,11.1,92,10,0.0,11.7,0.0
2016-10-26 22:00:00,10.6,95,11,0.0,11.4,0.0
2016-10-26 23:00:00,10.0,97,2,0.0,12.2,0.0
2016-10-27 00:00:00,9.4,98,2,0.0,11.9,0.0
2016-10-27 01:00:00,8.9,98,1,0.0,10.8,0.0
2016-10-27 02:00:00,8.3,98,3,0.0,9.5,0.0
2016-10-27 03:00:00,7.6,99,5,0.0,9.3,0.0
2016-10-27 04:00:00,7.0,99,12,0.0,9.6,0.0
2016-10-27 05:00:00,6.5,99,22,0.0,10.0,0.0
2016-10-27 06:00:00,6.1,99,30,0.0,9.8,0.0
2016-10-27 07:00:00,5.8,99,45,0.0,9.7,0.0
2016-10-27 08:00:00,6.9,99,77,0.0,10.5,0.0
2016-10-27 09:00:00,8.7,96,83,37.0,13.2,0.0
2016-10-27 10:00:00,9.4,93,100,88.0,13.1,0.0
2016-10-27 11:00:00,10.3,89,100,162.0,14.7,0.0
2016-10-27 12:00:00,11.3,84,85,223.0,15.6,0.0
2016-10-27 13:00:00,12.4,79,74,289.0,16.8,0.0
2016-10-27 14:00:00,13.1,77,98,284.0,18.0,0.0
2016-10-27 15:00:00,13.1,77,100,186.0,18.5,0.0
2016-10-27 16:00:00,13.1,76,100,90.0,15.3,0.0
2016-10-27 17:00:00,12.7,78,100,39.0,16.2,0.0
2016-10-27 18:00:00,12.4,79,99,6.0,16.2,0.0
2016-10-27 19:00:00,12.1,81,100,0.0,16.4,0.0
2016-10-27 20:00:00,12.6,83,97,0.0,16.4,0.0
2016-10-27 21:00:00,12.4,84,90,0.0,16.9,0.0
2016-10-27 22:00:00,12.0,86,82,0.0,16.8,0.0
2016-10-27 23:00:00,11.7,88,89,0.0,18.4,0.0
2016-10-28 00:00:00,11.4,89,93,0.0,18.0,0.0
2016-10-28 01:00:00,11.2,89,96,0.0,18.5,0.0
2016-10-28 02:00:00,11.1,89,96,0.0,18.2,0.0
2016-10-28 03:00:00,11.2,87,93,0.0,17.1,0.0
2016-10-28 04:00:00,11.0,88,100,0.0,16.2,0.0
2016-10-28 05:00:00,11.0,88,74,0.0,16.4,0.0
2016-10-28 06:00:00,10.9,89,56,0.0,15.9,0.0
2016-10-28 07:00:00,10.6,91,34,0.0,14.3,0.0
2016-10-28 08:00:00,10.7,92,32,0.0,13.0,0.0
2016-10-28 09:00:00,11.0,92,79,43.0,13.3,0.0
2016-10-28 10:00:00,12.3,86,83,136.0,13.4,0.0
2016-10-28 11:00:00,13.7,81,45,223.0,11.7,0.0
2016-10-28 12:00:00,14.5,78,41,258.0,12.3,0.0
2016-10-28 13:00:00,15.4,76,86,295.0,12.0,0.0
2016-10-28 14:00:00,15.6,76,100,184.0,10.3,0.0
2016-10-28 15:00:00,15.6,76,100,118.0,8.8,0.0
2016-10-28 16:00:00,15.2,79,100,53.0,7.6,0.0
2016-10-28 17:00:00,15.0,80,100,33.0,5.8,0.0
2016-10-28 18:00:00,14.4,83,99,5.0,5.0,0.0
2016-10-28 19:00:00,14.0,85,100,0.0,4.7,0.0
2016-10-28 20:00:00,13.8,87,100,0.0,5.1,0.0
2016-10-28 21:00:00,13.5,89,100,0.0,5.4,0.0
2016-10-28 22:00:00,13.3,90,100,0.0,5.1,0.0
2016-10-28 23:00:00,13.0,92,100,0.0,3.7,0.0
2016-10-29 00:00:00,12.9,92,100,0.0,3.9,0.0
2016-10-29 01:00:00,12.8,94,100,0.0,2.9,0.0
2016-10-29 02:00:00,12.6,95,100,0.0,2.9,0.0
2016-10-29 03:00:00,12.5,95,100,0.0,3.2,0.0
2016-10-29 04:00:00,12.3,96,100,0.0,3.6,0.0
2016-10-29 05:00:00,12.1,97,100,0.0,2.1,0.0
2016-10-29 06:00:00,12.1,98,100,0.0,0.8,0.0
2016-10-29 07:00:00,12.1,98,100,0.0,0.4,0.0
2016-10-29 08:00:00,12.6,93,100,0.0,1.3,0.0
2016-10-29 09:00:00,12.7,95,100,14.0,2.2,0.0
2016-10-29 10:00:00,13.4,91,100,42.0,2.7,0.0
2016-10-29 11:00:00,14.0,88,100,72.0,4.6,0.0
2016-10-29 12:00:00,14.7,84,98,117.0,5.6,0.0
2016-10-29 13:00:00,15.3,80,100,138.0,6.4,0.0
2016-10-29 14:00:00,16.0,75,100,188.0,7.2,0.0
2016-10-29 15:00:00,16.2,73,100,161.0,5.7,0.0
2016-10-29 16:00:00,15.9,75,100,73.0,4.3,0.0
2016-10-29 17:00:00,15.5,78,100,39.0,3.3,0.0
2016-10-29 18:00:00,14.8,82,96,4.0,3.9,0.0
2016-10-29 19:00:00,14.2,86,98,0.0,3.9,0.0
2016-10-29 20:00:00,13.5,89,94,0.0,3.9,0.0
2016-10-29 21:00:00,13.1,91,91,0.0,3.9,0.0
2016-10-29 22:00:00,12.9,92,95,0.0,3.9,0.0
2016-10-29 23:00:00,12.6,93,91,0.0,3.8,0.0
2016-10-30 00:00:00,12.5,94,89,0.0,4.1,0.0
2016-10-30 01:00:00,12.2,95,90,0.0,4.7,0.0
2016-10-30 02:00:00,12.1,96,78,0.0,5.2,0.0
2016-10-30 03:00:00,11.9,97,67,0.0,5.6,0.0
2016-10-30 04:00:00,11.5,98,55,0.0,4.7,0.0
2016-10-30 05:00:00,11.2,98,58,0.0,5.2,0.0
2016-10-30 06:00:00,11.2,99,84,0.0,5.9,0.0
2016-10-30 07:00:00,11.1,99,100,0.0,5.7,0.0
2016-10-30 08:00:00,10.6,99,100,0.0,5.6,0.0
2016-10-30 09:00:00,11.0,99,100,24.0,6.3,0.0
2016-10-30 10:00:00,11.4,99,100,68.0,6.6,0.0
2016-10-30 11:00:00,11.9,96,100,107.0,5.7,0.0
2016-10-30 12:00:00,12.4,93,100,113.0,5.9,0.0
2016-10-30 13:00:00,13.4,86,100,175.0,7.3,0.0
2016-10-30 14:00:00,14.2,80,100,186.0,8.1,0.0
2016-10-30 15:00:00,14.6,77,97,167.0,8.0,0.0
2016-10-30 16:00:00,14.7,76,96,138.0,7.9,0.0
2016-10-30 17:00:00,13.9,81,97,70.0,6.8,0.0
2016-10-30 18:00:00,12.7,88,98,7.0,8.1,0.0
2016-10-30 19:00:00,11.7,93,100,0.0,8.7,0.0
2016-10-30 20:00:00,11.1,97,100,0.0,9.7,0.0
2016-10-30 21:00:00,10.7,98,100,0.0,11.3,0.0
2016-10-30 22:00:00,10.6,97,99,0.0,11.2,0.0
2016-10-30 23:00:00,10.5,96,62,0.0,10.2,0.0
2016-10-31 00:00:00,10.5,96,22,0.0,8.4,0.0
2016-10-31 01:00:00,10.1,95,35,0.0,7.6,0.0
2016-10-31 02:00:00,9.5,96,38,0.0,7.6,0.0
2016-10-31 03:00:00,8.7,97,6,0.0,7.6,0.0
2016-10-31 04:00:00,8.1,98,11,0.0,7.6,0.0
2016-10-31 05:00:00,7.5,98,10,0.0,6.9,0.0
2016-10-31 06:00:00,7.2,99,17,0.0,6.9,0.0
2016-10-31 07:00:00,6.9,99,7,0.0,7.2,0.0
2016-10-31 08:00:00,7.0,99,1,0.0,6.5,0.0
2016-10-31 09:00:00,8.0,99,18,44.0,8.3,0.0
2016-10-31 10:00:00,11.1,94,59,153.0,6.9,0.0
2016-10-31 11:00:00,13.1,87,45,259.0,5.7,0.0
2016-10-31 12:00:00,14.8,81,33,334.0,5.6,0.0
2016-10-31 13:00:00,16.1,75,22,363.0,4.9,0.0
2016-10-31 14:00:00,16.8,73,11,322.0,4.3,0.0
2016-10-31 15:00:00,17.3,71,3,290.0,3.6,0.0
2016-10-31 16:00:00,17.1,72,0,198.0,3.3,0.0
2016-10-31 17:00:00,16.2,77,0,89.0,6.7,0.0
2016-10-31 18:00:00,14.3,85,36,8.0,7.6,0.0
2016-10-31 19:00:00,12.4,93,63,0.0,6.8,0.0
2016-10-31 20:00:00,11.2,94,82,0.0,7.1,0.0
2016-10-31 21:00:00,10.0,96,88,0.0,7.4,0.0
2016-10-31 22:00:00,9.2,97,71,0.0,8.4,0.0
2016-10-31 23:00:00,9.0,97,70,0.0,8.0,0.0
2016-11-01 00:00:00,9.5,96,85,0.0,6.9,0.0
2016-11-01 01:00:00,9.5,97,53,0.0,6.4,0.0
2016-11-01 02:00:00,8.5,99,100,0.0,5.3,0.0
2016-11-01 03:00:00,8.0,100,100,0.0,4.5,0.0
2016-11-01 04:00:00,7.3,100,100,0.0,4.2,0.0
2016-11-01 05:00:00,6.7,100,100,0.0,5.4,0.0
2016-11-01 06:00:00,7.0,100,100,0.0,5.5,0.0
2016-11-01 07:00:00,7.7,99,100,0.0,6.3,0.0
2016-11-01 08:00:00,8.4,99,100,0.0,7.2,0.0
2016-11-01 09:00:00,8.9,99,100,19.0,8.8,0.0
2016-11-01 10:00:00,9.5,98,100,66.0,10.8,0.0
2016-11-01 11:00:00,10.3,96,100,108.0,15.7,0.0
2016-11-01 12:00:00,11.1,91,100,115.0,17.3,0.0
2016-11-01 13:00:00,12.1,85,100,136.0,17.6,0.0
2016-11-01 14:00:00,12.5,82,100,118.0,18.0,0.0
2016-11-01 15:00:00,12.4,82,100,76.0,14.3,0.0
2016-11-01 16:00:00,12.2,81,100,54.0,12.9,0.0
2016-11-01 17:00:00,11.8,80,100,27.0,12.7,0.0
2016-11-01 18:00:00,11.2,80,100,3.0,13.4,0.0
2016-11-01 19:00:00,10.7,79,100,0.0,14.2,0.0
2016-11-01 20:00:00,10.4,81,80,0.0,13.2,0.0
2016-11-01 21:00:00,9.7,80,51,0.0,12.2,0.0
2016-11-01 22:00:00,9.0,80,40,0.0,11.0,0.0
2016-11-01 23:00:00,8.3,81,48,0.0,8.7,0.0
2016-11-02 00:00:00,7.2,85,34,0.0,7.6,0.0
2016-11-02 01:00:00,6.2,89,20,0.0,7.6,0.0
2016-11-02 02:00:00,5.4,91,19,0.0,7.5,0.0
2016-11-02 03:00:00,4.7,92,13,0.0,7.9,0.0
2016-11-02 04:00:00,3.8,94,32,0.0,9.0,0.0
2016-11-02 05:00:00,3.4,94,46,0.0,10.9,0.0
2016-11-02 06:00:00,3.6,94,22,0.0,12.4,0.0
2016-11-02 07:00:00,3.9,94,7,0.0,12.3,0.0
2016-11-02 08:00:00,3.8,93,2,0.0,11.9,0.0
2016-11-02 09:00:00,4.2,92,2,40.0,12.6,0.0
2016-11-02 10:00:00,6.0,84,1,151.0,12.5,0.0
2016-11-02 11:00:00,7.4,76,13,263.0,12.7,0.0
2016-11-02 12:00:00,8.4,68,23,341.0,11.1,0.0
2016-11-02 13:00:00,9.2,61,61,375.0,11.0,0.0
2016-11-02 14:00:00,9.7,57,69,363.0,12.0,0.0
2016-11-02 15:00:00,9.8,55,47,288.0,12.3,0.0
2016-11-02 16:00:00,9.5,57,54,189.0,11.5,0.0
2016-11-02 17:00:00,8.8,61,69,81.0,7.7,0.0
2016-11-02 18:00:00,7.3,69,49,6.0,6.9,0.0
2016-11-02 19:00:00,6.0,76,27,0.0,6.9,0.0
2016-11-02 20:00:00,4.8,84,46,0.0,6.9,0.0
2016-11-02 21:00:00,3.9,88,7,0.0,7.1,0.0
2016-11-02 22:00:00,3.3,89,77,0.0,6.9,0.0
2016-11-02 23:00:00,3.0,90,87,0.0,8.4,0.0
2016-11-03 00:00:00,2.8,91,33,0.0,8.0,0.0
2016-11-03 01:00:00,2.5,93,92,0.0,8.0,0.0
2016-11-03 02:00:00,2.5,94,100,0.0,7.4,0.0
2016-11-03 03:00:00,2.9,94,100,0.0,7.0,0.0
2016-11-03 04:00:00,2.0,98,100,0.0,6.5,0.0
2016-11-03 05:00:00,1.3,99,100,0.0,6.4,0.0
2016-11-03 06:00:00,1.2,99,99,0.0,5.2,0.0
2016-11-03 07:00:00,1.3,99,99,0.0,4.3,0.0
2016-11-03 08:00:00,1.3,100,100,0.0,5.4,0.0
2016-11-03 09:00:00,2.0,99,100,27.0,6.1,0.0
2016-11-03 10:00:00,4.5,91,100,102.0,6.5,0.0
2016-11-03 11:00:00,6.7,82,99,196.0,7.5,0.0
2016-11-03 12:00:00,8.4,76,100,277.0,8.9,0.0
2016-11-03 13:00:00,9.6,69,99,323.0,10.4,0.0
2016-11-03 14:00:00,10.3,65,97,306.0,11.2,0.0
2016-11-03 15:00:00,10.7,61,92,243.0,12.0,0.0
2016-11-03 16:00:00,10.7,61,95,152.0,10.7,0.0
2016-11-03 17:00:00,9.8,66,89,49.0,8.0,0.0
2016-11-03 18:00:00,9.1,71,82,3.0,7.9,0.0
2016-11-03 19:00:00,8.5,76,94,0.0,9.1,0.0
2016-11-03 20:00:00,7.7,80,96,0.0,11.0,0.0
2016-11-03 21:00:00,7.4,83,96,0.0,13.4,0.0
2016-11-03 22:00:00,7.4,84,100,0.0,13.4,0.0
2016-11-03 23:00:00,7.6,82,99,0.0,10.6,0.0
2016-11-04 00:00:00,7.5,83,91,0.0,10.6,0.0
2016-11-04 01:00:00,7.3,83,89,0.0,11.2,0.0
2016-11-04 02:00:00,6.5,87,74,0.0,11.0,0.0
2016-11-04 03:00:00,6.0,89,41,0.0,10.7,0.0
2016-11-04 04:00:00,5.3,91,51,0.0,10.2,0.0
2016-11-04 05:00:00,5.1,93,51,0.0,10.2,0.0
2016-11-04 06:00:00,4.9,94,60,0.0,10.2,0.0
2016-11-04 07:00:00,5.1,94,89,0.0,10.4,0.0
2016-11-04 08:00:00,5.1,94,97,0.0,10.2,0.0
2016-11-04 09:00:00,5.7,94,98,23.0,10.7,0.0
2016-11-04 10:00:00,7.5,90,99,84.0,11.5,0.0
2016-11-04 11:00:00,9.1,85,100,129.0,9.4,0.0
2016-11-04 12:00:00,10.3,83,99,168.0,8.4,0.0
2016-11-04 13:00:00,10.7,82,97,112.0,7.9,0.3
2016-11-04 14:00:00,10.7,83,100,103.0,7.6,0.5
2016-11-04 15:00:00,10.2,87,100,56.0,6.0,1.0
2016-11-04 16:00:00,9.6,92,99,25.0,4.7,1.2
2016-11-04 17:00:00,9.2,93,100,14.0,4.1,1.0
2016-11-04 18:00:00,8.7,94,99,1.0,4.1,0.9
2016-11-04 19:00:00,8.3,95,92,0.0,6.5,0.8
2016-11-04 20:00:00,7.6,96,87,0.0,6.9,0.0
2016-11-04 21:00:00,6.4,95,72,0.0,9.4,0.0
2016-11-04 22:00:00,5.7,95,48,0.0,10.6,0.0
2016-11-04 23:00:00,4.9,94,9,0.0,10.5,0.0
2016-11-05 00:00:00,4.2,94,7,0.0,10.6,0.0
2016-11-05 01:00:00,3.6,94,1,0.0,10.1,0.0
2016-11-05 02:00:00,2.9,95,2,0.0,9.5,0.0
2016-11-05 03:00:00,2.3,96,1,0.0,9.7,0.0
2016-11-05 04:00:00,1.8,96,11,0.0,10.1,0.0
2016-11-05 05:00:00,1.5,96,21,0.0,10.5,0.0
2016-11-05 06:00:00,1.3,96,5,0.0,10.9,0.0
2016-11-05 07:00:00,1.5,96,28,0.0,12.3,0.0
2016-11-05 08:00:00,1.9,95,22,0.0,12.5,0.0
2016-11-05 09:00:00,3.0,95,46,28.0,13.3,0.0
2016-11-05 10:00:00,5.0,91,86,117.0,14.1,0.0
2016-11-05 11:00:00,6.4,84,95,144.0,16.4,0.0
2016-11-05 12:00:00,7.0,81,98,154.0,18.4,0.0
2016-11-05 13:00:00,7.3,78,86,132.0,21.7,0.0
2016-11-05 14:00:00,7.9,70,61,189.0,24.8,0.0
2016-11-05 15:00:00,8.3,67,22,248.0,23.2,0.0
2016-11-05 16:00:00,8.0,64,25,171.0,21.5,0.0
2016-11-05 17:00:00,7.3,64,25,64.0,20.1,0.0
2016-11-05 18:00:00,6.5,65,25,3.0,19.1,0.0
2016-11-05 19:00:00,5.7,66,23,0.0,18.5,0.0
2016-11-05 20:00:00,5.6,71,19,0.0,18.5,0.0
2016-11-05 21:00:00,4.9,72,10,0.0,18.7,0.0
2016-11-05 22:00:00,4.5,72,1,0.0,17.7,0.0
2016-11-05 23:00:00,3.9,73,0,0.0,17.1,0.0
2016-11-06 00:00:00,3.5,74,5,0.0,16.8,0.0
2016-11-06 01:00:00,3.1,75,2,0.0,16.5,0.0
2016-11-06 02:00:00,2.8,75,0,0.0,16.5,0.0
2016-11-06 03:00:00,2.5,74,0,0.0,16.1,0.0
2016-11-06 04:00:00,2.2,74,0,0.0,16.1,0.0
2016-11-06 05:00:00,2.0,74,2,0.0,16.6,0.0
2016-11-06 06:00:00,1.8,75,3,0.0,17.3,0.0
2016-11-06 07:00:00,1.7,76,4,0.0,17.6,0.0
2016-11-06 08:00:00,1.4,81,0,0.0,17.1,0.0
2016-11-06 09:00:00,1.8,80,0,29.0,17.1,0.0
2016-11-06 10:00:00,3.1,76,1,137.0,17.0,0.0
2016-11-06 11:00:00,4.6,70,6,244.0,17.6,0.0
2016-11-06 12:00:00,5.8,66,10,323.0,19.1,0.0
2016-11-06 13:00:00,6.9,64,76,352.0,22.6,0.0
2016-11-06 14:00:00,7.0,65,99,242.0,23.0,0.0
2016-11-06 15:00:00,6.9,69,98,121.0,22.9,0.0
2016-11-06 16:00:00,6.6,75,80,54.0,18.1,0.2
2016-11-06 17:00:00,6.3,77,87,47.0,16.2,0.2
2016-11-06 18:00:00,5.7,81,96,2.0,17.2,0.2
2016-11-06 19:00:00,5.5,82,71,0.0,19.7,0.0
2016-11-06 20:00:00,4.7,88,73,0.0,22.4,0.0
2016-11-06 21:00:00,4.8,87,69,0.0,24.0,0.0
2016-11-06 22:00:00,4.9,87,72,0.0,24.8,0.0
2016-11-06 23:00:00,5.0,86,68,0.0,25.6,0.0
2016-11-07 00:00:00,5.0,86,92,0.0,26.6,0.0
2016-11-07 01:00:00,5.3,86,88,0.0,27.0,0.0
2016-11-07 02:00:00,5.6,85,67,0.0,27.8,0.0
2016-11-07 03:00:00,5.8,83,62,0.0,28.4,0.0
2016-11-07 04:00:00,5.7,83,70,0.0,29.2,0.0
2016-11-07 05:00:00,5.8,82,67,0.0,28.6,0.0
2016-11-07 06:00:00,5.8,82,67,0.0,28.5,0.0
2016-11-07 07:00:00,5.7,82,51,0.0,28.9,0.0
2016-11-07 08:00:00,5.4,83,42,0.0,27.7,0.0
2016-11-07 09:00:00,5.5,82,35,24.0,26.7,0.0
2016-11-07 10:00:00,6.1,81,27,91.0,23.1,0.0
2016-11-07 11:00:00,6.9,76,43,194.0,29.3,0.0
2016-11-07 12:00:00,7.7,69,48,262.0,27.1,0.0
2016-11-07 13:00:00,8.0,67,62,287.0,26.8,0.0
2016-11-07 14:00:00,8.0,66,38,275.0,24.5,0.0
2016-11-07 15:00:00,7.7,66,32,230.0,23.0,0.0
2016-11-07 16:00:00,7.2,68,28,146.0,19.9,0.0
2016-11-07 17:00:00,6.4,71,27,66.0,17.7,0.0
2016-11-07 18:00:00,5.4,75,22,2.0,16.0,0.0
2016-11-07 19:00:00,4.6,79,14,0.0,14.7,0.0
2016-11-07 20:00:00,3.9,86,9,0.0,14.2,0.0
2016-11-07 21:00:00,3.5,87,15,0.0,14.1,0.0
2016-11-07 22:00:00,3.0,89,13,0.0,13.7,0.0
2016-11-07 23:00:00,2.6,90,12,0.0,12.1,0.0
2016-11-08 00:00:00,2.4,90,6,0.0,10.9,0.0
2016-11-08 01:00:00,1.8,92,3,0.0,10.5,0.0
2016-11-08 02:00:00,1.2,92,3,0.0,11.5,0.0
2016-11-08 03:00:00,0.7,93,0,0.0,11.5,0.0
2016-11-08 04:00:00,0.2,94,1,0.0,10.9,0.0
2016-11-08 05:00:00,-0.2,94,1,0.0,11.0,0.0
2016-11-08 06:00:00,-0.5,93,1,0.0,10.8,0.0
2016-11-08 07:00:00,-0.8,94,0,0.0,10.1,0.0
2016-11-08 08:00:00,-1.1,94,0,0.0,9.4,0.0
2016-11-08 09:00:00,-1.1,94,0,25.0,10.0,0.0
2016-11-08 10:00:00,1.2,89,0,129.0,8.9,0.0
2016-11-08 11:00:00,3.0,83,0,237.0,9.2,0.0
2016-11-08 12:00:00,4.4,78,78,313.0,11.5,0.0
2016-11-08 13:00:00,5.5,74,99,317.0,12.1,0.0
2016-11-08 14:00:00,6.1,70,100,284.0,11.7,0.0
2016-11-08 15:00:00,6.3,67,100,210.0,10.8,0.0
2016-11-08 16:00:00,6.1,67,100,115.0,9.4,0.0
2016-11-08 17:00:00,5.5,72,100,41.0,6.6,0.0
2016-11-08 18:00:00,4.8,76,100,1.0,6.2,0.0
2016-11-08 19:00:00,4.3,78,100,0.0,6.9,0.0
2016-11-08 20:00:00,4.1,81,100,0.0,7.7,0.0
2016-11-08 21:00:00,4.1,82,100,0.0,8.7,0.1
2016-11-08 22:00:00,4.0,83,100,0.0,10.4,0.2
2016-11-08 23:00:00,3.9,85,100,0.0,10.3,0.3
2016-11-09 00:00:00,3.9,89,100,0.0,13.0,0.5
2016-11-09 01:00:00,4.0,91,100,0.0,14.5,0.7
2016-11-09 02:00:00,4.3,92,100,0.0,15.7,0.9
2016-11-09 03:00:00,4.7,93,100,0.0,15.3,1.2
2016-11-09 04:00:00,5.2,93,100,0.0,15.2,1.4
2016-11-09 05:00:00,5.7,94,100,0.0,14.8,1.8
2016-11-09 06:00:00,6.1,94,100,0.0,14.3,1.9
2016-11-09 07:00:00,6.3,95,100,0.0,14.4,1.7
2016-11-09 08:00:00,6.7,95,100,0.0,13.3,1.0
2016-11-09 09:00:00,6.9,95,100,2.0,11.7,0.8
2016-11-09 10:00:00,7.1,95,100,11.0,8.6,0.6
2016-11-09 11:00:00,7.0,96,100,23.0,12.8,0.4
2016-11-09 12:00:00,6.9,96,100,52.0,15.6,0.2
2016-11-09 13:00:00,6.7,94,98,73.0,17.9,0.0
2016-11-09 14:00:00,7.3,86,90,120.0,22.5,0.0
2016-11-09 15:00:00,7.8,82,85,133.0,23.1,0.0
2016-11-09 16:00:00,7.7,79,57,103.0,22.3,0.0
2016-11-09 17:00:00,7.3,79,51,44.0,20.3,0.0
2016-11-09 18:00:00,6.8,80,65,1.0,18.6,0.0
2016-11-09 19:00:00,6.5,82,55,0.0,17.0,0.0
2016-11-09 20:00:00,6.6,84,48,0.0,16.0,0.0
2016-11-09 21:00:00,6.5,85,68,0.0,16.0,0.0
2016-11-09 22:00:00,6.3,86,60,0.0,15.2,0.0
2016-11-09 23:00:00,5.6,90,37,0.0,12.8,0.0
2016-11-10 00:00:00,4.8,93,57,0.0,12.6,0.0
2016-11-10 01:00:00,4.8,93,91,0.0,12.6,0.0
2016-11-10 02:00:00,5.2,92,98,0.0,13.0,0.0
2016-11-10 03:00:00,5.2,92,100,0.0,12.3,0.0
2016-11-10 04:00:00,5.3,92,100,0.0,11.4,0.0
2016-11-10 05:00:00,5.1,93,100,0.0,10.6,0.0
2016-11-10 06:00:00,4.9,94,94,0.0,10.7,0.0
2016-11-10 07:00:00,4.7,95,83,0.0,10.6,0.0
2016-11-10 08:00:00,4.5,96,98,0.0,10.3,0.0
2016-11-10 09:00:00,5.0,95,91,13.0,11.3,0.0
2016-11-10 10:00:00,6.4,94,54,83.0,13.2,0.0
2016-11-10 11:00:00,8.1,89,52,161.0,14.9,0.0
2016-11-10 12:00:00,9.4,80,44,256.0,17.6,0.0
2016-11-10 13:00:00,10.0,77,40,258.0,18.5,0.0
2016-11-10 14:00:00,10.2,76,43,267.0,18.8,0.0
2016-11-10 15:00:00,9.5,75,40,232.0,18.9,0.2
2016-11-10 16:00:00,9.1,76,46,131.0,18.6,0.0
2016-11-10 17:00:00,8.3,75,34,50.0,16.9,0.0
2016-11-10 18:00:00,7.5,77,36,1.0,17.0,0.0
2016-11-10 19:00:00,7.0,78,45,0.0,17.9,0.0
2016-11-10 20:00:00,6.8,77,31,0.0,19.5,0.0
2016-11-10 21:00:00,6.5,79,36,0.0,21.1,0.0
2016-11-10 22:00:00,6.1,80,27,0.0,20.5,0.0
2016-11-10 23:00:00,5.7,83,22,0.0,19.4,0.0
2016-11-11 00:00:00,5.5,84,22,0.0,18.5,0.0
2016-11-11 01:00:00,5.0,85,8,0.0,16.3,0.0
2016-11-11 02:00:00,4.5,87,7,0.0,14.8,0.0
2016-11-11 03:00:00,4.0,88,20,0.0,15.3,0.0
2016-11-11 04:00:00,3.5,90,25,0.0,15.3,0.0
2016-11-11 05:00:00,3.2,92,11,0.0,14.6,0.0
2016-11-11 06:00:00,3.0,92,3,0.0,13.2,0.0
2016-11-11 07:00:00,2.6,94,1,0.0,10.7,0.0
2016-11-11 08:00:00,2.2,95,0,0.0,9.0,0.0
2016-11-11 09:00:00,1.7,97,0,18.0,8.0,0.0
2016-11-11 10:00:00,3.7,95,0,115.0,5.8,0.0
2016-11-11 11:00:00,6.0,86,0,220.0,3.4,0.0
2016-11-11 12:00:00,7.5,80,0,296.0,2.9,0.0
2016-11-11 13:00:00,8.6,72,0,331.0,0.8,0.0
2016-11-11 14:00:00,9.1,67,20,320.0,1.8,0.0
2016-11-11 15:00:00,9.3,65,44,259.0,4.7,0.0
2016-11-11 16:00:00,9.0,68,21,167.0,4.9,0.0
2016-11-11 17:00:00,7.9,73,67,60.0,6.9,0.0
2016-11-11 18:00:00,6.1,83,98,1.0,7.6,0.0
2016-11-11 19:00:00,4.6,90,97,0.0,7.8,0.0
2016-11-11 20:00:00,3.9,90,98,0.0,8.9,0.0
2016-11-11 21:00:00,3.8,91,94,0.0,9.8,0.0
2016-11-11 22:00:00,4.3,90,97,0.0,10.6,0.0
2016-11-11 23:00:00,4.8,88,99,0.0,11.8,0.0
2016-11-12 00:00:00,5.7,84,100,0.0,13.0,0.0
2016-11-12 01:00:00,6.6,79,100,0.0,14.1,0.0
2016-11-12 02:00:00,7.2,75,100,0.0,16.1,0.0
2016-11-12 03:00:00,7.7,73,100,0.0,17.8,0.0
2016-11-12 04:00:00,8.0,72,100,0.0,18.9,0.0
2016-11-12 05:00:00,8.2,72,100,0.0,20.3,0.4
2016-11-12 06:00:00,8.3,74,100,0.0,20.8,0.0
2016-11-12 07:00:00,8.2,79,100,0.0,22.7,0.6
2016-11-12 08:00:00,8.0,83,100,0.0,22.6,1.5
2016-11-12 09:00:00,8.1,85,100,3.0,22.4,1.4
2016-11-12 10:00:00,8.1,89,100,8.0,22.5,1.9
2016-11-12 11:00:00,8.2,91,100,18.0,19.3,2.4
2016-11-12 12:00:00,8.2,92,100,18.0,18.5,1.2
2016-11-12 13:00:00,8.1,92,100,28.0,19.1,0.4
2016-11-12 14:00:00,8.1,92,100,24.0,17.6,0.0
2016-11-12 15:00:00,8.4,92,100,24.0,14.9,0.0
2016-11-12 16:00:00,8.6,93,100,14.0,12.3,0.0
2016-11-12 17:00:00,8.8,93,100,6.0,8.3,0.0
2016-11-12 18:00:00,8.8,95,100,0.0,5.8,0.2
2016-11-12 19:00:00,8.7,96,100,0.0,2.5,0.1
2016-11-12 20:00:00,9.1,97,100,0.0,8.0,0.0
2016-11-12 21:00:00,9.4,97,93,0.0,11.4,0.0
2016-11-12 22:00:00,9.3,96,47,0.0,13.6,0.0
2016-11-12 23:00:00,9.0,95,35,0.0,13.9,0.0
2016-11-13 00:00:00,8.1,95,58,0.0,13.7,0.0
2016-11-13 01:00:00,7.4,94,69,0.0,13.6,0.0
2016-11-13 02:00:00,6.8,94,46,0.0,14.0,0.0
2016-11-13 03:00:00,6.4,94,14,0.0,14.8,0.0
2016-11-13 04:00:00,6.0,94,11,0.0,13.7,0.0
2016-11-13 05:00:00,5.8,94,25,0.0,13.4,0.0
2016-11-13 06:00:00,5.5,94,39,0.0,13.0,0.0
2016-11-13 07:00:00,5.2,95,63,0.0,13.9,0.0
2016-11-13 08:00:00,5.0,95,53,0.0,13.7,0.0
2016-11-13 09:00:00,5.0,95,63,14.0,12.9,0.0
2016-11-13 10:00:00,6.2,94,50,101.0,12.9,0.0
2016-11-13 11:00:00,7.5,89,65,203.0,12.2,0.0
2016-11-13 12:00:00,8.8,81,94,272.0,13.9,0.0
2016-11-13 13:00:00,9.3,80,94,290.0,15.8,0.0
2016-11-13 14:00:00,9.7,78,91,264.0,15.5,0.0
2016-11-13 15:00:00,9.8,77,95,217.0,14.8,0.0
2016-11-13 16:00:00,9.4,79,94,130.0,11.5,0.0
2016-11-13 17:00:00,8.4,83,98,49.0,8.1,0.0
2016-11-13 18:00:00,7.2,89,100,0.0,8.0,0.0
2016-11-13 19:00:00,6.5,92,100,0.0,6.8,0.0
2016-11-13 20:00:00,5.9,94,100,0.0,6.0,0.0
2016-11-13 21:00:00,5.4,95,100,0.0,6.0,0.0
2016-11-13 22:00:00,5.1,95,99,0.0,5.2,0.0
2016-11-13 23:00:00,5.0,95,51,0.0,6.6,0.0
2016-11-14 00:00:00,4.9,96,92,0.0,6.2,0.0
2016-11-14 01:00:00,4.6,97,99,0.0,5.4,0.0
2016-11-14 02:00:00,4.8,97,98,0.0,5.8,0.0
2016-11-14 03:00:00,5.2,97,100,0.0,6.5,0.0
2016-11-14 04:00:00,5.7,96,100,0.0,7.0,0.0
2016-11-14 05:00:00,6.2,94,100,0.0,7.6,0.0
2016-11-14 06:00:00,6.4,93,100,0.0,8.9,0.0
2016-11-14 07:00:00,6.7,92,100,0.0,9.7,0.2
2016-11-14 08:00:00,7.0,94,100,0.0,9.7,0.1
2016-11-14 09:00:00,7.4,95,99,3.0,11.2,0.1
2016-11-14 10:00:00,8.2,95,92,32.0,12.4,0.0
2016-11-14 11:00:00,9.4,94,99,91.0,13.3,0.0
2016-11-14 12:00:00,10.5,90,94,109.0,14.0,0.0
2016-11-14 13:00:00,11.1,89,100,129.0,16.4,0.0
2016-11-14 14:00:00,11.6,86,100,103.0,19.1,0.0
2016-11-14 15:00:00,11.4,89,100,46.0,16.3,0.7
2016-11-14 16:00:00,11.1,93,100,20.0,16.1,0.5
2016-11-14 17:00:00,11.2,94,100,11.0,16.5,0.0
2016-11-14 18:00:00,11.2,95,100,0.0,16.9,0.0
2016-11-14 19:00:00,11.3,95,100,0.0,15.9,0.0
2016-11-14 20:00:00,11.5,96,100,0.0,15.1,0.0
2016-11-14 21:00:00,11.6,97,99,0.0,14.1,0.0
2016-11-14 22:00:00,11.6,97,98,0.0,13.8,0.0
2016-11-14 23:00:00,11.6,98,98,0.0,12.4,0.0
2016-11-15 00:00:00,11.7,98,97,0.0,12.5,0.0
2016-11-15 01:00:00,11.6,98,98,0.0,12.9,0.0
2016-11-15 02:00:00,11.7,98,95,0.0,12.2,0.2
2016-11-15 03:00:00,11.7,98,95,0.0,12.2,0.0
2016-11-15 04:00:00,11.6,98,100,0.0,12.1,0.0
2016-11-15 05:00:00,11.6,97,99,0.0,13.3,0.0
2016-11-15 06:00:00,11.7,97,94,0.0,13.6,0.0
2016-11-15 07:00:00,11.6,97,91,0.0,14.1,0.0
2016-11-15 08:00:00,11.9,97,95,0.0,14.1,0.0
2016-11-15 09:00:00,12.3,96,99,4.0,13.7,0.0
2016-11-15 10:00:00,12.6,96,98,26.0,13.7,0.0
2016-11-15 11:00:00,13.1,94,100,57.0,13.7,0.0
2016-11-15 12:00:00,13.4,94,99,65.0,14.2,0.0
2016-11-15 13:00:00,13.6,94,100,58.0,14.4,0.0
2016-11-15 14:00:00,13.6,95,100,47.0,14.4,0.0
2016-11-15 15:00:00,13.5,96,100,31.0,11.6,0.0
2016-11-15 16:00:00,13.4,96,100,19.0,10.8,0.0
2016-11-15 17:00:00,13.2,97,100,7.0,11.4,0.0
2016-11-15 18:00:00,13.0,98,100,0.0,11.8,0.0
2016-11-15 19:00:00,12.9,98,100,0.0,11.8,0.0
2016-11-15 20:00:00,12.9,98,100,0.0,12.2,0.0
2016-11-15 21:00:00,12.7,98,100,0.0,13.7,0.0
2016-11-15 22:00:00,12.6,98,100,0.0,14.7,0.0
2016-11-15 23:00:00,12.4,98,100,0.0,14.5,0.0
2016-11-16 00:00:00,12.3,98,100,0.0,15.3,0.0
2016-11-16 01:00:00,12.2,98,100,0.0,15.6,0.0
2016-11-16 02:00:00,12.2,98,100,0.0,15.3,0.0
2016-11-16 03:00:00,12.2,98,100,0.0,16.2,0.0
2016-11-16 04:00:00,12.2,97,100,0.0,17.5,0.0
2016-11-16 05:00:00,12.2,96,100,0.0,18.8,0.0
2016-11-16 06:00:00,12.1,95,100,0.0,18.9,0.0
2016-11-16 07:00:00,12.1,95,100,0.0,19.2,0.0
2016-11-16 08:00:00,12.5,96,91,0.0,20.1,0.0
2016-11-16 09:00:00,12.2,94,74,4.0,21.5,0.0
2016-11-16 10:00:00,11.7,90,76,49.0,22.5,0.0
2016-11-16 11:00:00,11.5,88,60,120.0,19.5,0.0
2016-11-16 12:00:00,11.5,83,92,205.0,21.9,0.0
2016-11-16 13:00:00,11.9,78,97,205.0,24.9,0.0
2016-11-16 14:00:00,12.3,74,98,163.0,24.4,0.0
2016-11-16 15:00:00,12.5,73,98,105.0,21.4,0.0
2016-11-16 16:00:00,12.4,74,96,56.0,23.3,0.0
2016-11-16 17:00:00,11.8,76,100,23.0,22.7,0.0
2016-11-16 18:00:00,11.0,81,98,0.0,19.8,0.2
2016-11-16 19:00:00,10.9,79,99,0.0,17.4,0.1
2016-11-16 20:00:00,10.9,83,75,0.0,14.8,0.0
2016-11-16 21:00:00,10.4,83,91,0.0,14.1,0.0
2016-11-16 22:00:00,9.5,84,93,0.0,13.5,0.0
2016-11-16 23:00:00,9.2,82,82,0.0,11.3,0.0
2016-11-17 00:00:00,8.7,81,93,0.0,14.0,0.0
2016-11-17 01:00:00,8.3,84,95,0.0,15.1,0.0
2016-11-17 02:00:00,8.0,87,95,0.0,15.6,0.0
2016-11-17 03:00:00,7.7,87,79,0.0,16.1,0.0
2016-11-17 04:00:00,7.6,84,69,0.0,17.3,0.0
2016-11-17 05:00:00,7.7,78,35,0.0,18.0,0.0
2016-11-17 06:00:00,7.6,74,33,0.0,17.5,0.0
2016-11-17 07:00:00,7.2,75,89,0.0,17.9,0.0
2016-11-17 08:00:00,6.7,80,93,0.0,18.1,0.0
2016-11-17 09:00:00,6.9,81,93,7.0,19.3,0.0
2016-11-17 10:00:00,8.0,79,91,54.0,20.4,0.0
2016-11-17 11:00:00,9.3,77,47,138.0,18.7,0.0
2016-11-17 12:00:00,10.6,72,57,206.0,23.7,0.0
2016-11-17 13:00:00,11.2,74,62,148.0,31.2,0.0
2016-11-17 14:00:00,11.6,76,57,172.0,30.3,0.0
2016-11-17 15:00:00,11.7,73,83,165.0,32.6,0.1
2016-11-17 16:00:00,10.7,73,68,108.0,33.7,0.1
2016-11-17 17:00:00,10.1,69,37,33.0,29.3,0.0
2016-11-17 18:00:00,9.4,70,37,0.0,25.9,0.0
2016-11-17 19:00:00,8.9,71,72,0.0,23.5,0.1
2016-11-17 20:00:00,8.9,69,52,0.0,23.4,0.0
2016-11-17 21:00:00,7.9,75,41,0.0,19.8,0.0
2016-11-17 22:00:00,7.2,78,70,0.0,16.6,0.0
2016-11-17 23:00:00,6.6,80,90,0.0,19.4,0.0
2016-11-18 00:00:00,6.5,79,97,0.0,20.9,0.0
2016-11-18 01:00:00,6.5,77,82,0.0,21.4,0.0
2016-11-18 02:00:00,6.3,76,62,0.0,23.3,0.0
2016-11-18 03:00:00,5.8,75,43,0.0,22.9,0.0
2016-11-18 04:00:00,4.6,79,49,0.0,21.1,0.0
2016-11-18 05:00:00,3.8,83,46,0.0,20.4,0.0
2016-11-18 06:00:00,3.3,84,40,0.0,18.5,0.0
2016-11-18 07:00:00,3.0,85,56,0.0,18.3,0.0
2016-11-18 08:00:00,3.3,85,36,0.0,18.2,0.0
2016-11-18 09:00:00,3.2,86,10,8.0,16.9,0.0
2016-11-18 10:00:00,3.9,85,36,86.0,14.3,0.0
2016-11-18 11:00:00,5.2,79,93,176.0,15.9,0.0
2016-11-18 12:00:00,6.1,75,95,223.0,16.3,0.0
2016-11-18 13:00:00,6.6,71,93,225.0,18.5,0.0
2016-11-18 14:00:00,7.0,68,97,219.0,18.0,0.0
2016-11-18 15:00:00,7.0,67,61,188.0,18.2,0.0
2016-11-18 16:00:00,6.7,68,3,135.0,17.2,0.0
2016-11-18 17:00:00,5.8,72,85,42.0,17.1,0.0
2016-11-18 18:00:00,4.9,75,96,0.0,16.1,0.0
2016-11-18 19:00:00,4.3,77,99,0.0,15.8,0.0
2016-11-18 20:00:00,4.3,81,98,0.0,15.0,0.0
2016-11-18 21:00:00,4.0,82,100,0.0,14.5,0.0
2016-11-18 22:00:00,3.7,84,99,0.0,13.8,0.0
2016-11-18 23:00:00,3.3,86,96,0.0,10.2,0.0
2016-11-19 00:00:00,2.9,89,96,0.0,11.5,0.0
2016-11-19 01:00:00,2.4,91,92,0.0,11.0,0.0
2016-11-19 02:00:00,2.2,92,78,0.0,11.1,0.0
2016-11-19 03:00:00,1.7,94,34,0.0,11.9,0.0
2016-11-19 04:00:00,1.4,94,11,0.0,12.8,0.0
2016-11-19 05:00:00,1.2,94,4,0.0,13.7,0.0
2016-11-19 06:00:00,1.0,93,6,0.0,13.4,0.0
2016-11-19 07:00:00,0.7,93,51,0.0,12.6,0.0
2016-11-19 08:00:00,0.8,91,21,0.0,11.2,0.0
2016-11-19 09:00:00,0.8,91,13,7.0,12.1,0.0
2016-11-19 10:00:00,2.2,89,24,83.0,14.3,0.0
2016-11-19 11:00:00,4.2,83,64,177.0,12.2,0.0
2016-11-19 12:00:00,5.8,78,86,254.0,13.0,0.0
2016-11-19 13:00:00,6.9,74,95,288.0,13.6,0.0
2016-11-19 14:00:00,7.5,70,99,270.0,14.7,0.0
2016-11-19 15:00:00,7.6,68,100,197.0,16.3,0.0
2016-11-19 16:00:00,6.9,72,100,88.0,12.9,0.0
2016-11-19 17:00:00,6.1,75,100,24.0,12.4,0.0
2016-11-19 18:00:00,5.7,79,100,0.0,12.3,0.0
2016-11-19 19:00:00,5.5,82,100,0.0,12.6,0.0
2016-11-19 20:00:00,5.7,88,100,0.0,13.5,0.2
2016-11-19 21:00:00,5.9,90,100,0.0,14.3,0.2
2016-11-19 22:00:00,6.2,89,100,0.0,15.4,0.4
2016-11-19 23:00:00,6.5,90,100,0.0,15.6,0.7
2016-11-20 00:00:00,7.0,91,100,0.0,19.4,0.7
2016-11-20 01:00:00,7.5,89,100,0.0,23.2,1.3
2016-11-20 02:00:00,7.4,89,100,0.0,28.5,3.0
2016-11-20 03:00:00,7.2,90,100,0.0,31.7,2.8
2016-11-20 04:00:00,7.5,91,100,0.0,31.5,1.7
2016-11-20 05:00:00,8.4,91,100,0.0,31.2,1.7
2016-11-20 06:00:00,9.3,91,95,0.0,26.0,1.3
2016-11-20 07:00:00,9.2,91,100,0.0,12.9,1.7
2016-11-20 08:00:00,8.8,94,100,0.0,6.6,0.7
2016-11-20 09:00:00,8.5,95,98,2.0,20.3,0.0
2016-11-20 10:00:00,7.7,95,100,24.0,24.4,0.0
2016-11-20 11:00:00,6.4,95,100,27.0,25.0,0.2
2016-11-20 12:00:00,5.8,92,100,27.0,22.5,0.0
2016-11-20 13:00:00,5.9,88,100,55.0,20.8,0.0
2016-11-20 14:00:00,6.3,83,100,98.0,17.9,0.0
2016-11-20 15:00:00,6.3,82,100,67.0,15.7,0.0
2016-11-20 16:00:00,6.3,81,100,42.0,13.7,0.0
2016-11-20 17:00:00,6.1,81,100,11.0,10.5,0.0
2016-11-20 18:00:00,5.9,83,100,0.0,7.1,0.0
2016-11-20 19:00:00,5.9,82,99,0.0,3.1,0.0
2016-11-20 20:00:00,5.3,90,98,0.0,1.6,0.0
2016-11-20 21:00:00,4.6,94,95,0.0,4.7,0.0
2016-11-20 22:00:00,4.2,95,88,0.0,8.9,0.0
2016-11-20 23:00:00,4.3,94,99,0.0,11.0,0.4
2016-11-21 00:00:00,4.5,94,100,0.0,15.6,1.0
2016-11-21 01:00:00,4.7,94,100,0.0,17.7,0.9
2016-11-21 02:00:00,5.1,94,100,0.0,17.9,1.2
2016-11-21 03:00:00,5.5,94,100,0.0,20.0,1.3
2016-11-21 04:00:00,6.1,94,100,0.0,19.7,1.2
2016-11-21 05:00:00,6.7,93,100,0.0,18.0,1.3
2016-11-21 06:00:00,7.0,95,100,0.0,17.1,0.7
2016-11-21 07:00:00,7.3,97,100,0.0,14.1,0.4
2016-11-21 08:00:00,8.2,96,100,0.0,11.2,0.1
2016-11-21 09:00:00,9.1,96,100,2.0,11.6,0.0
2016-11-21 10:00:00,10.3,95,100,19.0,16.3,0.0
2016-11-21 11:00:00,11.4,94,100,61.0,18.7,0.4
2016-11-21 12:00:00,11.4,93,100,49.0,20.2,0.5
2016-11-21 13:00:00,11.8,92,99,80.0,22.9,0.7
2016-11-21 14:00:00,12.2,91,100,88.0,23.2,0.8
2016-11-21 15:00:00,11.9,91,99,13.0,24.8,1.5
2016-11-21 16:00:00,11.3,87,65,22.0,28.3,0.4
2016-11-21 17:00:00,10.2,84,64,29.0,20.5,0.0
2016-11-21 18:00:00,9.8,84,97,0.0,18.4,0.0
2016-11-21 19:00:00,10.1,86,99,0.0,19.7,0.1
2016-11-21 20:00:00,10.1,89,87,0.0,20.7,0.4
2016-11-21 21:00:00,9.7,89,94,0.0,20.6,0.1
2016-11-21 22:00:00,9.7,89,100,0.0,19.6,0.0
2016-11-21 23:00:00,9.7,92,86,0.0,17.7,0.6
2016-11-22 00:00:00,10.1,90,66,0.0,18.7,0.3
2016-11-22 01:00:00,9.9,86,86,0.0,23.2,0.5
2016-11-22 02:00:00,9.4,87,73,0.0,25.2,0.2
2016-11-22 03:00:00,9.3,86,73,0.0,26.5,0.2
2016-11-22 04:00:00,9.2,86,97,0.0,27.0,0.2
2016-11-22 05:00:00,9.2,85,100,0.0,27.0,0.1
2016-11-22 06:00:00,9.2,86,82,0.0,28.4,0.0
2016-11-22 07:00:00,9.0,87,47,0.0,28.3,0.0
2016-11-22 08:00:00,8.9,88,59,0.0,27.9,0.0
2016-11-22 09:00:00,8.9,87,65,3.0,28.7,0.0
2016-11-22 10:00:00,9.2,86,56,39.0,28.7,0.0
2016-11-22 11:00:00,9.7,83,34,94.0,26.1,0.0
2016-11-22 12:00:00,10.1,82,44,140.0,28.3,0.0
2016-11-22 13:00:00,10.2,82,56,180.0,30.0,0.2
2016-11-22 14:00:00,10.5,81,40,205.0,29.1,0.1
2016-11-22 15:00:00,10.4,79,31,155.0,26.9,0.0
2016-11-22 16:00:00,10.1,78,30,100.0,24.4,0.0
2016-11-22 17:00:00,9.5,79,23,23.0,22.5,0.0
2016-11-22 18:00:00,9.1,81,32,0.0,19.7,0.0
2016-11-22 19:00:00,8.7,83,49,0.0,17.3,0.0
2016-11-22 20:00:00,8.1,85,83,0.0,15.6,0.0
2016-11-22 21:00:00,7.7,87,99,0.0,14.0,0.0
2016-11-22 22:00:00,7.4,88,100,0.0,11.8,0.0
2016-11-22 23:00:00,7.0,90,100,0.0,8.3,0.0
2016-11-23 00:00:00,6.2,93,100,0.0,7.6,0.0
2016-11-23 01:00:00,5.4,95,100,0.0,7.6,0.0
2016-11-23 02:00:00,5.0,96,100,0.0,6.2,0.0
2016-11-23 03:00:00,5.0,95,92,0.0,2.1,0.0
2016-11-23 04:00:00,6.1,93,71,0.0,2.3,0.0
2016-11-23 05:00:00,5.7,95,66,0.0,4.5,0.0
2016-11-23 06:00:00,3.2,100,98,0.0,4.6,0.0
2016-11-23 07:00:00,2.5,100,78,0.0,6.4,0.0
2016-11-23 08:00:00,3.4,99,93,0.0,7.6,0.0
2016-11-23 09:00:00,4.1,99,98,3.0,9.1,0.0
2016-11-23 10:00:00,5.9,96,98,52.0,11.4,0.0
2016-11-23 11:00:00,7.6,91,100,101.0,12.5,0.0
2016-11-23 12:00:00,8.7,88,100,139.0,14.3,0.0
2016-11-23 13:00:00,9.2,87,100,154.0,15.3,0.0
2016-11-23 14:00:00,9.8,86,100,162.0,16.0,0.0
2016-11-23 15:00:00,10.3,85,100,152.0,17.6,0.0
2016-11-23 16:00:00,10.3,85,97,72.0,18.1,0.0
2016-11-23 17:00:00,9.7,89,97,17.0,18.1,0.0
2016-11-23 18:00:00,9.1,91,92,0.0,19.6,0.0
2016-11-23 19:00:00,9.0,91,89,0.0,20.9,0.0
2016-11-23 20:00:00,8.9,90,82,0.0,21.7,0.0
2016-11-23 21:00:00,8.6,91,59,0.0,22.4,0.0
2016-11-23 22:00:00,8.5,90,60,0.0,23.2,0.0
2016-11-23 23:00:00,8.5,90,46,0.0,20.6,0.0
2016-11-24 00:00:00,8.7,89,50,0.0,22.1,0.0
2016-11-24 01:00:00,8.8,88,61,0.0,23.2,0.0
2016-11-24 02:00:00,8.9,87,62,0.0,22.9,0.0
2016-11-24 03:00:00,9.0,86,83,0.0,23.4,0.0
2016-11-24 04:00:00,8.8,88,66,0.0,24.2,0.0
2016-11-24 05:00:00,8.7,89,74,0.0,25.2,0.0
2016-11-24 06:00:00,8.4,91,96,0.0,25.7,0.0
2016-11-24 07:00:00,8.5,90,94,0.0,24.8,0.0
2016-11-24 08:00:00,9.0,85,96,0.0,24.5,0.0
2016-11-24 09:00:00,8.6,85,97,2.0,24.7,0.0
2016-11-24 10:00:00,9.0,83,94,45.0,25.2,0.0
2016-11-24 11:00:00,9.4,82,94,106.0,21.8,0.0
2016-11-24 12:00:00,10.0,79,89,156.0,28.8,0.0
2016-11-24 13:00:00,10.3,77,99,183.0,29.2,0.0
2016-11-24 14:00:00,10.4,76,99,198.0,29.1,0.0
2016-11-24 15:00:00,10.1,76,97,161.0,28.0,0.0
2016-11-24 16:00:00,9.5,77,86,100.0,27.2,0.0
2016-11-24 17:00:00,8.7,78,66,28.0,26.0,0.0
2016-11-24 18:00:00,8.1,79,68,0.0,23.9,0.0
2016-11-24 19:00:00,7.6,80,91,0.0,23.7,0.0
2016-11-24 20:00:00,7.4,79,97,0.0,26.1,0.0
2016-11-24 21:00:00,7.2,79,67,0.0,27.1,0.0
2016-11-24 22:00:00,6.9,80,42,0.0,24.9,0.0
2016-11-24 23:00:00,6.8,81,65,0.0,22.4,0.0
2016-11-25 00:00:00,6.8,81,11,0.0,21.9,0.0
2016-11-25 01:00:00,6.7,80,14,0.0,23.3,0.0
2016-11-25 02:00:00,6.8,79,2,0.0,24.8,0.0
2016-11-25 03:00:00,6.6,79,2,0.0,24.2,0.0
2016-11-25 04:00:00,6.6,78,5,0.0,23.0,0.0
2016-11-25 05:00:00,6.4,79,0,0.0,22.8,0.0
2016-11-25 06:00:00,6.2,79,5,0.0,24.5,0.0
2016-11-25 07:00:00,6.1,79,3,0.0,24.0,0.0
2016-11-25 08:00:00,5.9,77,5,0.0,22.4,0.0
2016-11-25 09:00:00,5.8,78,2,3.0,23.6,0.0
2016-11-25 10:00:00,6.5,76,7,65.0,25.1,0.0
2016-11-25 11:00:00,7.7,73,0,162.0,20.7,0.0
2016-11-25 12:00:00,8.9,68,3,234.0,21.8,0.0
2016-11-25 13:00:00,9.4,65,6,269.0,23.5,0.0
2016-11-25 14:00:00,9.6,64,6,253.0,23.5,0.0
2016-11-25 15:00:00,9.3,65,8,196.0,23.5,0.0
2016-11-25 16:00:00,8.6,66,6,117.0,23.7,0.0
2016-11-25 17:00:00,7.7,69,10,30.0,23.4,0.0
2016-11-25 18:00:00,7.0,73,8,0.0,22.3,0.0
2016-11-25 19:00:00,6.6,77,17,0.0,21.1,0.0
2016-11-25 20:00:00,6.5,81,19,0.0,20.1,0.0
2016-11-25 21:00:00,6.2,84,10,0.0,18.3,0.0
2016-11-25 22:00:00,5.8,86,13,0.0,16.6,0.0
2016-11-25 23:00:00,5.4,88,4,0.0,14.4,0.0
2016-11-26 00:00:00,4.9,89,0,0.0,13.6,0.0
2016-11-26 01:00:00,4.4,90,9,0.0,13.0,0.0
2016-11-26 02:00:00,4.0,92,5,0.0,12.5,0.0
2016-11-26 03:00:00,3.6,93,2,0.0,11.7,0.0
2016-11-26 04:00:00,3.2,93,0,0.0,11.5,0.0
2016-11-26 05:00:00,2.8,94,0,0.0,11.0,0.0
2016-11-26 06:00:00,2.5,95,64,0.0,10.7,0.0
2016-11-26 07:00:00,2.3,96,11,0.0,11.0,0.0
2016-11-26 08:00:00,2.3,97,6,0.0,11.4,0.0
2016-11-26 09:00:00,2.4,97,3,2.0,11.9,0.0
2016-11-26 10:00:00,3.8,95,10,59.0,12.1,0.0
2016-11-26 11:00:00,6.0,91,52,148.0,11.6,0.0
2016-11-26 12:00:00,7.5,85,94,207.0,13.5,0.0
2016-11-26 13:00:00,8.4,79,91,250.0,14.3,0.0
2016-11-26 14:00:00,8.8,76,85,209.0,14.2,0.0
2016-11-26 15:00:00,8.8,76,86,175.0,13.7,0.0
2016-11-26 16:00:00,8.2,80,84,89.0,12.0,0.0
2016-11-26 17:00:00,6.9,87,84,25.0,10.5,0.0
2016-11-26 18:00:00,5.8,92,86,0.0,9.7,0.0
2016-11-26 19:00:00,5.2,95,95,0.0,10.8,0.0
2016-11-26 20:00:00,5.8,94,97,0.0,12.4,0.0
2016-11-26 21:00:00,5.7,95,97,0.0,12.8,0.0
2016-11-26 22:00:00,5.4,96,98,0.0,12.5,0.0
2016-11-26 23:00:00,5.3,96,97,0.0,11.8,0.0
2016-11-27 00:00:00,4.9,97,100,0.0,11.8,0.0
2016-11-27 01:00:00,4.5,97,100,0.0,10.4,0.0
2016-11-27 02:00:00,4.7,97,100,0.0,8.4,0.0
2016-11-27 03:00:00,4.6,97,99,0.0,8.4,0.0
2016-11-27 04:00:00,4.8,97,100,0.0,8.9,0.0
2016-11-27 05:00:00,5.4,96,100,0.0,9.2,0.0
2016-11-27 06:00:00,6.0,96,100,0.0,10.3,0.0
2016-11-27 07:00:00,6.6,96,100,0.0,12.4,0.0
2016-11-27 08:00:00,6.9,96,100,0.0,15.3,0.0
2016-11-27 09:00:00,7.2,92,99,1.0,15.7,0.0
2016-11-27 10:00:00,7.6,87,99,27.0,16.7,0.0
2016-11-27 11:00:00,7.7,84,93,57.0,15.0,0.0
2016-11-27 12:00:00,8.1,75,90,117.0,18.1,0.0
2016-11-27 13:00:00,8.3,70,90,155.0,19.6,0.0
2016-11-27 14:00:00,8.3,73,74,100.0,18.6,0.0
2016-11-27 15:00:00,8.3,75,64,109.0,16.3,0.0
2016-11-27 16:00:00,8.0,77,55,79.0,14.2,0.0
2016-11-27 17:00:00,7.4,80,57,19.0,13.7,0.0
2016-11-27 18:00:00,6.6,83,55,0.0,14.3,0.0
2016-11-27 19:00:00,6.0,84,35,0.0,14.8,0.0
2016-11-27 20:00:00,5.5,85,35,0.0,15.0,0.0
2016-11-27 21:00:00,5.2,85,24,0.0,16.1,0.0
2016-11-27 22:00:00,4.9,86,31,0.0,16.6,0.0
2016-11-27 23:00:00,5.0,84,37,0.0,16.1,0.0
2016-11-28 00:00:00,5.2,81,49,0.0,15.3,0.0
2016-11-28 01:00:00,5.1,81,43,0.0,14.6,0.0
2016-11-28 02:00:00,5.2,80,65,0.0,12.7,0.0
2016-11-28 03:00:00,5.2,79,87,0.0,13.0,0.0
2016-11-28 04:00:00,5.1,79,87,0.0,13.4,0.0
2016-11-28 05:00:00,5.6,77,86,0.0,13.5,0.0
2016-11-28 06:00:00,5.8,75,73,0.0,14.1,0.0
2016-11-28 07:00:00,6.0,75,57,0.0,14.0,0.0
2016-11-28 08:00:00,6.0,81,24,0.0,14.6,0.0
2016-11-28 09:00:00,5.3,86,17,1.0,14.8,0.0
2016-11-28 10:00:00,5.3,83,6,53.0,15.6,0.0
2016-11-28 11:00:00,6.3,74,2,150.0,13.7,0.0
2016-11-28 12:00:00,7.0,62,4,215.0,15.5,0.0
2016-11-28 13:00:00,7.3,56,0,264.0,16.9,0.0
2016-11-28 14:00:00,7.3,56,0,255.0,17.7,0.0
2016-11-28 15:00:00,7.0,59,1,199.0,17.4,0.0
2016-11-28 16:00:00,6.3,61,0,114.0,16.9,0.0
2016-11-28 17:00:00,5.2,64,0,26.0,16.8,0.0
2016-11-28 18:00:00,4.3,66,0,0.0,17.0,0.0
2016-11-28 19:00:00,3.7,67,0,0.0,16.3,0.0
2016-11-28 20:00:00,3.4,65,0,0.0,15.6,0.0
2016-11-28 21:00:00,3.0,66,0,0.0,14.8,0.0
2016-11-28 22:00:00,2.6,69,0,0.0,14.0,0.0
2016-11-28 23:00:00,2.0,73,0,0.0,11.7,0.0
2016-11-29 00:00:00,1.3,78,0,0.0,10.6,0.0
2016-11-29 01:00:00,0.5,83,0,0.0,10.0,0.0
2016-11-29 02:00:00,-0.4,85,0,0.0,10.0,0.0
2016-11-29 03:00:00,-1.0,86,0,0.0,10.0,0.0
2016-11-29 04:00:00,-1.5,87,0,0.0,9.9,0.0
2016-11-29 05:00:00,-1.9,87,0,0.0,10.0,0.0
2016-11-29 06:00:00,-2.1,88,0,0.0,10.0,0.0
2016-11-29 07:00:00,-2.3,88,0,0.0,9.1,0.0
2016-11-29 08:00:00,-2.4,91,0,0.0,8.6,0.0
2016-11-29 09:00:00,-2.5,92,0,1.0,8.0,0.0
2016-11-29 10:00:00,-1.1,92,0,56.0,9.0,0.0
2016-11-29 11:00:00,2.1,87,0,151.0,7.9,0.0
2016-11-29 12:00:00,3.7,79,0,226.0,7.2,0.0
2016-11-29 13:00:00,4.6,73,0,262.0,7.8,0.0
2016-11-29 14:00:00,5.1,70,0,254.0,7.6,0.0
2016-11-29 15:00:00,5.2,69,0,203.0,7.7,0.0
2016-11-29 16:00:00,4.5,74,0,118.0,6.0,0.0
2016-11-29 17:00:00,3.1,80,0,26.0,7.1,0.0
2016-11-29 18:00:00,1.2,89,0,0.0,7.3,0.0
2016-11-29 19:00:00,0.3,89,0,0.0,8.3,0.0
2016-11-29 20:00:00,-0.1,86,0,0.0,8.3,0.0
2016-11-29 21:00:00,-0.8,88,0,0.0,6.4,0.0
2016-11-29 22:00:00,-1.8,92,0,0.0,7.4,0.0
2016-11-29 23:00:00,-1.5,92,0,0.0,7.7,0.0
2016-11-30 00:00:00,-0.7,92,0,0.0,4.0,0.0
2016-11-30 01:00:00,-0.4,93,22,0.0,1.6,0.0
2016-11-30 02:00:00,-0.7,94,25,0.0,6.0,0.0
2016-11-30 03:00:00,-1.8,97,25,0.0,5.8,0.0
2016-11-30 04:00:00,-2.3,96,24,0.0,5.2,0.0
2016-11-30 05:00:00,-2.5,96,29,0.0,7.4,0.0
2016-11-30 06:00:00,-2.5,95,65,0.0,6.5,0.0
2016-11-30 07:00:00,-2.8,95,71,0.0,6.3,0.0
2016-11-30 08:00:00,-4.0,97,85,0.0,6.6,0.0
2016-11-30 09:00:00,-4.1,96,90,1.0,7.0,0.0
2016-11-30 10:00:00,-2.9,96,74,49.0,6.4,0.0
2016-11-30 11:00:00,-0.2,89,0,138.0,5.8,0.0
2016-11-30 12:00:00,1.6,83,0,209.0,5.4,0.0
2016-11-30 13:00:00,3.0,78,0,255.0,5.8,0.0
2016-11-30 14:00:00,3.8,77,0,249.0,6.8,0.0
2016-11-30 15:00:00,3.9,80,2,197.0,6.9,0.0
2016-11-30 16:00:00,2.9,84,5,112.0,6.5,0.0
2016-11-30 17:00:00,1.2,89,8,23.0,7.6,0.0
2016-11-30 18:00:00,-0.0,92,4,0.0,8.3,0.0
2016-11-30 19:00:00,-0.8,93,11,0.0,7.9,0.0
2016-11-30 20:00:00,-1.4,88,1,0.0,7.9,0.0
2016-11-30 21:00:00,-1.8,88,2,0.0,7.9,0.0
2016-11-30 22:00:00,-2.0,87,2,0.0,8.3,0.0
2016-11-30 23:00:00,-2.0,86,3,0.0,8.7,0.0
2016-12-01 00:00:00,-2.0,85,3,0.0,9.4,0.0
2016-12-01 01:00:00,-2.0,85,4,0.0,9.7,0.0
2016-12-01 02:00:00,-2.0,85,6,0.0,9.7,0.0
2016-12-01 03:00:00,-2.0,84,7,0.0,9.5,0.0
2016-12-01 04:00:00,-2.0,85,11,0.0,9.3,0.0
2016-12-01 05:00:00,-1.9,87,7,0.0,8.9,0.0
2016-12-01 06:00:00,-1.9,88,12,0.0,9.2,0.0
2016-12-01 07:00:00,-1.2,90,22,0.0,9.3,0.0
2016-12-01 08:00:00,-1.8,88,20,0.0,9.1,0.0
2016-12-01 09:00:00,-1.7,90,28,1.0,8.7,0.0
2016-12-01 10:00:00,-0.1,91,38,41.0,10.2,0.0
2016-12-01 11:00:00,1.7,90,57,102.0,9.6,0.0
2016-12-01 12:00:00,3.5,88,64,138.0,8.7,0.0
2016-12-01 13:00:00,4.7,87,64,167.0,9.2,0.0
2016-12-01 14:00:00,5.2,89,59,134.0,9.9,0.0
2016-12-01 15:00:00,5.0,92,63,93.0,9.4,0.0
2016-12-01 16:00:00,4.5,95,59,49.0,9.6,0.0
2016-12-01 17:00:00,3.7,97,50,9.0,9.4,0.0
2016-12-01 18:00:00,3.5,97,35,0.0,9.2,0.0
2016-12-01 19:00:00,3.4,98,34,0.0,9.0,0.0
2016-12-01 20:00:00,2.1,95,29,0.0,9.2,0.0
2016-12-01 21:00:00,1.2,97,28,0.0,9.3,0.0
2016-12-01 22:00:00,0.8,98,31,0.0,9.8,0.0
2016-12-01 23:00:00,0.7,98,54,0.0,9.5,0.0
2016-12-02 00:00:00,0.0,98,63,0.0,8.7,0.0
2016-12-02 01:00:00,-0.3,98,88,0.0,8.2,0.0
2016-12-02 02:00:00,-0.6,98,94,0.0,7.4,0.0
2016-12-02 03:00:00,-0.8,98,93,0.0,7.1,0.0
2016-12-02 04:00:00,-0.8,99,96,0.0,6.7,0.0
2016-12-02 05:00:00,-0.5,99,92,0.0,6.3,0.0
2016-12-02 06:00:00,-0.1,99,88,0.0,6.3,0.0
2016-12-02 07:00:00,0.4,99,86,0.0,6.1,0.0
2016-12-02 08:00:00,2.0,97,90,0.0,5.6,0.0
2016-12-02 09:00:00,1.3,98,91,0.0,5.8,0.0
2016-12-02 10:00:00,2.6,98,87,30.0,6.5,0.0
2016-12-02 11:00:00,3.8,97,77,64.0,5.5,0.0
2016-12-02 12:00:00,5.2,94,62,113.0,5.1,0.0
2016-12-02 13:00:00,6.4,90,66,121.0,4.3,0.0
2016-12-02 14:00:00,6.9,89,68,121.0,4.8,0.0
2016-12-02 15:00:00,6.9,90,74,115.0,4.3,0.0
2016-12-02 16:00:00,6.5,91,74,56.0,4.8,0.0
2016-12-02 17:00:00,5.7,94,73,12.0,5.6,0.0
2016-12-02 18:00:00,4.6,96,70,0.0,6.8,0.0
2016-12-02 19:00:00,4.4,97,69,0.0,7.0,0.0
2016-12-02 20:00:00,4.0,97,73,0.0,7.8,0.0
2016-12-02 21:00:00,4.2,97,82,0.0,8.6,0.0
2016-12-02 22:00:00,4.5,97,91,0.0,9.2,0.0
2016-12-02 23:00:00,4.7,97,96,0.0,9.1,0.0
2016-12-03 00:00:00,5.0,98,92,0.0,9.5,0.0
2016-12-03 01:00:00,5.3,98,96,0.0,10.5,0.0
2016-12-03 02:00:00,5.0,97,71,0.0,11.2,0.0
2016-12-03 03:00:00,4.9,96,64,0.0,11.5,0.0
2016-12-03 04:00:00,4.4,94,45,0.0,11.8,0.0
2016-12-03 05:00:00,3.8,93,30,0.0,11.2,0.0
2016-12-03 06:00:00,3.5,93,29,0.0,11.5,0.0
2016-12-03 07:00:00,3.6,92,38,0.0,11.0,0.0
2016-12-03 08:00:00,2.8,93,50,0.0,10.7,0.0
2016-12-03 09:00:00,2.4,94,55,0.0,10.9,0.0
2016-12-03 10:00:00,3.5,93,77,31.0,11.8,0.0
2016-12-03 11:00:00,5.3,87,63,83.0,12.1,0.0
2016-12-03 12:00:00,6.4,79,53,136.0,12.3,0.0
2016-12-03 13:00:00,6.8,72,28,176.0,13.0,0.0
2016-12-03 14:00:00,7.0,63,23,201.0,14.8,0.0
2016-12-03 15:00:00,6.7,64,17,168.0,16.6,0.0
2016-12-03 16:00:00,5.9,65,13,102.0,15.9,0.0
2016-12-03 17:00:00,4.7,69,3,22.0,15.6,0.0
2016-12-03 18:00:00,3.7,75,0,0.0,15.6,0.0
2016-12-03 19:00:00,3.0,80,0,0.0,15.2,0.0
2016-12-03 20:00:00,2.9,80,0,0.0,15.3,0.0
2016-12-03 21:00:00,2.8,81,0,0.0,15.6,0.0
2016-12-03 22:00:00,2.6,81,0,0.0,15.6,0.0
2016-12-03 23:00:00,2.5,81,0,0.0,17.2,0.0
2016-12-04 00:00:00,2.4,81,0,0.0,17.1,0.0
2016-12-04 01:00:00,2.3,81,0,0.0,16.8,0.0
2016-12-04 02:00:00,2.0,81,0,0.0,16.5,0.0
2016-12-04 03:00:00,1.9,81,0,0.0,16.8,0.0
2016-12-04 04:00:00,1.7,82,0,0.0,16.8,0.0
2016-12-04 05:00:00,1.5,84,0,0.0,15.7,0.0
2016-12-04 06:00:00,1.3,86,1,0.0,14.7,0.0
2016-12-04 07:00:00,1.0,88,0,0.0,14.5,0.0
2016-12-04 08:00:00,1.2,87,0,0.0,14.5,0.0
2016-12-04 09:00:00,1.0,88,0,0.0,14.8,0.0
2016-12-04 10:00:00,1.8,87,1,45.0,15.5,0.0
2016-12-04 11:00:00,3.3,84,0,136.0,16.8,0.0
2016-12-04 12:00:00,4.5,78,3,211.0,16.5,0.0
2016-12-04 13:00:00,5.1,74,1,249.0,17.7,0.0
2016-12-04 14:00:00,5.3,72,3,242.0,18.1,0.0
2016-12-04 15:00:00,5.0,73,1,193.0,17.0,0.0
2016-12-04 16:00:00,4.3,76,3,109.0,16.9,0.0
2016-12-04 17:00:00,3.1,81,13,22.0,16.0,0.0
2016-12-04 18:00:00,2.3,85,20,0.0,15.2,0.0
2016-12-04 19:00:00,1.7,89,18,0.0,14.0,0.0
2016-12-04 20:00:00,1.5,90,16,0.0,12.6,0.0
2016-12-04 21:00:00,0.9,91,32,0.0,11.2,0.0
2016-12-04 22:00:00,0.3,92,76,0.0,10.4,0.0
2016-12-04 23:00:00,-0.3,93,71,0.0,9.7,0.0
2016-12-05 00:00:00,-0.8,94,18,0.0,9.7,0.0
2016-12-05 01:00:00,-1.2,94,42,0.0,9.4,0.0
2016-12-05 02:00:00,-1.5,95,65,0.0,9.0,0.0
2016-12-05 03:00:00,-1.8,96,50,0.0,8.7,0.0
2016-12-05 04:00:00,-1.9,96,29,0.0,8.6,0.0
2016-12-05 05:00:00,-1.9,96,37,0.0,8.3,0.0
2016-12-05 06:00:00,-1.9,97,55,0.0,8.3,0.0
2016-12-05 07:00:00,-1.9,97,26,0.0,7.6,0.0
2016-12-05 08:00:00,-1.8,98,4,0.0,7.2,0.0
2016-12-05 09:00:00,-1.8,98,6,0.0,7.2,0.0
2016-12-05 10:00:00,-0.7,99,1,40.0,9.1,0.0
2016-12-05 11:00:00,2.4,96,1,127.0,10.0,0.0
2016-12-05 12:00:00,4.5,91,21,200.0,8.4,0.0
2016-12-05 13:00:00,5.7,89,58,234.0,7.8,0.0
2016-12-05 14:00:00,6.4,88,92,224.0,6.7,0.0
2016-12-05 15:00:00,6.6,88,97,169.0,6.5,0.0
2016-12-05 16:00:00,5.7,92,100,77.0,6.8,0.0
2016-12-05 17:00:00,4.5,96,100,17.0,7.9,0.0
2016-12-05 18:00:00,3.6,98,96,0.0,8.0,0.0
2016-12-05 19:00:00,3.1,98,97,0.0,7.3,0.0
2016-12-05 20:00:00,2.7,97,99,0.0,7.2,0.0
2016-12-05 21:00:00,3.1,97,96,0.0,7.8,0.0
2016-12-05 22:00:00,3.0,97,70,0.0,7.7,0.0
2016-12-05 23:00:00,2.8,98,97,0.0,6.2,0.0
2016-12-06 00:00:00,2.5,98,100,0.0,7.2,0.0
2016-12-06 01:00:00,2.5,98,100,0.0,6.6,0.0
2016-12-06 02:00:00,2.5,98,96,0.0,6.6,0.0
2016-12-06 03:00:00,2.8,98,94,0.0,7.0,0.0
2016-12-06 04:00:00,2.8,99,94,0.0,5.2,0.0
2016-12-06 05:00:00,2.6,99,100,0.0,5.7,0.0
2016-12-06 06:00:00,2.6,100,99,0.0,7.6,0.0
2016-12-06 07:00:00,3.6,99,98,0.0,8.3,0.0
2016-12-06 08:00:00,3.5,100,99,0.0,6.9,0.0
2016-12-06 09:00:00,3.6,100,100,0.0,7.0,0.0
2016-12-06 10:00:00,4.4,100,100,17.0,8.1,0.0
2016-12-06 11:00:00,5.9,99,100,44.0,8.0,0.0
2016-12-06 12:00:00,7.3,99,100,74.0,8.3,0.0
2016-12-06 13:00:00,8.7,96,100,120.0,9.2,0.0
2016-12-06 14:00:00,9.5,94,100,116.0,10.5,0.0
2016-12-06 15:00:00,10.1,94,100,96.0,8.6,0.0
2016-12-06 16:00:00,9.9,95,100,47.0,8.5,0.0
2016-12-06 17:00:00,9.2,98,100,9.0,8.6,0.0
2016-12-06 18:00:00,8.9,98,95,0.0,8.5,0.0
2016-12-06 19:00:00,8.7,98,100,0.0,9.0,0.0
2016-12-06 20:00:00,8.1,99,100,0.0,10.1,0.0
2016-12-06 21:00:00,8.2,99,100,0.0,10.6,0.0
2016-12-06 22:00:00,8.4,98,100,0.0,11.5,0.0
2016-12-06 23:00:00,8.6,98,100,0.0,11.8,0.0
2016-12-07 00:00:00,8.9,98,100,0.0,12.2,0.0
2016-12-07 01:00:00,9.0,97,100,0.0,12.5,0.0
2016-12-07 02:00:00,9.0,97,100,0.0,13.2,0.0
2016-12-07 03:00:00,8.8,97,100,0.0,13.7,0.0
2016-12-07 04:00:00,9.0,97,100,0.0,13.6,0.0
2016-12-07 05:00:00,9.2,96,100,0.0,13.9,0.0
2016-12-07 06:00:00,9.1,96,100,0.0,14.7,0.0
2016-12-07 07:00:00,9.0,95,99,0.0,15.9,0.0
2016-12-07 08:00:00,9.1,97,100,0.0,17.2,0.0
2016-12-07 09:00:00,9.1,96,99,0.0,18.1,0.0
2016-12-07 10:00:00,9.3,95,96,31.0,18.4,0.0
2016-12-07 11:00:00,10.2,94,92,107.0,18.4,0.0
2016-12-07 12:00:00,11.1,92,83,161.0,16.9,0.0
2016-12-07 13:00:00,11.9,90,88,196.0,18.1,0.0
2016-12-07 14:00:00,12.3,88,92,196.0,18.9,0.0
2016-12-07 15:00:00,12.2,86,95,140.0,18.8,0.0
2016-12-07 16:00:00,11.8,85,98,68.0,17.1,0.0
2016-12-07 17:00:00,11.1,85,94,14.0,17.1,0.0
2016-12-07 18:00:00,10.4,87,94,0.0,18.1,0.0
2016-12-07 19:00:00,9.8,89,90,0.0,18.3,0.0
2016-12-07 20:00:00,9.5,90,94,0.0,18.4,0.0
2016-12-07 21:00:00,9.6,90,89,0.0,19.0,0.0
2016-12-07 22:00:00,9.8,89,90,0.0,20.1,0.0
2016-12-07 23:00:00,10.1,89,99,0.0,20.5,0.0
2016-12-08 00:00:00,10.1,89,98,0.0,20.0,0.0
2016-12-08 01:00:00,10.1,90,96,0.0,18.8,0.0
2016-12-08 02:00:00,9.9,90,96,0.0,18.0,0.0
2016-12-08 03:00:00,10.0,90,98,0.0,18.0,0.0
2016-12-08 04:00:00,9.9,91,100,0.0,18.5,0.0
2016-12-08 05:00:00,9.8,92,100,0.0,18.1,0.0
2016-12-08 06:00:00,9.8,92,100,0.0,16.9,0.0
2016-12-08 07:00:00,9.7,92,100,0.0,16.9,0.0
2016-12-08 08:00:00,9.9,90,100,0.0,17.8,0.0
2016-12-08 09:00:00,10.1,89,100,0.0,19.0,0.0
2016-12-08 10:00:00,10.5,88,98,14.0,20.6,0.0
2016-12-08 11:00:00,11.0,87,83,36.0,21.6,0.0
2016-12-08 12:00:00,11.7,86,96,59.0,21.4,0.0
2016-12-08 13:00:00,12.0,87,100,40.0,21.2,0.4
2016-12-08 14:00:00,12.4,88,99,47.0,21.4,0.0
2016-12-08 15:00:00,12.6,90,100,39.0,20.6,0.0
2016-12-08 16:00:00,12.7,92,100,24.0,19.4,0.0
2016-12-08 17:00:00,12.5,94,96,4.0,18.2,0.0
2016-12-08 18:00:00,12.4,95,91,0.0,17.3,0.0
2016-12-08 19:00:00,12.2,97,90,0.0,15.3,0.0
2016-12-08 20:00:00,11.8,96,100,0.0,12.8,0.0
2016-12-08 21:00:00,11.7,97,100,0.0,10.5,0.0
2016-12-08 22:00:00,11.6,98,100,0.0,10.2,0.0
2016-12-08 23:00:00,11.5,98,100,0.0,10.9,0.0
2016-12-09 00:00:00,11.6,98,100,0.0,12.5,0.0
2016-12-09 01:00:00,11.7,97,100,0.0,12.2,0.0
2016-12-09 02:00:00,11.7,98,100,0.0,12.2,0.0
2016-12-09 03:00:00,11.7,97,100,0.0,13.1,0.0
2016-12-09 04:00:00,11.8,97,100,0.0,15.1,0.0
2016-12-09 05:00:00,11.8,97,100,0.0,15.5,0.0
2016-12-09 06:00:00,11.7,97,100,0.0,15.3,0.0
2016-12-09 07:00:00,11.6,97,100,0.0,16.3,0.0
2016-12-09 08:00:00,11.3,97,99,0.0,17.0,0.0
2016-12-09 09:00:00,11.2,97,100,0.0,17.0,0.0
2016-12-09 10:00:00,11.2,96,99,17.0,18.1,0.0
2016-12-09 11:00:00,11.7,93,100,71.0,18.4,0.0
2016-12-09 12:00:00,12.1,91,95,129.0,19.1,0.0
2016-12-09 13:00:00,12.6,88,96,171.0,18.2,0.0
2016-12-09 14:00:00,12.8,86,98,164.0,18.1,0.0
2016-12-09 15:00:00,12.8,85,100,113.0,19.2,0.0
2016-12-09 16:00:00,12.1,86,99,67.0,17.9,0.0
2016-12-09 17:00:00,11.1,89,99,14.0,17.1,0.0
2016-12-09 18:00:00,10.5,91,100,0.0,16.6,0.0
2016-12-09 19:00:00,9.9,93,100,0.0,17.0,0.0
2016-12-09 20:00:00,9.8,93,99,0.0,17.7,0.0
2016-12-09 21:00:00,9.4,94,99,0.0,17.9,0.0
2016-12-09 22:00:00,9.3,94,100,0.0,18.1,0.0
2016-12-09 23:00:00,9.3,94,100,0.0,19.0,0.0
2016-12-10 00:00:00,9.5,94,100,0.0,17.1,0.0
2016-12-10 01:00:00,9.8,94,97,0.0,16.6,0.0
2016-12-10 02:00:00,10.1,93,100,0.0,15.4,0.0
2016-12-10 03:00:00,10.5,92,99,0.0,15.9,0.0
2016-12-10 04:00:00,10.8,92,100,0.0,15.6,0.0
2016-12-10 05:00:00,11.1,91,100,0.0,15.0,0.0
2016-12-10 06:00:00,11.3,92,100,0.0,14.3,0.0
2016-12-10 07:00:00,11.4,93,100,0.0,13.0,0.0
2016-12-10 08:00:00,11.2,95,100,0.0,12.2,0.0
2016-12-10 09:00:00,11.2,96,100,0.0,11.5,0.0
2016-12-10 10:00:00,11.4,96,100,7.0,11.2,0.0
2016-12-10 11:00:00,11.6,96,100,18.0,9.6,0.0
2016-12-10 12:00:00,11.8,96,100,29.0,11.4,0.0
2016-12-10 13:00:00,12.1,95,100,36.0,10.1,0.0
2016-12-10 14:00:00,12.2,95,100,31.0,12.6,0.2
2016-12-10 15:00:00,12.2,95,100,18.0,14.7,0.5
2016-12-10 16:00:00,12.3,93,100,14.0,18.2,0.3
2016-12-10 17:00:00,12.1,91,100,4.0,18.4,0.2
2016-12-10 18:00:00,11.8,91,99,0.0,20.0,0.3
2016-12-10 19:00:00,11.7,91,100,0.0,22.1,0.5
2016-12-10 20:00:00,11.7,91,100,0.0,23.3,0.5
2016-12-10 21:00:00,11.9,92,100,0.0,22.9,0.8
2016-12-10 22:00:00,11.2,92,100,0.0,26.0,1.4
2016-12-10 23:00:00,9.4,86,95,0.0,18.8,0.7
2016-12-11 00:00:00,8.7,86,17,0.0,15.4,0.0
2016-12-11 01:00:00,7.8,87,2,0.0,14.5,0.0
2016-12-11 02:00:00,6.8,90,1,0.0,12.6,0.0
2016-12-11 03:00:00,6.3,90,3,0.0,14.0,0.0
2016-12-11 04:00:00,5.9,90,2,0.0,14.4,0.0
2016-12-11 05:00:00,5.5,92,0,0.0,12.2,0.0
2016-12-11 06:00:00,5.0,94,0,0.0,12.3,0.0
2016-12-11 07:00:00,4.6,94,1,0.0,13.0,0.0
2016-12-11 08:00:00,4.2,96,8,0.0,12.3,0.0
2016-12-11 09:00:00,4.0,96,6,0.0,12.4,0.0
2016-12-11 10:00:00,4.5,96,3,30.0,12.4,0.0
2016-12-11 11:00:00,5.8,95,8,114.0,12.2,0.0
2016-12-11 12:00:00,7.3,88,49,184.0,13.8,0.0
2016-12-11 13:00:00,8.1,88,56,218.0,14.8,0.0
2016-12-11 14:00:00,8.6,85,84,203.0,14.8,0.0
2016-12-11 15:00:00,8.7,84,76,134.0,13.3,0.0
2016-12-11 16:00:00,8.4,85,99,75.0,12.2,0.0
2016-12-11 17:00:00,7.6,89,100,16.0,10.8,0.0
2016-12-11 18:00:00,6.6,93,99,0.0,9.5,0.0
2016-12-11 19:00:00,6.2,94,99,0.0,9.7,0.0
2016-12-11 20:00:00,6.1,94,100,0.0,9.5,0.0
2016-12-11 21:00:00,5.4,96,98,0.0,8.8,0.0
2016-12-11 22:00:00,4.8,98,98,0.0,8.2,0.0
2016-12-11 23:00:00,4.5,98,98,0.0,8.5,0.0
2016-12-12 00:00:00,4.3,99,99,0.0,8.1,0.0
2016-12-12 01:00:00,3.7,99,93,0.0,6.4,0.0
2016-12-12 02:00:00,2.9,100,83,0.0,5.6,0.0
2016-12-12 03:00:00,2.2,100,53,0.0,5.8,0.0
2016-12-12 04:00:00,1.9,100,34,0.0,6.0,0.0
2016-12-12 05:00:00,2.5,100,65,0.0,7.7,0.0
2016-12-12 06:00:00,3.3,100,86,0.0,6.6,0.0
2016-12-12 07:00:00,3.7,99,88,0.0,7.9,0.0
2016-12-12 08:00:00,3.6,95,99,0.0,9.0,0.0
2016-12-12 09:00:00,4.6,94,100,0.0,11.2,0.0
2016-12-12 10:00:00,6.0,92,98,3.0,13.9,0.1
2016-12-12 11:00:00,6.7,92,100,8.0,15.7,0.9
2016-12-12 12:00:00,7.3,92,100,70.0,16.4,0.2
2016-12-12 13:00:00,7.7,93,100,77.0,15.9,0.0
2016-12-12 14:00:00,8.1,94,100,53.0,15.2,0.0
2016-12-12 15:00:00,8.4,96,99,23.0,14.5,0.0
2016-12-12 16:00:00,9.0,97,100,21.0,14.6,0.0
2016-12-12 17:00:00,9.3,97,100,4.0,14.8,0.0
2016-12-12 18:00:00,9.7,98,100,0.0,14.8,0.2
2016-12-12 19:00:00,9.9,98,100,0.0,14.3,0.0
2016-12-12 20:00:00,9.8,98,100,0.0,13.5,0.0
2016-12-12 21:00:00,10.1,99,100,0.0,12.7,0.0
2016-12-12 22:00:00,10.3,99,100,0.0,11.8,0.0
2016-12-12 23:00:00,10.3,98,100,0.0,12.2,0.0
2016-12-13 00:00:00,10.0,98,100,0.0,11.6,0.0
2016-12-13 01:00:00,9.7,97,98,0.0,11.1,0.0
2016-12-13 02:00:00,9.1,97,99,0.0,10.3,0.0
2016-12-13 03:00:00,8.5,98,96,0.0,9.7,0.0
2016-12-13 04:00:00,8.2,98,95,0.0,7.8,0.0
2016-12-13 05:00:00,7.7,98,100,0.0,6.4,0.0
2016-12-13 06:00:00,7.6,98,100,0.0,6.1,0.0
2016-12-13 07:00:00,7.4,98,100,0.0,6.8,0.0
2016-12-13 08:00:00,8.9,99,100,0.0,8.6,0.0
2016-12-13 09:00:00,9.5,99,100,0.0,9.8,0.0
2016-12-13 10:00:00,10.1,99,100,8.0,11.4,0.0
2016-12-13 11:00:00,10.7,99,100,23.0,13.6,0.0
2016-12-13 12:00:00,11.1,98,100,28.0,15.8,0.0
2016-12-13 13:00:00,11.4,98,100,33.0,17.3,0.0
2016-12-13 14:00:00,11.6,98,100,41.0,15.7,0.0
2016-12-13 15:00:00,11.7,97,100,34.0,14.6,0.0
2016-12-13 16:00:00,11.7,97,100,18.0,13.7,0.0
2016-12-13 17:00:00,11.6,97,100,4.0,13.0,0.0
2016-12-13 18:00:00,11.5,97,100,0.0,13.4,0.0
2016-12-13 19:00:00,11.4,97,100,0.0,14.1,0.0
2016-12-13 20:00:00,11.5,97,100,0.0,14.7,0.0
2016-12-13 21:00:00,11.3,97,98,0.0,14.5,0.0
2016-12-13 22:00:00,11.2,96,95,0.0,14.3,0.0
2016-12-13 23:00:00,11.0,96,99,0.0,13.5,0.0
2016-12-14 00:00:00,10.8,96,94,0.0,12.7,0.0
2016-12-14 01:00:00,10.5,96,80,0.0,12.7,0.0
2016-12-14 02:00:00,10.0,96,65,0.0,12.3,0.0
2016-12-14 03:00:00,9.8,96,42,0.0,12.2,0.0
2016-12-14 04:00:00,9.5,96,57,0.0,12.2,0.0
2016-12-14 05:00:00,9.1,96,25,0.0,11.5,0.0
2016-12-14 06:00:00,8.7,96,29,0.0,10.9,0.0
2016-12-14 07:00:00,7.9,97,45,0.0,10.5,0.0
2016-12-14 08:00:00,7.5,97,48,0.0,10.5,0.0
2016-12-14 09:00:00,7.2,96,63,0.0,10.8,0.0
2016-12-14 10:00:00,7.6,94,61,23.0,12.4,0.0
2016-12-14 11:00:00,9.2,90,59,102.0,14.9,0.0
2016-12-14 12:00:00,10.6,86,34,171.0,15.5,0.0
2016-12-14 13:00:00,11.2,82,40,212.0,14.2,0.0
2016-12-14 14:00:00,11.4,79,21,210.0,13.7,0.0
2016-12-14 15:00:00,11.1,78,14,167.0,14.5,0.0
2016-12-14 16:00:00,10.1,80,7,90.0,13.6,0.0
2016-12-14 17:00:00,8.7,83,16,18.0,12.4,0.0
2016-12-14 18:00:00,7.7,87,30,0.0,11.8,0.0
2016-12-14 19:00:00,6.8,90,45,0.0,11.6,0.0
2016-12-14 20:00:00,6.7,88,40,0.0,12.1,0.0
2016-12-14 21:00:00,6.5,89,52,0.0,12.6,0.0
2016-12-14 22:00:00,6.2,91,48,0.0,12.8,0.0
2016-12-14 23:00:00,5.9,93,44,0.0,10.9,0.0
2016-12-15 00:00:00,5.6,94,39,0.0,10.6,0.0
2016-12-15 01:00:00,5.3,96,24,0.0,10.6,0.0
2016-12-15 02:00:00,5.0,97,23,0.0,10.6,0.0
2016-12-15 03:00:00,4.9,97,54,0.0,9.7,0.0
2016-12-15 04:00:00,4.6,98,76,0.0,8.9,0.0
2016-12-15 05:00:00,4.5,98,93,0.0,9.2,0.0
2016-12-15 06:00:00,4.5,99,100,0.0,9.7,0.0
2016-12-15 07:00:00,5.0,98,100,0.0,10.5,0.0
2016-12-15 08:00:00,6.7,98,100,0.0,10.8,0.0
2016-12-15 09:00:00,7.4,97,99,0.0,10.5,0.0
2016-12-15 10:00:00,7.9,97,100,10.0,11.9,0.0
2016-12-15 11:00:00,8.6,95,100,39.0,11.9,0.0
2016-12-15 12:00:00,9.4,91,100,64.0,15.5,0.0
2016-12-15 13:00:00,9.8,89,100,69.0,14.9,0.0
2016-12-15 14:00:00,9.7,90,100,50.0,14.7,0.0
2016-12-15 15:00:00,9.8,88,96,71.0,13.8,0.0
2016-12-15 16:00:00,9.3,89,99,39.0,14.1,0.0
2016-12-15 17:00:00,8.6,91,67,11.0,14.2,0.0
2016-12-15 18:00:00,7.8,93,27,0.0,14.3,0.0
2016-12-15 19:00:00,7.1,94,21,0.0,13.8,0.0
2016-12-15 20:00:00,7.1,94,25,0.0,13.8,0.0
2016-12-15 21:00:00,6.9,94,67,0.0,14.0,0.0
2016-12-15 22:00:00,6.8,95,97,0.0,13.4,0.0
2016-12-15 23:00:00,7.1,96,98,0.0,11.5,0.0
2016-12-16 00:00:00,7.0,96,86,0.0,11.4,0.0
2016-12-16 01:00:00,7.1,97,98,0.0,10.7,0.0
2016-12-16 02:00:00,7.3,97,100,0.0,10.2,0.0
2016-12-16 03:00:00,7.6,97,100,0.0,9.3,0.0
2016-12-16 04:00:00,7.8,97,100,0.0,9.0,0.0
2016-12-16 05:00:00,8.0,97,100,0.0,8.2,0.0
2016-12-16 06:00:00,8.0,97,98,0.0,7.7,0.0
2016-12-16 07:00:00,7.9,97,99,0.0,7.1,0.0
2016-12-16 08:00:00,7.8,98,92,0.0,7.3,0.0
2016-12-16 09:00:00,7.7,98,87,0.0,7.6,0.0
2016-12-16 10:00:00,7.8,98,91,12.0,8.4,0.0
2016-12-16 11:00:00,8.1,95,87,44.0,8.4,0.0
2016-12-16 12:00:00,8.7,92,100,92.0,8.7,0.0
2016-12-16 13:00:00,9.1,90,100,84.0,7.9,0.0
2016-12-16 14:00:00,9.5,89,100,78.0,6.0,0.0
2016-12-16 15:00:00,9.7,87,100,70.0,3.7,0.0
2016-12-16 16:00:00,9.7,89,100,39.0,2.5,0.0
2016-12-16 17:00:00,9.4,90,99,7.0,3.1,0.0
2016-12-16 18:00:00,9.0,93,100,0.0,3.9,0.0
2016-12-16 19:00:00,8.9,94,100,0.0,3.9,0.0
2016-12-16 20:00:00,8.6,95,99,0.0,4.0,0.0
2016-12-16 21:00:00,8.4,97,96,0.0,3.6,0.0
2016-12-16 22:00:00,8.2,97,94,0.0,3.6,0.0
2016-12-16 23:00:00,7.9,98,99,0.0,5.0,0.0
2016-12-17 00:00:00,7.9,98,95,0.0,5.3,0.0
2016-12-17 01:00:00,7.6,98,94,0.0,5.9,0.0
2016-12-17 02:00:00,7.8,98,81,0.0,6.1,0.0
2016-12-17 03:00:00,7.8,98,83,0.0,6.0,0.0
2016-12-17 04:00:00,7.6,98,71,0.0,5.6,0.0
2016-12-17 05:00:00,7.1,98,95,0.0,6.0,0.0
2016-12-17 06:00:00,6.9,98,94,0.0,5.4,0.0
2016-12-17 07:00:00,6.3,99,100,0.0,5.4,0.0
2016-12-17 08:00:00,5.4,99,100,0.0,4.7,0.0
2016-12-17 09:00:00,5.5,100,100,0.0,4.5,0.0
2016-12-17 10:00:00,5.7,99,100,10.0,4.3,0.0
2016-12-17 11:00:00,6.1,99,100,36.0,4.5,0.0
2016-12-17 12:00:00,6.7,99,100,72.0,4.2,0.0
2016-12-17 13:00:00,7.3,98,100,80.0,4.7,0.0
2016-12-17 14:00:00,7.7,97,100,84.0,6.8,0.0
2016-12-17 15:00:00,7.7,98,100,72.0,7.2,0.0
2016-12-17 16:00:00,7.6,98,100,35.0,6.1,0.0
2016-12-17 17:00:00,7.5,99,100,6.0,3.8,0.0
2016-12-17 18:00:00,7.4,99,100,0.0,3.7,0.0
2016-12-17 19:00:00,7.4,99,100,0.0,3.1,0.0
2016-12-17 20:00:00,7.6,100,100,0.0,4.1,0.0
2016-12-17 21:00:00,7.5,100,100,0.0,4.8,0.0
2016-12-17 22:00:00,7.5,99,100,0.0,5.2,0.0
2016-12-17 23:00:00,7.4,99,100,0.0,6.8,0.0
2016-12-18 00:00:00,7.4,99,100,0.0,6.1,0.0
2016-12-18 01:00:00,7.3,99,100,0.0,5.7,0.0
2016-12-18 02:00:00,7.2,100,100,0.0,5.2,0.0
2016-12-18 03:00:00,7.3,99,100,0.0,3.3,0.0
2016-12-18 04:00:00,7.3,99,100,0.0,3.3,0.0
2016-12-18 05:00:00,7.3,99,100,0.0,4.8,0.0
2016-12-18 06:00:00,7.3,99,100,0.0,3.6,0.0
2016-12-18 07:00:00,7.3,99,100,0.0,2.1,0.0
2016-12-18 08:00:00,7.1,99,100,0.0,1.8,0.1
2016-12-18 09:00:00,7.0,99,100,0.0,1.9,0.0
2016-12-18 10:00:00,7.1,99,100,7.0,3.9,0.0
2016-12-18 11:00:00,7.4,99,100,21.0,4.2,0.0
2016-12-18 12:00:00,7.6,99,100,31.0,4.6,0.0
2016-12-18 13:00:00,8.0,96,100,59.0,3.9,0.0
2016-12-18 14:00:00,8.3,92,100,98.0,3.2,0.0
2016-12-18 15:00:00,8.1,91,99,95.0,4.0,0.0
2016-12-18 16:00:00,7.6,90,99,52.0,5.4,0.0
2016-12-18 17:00:00,6.8,93,98,14.0,5.4,0.0
2016-12-18 18:00:00,6.3,94,96,0.0,5.5,0.0
2016-12-18 19:00:00,5.6,96,98,0.0,5.6,0.0
2016-12-18 20:00:00,5.2,98,99,0.0,4.6,0.0
2016-12-18 21:00:00,5.5,95,98,0.0,3.8,0.0
2016-12-18 22:00:00,5.4,94,100,0.0,4.2,0.0
2016-12-18 23:00:00,5.3,93,100,0.0,4.1,0.0
2016-12-19 00:00:00,5.2,93,100,0.0,5.0,0.0
2016-12-19 01:00:00,5.1,93,100,0.0,5.4,0.0
2016-12-19 02:00:00,5.1,92,100,0.0,4.2,0.0
2016-12-19 03:00:00,5.2,92,100,0.0,4.9,0.0
2016-12-19 04:00:00,5.2,92,100,0.0,4.7,0.0
2016-12-19 05:00:00,5.3,92,100,0.0,3.1,0.0
2016-12-19 06:00:00,5.4,92,100,0.0,1.5,0.0
2016-12-19 07:00:00,5.4,92,100,0.0,1.1,0.0
2016-12-19 08:00:00,4.8,91,100,0.0,0.8,0.0
2016-12-19 09:00:00,4.9,91,100,0.0,1.1,0.0
2016-12-19 10:00:00,5.0,91,100,4.0,1.5,0.0
2016-12-19 11:00:00,5.2,90,100,15.0,3.9,0.0
2016-12-19 12:00:00,5.3,90,100,16.0,1.6,0.0
2016-12-19 13:00:00,5.4,91,100,17.0,1.1,0.0
2016-12-19 14:00:00,5.5,90,100,15.0,3.7,0.0
2016-12-19 15:00:00,5.5,91,100,15.0,5.5,0.0
2016-12-19 16:00:00,5.7,90,100,14.0,6.4,0.0
2016-12-19 17:00:00,5.6,91,100,3.0,5.9,0.0
2016-12-19 18:00:00,5.6,91,98,0.0,7.1,0.0
2016-12-19 19:00:00,5.6,92,99,0.0,7.8,0.0
2016-12-19 20:00:00,5.9,95,100,0.0,8.6,0.0
2016-12-19 21:00:00,6.2,96,99,0.0,8.9,0.0
2016-12-19 22:00:00,6.3,95,97,0.0,9.5,0.0
2016-12-19 23:00:00,6.4,93,95,0.0,10.1,0.0
2016-12-20 00:00:00,6.1,91,74,0.0,9.3,0.0
2016-12-20 01:00:00,5.4,92,40,0.0,8.4,0.0
2016-12-20 02:00:00,4.7,95,31,0.0,6.3,0.0
2016-12-20 03:00:00,3.8,97,14,0.0,7.3,0.0
2016-12-20 04:00:00,3.1,97,25,0.0,8.8,0.0
2016-12-20 05:00:00,2.7,97,48,0.0,9.7,0.0
2016-12-20 06:00:00,2.5,97,39,0.0,9.7,0.0
2016-12-20 07:00:00,2.3,97,46,0.0,9.2,0.0
2016-12-20 08:00:00,2.1,95,32,0.0,9.4,0.0
2016-12-20 09:00:00,1.5,95,15,0.0,8.0,0.0
2016-12-20 10:00:00,1.5,96,14,21.0,9.0,0.0
2016-12-20 11:00:00,3.3,94,22,96.0,9.7,0.0
2016-12-20 12:00:00,4.8,84,41,162.0,8.4,0.0
2016-12-20 13:00:00,5.1,82,44,147.0,8.7,0.0
2016-12-20 14:00:00,5.7,77,67,152.0,11.4,0.0
2016-12-20 15:00:00,6.0,76,74,100.0,10.4,0.0
2016-12-20 16:00:00,6.1,77,62,52.0,9.5,0.0
2016-12-20 17:00:00,5.7,79,25,11.0,8.3,0.0
2016-12-20 18:00:00,5.3,82,15,0.0,9.4,0.0
2016-12-20 19:00:00,5.0,84,13,0.0,10.4,0.0
2016-12-20 20:00:00,3.7,91,14,0.0,11.9,0.0
2016-12-20 21:00:00,3.1,90,82,0.0,12.2,0.0
2016-12-20 22:00:00,3.3,86,98,0.0,13.7,0.0
2016-12-20 23:00:00,3.7,83,61,0.0,17.7,0.0
2016-12-21 00:00:00,4.1,85,20,0.0,18.8,0.0
2016-12-21 01:00:00,5.0,86,71,0.0,19.8,0.0
2016-12-21 02:00:00,6.1,85,100,0.0,21.0,0.0
2016-12-21 03:00:00,7.1,87,100,0.0,22.6,0.1
2016-12-21 04:00:00,7.9,89,100,0.0,23.0,0.1
2016-12-21 05:00:00,8.4,89,100,0.0,23.7,0.1
2016-12-21 06:00:00,8.5,88,100,0.0,25.1,0.1
2016-12-21 07:00:00,8.8,88,100,0.0,24.9,0.0
2016-12-21 08:00:00,9.0,87,100,0.0,24.5,0.0
2016-12-21 09:00:00,9.2,88,100,0.0,23.7,0.0
2016-12-21 10:00:00,9.5,89,100,2.0,22.9,0.0
2016-12-21 11:00:00,9.7,89,100,13.0,19.9,0.0
2016-12-21 12:00:00,10.1,90,100,24.0,21.0,0.0
2016-12-21 13:00:00,10.5,91,100,42.0,20.3,0.0
2016-12-21 14:00:00,10.8,90,100,42.0,19.4,0.0
2016-12-21 15:00:00,10.5,85,100,29.0,17.3,0.0
2016-12-21 16:00:00,10.0,79,100,25.0,15.2,0.0
2016-12-21 17:00:00,9.3,80,100,8.0,13.3,0.0
2016-12-21 18:00:00,8.9,82,95,0.0,12.5,0.0
2016-12-21 19:00:00,8.4,87,100,0.0,12.0,0.0
2016-12-21 20:00:00,8.5,90,100,0.0,11.7,0.0
2016-12-21 21:00:00,8.0,93,100,0.0,10.4,0.0
2016-12-21 22:00:00,7.6,95,100,0.0,9.4,0.0
2016-12-21 23:00:00,7.5,96,99,0.0,9.1,0.0
2016-12-22 00:00:00,7.2,97,100,0.0,7.7,0.0
2016-12-22 01:00:00,6.7,98,73,0.0,6.6,0.0
2016-12-22 02:00:00,5.8,99,13,0.0,7.2,0.0
2016-12-22 03:00:00,4.7,100,27,0.0,6.9,0.0
2016-12-22 04:00:00,4.5,99,85,0.0,8.0,0.0
2016-12-22 05:00:00,4.7,99,99,0.0,7.6,0.0
2016-12-22 06:00:00,4.3,97,98,0.0,8.0,0.0
2016-12-22 07:00:00,3.9,96,84,0.0,8.0,0.0
2016-12-22 08:00:00,2.9,98,42,0.0,8.1,0.0
2016-12-22 09:00:00,1.9,99,20,0.0,9.3,0.0
2016-12-22 10:00:00,2.0,95,1,21.0,11.2,0.0
2016-12-22 11:00:00,4.1,90,0,107.0,12.3,0.0
2016-12-22 12:00:00,6.3,85,0,182.0,13.3,0.0
2016-12-22 13:00:00,7.6,82,0,222.0,13.2,0.0
2016-12-22 14:00:00,8.3,80,8,217.0,13.8,0.0
2016-12-22 15:00:00,8.5,79,97,176.0,15.8,0.0
2016-12-22 16:00:00,8.0,81,95,97.0,14.8,0.0
2016-12-22 17:00:00,7.2,85,97,18.0,14.8,0.0
2016-12-22 18:00:00,6.5,90,24,0.0,15.3,0.0
2016-12-22 19:00:00,6.0,91,4,0.0,14.9,0.0
2016-12-22 20:00:00,6.0,90,4,0.0,14.3,0.0
2016-12-22 21:00:00,5.8,92,5,0.0,14.5,0.0
2016-12-22 22:00:00,5.6,93,1,0.0,14.6,0.0
2016-12-22 23:00:00,5.5,94,100,0.0,13.6,0.0
2016-12-23 00:00:00,5.3,95,99,0.0,13.3,0.0
2016-12-23 01:00:00,4.9,96,100,0.0,12.0,0.0
2016-12-23 02:00:00,4.6,96,100,0.0,10.4,0.0
2016-12-23 03:00:00,4.3,97,96,0.0,10.7,0.0
2016-12-23 04:00:00,4.2,97,91,0.0,10.8,0.0
2016-12-23 05:00:00,4.3,97,96,0.0,11.2,0.0
2016-12-23 06:00:00,4.2,97,99,0.0,11.9,0.0
2016-12-23 07:00:00,4.3,97,73,0.0,13.7,0.0
2016-12-23 08:00:00,5.7,97,78,0.0,16.0,0.0
2016-12-23 09:00:00,6.9,96,100,0.0,19.6,0.0
2016-12-23 10:00:00,8.3,94,100,15.0,22.4,0.0
2016-12-23 11:00:00,9.3,93,98,53.0,26.4,0.0
2016-12-23 12:00:00,9.7,92,100,89.0,28.8,0.0
2016-12-23 13:00:00,9.7,90,100,66.0,30.9,0.0
2016-12-23 14:00:00,9.7,89,100,70.0,31.7,0.0
2016-12-23 15:00:00,9.6,88,99,46.0,32.1,0.0
2016-12-23 16:00:00,9.5,88,100,29.0,34.3,0.0
2016-12-23 17:00:00,9.4,88,100,5.0,35.1,0.0
2016-12-23 18:00:00,9.6,89,100,0.0,35.3,0.0
2016-12-23 19:00:00,10.2,88,100,0.0,35.3,0.1
2016-12-23 20:00:00,10.9,89,100,0.0,32.3,0.6
2016-12-23 21:00:00,11.1,92,91,0.0,24.7,0.3
2016-12-23 22:00:00,10.7,87,74,0.0,19.8,0.0
2016-12-23 23:00:00,9.3,80,80,0.0,16.2,0.0
2016-12-24 00:00:00,7.7,79,87,0.0,16.2,0.0
2016-12-24 01:00:00,6.7,82,80,0.0,18.2,0.0
2016-12-24 02:00:00,6.2,85,50,0.0,19.3,0.0
2016-12-24 03:00:00,5.8,86,45,0.0,18.5,0.0
2016-12-24 04:00:00,5.4,85,50,0.0,18.4,0.0
2016-12-24 05:00:00,5.1,84,25,0.0,19.2,0.0
2016-12-24 06:00:00,4.9,84,1,0.0,19.4,0.0
2016-12-24 07:00:00,4.7,84,2,0.0,19.7,0.0
2016-12-24 08:00:00,5.2,84,92,0.0,20.5,0.0
2016-12-24 09:00:00,5.4,83,97,0.0,21.1,0.0
2016-12-24 10:00:00,5.9,81,100,14.0,22.6,0.0
2016-12-24 11:00:00,6.7,78,100,70.0,23.5,0.0
2016-12-24 12:00:00,7.8,75,99,123.0,25.3,0.0
2016-12-24 13:00:00,8.6,73,99,155.0,25.9,0.0
2016-12-24 14:00:00,9.1,71,100,168.0,24.5,0.0
2016-12-24 15:00:00,9.3,71,100,145.0,26.3,0.0
2016-12-24 16:00:00,9.1,72,100,81.0,25.9,0.0
2016-12-24 17:00:00,8.6,75,99,17.0,25.3,0.0
2016-12-24 18:00:00,8.5,75,95,0.0,25.0,0.0
2016-12-24 19:00:00,8.4,75,75,0.0,23.8,0.0
2016-12-24 20:00:00,8.2,77,93,0.0,23.2,0.0
2016-12-24 21:00:00,8.1,78,100,0.0,23.4,0.0
2016-12-24 22:00:00,8.5,76,82,0.0,24.6,0.0
2016-12-24 23:00:00,8.6,78,99,0.0,24.6,0.0
2016-12-25 00:00:00,8.6,80,83,0.0,25.1,0.0
2016-12-25 01:00:00,8.6,81,38,0.0,25.6,0.0
2016-12-25 02:00:00,8.4,83,75,0.0,24.7,0.0
2016-12-25 03:00:00,8.4,84,92,0.0,24.5,0.0
2016-12-25 04:00:00,8.5,84,97,0.0,25.1,0.0
2016-12-25 05:00:00,8.8,84,100,0.0,25.0,0.0
2016-12-25 06:00:00,9.1,85,100,0.0,24.3,0.0
2016-12-25 07:00:00,9.4,85,100,0.0,24.0,0.0
2016-12-25 08:00:00,9.5,88,100,0.0,24.2,0.0
2016-12-25 09:00:00,9.8,88,100,0.0,23.9,0.0
2016-12-25 10:00:00,10.0,88,100,8.0,23.7,0.0
2016-12-25 11:00:00,10.3,87,99,29.0,23.8,0.0
2016-12-25 12:00:00,10.8,86,95,56.0,22.9,0.0
2016-12-25 13:00:00,11.1,85,96,59.0,26.0,0.0
2016-12-25 14:00:00,11.3,85,97,55.0,28.5,0.0
2016-12-25 15:00:00,11.6,84,100,51.0,27.6,0.0
2016-12-25 16:00:00,11.7,83,100,36.0,26.8,0.0
2016-12-25 17:00:00,11.6,83,100,7.0,25.9,0.0
2016-12-25 18:00:00,11.4,83,100,0.0,25.4,0.0
2016-12-25 19:00:00,11.3,84,100,0.0,25.7,0.0
2016-12-25 20:00:00,11.5,88,100,0.0,25.9,0.0
2016-12-25 21:00:00,11.4,87,100,0.0,26.4,0.0
2016-12-25 22:00:00,11.3,87,100,0.0,26.2,0.0
2016-12-25 23:00:00,11.1,86,100,0.0,25.5,0.0
2016-12-26 00:00:00,11.0,85,97,0.0,25.5,0.0
2016-12-26 01:00:00,11.0,85,100,0.0,25.6,0.0
2016-12-26 02:00:00,11.3,85,100,0.0,25.1,0.0
2016-12-26 03:00:00,11.4,86,100,0.0,24.0,0.0
2016-12-26 04:00:00,11.1,85,100,0.0,22.0,0.2
2016-12-26 05:00:00,10.1,79,96,0.0,21.0,0.0
2016-12-26 06:00:00,9.1,72,65,0.0,20.5,0.0
2016-12-26 07:00:00,7.8,71,44,0.0,19.6,0.0
2016-12-26 08:00:00,7.7,70,16,0.0,18.8,0.0
2016-12-26 09:00:00,6.9,75,17,0.0,18.8,0.0
2016-12-26 10:00:00,6.5,76,71,20.0,18.6,0.0
2016-12-26 11:00:00,6.8,71,89,90.0,16.4,0.0
2016-12-26 12:00:00,7.3,67,88,167.0,18.0,0.0
2016-12-26 13:00:00,7.6,62,71,216.0,19.8,0.0
2016-12-26 14:00:00,7.6,60,98,219.0,20.2,0.0
2016-12-26 15:00:00,7.4,60,78,182.0,18.5,0.0
2016-12-26 16:00:00,6.9,61,22,108.0,15.9,0.0
2016-12-26 17:00:00,5.9,64,1,25.0,13.3,0.0
2016-12-26 18:00:00,4.9,68,0,0.0,11.5,0.0
2016-12-26 19:00:00,3.7,74,0,0.0,11.1,0.0
2016-12-26 20:00:00,3.1,83,0,0.0,11.7,0.0
2016-12-26 21:00:00,2.7,85,0,0.0,12.3,0.0
2016-12-26 22:00:00,2.4,85,0,0.0,13.0,0.0
2016-12-26 23:00:00,2.1,86,0,0.0,12.2,0.0
2016-12-27 00:00:00,1.7,87,0,0.0,11.5,0.0
2016-12-27 01:00:00,1.3,88,0,0.0,11.5,0.0
2016-12-27 02:00:00,0.9,90,0,0.0,11.9,0.0
2016-12-27 03:00:00,0.4,91,0,0.0,10.1,0.0
2016-12-27 04:00:00,0.0,91,0,0.0,9.4,0.0
2016-12-27 05:00:00,-0.4,92,0,0.0,9.5,0.0
2016-12-27 06:00:00,-0.7,92,0,0.0,8.1,0.0
2016-12-27 07:00:00,-0.9,92,0,0.0,7.4,0.0
2016-12-27 08:00:00,-1.1,94,0,0.0,7.3,0.0
2016-12-27 09:00:00,-1.3,94,5,0.0,7.7,0.0
2016-12-27 10:00:00,-0.8,94,37,20.0,6.3,0.0
2016-12-27 11:00:00,1.5,91,69,101.0,5.4,0.0
2016-12-27 12:00:00,3.5,85,56,175.0,2.7,0.0
2016-12-27 13:00:00,4.7,82,21,216.0,1.8,0.0
2016-12-27 14:00:00,5.6,80,12,218.0,1.1,0.0
2016-12-27 15:00:00,5.8,80,11,178.0,1.9,0.0
2016-12-27 16:00:00,5.6,82,27,103.0,2.0,0.0
2016-12-27 17:00:00,4.2,91,87,24.0,1.3,0.0
2016-12-27 18:00:00,3.8,91,99,0.0,0.5,0.0
2016-12-27 19:00:00,3.3,94,99,0.0,1.5,0.0
2016-12-27 20:00:00,2.5,98,98,0.0,5.0,0.0
2016-12-27 21:00:00,0.6,100,100,0.0,7.5,0.0
2016-12-27 22:00:00,-0.5,99,100,0.0,8.2,0.0
2016-12-27 23:00:00,-1.1,99,100,0.0,6.4,0.0
2016-12-28 00:00:00,-1.1,99,100,0.0,6.1,0.0
2016-12-28 01:00:00,-0.6,99,100,0.0,5.9,0.0
2016-12-28 02:00:00,-0.2,99,100,0.0,4.1,0.0
2016-12-28 03:00:00,0.1,99,100,0.0,5.0,0.0
2016-12-28 04:00:00,0.6,99,100,0.0,6.8,0.0
2016-12-28 05:00:00,1.0,99,100,0.0,7.1,0.0
2016-12-28 06:00:00,1.3,100,100,0.0,6.9,0.0
2016-12-28 07:00:00,1.7,99,100,0.0,7.9,0.0
2016-12-28 08:00:00,1.8,99,100,0.0,8.4,0.0
2016-12-28 09:00:00,1.6,99,100,0.0,8.9,0.0
2016-12-28 10:00:00,1.7,99,100,11.0,8.9,0.0
2016-12-28 11:00:00,2.2,98,99,54.0,9.2,0.0
2016-12-28 12:00:00,3.0,95,92,100.0,10.0,0.0
2016-12-28 13:00:00,4.0,91,60,127.0,9.7,0.0
2016-12-28 14:00:00,4.8,89,16,155.0,9.2,0.0
2016-12-28 15:00:00,5.3,87,12,159.0,9.2,0.0
2016-12-28 16:00:00,4.9,90,9,94.0,9.2,0.0
2016-12-28 17:00:00,3.7,93,3,25.0,9.0,0.0
2016-12-28 18:00:00,2.5,95,2,0.0,9.2,0.0
2016-12-28 19:00:00,1.7,96,0,0.0,9.2,0.0
2016-12-28 20:00:00,1.4,94,0,0.0,9.2,0.0
2016-12-28 21:00:00,0.9,94,2,0.0,10.0,0.0
2016-12-28 22:00:00,0.6,94,1,0.0,11.0,0.0
2016-12-28 23:00:00,0.5,94,0,0.0,11.8,0.0
2016-12-29 00:00:00,0.6,94,1,0.0,11.4,0.0
2016-12-29 01:00:00,0.3,94,0,0.0,11.2,0.0
2016-12-29 02:00:00,0.1,94,0,0.0,11.2,0.0
2016-12-29 03:00:00,-0.2,94,0,0.0,10.1,0.0
2016-12-29 04:00:00,-0.6,95,1,0.0,8.9,0.0
2016-12-29 05:00:00,-1.0,95,1,0.0,8.4,0.0
2016-12-29 06:00:00,-1.3,96,0,0.0,8.6,0.0
2016-12-29 07:00:00,-1.5,96,0,0.0,8.9,0.0
2016-12-29 08:00:00,-1.6,97,0,0.0,9.2,0.0
2016-12-29 09:00:00,-1.6,98,0,0.0,9.6,0.0
2016-12-29 10:00:00,-1.1,97,0,20.0,10.2,0.0
2016-12-29 11:00:00,1.2,98,0,101.0,10.3,0.0
2016-12-29 12:00:00,3.9,94,0,179.0,10.6,0.0
2016-12-29 13:00:00,5.2,91,0,223.0,9.4,0.0
2016-12-29 14:00:00,6.0,89,0,226.0,7.9,0.0
2016-12-29 15:00:00,6.1,90,0,186.0,5.2,0.0
2016-12-29 16:00:00,5.5,91,1,112.0,7.9,0.0
2016-12-29 17:00:00,3.9,96,1,27.0,9.8,0.0
2016-12-29 18:00:00,2.2,99,30,0.0,9.0,0.0
2016-12-29 19:00:00,1.0,100,59,0.0,8.0,0.0
2016-12-29 20:00:00,0.3,99,60,0.0,7.6,0.0
2016-12-29 21:00:00,-0.5,99,75,0.0,7.8,0.0
2016-12-29 22:00:00,-1.1,100,75,0.0,7.6,0.0
2016-12-29 23:00:00,-1.4,99,76,0.0,7.9,0.0
2016-12-30 00:00:00,-1.0,99,100,0.0,7.2,0.0
2016-12-30 01:00:00,-0.4,100,100,0.0,6.3,0.0
2016-12-30 02:00:00,0.2,100,100,0.0,7.9,0.0
2016-12-30 03:00:00,0.5,100,100,0.0,5.4,0.0
2016-12-30 04:00:00,0.3,100,100,0.0,4.7,0.0
2016-12-30 05:00:00,0.3,100,100,0.0,4.2,0.0
2016-12-30 06:00:00,0.5,99,100,0.0,4.8,0.0
2016-12-30 07:00:00,0.5,99,100,0.0,5.6,0.0
2016-12-30 08:00:00,0.5,99,100,0.0,5.9,0.0
2016-12-30 09:00:00,0.4,99,100,0.0,6.0,0.0
2016-12-30 10:00:00,0.4,99,100,6.0,6.2,0.0
2016-12-30 11:00:00,0.6,99,100,37.0,5.8,0.0
2016-12-30 12:00:00,1.1,99,100,54.0,6.7,0.0
2016-12-30 13:00:00,1.8,99,100,75.0,7.3,0.0
2016-12-30 14:00:00,2.5,98,100,84.0,7.1,0.0
2016-12-30 15:00:00,3.1,98,100,65.0,7.0,0.0
2016-12-30 16:00:00,3.5,99,100,35.0,6.7,0.0
2016-12-30 17:00:00,3.5,99,100,10.0,7.3,0.0
2016-12-30 18:00:00,3.6,100,100,0.0,7.8,0.0
2016-12-30 19:00:00,3.7,100,100,0.0,8.0,0.0
2016-12-30 20:00:00,4.1,100,100,0.0,8.5,0.0
2016-12-30 21:00:00,4.3,99,100,0.0,9.2,0.0
2016-12-30 22:00:00,4.6,99,100,0.0,9.7,0.0
2016-12-30 23:00:00,4.8,99,100,0.0,9.5,0.0
2016-12-31 00:00:00,5.0,99,100,0.0,9.8,0.0
2016-12-31 01:00:00,5.2,99,100,0.0,10.0,0.0
2016-12-31 02:00:00,5.5,99,100,0.0,10.0,0.0
2016-12-31 03:00:00,5.6,99,100,0.0,10.0,0.0
2016-12-31 04:00:00,5.7,99,100,0.0,10.0,0.0
2016-12-31 05:00:00,5.7,99,100,0.0,9.7,0.0
2016-12-31 06:00:00,5.7,99,100,0.0,10.2,0.0
2016-12-31 07:00:00,5.8,99,100,0.0,10.7,0.0
2016-12-31 08:00:00,5.6,100,100,0.0,11.2,0.0
2016-12-31 09:00:00,5.7,100,100,0.0,12.0,0.0
2016-12-31 10:00:00,5.8,99,100,4.0,12.2,0.0
2016-12-31 11:00:00,6.0,99,100,17.0,12.3,0.0
2016-12-31 12:00:00,6.3,98,100,28.0,12.7,0.0
2016-12-31 13:00:00,6.6,96,100,39.0,12.8,0.0
2016-12-31 14:00:00,6.9,95,100,45.0,13.1,0.0
2016-12-31 15:00:00,7.1,95,100,39.0,12.7,0.0
2016-12-31 16:00:00,7.1,95,99,21.0,12.1,0.0
2016-12-31 17:00:00,7.0,95,100,7.0,12.0,0.0
2016-12-31 18:00:00,6.9,96,100,0.0,12.5,0.0
2016-12-31 19:00:00,6.8,96,100,0.0,13.2,0.0
2016-12-31 20:00:00,6.8,96,100,0.0,13.5,0.0
2016-12-31 21:00:00,6.7,96,64,0.0,13.7,0.0
2016-12-31 22:00:00,6.6,95,90,0.0,14.3,0.0
2016-12-31 23:00:00,6.5,95,95,0.0,14.8,0.0
2017-01-01 00:00:00,6.3,95,95,0.0,14.6,0.0
2017-01-01 01:00:00,5.5,96,75,0.0,13.2,0.0
2017-01-01 02:00:00,5.8,93,66,0.0,16.1,0.0
2017-01-01 03:00:00,5.0,94,100,0.0,15.1,0.0
2017-01-01 04:00:00,5.3,93,100,0.0,15.8,0.0
2017-01-01 05:00:00,5.7,91,98,0.0,16.5,0.0
2017-01-01 06:00:00,5.9,90,100,0.0,17.6,0.0
2017-01-01 07:00:00,6.3,89,98,0.0,16.1,0.0
2017-01-01 08:00:00,6.2,91,100,0.0,14.0,0.0
2017-01-01 09:00:00,6.7,92,100,0.0,13.4,0.0
2017-01-01 10:00:00,7.4,91,100,4.0,14.5,0.1
2017-01-01 11:00:00,7.7,91,100,11.0,14.3,0.1
2017-01-01 12:00:00,8.0,92,100,29.0,13.0,0.2
2017-01-01 13:00:00,7.6,94,100,25.0,7.4,0.2
2017-01-01 14:00:00,8.0,92,100,48.0,8.4,0.4
2017-01-01 15:00:00,7.9,90,100,23.0,9.4,1.7
2017-01-01 16:00:00,4.4,96,100,9.0,25.9,2.0
2017-01-01 17:00:00,4.4,93,100,3.0,21.8,0.9
2017-01-01 18:00:00,4.3,92,100,0.0,19.4,0.7
2017-01-01 19:00:00,4.3,92,100,0.0,20.8,0.7
2017-01-01 20:00:00,4.4,93,100,0.0,19.0,0.7
2017-01-01 21:00:00,4.6,90,100,0.0,22.1,0.8
2017-01-01 22:00:00,4.6,90,100,0.0,17.5,0.7
2017-01-01 23:00:00,4.6,89,100,0.0,17.1,0.4
2017-01-02 00:00:00,4.3,91,100,0.0,17.2,0.2
2017-01-02 01:00:00,3.8,91,99,0.0,14.6,0.1
2017-01-02 02:00:00,3.5,90,80,0.0,13.5,0.0
2017-01-02 03:00:00,2.7,91,85,0.0,16.2,0.0
2017-01-02 04:00:00,2.2,91,14,0.0,16.1,0.0
2017-01-02 05:00:00,2.1,90,2,0.0,15.6,0.0
2017-01-02 06:00:00,2.0,90,4,0.0,13.1,0.0
2017-01-02 07:00:00,1.4,91,0,0.0,11.3,0.0
2017-01-02 08:00:00,1.1,90,0,0.0,12.6,0.0
2017-01-02 09:00:00,0.8,89,0,0.0,12.6,0.0
2017-01-02 10:00:00,1.1,86,13,21.0,12.2,0.0
2017-01-02 11:00:00,2.2,85,0,103.0,14.8,0.0
2017-01-02 12:00:00,3.3,80,0,180.0,14.4,0.0
2017-01-02 13:00:00,3.9,81,0,225.0,15.8,0.0
2017-01-02 14:00:00,4.3,79,0,227.0,13.7,0.0
2017-01-02 15:00:00,4.4,79,0,189.0,12.0,0.0
2017-01-02 16:00:00,3.6,85,0,116.0,8.1,0.0
2017-01-02 17:00:00,1.1,92,0,31.0,8.3,0.0
2017-01-02 18:00:00,0.4,93,0,0.0,7.7,0.0
2017-01-02 19:00:00,-0.8,93,0,0.0,8.8,0.0
2017-01-02 20:00:00,-1.3,93,0,0.0,8.5,0.0
2017-01-02 21:00:00,-2.2,93,0,0.0,9.7,0.0
2017-01-02 22:00:00,-2.6,91,0,0.0,9.1,0.0
2017-01-02 23:00:00,-2.9,92,0,0.0,8.7,0.0
2017-01-03 00:00:00,-2.7,93,0,0.0,7.1,0.0
2017-01-03 01:00:00,-2.5,94,0,0.0,6.8,0.0
2017-01-03 02:00:00,-2.4,94,5,0.0,7.2,0.0
2017-01-03 03:00:00,-2.1,94,2,0.0,8.1,0.0
2017-01-03 04:00:00,-2.2,94,0,0.0,8.4,0.0
2017-01-03 05:00:00,-2.0,94,0,0.0,9.3,0.0
2017-01-03 06:00:00,-1.8,94,10,0.0,10.6,0.0
2017-01-03 07:00:00,-1.4,93,6,0.0,11.2,0.0
2017-01-03 08:00:00,-1.2,92,25,0.0,10.4,0.0
2017-01-03 09:00:00,-0.7,91,39,0.0,10.7,0.0
2017-01-03 10:00:00,0.5,90,15,17.0,12.6,0.0
2017-01-03 11:00:00,2.0,88,67,82.0,15.4,0.0
2017-01-03 12:00:00,3.1,86,66,165.0,16.6,0.0
2017-01-03 13:00:00,3.7,84,83,216.0,17.4,0.0
2017-01-03 14:00:00,4.6,80,80,209.0,18.4,0.0
2017-01-03 15:00:00,4.6,81,70,180.0,18.8,0.0
2017-01-03 16:00:00,3.8,84,74,107.0,15.9,0.0
2017-01-03 17:00:00,2.4,89,40,29.0,14.9,0.0
2017-01-03 18:00:00,1.7,91,74,0.0,15.5,0.0
2017-01-03 19:00:00,1.6,92,65,0.0,16.2,0.0
2017-01-03 20:00:00,1.6,92,46,0.0,15.7,0.0
2017-01-03 21:00:00,1.9,92,60,0.0,15.6,0.0
2017-01-03 22:00:00,1.8,92,88,0.0,15.5,0.0
2017-01-03 23:00:00,2.3,92,98,0.0,16.9,0.0
2017-01-04 00:00:00,2.6,90,100,0.0,18.1,0.0
2017-01-04 01:00:00,3.6,87,92,0.0,16.9,0.0
2017-01-04 02:00:00,3.5,88,47,0.0,16.3,0.0
2017-01-04 03:00:00,3.5,89,99,0.0,15.7,0.0
2017-01-04 04:00:00,4.5,86,96,0.0,16.4,0.0
2017-01-04 05:00:00,4.9,86,96,0.0,16.7,0.0
2017-01-04 06:00:00,5.2,85,97,0.0,18.0,0.0
2017-01-04 07:00:00,5.4,85,100,0.0,19.0,0.0
2017-01-04 08:00:00,5.6,85,99,0.0,18.2,0.0
2017-01-04 09:00:00,5.7,85,100,0.0,16.6,0.0
2017-01-04 10:00:00,6.0,85,100,6.0,14.9,0.0
2017-01-04 11:00:00,6.4,86,100,20.0,12.3,0.0
2017-01-04 12:00:00,7.4,85,83,49.0,13.6,0.0
2017-01-04 13:00:00,7.4,85,82,101.0,13.2,0.0
2017-01-04 14:00:00,7.4,77,77,118.0,14.2,0.0
2017-01-04 15:00:00,6.8,74,87,93.0,15.2,0.0
2017-01-04 16:00:00,6.1,72,39,55.0,13.7,0.0
2017-01-04 17:00:00,4.1,74,15,27.0,9.8,0.0
2017-01-04 18:00:00,2.8,74,0,0.0,11.3,0.0
2017-01-04 19:00:00,2.0,76,0,0.0,11.3,0.0
2017-01-04 20:00:00,1.0,79,0,0.0,10.3,0.0
2017-01-04 21:00:00,0.5,81,0,0.0,9.7,0.0
2017-01-04 22:00:00,-0.1,83,0,0.0,9.4,0.0
2017-01-04 23:00:00,-0.4,84,0,0.0,9.7,0.0
2017-01-05 00:00:00,-0.5,84,0,0.0,10.0,0.0
2017-01-05 01:00:00,-0.3,84,0,0.0,9.2,0.0
2017-01-05 02:00:00,-0.4,84,0,0.0,9.6,0.0
2017-01-05 03:00:00,-0.7,85,0,0.0,9.4,0.0
2017-01-05 04:00:00,-0.9,86,0,0.0,9.1,0.0
2017-01-05 05:00:00,-1.3,86,0,0.0,8.4,0.0
2017-01-05 06:00:00,-2.0,88,0,0.0,9.7,0.0
2017-01-05 07:00:00,-2.4,89,0,0.0,11.9,0.0
2017-01-05 08:00:00,-2.8,90,0,0.0,12.2,0.0
2017-01-05 09:00:00,-2.5,89,0,0.0,10.6,0.0
2017-01-05 10:00:00,-1.4,91,0,22.0,8.2,0.0
2017-01-05 11:00:00,0.8,83,0,105.0,2.9,0.0
2017-01-05 12:00:00,2.1,79,0,183.0,2.6,0.0
2017-01-05 13:00:00,3.5,76,0,228.0,3.3,0.0
2017-01-05 14:00:00,4.3,75,1,232.0,3.0,0.0
2017-01-05 15:00:00,4.6,75,0,195.0,2.7,0.0
2017-01-05 16:00:00,4.5,75,0,122.0,2.9,0.0
2017-01-05 17:00:00,3.9,78,0,36.0,2.2,0.0
2017-01-05 18:00:00,0.5,89,0,0.0,6.8,0.0
2017-01-05 19:00:00,1.1,92,0,0.0,5.8,0.0
2017-01-05 20:00:00,0.2,97,31,0.0,5.1,0.0
2017-01-05 21:00:00,-2.3,100,49,0.0,8.5,0.0
2017-01-05 22:00:00,-2.5,100,89,0.0,9.2,0.0
2017-01-05 23:00:00,-1.3,99,98,0.0,7.8,0.0
2017-01-06 00:00:00,-0.8,99,100,0.0,5.2,0.0
2017-01-06 01:00:00,-2.4,98,100,0.0,7.6,0.0
2017-01-06 02:00:00,-2.8,98,100,0.0,9.1,0.0
2017-01-06 03:00:00,-1.7,98,100,0.0,8.2,0.0
2017-01-06 04:00:00,-1.3,99,100,0.0,7.6,0.0
2017-01-06 05:00:00,-0.8,99,99,0.0,7.9,0.0
2017-01-06 06:00:00,-1.7,97,86,0.0,10.7,0.0
2017-01-06 07:00:00,-0.2,95,91,0.0,7.8,0.0
2017-01-06 08:00:00,0.5,96,79,0.0,8.2,0.0
2017-01-06 09:00:00,1.2,93,93,0.0,8.6,0.0
2017-01-06 10:00:00,1.8,93,77,15.0,10.2,0.0
2017-01-06 11:00:00,3.2,90,91,67.0,11.9,0.0
2017-01-06 12:00:00,4.4,85,100,106.0,12.0,0.0
2017-01-06 13:00:00,4.1,89,99,121.0,8.2,0.0
2017-01-06 14:00:00,4.5,87,96,108.0,8.8,0.0
2017-01-06 15:00:00,4.6,83,100,110.0,8.7,0.0
2017-01-06 16:00:00,4.3,83,100,50.0,10.8,0.0
2017-01-06 17:00:00,4.0,85,100,6.0,13.2,0.0
2017-01-06 18:00:00,3.8,86,100,0.0,14.1,0.2
2017-01-06 19:00:00,3.7,89,100,0.0,14.7,0.4
2017-01-06 20:00:00,3.7,90,100,0.0,15.6,0.5
2017-01-06 21:00:00,3.8,91,100,0.0,15.9,0.3
2017-01-06 22:00:00,4.0,91,100,0.0,16.9,0.4
2017-01-06 23:00:00,4.4,92,100,0.0,16.3,0.6
2017-01-07 00:00:00,4.7,92,100,0.0,16.7,0.4
2017-01-07 01:00:00,5.5,94,100,0.0,18.7,0.1
2017-01-07 02:00:00,5.7,94,100,0.0,18.1,2.6
2017-01-07 03:00:00,5.9,96,100,0.0,15.3,0.5
2017-01-07 04:00:00,5.9,95,100,0.0,13.3,1.0
2017-01-07 05:00:00,5.7,97,100,0.0,11.3,0.1
2017-01-07 06:00:00,5.4,97,100,0.0,9.4,0.0
2017-01-07 07:00:00,5.0,98,100,0.0,8.4,0.0
2017-01-07 08:00:00,4.8,99,100,0.0,8.1,0.1
2017-01-07 09:00:00,4.7,99,99,0.0,7.1,0.1
2017-01-07 10:00:00,4.6,99,100,9.0,5.8,0.0
2017-01-07 11:00:00,5.4,99,100,32.0,7.0,0.0
2017-01-07 12:00:00,6.5,96,100,52.0,8.0,0.0
2017-01-07 13:00:00,7.7,98,100,71.0,9.0,0.0
2017-01-07 14:00:00,8.2,99,100,42.0,7.9,0.0
2017-01-07 15:00:00,8.5,98,100,41.0,5.9,0.0
2017-01-07 16:00:00,8.2,99,100,29.0,4.7,0.0
2017-01-07 17:00:00,7.3,100,100,10.0,7.2,0.2
2017-01-07 18:00:00,6.8,100,95,0.0,7.9,0.1
2017-01-07 19:00:00,6.5,100,87,0.0,7.8,0.0
2017-01-07 20:00:00,6.0,100,100,0.0,9.2,0.0
2017-01-07 21:00:00,6.7,99,100,0.0,5.9,0.1
2017-01-07 22:00:00,6.9,99,100,0.0,5.8,0.1
2017-01-07 23:00:00,7.1,98,88,0.0,6.6,0.0
2017-01-08 00:00:00,6.6,98,100,0.0,6.3,0.0
2017-01-08 01:00:00,6.6,98,100,0.0,7.4,0.0
2017-01-08 02:00:00,6.9,97,100,0.0,7.2,0.0
2017-01-08 03:00:00,6.9,97,100,0.0,5.8,0.0
2017-01-08 04:00:00,6.3,98,100,0.0,6.2,0.1
2017-01-08 05:00:00,6.3,98,79,0.0,4.3,0.0
2017-01-08 06:00:00,5.6,98,93,0.0,5.0,0.0
2017-01-08 07:00:00,5.1,99,96,0.0,4.7,0.0
2017-01-08 08:00:00,4.8,99,79,0.0,4.1,0.0
2017-01-08 09:00:00,4.5,99,87,0.0,4.2,0.0
2017-01-08 10:00:00,4.6,99,68,10.0,3.3,0.0
2017-01-08 11:00:00,5.5,97,66,47.0,2.9,0.0
2017-01-08 12:00:00,6.6,95,73,83.0,1.1,0.0
2017-01-08 13:00:00,8.1,94,64,132.0,3.3,0.0
2017-01-08 14:00:00,8.8,92,98,119.0,1.6,0.0
2017-01-08 15:00:00,9.0,92,100,70.0,2.0,0.0
2017-01-08 16:00:00,7.9,97,100,27.0,5.0,0.0
2017-01-08 17:00:00,7.6,97,100,12.0,6.6,0.0
2017-01-08 18:00:00,8.5,95,100,0.0,3.8,0.1
2017-01-08 19:00:00,8.2,96,100,0.0,3.6,0.1
2017-01-08 20:00:00,6.8,99,100,0.0,6.1,0.3
2017-01-08 21:00:00,6.9,99,100,0.0,5.0,0.5
2017-01-08 22:00:00,7.0,98,100,0.0,6.0,0.3
2017-01-08 23:00:00,6.9,100,100,0.0,5.8,0.1
2017-01-09 00:00:00,7.1,100,100,0.0,5.4,0.0
2017-01-09 01:00:00,8.0,99,100,0.0,7.7,0.0
2017-01-09 02:00:00,8.0,100,100,0.0,8.2,0.0
2017-01-09 03:00:00,7.9,99,100,0.0,9.4,0.0
2017-01-09 04:00:00,8.0,99,100,0.0,9.9,0.0
2017-01-09 05:00:00,7.7,99,100,0.0,11.1,0.0
2017-01-09 06:00:00,7.1,99,100,0.0,12.0,0.0
2017-01-09 07:00:00,7.2,95,100,0.0,13.7,0.0
2017-01-09 08:00:00,7.4,93,98,0.0,15.5,0.0
2017-01-09 09:00:00,7.2,95,91,0.0,17.1,0.0
2017-01-09 10:00:00,8.5,93,63,15.0,20.9,0.0
2017-01-09 11:00:00,9.0,91,100,66.0,23.8,0.0
2017-01-09 12:00:00,9.2,87,100,75.0,24.3,0.0
2017-01-09 13:00:00,9.2,86,100,116.0,22.7,0.3
2017-01-09 14:00:00,8.8,89,100,35.0,23.6,0.6
2017-01-09 15:00:00,8.9,90,100,35.0,25.1,0.6
2017-01-09 16:00:00,9.1,90,100,24.0,26.0,0.3
2017-01-09 17:00:00,9.5,89,99,8.0,26.8,0.3
2017-01-09 18:00:00,9.5,89,100,0.0,26.5,0.2
2017-01-09 19:00:00,9.3,90,100,0.0,25.7,0.2
2017-01-09 20:00:00,7.4,81,18,0.0,21.5,0.0
2017-01-09 21:00:00,4.9,85,2,0.0,14.6,0.0
2017-01-09 22:00:00,3.5,91,8,0.0,9.5,0.0
2017-01-09 23:00:00,3.0,92,0,0.0,11.4,0.0
2017-01-10 00:00:00,2.9,92,0,0.0,14.0,0.0
2017-01-10 01:00:00,3.3,91,3,0.0,15.1,0.0
2017-01-10 02:00:00,3.1,92,5,0.0,13.8,0.0
2017-01-10 03:00:00,3.0,91,87,0.0,14.8,0.0
2017-01-10 04:00:00,3.6,90,100,0.0,15.7,0.0
2017-01-10 05:00:00,4.1,87,57,0.0,14.2,0.0
2017-01-10 06:00:00,3.8,87,43,0.0,16.0,0.0
2017-01-10 07:00:00,3.4,89,28,0.0,14.6,0.0
2017-01-10 08:00:00,3.6,89,29,0.0,14.2,0.0
2017-01-10 09:00:00,4.0,88,88,0.0,15.9,0.0
2017-01-10 10:00:00,5.3,85,84,12.0,17.7,0.1
2017-01-10 11:00:00,6.3,83,52,66.0,18.6,0.1
2017-01-10 12:00:00,7.4,81,92,161.0,17.2,0.0
2017-01-10 13:00:00,8.0,81,44,154.0,15.2,0.0
2017-01-10 14:00:00,8.6,79,26,206.0,16.6,0.0
2017-01-10 15:00:00,8.7,79,42,191.0,15.5,0.0
2017-01-10 16:00:00,8.1,81,51,117.0,13.3,0.0
2017-01-10 17:00:00,6.9,85,38,36.0,10.5,0.0
2017-01-10 18:00:00,5.6,90,15,0.0,10.2,0.0
2017-01-10 19:00:00,5.2,91,80,0.0,10.8,0.0
2017-01-10 20:00:00,6.0,90,93,0.0,11.6,0.0
2017-01-10 21:00:00,6.6,89,100,0.0,12.2,0.0
2017-01-10 22:00:00,7.2,90,92,0.0,12.5,0.0
2017-01-10 23:00:00,7.1,93,20,0.0,10.8,0.0
2017-01-11 00:00:00,5.9,95,52,0.0,10.0,0.0
2017-01-11 01:00:00,5.9,96,95,0.0,12.3,0.0
2017-01-11 02:00:00,5.7,96,76,0.0,11.4,0.0
2017-01-11 03:00:00,6.2,95,100,0.0,15.0,0.0
2017-01-11 04:00:00,6.5,94,66,0.0,17.4,0.0
2017-01-11 05:00:00,6.3,92,53,0.0,18.1,0.0
2017-01-11 06:00:00,6.9,93,100,0.0,19.9,0.0
2017-01-11 07:00:00,8.8,93,78,0.0,23.6,0.0
2017-01-11 08:00:00,9.3,92,93,0.0,23.2,0.0
2017-01-11 09:00:00,9.7,88,89,0.0,19.9,0.0
2017-01-11 10:00:00,10.0,82,64,11.0,18.5,0.0
2017-01-11 11:00:00,9.8,76,58,63.0,20.2,0.0
2017-01-11 12:00:00,9.6,71,28,142.0,22.8,0.0
2017-01-11 13:00:00,10.4,71,80,197.0,21.3,0.0
2017-01-11 14:00:00,10.4,62,64,225.0,24.9,0.0
2017-01-11 15:00:00,9.7,63,68,131.0,25.4,0.0
2017-01-11 16:00:00,8.8,61,81,77.0,24.5,0.0
2017-01-11 17:00:00,8.0,58,72,27.0,22.7,0.0
2017-01-11 18:00:00,7.2,58,59,0.0,21.0,0.0
2017-01-11 19:00:00,6.5,59,78,0.0,21.0,0.0
2017-01-11 20:00:00,5.7,61,44,0.0,19.1,0.0
2017-01-11 21:00:00,4.8,65,13,0.0,16.6,0.0
2017-01-11 22:00:00,4.3,68,58,0.0,15.7,0.0
2017-01-11 23:00:00,4.2,69,82,0.0,15.5,0.0
2017-01-12 00:00:00,4.1,70,62,0.0,15.4,0.0
2017-01-12 01:00:00,5.0,66,64,0.0,17.7,0.0
2017-01-12 02:00:00,5.3,65,91,0.0,19.1,0.0
2017-01-12 03:00:00,5.3,65,60,0.0,19.8,0.0
2017-01-12 04:00:00,5.2,67,99,0.0,18.6,0.0
2017-01-12 05:00:00,5.5,67,76,0.0,17.8,0.0
2017-01-12 06:00:00,5.1,71,99,0.0,17.6,0.0
2017-01-12 07:00:00,4.9,76,99,0.0,16.9,0.0
2017-01-12 08:00:00,4.6,80,100,0.0,15.3,0.0
2017-01-12 09:00:00,4.8,80,98,0.0,15.5,0.0
2017-01-12 10:00:00,5.0,80,96,12.0,15.3,0.0
2017-01-12 11:00:00,5.8,78,99,68.0,15.8,0.0
2017-01-12 12:00:00,6.1,79,100,50.0,15.0,0.2
2017-01-12 13:00:00,5.8,89,100,52.0,11.0,0.8
2017-01-12 14:00:00,6.0,91,100,39.0,9.1,0.9
2017-01-12 15:00:00,5.9,89,100,26.0,8.5,1.2
2017-01-12 16:00:00,5.2,91,100,11.0,6.4,1.9
2017-01-12 17:00:00,4.3,96,100,5.0,3.7,2.3
2017-01-12 18:00:00,2.3,100,100,0.0,18.7,4.2
2017-01-12 19:00:00,2.0,98,100,0.0,26.4,4.0
2017-01-12 20:00:00,1.7,99,100,0.0,34.1,1.7
2017-01-12 21:00:00,1.9,90,100,0.0,29.0,0.5
2017-01-12 22:00:00,1.7,89,100,0.0,27.0,0.1
2017-01-12 23:00:00,1.6,83,100,0.0,27.7,0.0
2017-01-13 00:00:00,1.1,82,100,0.0,24.8,0.0
2017-01-13 01:00:00,0.7,82,67,0.0,20.5,0.0
2017-01-13 02:00:00,0.2,82,5,0.0,19.4,0.0
2017-01-13 03:00:00,-0.2,83,90,0.0,17.7,0.0
2017-01-13 04:00:00,-0.4,84,100,0.0,17.7,0.0
2017-01-13 05:00:00,0.1,82,98,0.0,18.9,0.2
2017-01-13 06:00:00,0.3,84,79,0.0,19.1,0.0
2017-01-13 07:00:00,0.4,82,2,0.0,19.8,0.0
2017-01-13 08:00:00,0.8,77,47,0.0,21.5,0.0
2017-01-13 09:00:00,0.9,72,0,0.0,25.5,0.0
2017-01-13 10:00:00,1.4,71,75,28.0,25.1,0.0
2017-01-13 11:00:00,2.4,68,100,65.0,30.9,0.0
2017-01-13 12:00:00,2.4,74,96,52.0,30.1,0.4
2017-01-13 13:00:00,3.6,76,88,128.0,32.6,0.5
2017-01-13 14:00:00,5.2,72,13,142.0,33.4,0.0
2017-01-13 15:00:00,5.4,70,16,197.0,32.3,0.0
2017-01-13 16:00:00,4.8,72,41,128.0,27.3,0.0
2017-01-13 17:00:00,3.8,75,42,49.0,20.8,0.0
2017-01-13 18:00:00,3.2,76,71,1.0,19.6,0.0
2017-01-13 19:00:00,2.7,77,83,0.0,21.3,0.0
2017-01-13 20:00:00,2.3,79,59,0.0,21.7,0.0
2017-01-13 21:00:00,1.8,80,29,0.0,20.8,0.0
2017-01-13 22:00:00,1.2,78,39,0.0,19.1,0.0
2017-01-13 23:00:00,0.8,77,55,0.0,17.7,0.0
2017-01-14 00:00:00,0.3,76,23,0.0,15.9,0.0
2017-01-14 01:00:00,0.5,73,0,0.0,16.6,0.0
2017-01-14 02:00:00,0.3,75,0,0.0,16.5,0.0
2017-01-14 03:00:00,-0.2,83,0,0.0,15.3,0.0
2017-01-14 04:00:00,-0.4,85,0,0.0,14.3,0.0
2017-01-14 05:00:00,-0.7,85,0,0.0,13.0,0.0
2017-01-14 06:00:00,-1.1,85,20,0.0,12.4,0.0
2017-01-14 07:00:00,-1.0,88,56,0.0,13.6,0.0
2017-01-14 08:00:00,0.3,86,14,0.0,17.0,0.9
2017-01-14 09:00:00,1.3,84,13,0.0,18.8,0.0
2017-01-14 10:00:00,2.4,82,2,27.0,18.8,0.0
2017-01-14 11:00:00,4.0,78,30,114.0,19.5,0.0
2017-01-14 12:00:00,4.9,75,90,187.0,18.7,0.0
2017-01-14 13:00:00,5.3,77,96,166.0,17.5,0.0
2017-01-14 14:00:00,4.4,83,73,93.0,19.0,0.4
2017-01-14 15:00:00,3.5,89,64,92.0,15.5,0.7
2017-01-14 16:00:00,3.8,88,46,113.0,14.0,0.0
2017-01-14 17:00:00,2.8,91,54,44.0,11.3,0.0
2017-01-14 18:00:00,2.0,91,18,1.0,10.9,0.0
2017-01-14 19:00:00,1.4,91,7,0.0,10.3,0.0
2017-01-14 20:00:00,1.4,91,4,0.0,10.3,0.0
2017-01-14 21:00:00,0.8,92,4,0.0,8.4,0.0
2017-01-14 22:00:00,0.3,92,3,0.0,8.6,0.0
2017-01-14 23:00:00,-0.2,92,17,0.0,8.6,0.0
2017-01-15 00:00:00,-0.7,94,11,0.0,8.3,0.0
2017-01-15 01:00:00,0.6,93,46,0.0,7.6,0.0
2017-01-15 02:00:00,0.2,94,99,0.0,7.5,0.0
2017-01-15 03:00:00,0.1,96,98,0.0,7.0,0.0
2017-01-15 04:00:00,1.6,95,100,0.0,6.6,0.0
2017-01-15 05:00:00,2.0,95,100,0.0,6.5,0.2
2017-01-15 06:00:00,2.3,95,100,0.0,6.0,0.3
2017-01-15 07:00:00,2.6,95,100,0.0,6.2,0.3
2017-01-15 08:00:00,3.1,95,100,0.0,7.7,0.4
2017-01-15 09:00:00,3.7,95,100,0.0,10.1,0.4
2017-01-15 10:00:00,4.3,94,100,4.0,9.7,0.7
2017-01-15 11:00:00,4.8,94,100,15.0,9.7,1.1
2017-01-15 12:00:00,5.1,94,100,17.0,12.7,1.5
2017-01-15 13:00:00,6.2,94,100,19.0,15.6,0.8
2017-01-15 14:00:00,7.1,92,100,21.0,19.4,0.4
2017-01-15 15:00:00,7.4,92,100,20.0,19.5,0.2
2017-01-15 16:00:00,7.7,93,100,11.0,17.1,0.4
2017-01-15 17:00:00,7.9,93,100,4.0,15.3,0.4
2017-01-15 18:00:00,7.9,94,100,0.0,15.3,0.8
2017-01-15 19:00:00,8.1,93,97,0.0,15.1,0.1
2017-01-15 20:00:00,7.9,94,100,0.0,15.1,0.1
2017-01-15 21:00:00,8.0,94,100,0.0,13.7,0.0
2017-01-15 22:00:00,7.8,95,100,0.0,10.8,0.0
2017-01-15 23:00:00,7.0,97,100,0.0,11.5,0.0
2017-01-16 00:00:00,5.7,96,100,0.0,9.5,0.0
2017-01-16 01:00:00,5.8,99,96,0.0,6.5,0.0
2017-01-16 02:00:00,5.9,100,100,0.0,4.6,0.0
2017-01-16 03:00:00,5.7,99,100,0.0,7.1,0.0
2017-01-16 04:00:00,4.9,98,100,0.0,6.2,0.0
2017-01-16 05:00:00,4.9,96,99,0.0,6.2,0.0
2017-01-16 06:00:00,4.8,94,94,0.0,5.4,0.0
2017-01-16 07:00:00,4.1,96,100,0.0,4.5,0.1
2017-01-16 08:00:00,4.0,97,100,0.0,4.0,0.2
2017-01-16 09:00:00,4.0,97,100,0.0,3.3,0.3
2017-01-16 10:00:00,4.0,95,100,4.0,3.9,0.4
2017-01-16 11:00:00,4.4,92,98,38.0,5.7,0.3
2017-01-16 12:00:00,4.9,87,100,70.0,4.4,0.2
2017-01-16 13:00:00,3.9,89,100,50.0,7.0,0.2
2017-01-16 14:00:00,3.9,90,100,51.0,5.7,0.3
2017-01-16 15:00:00,3.9,90,98,26.0,6.7,0.3
2017-01-16 16:00:00,3.9,91,100,20.0,5.9,0.1
2017-01-16 17:00:00,3.9,91,99,10.0,3.6,0.0
2017-01-16 18:00:00,3.5,93,95,1.0,4.7,0.0
2017-01-16 19:00:00,3.6,93,95,0.0,5.1,0.0
2017-01-16 20:00:00,3.2,95,92,0.0,3.6,0.0
2017-01-16 21:00:00,2.0,97,74,0.0,5.9,0.0
2017-01-16 22:00:00,1.2,99,60,0.0,7.3,0.0
2017-01-16 23:00:00,0.5,100,100,0.0,8.2,0.0
2017-01-17 00:00:00,-0.5,100,100,0.0,8.9,0.0
2017-01-17 01:00:00,2.4,97,100,0.0,4.1,0.0
2017-01-17 02:00:00,2.3,96,96,0.0,5.9,0.0
2017-01-17 03:00:00,2.2,95,88,0.0,6.4,0.0
2017-01-17 04:00:00,2.0,95,75,0.0,6.0,0.0
2017-01-17 05:00:00,1.5,93,87,0.0,5.5,0.0
2017-01-17 06:00:00,1.4,92,84,0.0,7.9,0.0
2017-01-17 07:00:00,0.8,94,14,0.0,6.4,0.0
2017-01-17 08:00:00,-1.1,95,85,0.0,8.4,0.0
2017-01-17 09:00:00,-1.4,95,61,0.0,6.9,0.0
2017-01-17 10:00:00,-0.1,91,5,31.0,8.6,0.0
2017-01-17 11:00:00,1.3,86,0,121.0,6.9,0.0
2017-01-17 12:00:00,2.4,81,0,207.0,6.4,0.0
2017-01-17 13:00:00,4.0,74,2,258.0,5.7,0.0
2017-01-17 14:00:00,4.5,66,5,266.0,5.6,0.0
2017-01-17 15:00:00,4.5,63,9,229.0,4.9,0.0
2017-01-17 16:00:00,4.2,67,26,155.0,4.5,0.0
2017-01-17 17:00:00,1.6,83,14,63.0,7.2,0.0
2017-01-17 18:00:00,-0.4,90,14,3.0,8.4,0.0
2017-01-17 19:00:00,-1.0,91,63,0.0,8.4,0.0
2017-01-17 20:00:00,-1.3,93,67,0.0,6.6,0.0
2017-01-17 21:00:00,-2.8,94,59,0.0,10.3,0.0
2017-01-17 22:00:00,-2.4,93,40,0.0,7.2,0.0
2017-01-17 23:00:00,-3.6,95,29,0.0,9.0,0.0
2017-01-18 00:00:00,-3.6,94,0,0.0,8.7,0.0
2017-01-18 01:00:00,-1.2,86,0,0.0,6.8,0.0
2017-01-18 02:00:00,-1.3,84,0,0.0,4.0,0.0
2017-01-18 03:00:00,-1.4,86,0,0.0,2.2,0.0
2017-01-18 04:00:00,-2.2,89,13,0.0,5.2,0.0
2017-01-18 05:00:00,-3.7,92,19,0.0,8.2,0.0
2017-01-18 06:00:00,-3.8,91,18,0.0,8.4,0.0
2017-01-18 07:00:00,-2.7,88,45,0.0,5.9,0.0
2017-01-18 08:00:00,-2.4,88,34,0.0,4.8,0.0
2017-01-18 09:00:00,-2.5,89,13,0.0,3.4,0.0
2017-01-18 10:00:00,-2.2,89,0,33.0,3.3,0.0
2017-01-18 11:00:00,-0.4,78,0,125.0,2.1,0.0
2017-01-18 12:00:00,1.3,71,0,209.0,2.3,0.0
2017-01-18 13:00:00,2.1,64,0,259.0,2.3,0.0
2017-01-18 14:00:00,3.1,54,3,266.0,3.6,0.0
2017-01-18 15:00:00,3.4,52,19,231.0,4.7,0.0
2017-01-18 16:00:00,2.7,56,0,158.0,4.1,0.0
2017-01-18 17:00:00,-0.6,74,0,65.0,9.5,0.0
2017-01-18 18:00:00,-0.8,77,0,3.0,8.6,0.0
2017-01-18 19:00:00,-2.3,86,0,0.0,10.0,0.0
2017-01-18 20:00:00,-2.8,91,1,0.0,10.5,0.0
2017-01-18 21:00:00,-3.1,95,2,0.0,10.8,0.0
2017-01-18 22:00:00,-3.0,97,9,0.0,9.7,0.0
2017-01-18 23:00:00,-3.2,98,20,0.0,8.9,0.0
2017-01-19 00:00:00,-2.9,98,22,0.0,7.9,0.0
2017-01-19 01:00:00,-2.4,94,3,0.0,9.0,0.0
2017-01-19 02:00:00,-2.0,94,26,0.0,6.9,0.0
2017-01-19 03:00:00,-2.1,94,12,0.0,6.3,0.0
2017-01-19 04:00:00,-2.6,94,19,0.0,7.7,0.0
2017-01-19 05:00:00,-2.5,94,22,0.0,8.0,0.0
2017-01-19 06:00:00,-1.9,95,46,0.0,6.8,0.0
2017-01-19 07:00:00,-0.8,94,51,0.0,5.4,0.0
2017-01-19 08:00:00,-0.5,93,42,0.0,6.2,0.0
2017-01-19 09:00:00,0.1,91,64,0.0,6.4,0.0
2017-01-19 10:00:00,0.7,89,89,22.0,7.4,0.0
2017-01-19 11:00:00,2.4,83,90,79.0,8.4,0.0
2017-01-19 12:00:00,3.7,79,56,165.0,8.7,0.0
2017-01-19 13:00:00,4.9,71,14,237.0,10.3,0.0
2017-01-19 14:00:00,5.6,65,0,264.0,11.1,0.0
2017-01-19 15:00:00,5.7,63,1,237.0,12.2,0.0
2017-01-19 16:00:00,4.7,71,1,163.0,8.0,0.0
2017-01-19 17:00:00,1.3,88,0,69.0,8.9,0.0
2017-01-19 18:00:00,-0.2,93,0,4.0,8.8,0.0
2017-01-19 19:00:00,-0.7,94,0,0.0,8.8,0.0
2017-01-19 20:00:00,-1.1,94,3,0.0,8.4,0.0
2017-01-19 21:00:00,-1.3,94,15,0.0,8.3,0.0
2017-01-19 22:00:00,-1.2,93,2,0.0,8.5,0.0
2017-01-19 23:00:00,-1.4,93,0,0.0,8.1,0.0
2017-01-20 00:00:00,-2.2,94,0,0.0,7.8,0.0
2017-01-20 01:00:00,-1.1,91,0,0.0,8.6,0.0
2017-01-20 02:00:00,-1.4,92,0,0.0,8.6,0.0
2017-01-20 03:00:00,-1.7,93,0,0.0,8.2,0.0
2017-01-20 04:00:00,-2.0,93,0,0.0,8.1,0.0
2017-01-20 05:00:00,-2.2,94,0,0.0,7.8,0.0
2017-01-20 06:00:00,-2.3,94,0,0.0,8.1,0.0
2017-01-20 07:00:00,-2.2,93,0,0.0,8.6,0.0
2017-01-20 08:00:00,-2.1,93,0,0.0,8.9,0.0
2017-01-20 09:00:00,-2.1,93,0,0.0,8.3,0.0
2017-01-20 10:00:00,-0.3,90,0,37.0,10.4,0.0
2017-01-20 11:00:00,2.0,83,0,132.0,12.4,0.0
2017-01-20 12:00:00,4.0,75,0,218.0,12.5,0.0
2017-01-20 13:00:00,5.1,70,0,271.0,14.5,0.0
2017-01-20 14:00:00,5.6,69,0,281.0,16.3,0.0
2017-01-20 15:00:00,5.6,69,0,245.0,16.5,0.0
2017-01-20 16:00:00,4.9,72,0,170.0,14.7,0.0
2017-01-20 17:00:00,3.1,80,0,74.0,12.8,0.0
2017-01-20 18:00:00,1.4,87,0,5.0,12.1,0.0
2017-01-20 19:00:00,0.6,89,0,0.0,11.8,0.0
2017-01-20 20:00:00,0.0,91,0,0.0,10.8,0.0
2017-01-20 21:00:00,-0.5,92,0,0.0,9.4,0.0
2017-01-20 22:00:00,-1.0,91,0,0.0,8.6,0.0
2017-01-20 23:00:00,-1.5,92,0,0.0,8.2,0.0
2017-01-21 00:00:00,-1.9,91,0,0.0,8.1,0.0
2017-01-21 01:00:00,-1.2,87,0,0.0,8.5,0.0
2017-01-21 02:00:00,-1.6,87,0,0.0,8.4,0.0
2017-01-21 03:00:00,-2.3,87,0,0.0,9.2,0.0
2017-01-21 04:00:00,-2.7,88,0,0.0,9.0,0.0
2017-01-21 05:00:00,-3.0,89,50,0.0,8.8,0.0
2017-01-21 06:00:00,-3.0,89,39,0.0,8.2,0.0
2017-01-21 07:00:00,-3.0,90,0,0.0,7.9,0.0
2017-01-21 08:00:00,-3.1,91,0,0.0,7.9,0.0
2017-01-21 09:00:00,-3.3,92,0,0.0,8.2,0.0
2017-01-21 10:00:00,-1.1,88,0,40.0,8.2,0.0
2017-01-21 11:00:00,1.0,77,0,140.0,9.1,0.0
2017-01-21 12:00:00,2.4,67,0,229.0,10.5,0.0
2017-01-21 13:00:00,3.3,66,0,284.0,13.0,0.0
2017-01-21 14:00:00,3.7,60,0,287.0,13.4,0.0
2017-01-21 15:00:00,3.5,59,0,253.0,11.7,0.0
2017-01-21 16:00:00,2.9,66,0,178.0,7.1,0.0
2017-01-21 17:00:00,-0.7,82,0,79.0,10.7,0.0
2017-01-21 18:00:00,-2.7,85,0,6.0,11.3,0.0
2017-01-21 19:00:00,-3.2,89,6,0.0,9.5,0.0
2017-01-21 20:00:00,-3.2,90,71,0.0,8.8,0.0
2017-01-21 21:00:00,-2.2,90,56,0.0,7.0,0.0
2017-01-21 22:00:00,-1.7,91,82,0.0,6.8,0.0
2017-01-21 23:00:00,-1.7,93,63,0.0,8.0,0.0
2017-01-22 00:00:00,-1.8,94,65,0.0,7.2,0.0
2017-01-22 01:00:00,-2.9,94,60,0.0,9.3,0.0
2017-01-22 02:00:00,-2.8,93,39,0.0,8.4,0.0
2017-01-22 03:00:00,-3.2,93,1,0.0,8.7,0.0
2017-01-22 04:00:00,-3.9,93,0,0.0,9.7,0.0
2017-01-22 05:00:00,-3.9,93,0,0.0,10.5,0.0
2017-01-22 06:00:00,-3.2,93,0,0.0,7.9,0.0
2017-01-22 07:00:00,-3.6,94,3,0.0,6.2,0.0
2017-01-22 08:00:00,-4.6,96,0,0.0,8.0,0.0
2017-01-22 09:00:00,-4.8,97,0,0.0,10.0,0.0
2017-01-22 10:00:00,-2.1,94,1,41.0,7.1,0.0
2017-01-22 11:00:00,0.7,83,0,137.0,4.1,0.0
2017-01-22 12:00:00,3.5,73,0,222.0,5.9,0.0
2017-01-22 13:00:00,4.2,72,3,278.0,2.2,0.0
2017-01-22 14:00:00,5.3,69,4,287.0,2.6,0.0
2017-01-22 15:00:00,5.6,69,1,244.0,4.1,0.0
2017-01-22 16:00:00,4.8,74,1,175.0,4.8,0.0
2017-01-22 17:00:00,4.3,77,0,78.0,3.9,0.0
2017-01-22 18:00:00,2.3,86,0,6.0,5.1,0.0
2017-01-22 19:00:00,-0.5,96,0,0.0,5.0,0.0
2017-01-22 20:00:00,-0.6,98,16,0.0,3.2,0.0
2017-01-22 21:00:00,-1.1,99,0,0.0,2.5,0.0
2017-01-22 22:00:00,-2.0,100,64,0.0,3.6,0.0
2017-01-22 23:00:00,-2.6,100,95,0.0,5.0,0.0
2017-01-23 00:00:00,-3.2,99,100,0.0,4.3,0.0
2017-01-23 01:00:00,-3.2,97,100,0.0,6.8,0.0
2017-01-23 02:00:00,-2.8,99,100,0.0,4.2,0.0
2017-01-23 03:00:00,-2.9,99,100,0.0,4.5,0.0
2017-01-23 04:00:00,-2.8,98,100,0.0,4.1,0.0
2017-01-23 05:00:00,-2.8,98,100,0.0,4.8,0.0
2017-01-23 06:00:00,-2.6,99,100,0.0,5.8,0.0
2017-01-23 07:00:00,-2.6,99,100,0.0,7.0,0.0
2017-01-23 08:00:00,-2.2,99,100,0.0,7.9,0.0
2017-01-23 09:00:00,-1.8,99,100,0.0,8.7,0.0
2017-01-23 10:00:00,-1.2,99,100,16.0,8.2,0.0
2017-01-23 11:00:00,-0.5,98,100,57.0,8.7,0.0
2017-01-23 12:00:00,0.2,97,100,93.0,8.1,0.0
2017-01-23 13:00:00,0.7,96,100,126.0,5.4,0.0
2017-01-23 14:00:00,2.0,91,100,159.0,6.2,0.0
2017-01-23 15:00:00,2.8,89,67,158.0,7.4,0.0
2017-01-23 16:00:00,2.8,91,38,153.0,6.4,0.0
2017-01-23 17:00:00,0.4,97,94,64.0,9.7,0.0
2017-01-23 18:00:00,0.8,98,91,3.0,6.1,0.0
2017-01-23 19:00:00,0.9,99,86,0.0,6.9,0.0
2017-01-23 20:00:00,-0.3,99,52,0.0,7.1,0.0
2017-01-23 21:00:00,-0.7,99,75,0.0,7.8,0.0
2017-01-23 22:00:00,-0.2,99,87,0.0,6.1,0.0
2017-01-23 23:00:00,-0.5,99,87,0.0,5.5,0.0
2017-01-24 00:00:00,-1.2,99,80,0.0,6.0,0.0
2017-01-24 01:00:00,-0.4,97,77,0.0,8.0,0.0
2017-01-24 02:00:00,0.3,97,83,0.0,6.0,0.0
2017-01-24 03:00:00,0.7,96,91,0.0,7.3,0.0
2017-01-24 04:00:00,0.6,98,82,0.0,7.2,0.0
2017-01-24 05:00:00,-0.3,100,97,0.0,7.0,0.0
2017-01-24 06:00:00,-1.4,100,64,0.0,5.9,0.0
2017-01-24 07:00:00,-1.9,99,98,0.0,6.5,0.0
2017-01-24 08:00:00,-1.7,99,100,0.0,7.4,0.0
2017-01-24 09:00:00,-1.1,99,100,0.0,7.9,0.0
2017-01-24 10:00:00,-0.3,99,100,26.0,8.7,0.0
2017-01-24 11:00:00,0.6,98,100,70.0,8.2,0.0
2017-01-24 12:00:00,1.5,98,100,113.0,7.6,0.0
2017-01-24 13:00:00,6.7,82,100,136.0,9.4,0.0
2017-01-24 14:00:00,7.5,82,2,296.0,8.7,0.0
2017-01-24 15:00:00,7.8,82,3,257.0,7.8,0.0
2017-01-24 16:00:00,7.7,85,7,186.0,5.4,0.0
2017-01-24 17:00:00,4.6,93,4,84.0,8.8,0.0
2017-01-24 18:00:00,1.9,96,4,8.0,11.2,0.0
2017-01-24 19:00:00,1.1,98,1,0.0,11.3,0.0
2017-01-24 20:00:00,0.5,98,1,0.0,11.3,0.0
2017-01-24 21:00:00,-0.4,100,100,0.0,11.8,0.0
2017-01-24 22:00:00,-0.9,100,100,0.0,10.6,0.0
2017-01-24 23:00:00,-0.7,100,100,0.0,9.0,0.0
2017-01-25 00:00:00,-0.4,100,100,0.0,7.0,0.0
2017-01-25 01:00:00,-1.4,99,100,0.0,8.5,0.0
2017-01-25 02:00:00,-1.3,99,100,0.0,6.3,0.0
2017-01-25 03:00:00,-1.0,99,100,0.0,1.8,0.0
2017-01-25 04:00:00,-0.6,99,100,0.0,2.6,0.0
2017-01-25 05:00:00,-0.3,99,100,0.0,2.6,0.0
2017-01-25 06:00:00,0.1,99,100,0.0,4.3,0.0
2017-01-25 07:00:00,0.5,100,100,0.0,5.8,0.0
2017-01-25 08:00:00,0.7,100,100,0.0,7.7,0.0
2017-01-25 09:00:00,1.5,100,100,0.0,6.4,0.0
2017-01-25 10:00:00,2.5,100,100,17.0,6.6,0.0
2017-01-25 11:00:00,3.4,96,100,51.0,9.7,0.0
2017-01-25 12:00:00,4.0,92,100,103.0,9.0,0.0
2017-01-25 13:00:00,3.1,94,100,162.0,5.5,0.0
2017-01-25 14:00:00,3.2,92,100,126.0,5.4,0.0
2017-01-25 15:00:00,3.2,92,100,118.0,7.1,0.0
2017-01-25 16:00:00,2.9,94,100,64.0,5.1,0.0
2017-01-25 17:00:00,2.0,96,100,33.0,6.0,0.0
2017-01-25 18:00:00,1.1,97,100,3.0,7.2,0.0
2017-01-25 19:00:00,0.9,96,100,0.0,6.6,0.0
2017-01-25 20:00:00,0.5,97,95,0.0,6.8,0.0
2017-01-25 21:00:00,0.1,97,87,0.0,9.8,0.0
2017-01-25 22:00:00,-0.7,93,100,0.0,8.7,0.0
2017-01-25 23:00:00,-1.0,94,93,0.0,7.1,0.0
2017-01-26 00:00:00,-0.9,94,95,0.0,6.9,0.0
2017-01-26 01:00:00,-0.9,94,90,0.0,8.4,0.0
2017-01-26 02:00:00,-1.1,94,90,0.0,7.8,0.0
2017-01-26 03:00:00,-1.1,94,92,0.0,8.7,0.0
2017-01-26 04:00:00,-0.9,93,86,0.0,9.5,0.0
2017-01-26 05:00:00,-1.1,93,91,0.0,9.9,0.0
2017-01-26 06:00:00,-1.0,91,83,0.0,10.3,0.0
2017-01-26 07:00:00,-1.2,89,81,0.0,9.8,0.0
2017-01-26 08:00:00,-1.6,89,85,0.0,9.8,0.0
2017-01-26 09:00:00,-1.7,87,80,0.0,10.5,0.0
2017-01-26 10:00:00,-1.2,85,79,28.0,12.3,0.0
2017-01-26 11:00:00,-0.5,77,93,90.0,15.9,0.0
2017-01-26 12:00:00,0.4,72,82,141.0,15.0,0.0
2017-01-26 13:00:00,-0.3,73,32,237.0,13.9,0.0
2017-01-26 14:00:00,0.5,69,80,169.0,13.8,0.0
2017-01-26 15:00:00,1.2,65,21,203.0,12.9,0.0
2017-01-26 16:00:00,1.4,65,4,185.0,11.3,0.0
2017-01-26 17:00:00,-0.7,77,2,96.0,7.7,0.0
2017-01-26 18:00:00,-2.5,85,0,11.0,8.8,0.0
2017-01-26 19:00:00,-2.9,89,0,0.0,9.4,0.0
2017-01-26 20:00:00,-3.0,90,0,0.0,9.7,0.0
2017-01-26 21:00:00,-2.9,89,0,0.0,10.9,0.0
2017-01-26 22:00:00,-2.6,88,0,0.0,12.0,0.0
2017-01-26 23:00:00,-2.4,88,0,0.0,10.4,0.0
2017-01-27 00:00:00,-2.2,88,0,0.0,10.4,0.0
2017-01-27 01:00:00,-2.6,90,0,0.0,9.7,0.0
2017-01-27 02:00:00,-2.8,90,0,0.0,9.1,0.0
2017-01-27 03:00:00,-2.9,91,0,0.0,9.0,0.0
2017-01-27 04:00:00,-2.8,91,0,0.0,8.6,0.0
2017-01-27 05:00:00,-2.5,90,67,0.0,8.6,0.0
2017-01-27 06:00:00,-1.7,89,95,0.0,10.1,0.0
2017-01-27 07:00:00,-1.6,91,0,0.0,8.6,0.0
2017-01-27 08:00:00,-2.9,94,14,0.0,9.3,0.0
2017-01-27 09:00:00,-2.4,94,2,0.0,9.6,0.0
2017-01-27 10:00:00,0.6,90,0,53.0,8.6,0.0
2017-01-27 11:00:00,2.9,84,9,161.0,12.5,0.0
2017-01-27 12:00:00,4.7,79,20,251.0,14.5,0.0
2017-01-27 13:00:00,5.4,77,23,303.0,19.5,0.0
2017-01-27 14:00:00,6.0,77,97,245.0,16.8,0.0
2017-01-27 15:00:00,6.1,77,99,182.0,13.0,0.0
2017-01-27 16:00:00,5.5,81,99,140.0,11.1,0.0
2017-01-27 17:00:00,4.3,89,98,68.0,10.5,0.0
2017-01-27 18:00:00,3.0,91,96,7.0,11.0,0.0
2017-01-27 19:00:00,3.1,90,100,0.0,11.4,0.0
2017-01-27 20:00:00,4.1,87,100,0.0,14.3,0.0
2017-01-27 21:00:00,4.7,88,100,0.0,14.2,0.0
2017-01-27 22:00:00,4.9,89,100,0.0,13.8,0.0
2017-01-27 23:00:00,4.9,90,78,0.0,13.8,0.0
2017-01-28 00:00:00,4.3,91,98,0.0,14.0,0.0
2017-01-28 01:00:00,4.4,91,97,0.0,10.4,0.0
2017-01-28 02:00:00,4.8,90,100,0.0,15.3,0.0
2017-01-28 03:00:00,5.4,87,97,0.0,16.9,0.0
2017-01-28 04:00:00,5.7,85,58,0.0,18.1,0.0
2017-01-28 05:00:00,5.5,88,96,0.0,19.9,0.0
2017-01-28 06:00:00,5.7,87,95,0.0,18.3,0.0
2017-01-28 07:00:00,5.9,87,97,0.0,15.6,0.0
2017-01-28 08:00:00,6.1,90,100,0.0,12.6,0.0
2017-01-28 09:00:00,6.8,92,71,0.0,18.0,0.0
2017-01-28 10:00:00,6.7,91,100,24.0,22.7,0.0
2017-01-28 11:00:00,6.5,89,51,54.0,23.3,0.0
2017-01-28 12:00:00,6.7,85,7,166.0,18.3,0.0
2017-01-28 13:00:00,8.1,80,32,299.0,17.1,0.0
2017-01-28 14:00:00,8.6,79,93,260.0,17.2,0.0
2017-01-28 15:00:00,9.0,71,77,209.0,19.6,0.0
2017-01-28 16:00:00,8.7,67,56,170.0,17.3,0.0
2017-01-28 17:00:00,6.9,74,51,80.0,16.3,0.2
2017-01-28 18:00:00,5.1,84,49,11.0,13.5,0.3
2017-01-28 19:00:00,3.9,88,23,0.0,12.5,0.0
2017-01-28 20:00:00,3.4,89,18,0.0,12.2,0.0
2017-01-28 21:00:00,2.3,91,10,0.0,11.2,0.0
2017-01-28 22:00:00,1.8,91,0,0.0,11.4,0.0
2017-01-28 23:00:00,1.6,91,16,0.0,12.2,0.0
2017-01-29 00:00:00,1.8,90,80,0.0,13.7,0.0
2017-01-29 01:00:00,3.2,90,96,0.0,14.8,0.0
2017-01-29 02:00:00,3.6,90,92,0.0,14.1,0.2
2017-01-29 03:00:00,3.8,88,43,0.0,15.3,0.2
2017-01-29 04:00:00,3.3,88,30,0.0,14.4,0.0
2017-01-29 05:00:00,2.5,91,10,0.0,11.6,0.0
2017-01-29 06:00:00,1.2,94,67,0.0,9.4,0.0
2017-01-29 07:00:00,0.3,96,86,0.0,8.7,0.0
2017-01-29 08:00:00,-0.4,97,96,0.0,9.7,0.0
2017-01-29 09:00:00,0.2,97,100,1.0,8.9,0.0
2017-01-29 10:00:00,3.2,94,98,25.0,9.5,0.0
2017-01-29 11:00:00,5.2,91,99,80.0,12.1,0.0
2017-01-29 12:00:00,6.2,92,100,93.0,11.4,0.1
2017-01-29 13:00:00,7.3,91,99,124.0,13.6,0.1
2017-01-29 14:00:00,8.4,88,100,126.0,18.7,0.1
2017-01-29 15:00:00,7.7,88,100,71.0,17.7,0.0
2017-01-29 16:00:00,7.6,88,100,38.0,16.9,0.1
2017-01-29 17:00:00,7.3,91,100,16.0,14.8,0.4
2017-01-29 18:00:00,7.2,91,100,2.0,16.7,1.0
2017-01-29 19:00:00,7.4,91,100,0.0,19.4,1.9
2017-01-29 20:00:00,7.5,93,100,0.0,24.0,2.9
2017-01-29 21:00:00,8.4,93,100,0.0,30.7,2.3
2017-01-29 22:00:00,9.4,94,100,0.0,25.3,0.5
2017-01-29 23:00:00,10.1,95,100,0.0,24.8,0.2
2017-01-30 00:00:00,10.5,94,100,0.0,25.8,0.1
2017-01-30 01:00:00,10.4,94,100,0.0,19.7,0.0
2017-01-30 02:00:00,10.4,94,100,0.0,17.4,0.0
2017-01-30 03:00:00,9.7,96,100,0.0,10.2,0.1
2017-01-30 04:00:00,8.6,97,100,0.0,8.4,0.3
2017-01-30 05:00:00,7.5,97,100,0.0,6.1,0.0
2017-01-30 06:00:00,6.9,98,100,0.0,4.8,0.0
2017-01-30 07:00:00,6.5,98,100,0.0,4.3,0.0
2017-01-30 08:00:00,6.2,97,100,0.0,5.4,0.0
2017-01-30 09:00:00,5.8,98,100,1.0,6.0,0.0
2017-01-30 10:00:00,6.6,95,96,19.0,2.9,0.0
2017-01-30 11:00:00,6.7,95,100,42.0,5.4,0.0
2017-01-30 12:00:00,7.0,95,100,68.0,4.7,0.0
2017-01-30 13:00:00,7.3,87,100,89.0,9.0,0.0
2017-01-30 14:00:00,7.5,87,100,101.0,7.6,0.0
2017-01-30 15:00:00,7.5,87,100,77.0,9.0,0.0
2017-01-30 16:00:00,7.3,90,100,44.0,9.4,0.0
2017-01-30 17:00:00,6.9,91,100,27.0,9.5,0.1
2017-01-30 18:00:00,6.6,92,100,4.0,11.2,0.0
2017-01-30 19:00:00,6.2,93,100,0.0,12.0,0.0
2017-01-30 20:00:00,5.8,92,100,0.0,15.3,0.0
2017-01-30 21:00:00,5.5,90,100,0.0,16.0,0.0
2017-01-30 22:00:00,5.4,91,100,0.0,15.7,0.0
2017-01-30 23:00:00,5.4,90,100,0.0,15.3,0.0
2017-01-31 00:00:00,5.3,90,100,0.0,14.3,0.1
2017-01-31 01:00:00,5.0,93,100,0.0,11.8,0.1
2017-01-31 02:00:00,5.2,93,100,0.0,11.4,0.1
2017-01-31 03:00:00,5.2,94,100,0.0,13.8,0.1
2017-01-31 04:00:00,5.3,94,100,0.0,14.1,0.0
2017-01-31 05:00:00,5.3,94,100,0.0,12.9,0.0
2017-01-31 06:00:00,5.3,93,100,0.0,15.3,0.0
2017-01-31 07:00:00,5.2,93,100,0.0,16.1,0.0
2017-01-31 08:00:00,5.2,93,100,0.0,15.9,0.0
2017-01-31 09:00:00,5.2,93,100,0.0,15.4,0.0
2017-01-31 10:00:00,5.5,93,100,13.0,15.6,0.0
2017-01-31 11:00:00,5.9,93,100,25.0,13.8,0.0
2017-01-31 12:00:00,6.5,93,100,37.0,15.0,0.0
2017-01-31 13:00:00,6.5,93,99,65.0,13.4,0.0
2017-01-31 14:00:00,7.1,92,100,51.0,14.5,0.0
2017-01-31 15:00:00,7.4,93,99,51.0,14.2,0.0
2017-01-31 16:00:00,8.1,92,100,69.0,15.4,0.0
2017-01-31 17:00:00,7.9,95,100,19.0,14.3,0.0
2017-01-31 18:00:00,8.1,96,100,2.0,15.2,0.1
2017-01-31 19:00:00,8.5,96,100,0.0,13.8,0.2
2017-01-31 20:00:00,8.6,96,100,0.0,14.3,0.8
2017-01-31 21:00:00,8.7,96,100,0.0,15.3,0.6
2017-01-31 22:00:00,8.7,96,100,0.0,15.7,0.4
2017-01-31 23:00:00,9.1,96,100,0.0,17.7,0.7
2017-02-01 00:00:00,9.6,96,100,0.0,16.3,0.5
2017-02-01 01:00:00,9.7,96,100,0.0,16.1,0.0
2017-02-01 02:00:00,10.1,96,100,0.0,15.8,0.0
2017-02-01 03:00:00,10.4,95,100,0.0,16.6,0.0
2017-02-01 04:00:00,10.6,94,100,0.0,15.8,0.0
2017-02-01 05:00:00,10.3,94,100,0.0,14.8,0.0
2017-02-01 06:00:00,10.2,94,100,0.0,16.3,0.0
2017-02-01 07:00:00,10.0,95,100,0.0,14.1,0.0
2017-02-01 08:00:00,9.8,95,100,0.0,12.2,0.1
2017-02-01 09:00:00,9.6,95,100,0.0,12.2,1.6
2017-02-01 10:00:00,9.7,95,100,9.0,14.4,0.4
2017-02-01 11:00:00,9.7,96,100,18.0,14.2,0.3
2017-02-01 12:00:00,10.1,94,98,55.0,16.4,0.1
2017-02-01 13:00:00,9.6,99,94,103.0,10.8,0.0
2017-02-01 14:00:00,9.9,97,100,56.0,15.4,0.1
2017-02-01 15:00:00,10.2,97,100,68.0,13.1,0.4
2017-02-01 16:00:00,10.3,96,96,91.0,15.1,0.1
2017-02-01 17:00:00,9.6,97,99,30.0,16.2,0.0
2017-02-01 18:00:00,9.3,96,99,8.0,17.5,0.0
2017-02-01 19:00:00,9.3,94,100,0.0,16.9,0.0
2017-02-01 20:00:00,9.6,92,59,0.0,18.1,0.0
2017-02-01 21:00:00,9.1,91,96,0.0,18.4,0.1
2017-02-01 22:00:00,9.6,87,100,0.0,20.9,0.0
2017-02-01 23:00:00,9.9,87,100,0.0,20.8,0.0
2017-02-02 00:00:00,10.0,88,100,0.0,23.2,0.0
2017-02-02 01:00:00,10.0,90,100,0.0,19.2,0.0
2017-02-02 02:00:00,10.3,89,100,0.0,20.5,0.0
2017-02-02 03:00:00,10.0,91,100,0.0,20.5,0.0
2017-02-02 04:00:00,10.1,90,100,0.0,21.3,0.1
2017-02-02 05:00:00,10.0,90,100,0.0,23.8,0.1
2017-02-02 06:00:00,9.7,89,100,0.0,22.1,0.1
2017-02-02 07:00:00,9.2,88,100,0.0,20.8,0.0
2017-02-02 08:00:00,9.5,82,96,0.0,22.2,0.0
2017-02-02 09:00:00,9.4,83,99,2.0,25.2,0.0
2017-02-02 10:00:00,10.1,85,100,12.0,27.3,0.1
2017-02-02 11:00:00,10.3,84,100,25.0,28.8,0.2
2017-02-02 12:00:00,10.3,85,100,32.0,29.5,0.2
2017-02-02 13:00:00,9.9,89,100,70.0,28.6,0.2
2017-02-02 14:00:00,10.4,86,87,86.0,26.4,0.1
2017-02-02 15:00:00,11.2,83,46,209.0,27.2,0.0
2017-02-02 16:00:00,11.2,84,100,171.0,28.6,0.0
2017-02-02 17:00:00,11.0,81,99,71.0,29.5,0.0
2017-02-02 18:00:00,10.2,82,100,17.0,27.7,0.3
2017-02-02 19:00:00,10.1,84,92,0.0,28.1,0.0
2017-02-02 20:00:00,9.9,84,82,0.0,27.0,0.0
2017-02-02 21:00:00,9.7,86,96,0.0,27.4,0.0
2017-02-02 22:00:00,9.7,86,99,0.0,26.6,0.0
2017-02-02 23:00:00,9.5,85,98,0.0,26.0,0.0
2017-02-03 00:00:00,9.1,85,98,0.0,24.4,0.0
2017-02-03 01:00:00,8.7,86,59,0.0,22.7,0.0
2017-02-03 02:00:00,8.6,85,5,0.0,22.1,0.0
2017-02-03 03:00:00,8.0,87,14,0.0,22.7,0.0
2017-02-03 04:00:00,7.7,87,48,0.0,23.4,0.0
2017-02-03 05:00:00,7.5,86,40,0.0,22.6,0.0
2017-02-03 06:00:00,7.3,87,42,0.0,20.2,0.0
2017-02-03 07:00:00,6.6,90,29,0.0,16.9,0.0
2017-02-03 08:00:00,6.0,92,12,0.0,13.3,0.0
2017-02-03 09:00:00,6.0,92,22,3.0,13.4,0.0
2017-02-03 10:00:00,7.4,88,100,71.0,17.8,0.0
2017-02-03 11:00:00,8.6,83,100,140.0,18.0,0.0
2017-02-03 12:00:00,9.4,77,91,198.0,21.3,0.0
2017-02-03 13:00:00,10.0,73,99,277.0,24.9,0.0
2017-02-03 14:00:00,10.2,72,76,244.0,26.4,0.0
2017-02-03 15:00:00,10.2,69,84,239.0,29.5,0.0
2017-02-03 16:00:00,9.6,74,100,100.0,25.0,0.0
2017-02-03 17:00:00,9.1,77,100,33.0,26.1,0.2
2017-02-03 18:00:00,8.2,81,100,12.0,27.4,0.6
2017-02-03 19:00:00,7.7,87,100,0.0,25.7,0.6
2017-02-03 20:00:00,7.6,88,100,0.0,24.9,0.5
2017-02-03 21:00:00,7.3,89,100,0.0,22.8,0.3
2017-02-03 22:00:00,6.1,83,39,0.0,32.4,0.1
2017-02-03 23:00:00,4.9,80,0,0.0,30.1,0.0
2017-02-04 00:00:00,4.3,86,0,0.0,21.7,0.0
2017-02-04 01:00:00,3.8,88,0,0.0,17.9,0.0
2017-02-04 02:00:00,3.3,90,0,0.0,11.4,0.0
2017-02-04 03:00:00,2.7,92,2,0.0,8.9,0.0
2017-02-04 04:00:00,1.5,95,100,0.0,10.4,0.0
2017-02-04 05:00:00,1.2,95,100,0.0,11.5,0.0
2017-02-04 06:00:00,2.1,95,99,0.0,10.0,0.0
2017-02-04 07:00:00,2.1,96,64,0.0,10.2,0.0
2017-02-04 08:00:00,3.1,94,100,0.0,7.4,0.0
2017-02-04 09:00:00,3.0,94,100,2.0,7.2,0.5
2017-02-04 10:00:00,4.0,94,100,20.0,5.3,0.9
2017-02-04 11:00:00,4.6,92,100,42.0,6.4,0.9
2017-02-04 12:00:00,5.6,90,100,111.0,5.1,0.4
2017-02-04 13:00:00,6.4,87,100,181.0,6.1,0.1
2017-02-04 14:00:00,7.5,82,100,258.0,4.8,0.0
2017-02-04 15:00:00,7.9,78,99,260.0,5.7,0.0
2017-02-04 16:00:00,8.0,75,36,222.0,5.5,0.0
2017-02-04 17:00:00,6.9,85,6,127.0,4.6,0.0
2017-02-04 18:00:00,4.2,88,25,27.0,8.5,0.0
2017-02-04 19:00:00,3.2,92,87,0.0,8.4,0.0
2017-02-04 20:00:00,3.5,92,97,0.0,10.1,0.0
2017-02-04 21:00:00,3.6,93,100,0.0,9.0,0.0
2017-02-04 22:00:00,3.5,93,96,0.0,9.0,0.0
2017-02-04 23:00:00,4.1,85,100,0.0,10.8,0.1
2017-02-05 00:00:00,2.8,86,100,0.0,9.6,1.7
2017-02-05 01:00:00,4.8,86,50,0.0,11.7,0.1
2017-02-05 02:00:00,5.1,90,69,0.0,10.0,1.4
2017-02-05 03:00:00,4.2,93,48,0.0,6.3,0.1
2017-02-05 04:00:00,3.0,95,17,0.0,7.5,0.0
2017-02-05 05:00:00,2.6,95,92,0.0,7.3,0.0
2017-02-05 06:00:00,2.8,95,72,0.0,8.3,0.0
2017-02-05 07:00:00,3.0,95,99,0.0,9.1,0.0
2017-02-05 08:00:00,2.5,95,100,0.0,8.0,0.0
2017-02-05 09:00:00,2.2,94,100,3.0,7.4,0.0
2017-02-05 10:00:00,3.4,90,100,66.0,11.6,0.0
2017-02-05 11:00:00,4.6,85,100,122.0,12.3,0.0
2017-02-05 12:00:00,5.9,81,100,180.0,11.4,0.0
2017-02-05 13:00:00,6.7,84,100,208.0,18.9,0.0
2017-02-05 14:00:00,6.7,84,100,100.0,17.8,0.0
2017-02-05 15:00:00,6.8,81,100,96.0,15.4,0.0
2017-02-05 16:00:00,6.9,81,100,84.0,14.0,0.0
2017-02-05 17:00:00,6.6,82,100,52.0,14.5,0.0
2017-02-05 18:00:00,5.8,84,99,15.0,14.8,0.0
2017-02-05 19:00:00,4.9,88,100,0.0,12.3,0.0
2017-02-05 20:00:00,4.4,88,100,0.0,10.9,0.0
2017-02-05 21:00:00,3.3,92,100,0.0,7.7,0.0
2017-02-05 22:00:00,3.1,93,100,0.0,8.1,0.0
2017-02-05 23:00:00,2.9,94,98,0.0,9.0,0.0
2017-02-06 00:00:00,2.7,94,71,0.0,7.4,0.0
2017-02-06 01:00:00,3.0,94,52,0.0,9.3,0.0
2017-02-06 02:00:00,2.4,93,33,0.0,10.6,0.0
2017-02-06 03:00:00,1.2,93,79,0.0,7.9,0.0
2017-02-06 04:00:00,0.2,93,81,0.0,8.7,0.0
2017-02-06 05:00:00,0.0,94,52,0.0,9.3,0.0
2017-02-06 06:00:00,0.7,93,83,0.0,8.1,0.0
2017-02-06 07:00:00,0.8,91,63,0.0,5.4,0.0
2017-02-06 08:00:00,0.8,94,81,0.0,1.0,0.0
2017-02-06 09:00:00,-1.6,98,86,5.0,4.6,0.0
2017-02-06 10:00:00,0.9,95,87,78.0,3.7,0.0
2017-02-06 11:00:00,3.1,89,97,180.0,2.1,0.0
2017-02-06 12:00:00,5.0,84,100,262.0,2.5,0.0
2017-02-06 13:00:00,7.1,78,100,278.0,8.8,0.0
2017-02-06 14:00:00,8.0,69,98,264.0,12.2,0.0
2017-02-06 15:00:00,7.6,71,100,144.0,13.7,0.0
2017-02-06 16:00:00,7.2,73,100,107.0,14.4,0.0
2017-02-06 17:00:00,6.4,77,100,49.0,11.9,0.0
2017-02-06 18:00:00,5.7,82,100,8.0,8.7,0.1
2017-02-06 19:00:00,5.7,82,100,0.0,12.3,0.1
2017-02-06 20:00:00,5.6,83,100,0.0,14.7,0.4
2017-02-06 21:00:00,5.4,86,100,0.0,15.7,0.4
2017-02-06 22:00:00,5.5,87,100,0.0,17.4,1.1
2017-02-06 23:00:00,5.6,87,100,0.0,15.7,1.1
2017-02-07 00:00:00,5.6,84,100,0.0,16.3,0.3
2017-02-07 01:00:00,5.0,88,100,0.0,14.1,0.0
2017-02-07 02:00:00,4.9,89,100,0.0,15.5,0.7
2017-02-07 03:00:00,5.2,90,100,0.0,14.0,0.0
2017-02-07 04:00:00,5.4,93,100,0.0,12.0,0.1
2017-02-07 05:00:00,5.5,94,100,0.0,9.4,0.0
2017-02-07 06:00:00,5.5,95,100,0.0,5.5,0.1
2017-02-07 07:00:00,5.4,96,100,0.0,4.9,0.0
2017-02-07 08:00:00,5.1,97,100,0.0,7.2,0.0
2017-02-07 09:00:00,5.4,97,99,2.0,5.3,0.0
2017-02-07 10:00:00,6.7,95,77,36.0,10.1,0.0
2017-02-07 11:00:00,7.9,89,48,163.0,15.7,0.0
2017-02-07 12:00:00,8.6,82,51,204.0,16.6,0.0
2017-02-07 13:00:00,9.3,77,36,284.0,14.9,0.0
2017-02-07 14:00:00,9.8,70,48,292.0,14.2,0.0
2017-02-07 15:00:00,10.0,65,59,257.0,11.9,0.0
2017-02-07 16:00:00,9.8,64,72,212.0,10.8,0.0
2017-02-07 17:00:00,8.5,75,76,116.0,5.5,0.0
2017-02-07 18:00:00,5.3,86,90,25.0,10.5,0.0
2017-02-07 19:00:00,4.6,88,95,0.0,9.8,0.0
2017-02-07 20:00:00,4.5,91,98,0.0,7.8,0.1
2017-02-07 21:00:00,3.4,93,96,0.0,8.6,0.0
2017-02-07 22:00:00,3.2,94,97,0.0,7.7,0.0
2017-02-07 23:00:00,2.3,95,95,0.0,9.2,0.0
2017-02-08 00:00:00,1.6,96,96,0.0,9.0,0.0
2017-02-08 01:00:00,2.7,95,97,0.0,6.7,0.1
2017-02-08 02:00:00,4.2,91,51,0.0,7.3,0.1
2017-02-08 03:00:00,2.6,95,29,0.0,8.7,0.0
2017-02-08 04:00:00,2.0,97,13,0.0,7.2,0.0
2017-02-08 05:00:00,2.3,97,30,0.0,7.9,0.0
2017-02-08 06:00:00,2.9,98,70,0.0,8.3,0.0
2017-02-08 07:00:00,3.1,98,97,0.0,7.6,0.0
2017-02-08 08:00:00,3.8,97,98,0.0,9.3,0.0
2017-02-08 09:00:00,4.1,95,99,2.0,12.2,0.0
2017-02-08 10:00:00,4.3,89,53,65.0,11.2,0.0
2017-02-08 11:00:00,4.7,84,33,174.0,12.4,0.0
2017-02-08 12:00:00,4.9,81,79,223.0,12.9,0.0
2017-02-08 13:00:00,5.6,84,95,254.0,10.9,0.0
2017-02-08 14:00:00,5.6,78,94,214.0,10.5,0.0
2017-02-08 15:00:00,5.0,71,100,137.0,12.0,0.0
2017-02-08 16:00:00,4.8,71,100,81.0,11.9,0.0
2017-02-08 17:00:00,4.7,70,83,37.0,11.1,0.0
2017-02-08 18:00:00,4.1,74,84,14.0,9.0,0.0
2017-02-08 19:00:00,3.5,77,46,0.0,6.4,0.0
2017-02-08 20:00:00,1.5,87,9,0.0,7.2,0.0
2017-02-08 21:00:00,0.1,88,4,0.0,8.6,0.0
2017-02-08 22:00:00,-0.6,90,1,0.0,8.2,0.0
2017-02-08 23:00:00,-1.4,92,0,0.0,7.3,0.0
2017-02-09 00:00:00,-1.8,93,6,0.0,7.3,0.0
2017-02-09 01:00:00,1.1,88,21,0.0,7.6,0.0
2017-02-09 02:00:00,1.9,84,93,0.0,9.8,0.0
2017-02-09 03:00:00,1.7,85,89,0.0,10.1,0.0
2017-02-09 04:00:00,1.6,84,99,0.0,10.4,0.0
2017-02-09 05:00:00,1.6,83,91,0.0,9.7,0.0
2017-02-09 06:00:00,1.4,83,97,0.0,10.7,0.0
2017-02-09 07:00:00,1.3,82,92,0.0,11.8,0.0
2017-02-09 08:00:00,1.3,81,100,0.0,11.7,0.0
2017-02-09 09:00:00,1.4,80,95,3.0,12.7,0.0
2017-02-09 10:00:00,2.0,77,94,32.0,13.8,0.0
2017-02-09 11:00:00,2.4,77,83,73.0,15.6,0.0
2017-02-09 12:00:00,3.0,73,94,127.0,17.7,0.0
2017-02-09 13:00:00,3.0,72,100,136.0,17.9,0.0
2017-02-09 14:00:00,3.0,71,93,108.0,17.4,0.0
2017-02-09 15:00:00,3.0,73,91,87.0,18.1,0.0
2017-02-09 16:00:00,3.0,73,99,59.0,18.1,0.0
2017-02-09 17:00:00,2.6,77,95,47.0,17.8,0.0
2017-02-09 18:00:00,2.1,80,99,11.0,14.6,0.0
2017-02-09 19:00:00,2.0,81,98,0.0,15.1,0.0
2017-02-09 20:00:00,1.5,84,93,0.0,15.4,0.0
2017-02-09 21:00:00,1.4,84,99,0.0,15.5,0.0
2017-02-09 22:00:00,1.4,85,96,0.0,13.4,0.0
2017-02-09 23:00:00,1.7,84,93,0.0,13.9,0.0
2017-02-10 00:00:00,1.7,85,100,0.0,13.3,0.0
2017-02-10 01:00:00,1.7,87,94,0.0,13.2,0.0
2017-02-10 02:00:00,1.7,88,99,0.0,13.0,0.0
2017-02-10 03:00:00,1.9,88,100,0.0,12.5,0.0
2017-02-10 04:00:00,1.9,88,96,0.0,13.2,0.0
2017-02-10 05:00:00,1.9,88,100,0.0,14.3,0.0
2017-02-10 06:00:00,1.9,87,99,0.0,15.8,0.0
2017-02-10 07:00:00,1.8,86,97,0.0,16.4,0.0
2017-02-10 08:00:00,1.6,86,96,0.0,14.3,0.0
2017-02-10 09:00:00,1.5,85,91,5.0,15.0,0.0
2017-02-10 10:00:00,1.6,84,77,37.0,15.3,0.0
2017-02-10 11:00:00,2.4,77,96,111.0,18.7,0.0
2017-02-10 12:00:00,2.6,79,96,124.0,16.7,0.0
2017-02-10 13:00:00,3.0,76,92,129.0,18.6,0.0
2017-02-10 14:00:00,2.7,80,80,78.0,16.9,0.1
2017-02-10 15:00:00,2.6,81,97,119.0,16.7,0.2
2017-02-10 16:00:00,2.4,80,90,87.0,15.2,0.0
2017-02-10 17:00:00,2.3,77,92,66.0,14.1,0.0
2017-02-10 18:00:00,1.4,79,83,19.0,12.0,0.0
2017-02-10 19:00:00,0.8,79,14,0.0,7.1,0.0
2017-02-10 20:00:00,-0.8,85,42,0.0,8.9,0.0
2017-02-10 21:00:00,-0.9,89,0,0.0,12.1,0.0
2017-02-10 22:00:00,-1.4,91,25,0.0,13.7,0.0
2017-02-10 23:00:00,-1.3,91,89,0.0,14.8,0.0
2017-02-11 00:00:00,-0.6,88,100,0.0,16.2,0.0
2017-02-11 01:00:00,0.4,89,97,0.0,14.8,0.0
2017-02-11 02:00:00,0.8,89,97,0.0,15.6,0.0
2017-02-11 03:00:00,0.9,89,99,0.0,15.6,0.1
2017-02-11 04:00:00,0.9,89,100,0.0,15.0,0.1
2017-02-11 05:00:00,0.9,91,98,0.0,14.0,0.1
2017-02-11 06:00:00,0.8,92,100,0.0,14.2,0.1
2017-02-11 07:00:00,0.5,89,99,0.0,14.5,0.0
2017-02-11 08:00:00,0.1,88,99,0.0,14.6,0.0
2017-02-11 09:00:00,0.0,86,99,6.0,15.1,0.0
2017-02-11 10:00:00,0.7,82,93,66.0,14.0,0.0
2017-02-11 11:00:00,1.7,76,97,135.0,19.3,0.0
2017-02-11 12:00:00,2.4,76,98,147.0,19.7,0.0
2017-02-11 13:00:00,2.3,81,99,112.0,17.6,0.0
2017-02-11 14:00:00,2.8,78,78,101.0,18.9,0.1
2017-02-11 15:00:00,3.4,73,76,170.0,19.9,0.2
2017-02-11 16:00:00,3.6,69,82,144.0,17.1,0.1
2017-02-11 17:00:00,3.4,72,53,102.0,16.0,0.0
2017-02-11 18:00:00,2.3,75,94,28.0,10.8,0.0
2017-02-11 19:00:00,1.7,80,99,0.0,10.5,0.0
2017-02-11 20:00:00,1.7,83,100,0.0,14.2,0.1
2017-02-11 21:00:00,2.1,82,99,0.0,16.8,0.0
2017-02-11 22:00:00,2.2,83,100,0.0,17.6,0.0
2017-02-11 23:00:00,2.1,87,100,0.0,17.6,0.1
2017-02-12 00:00:00,1.6,93,99,0.0,17.1,0.2
2017-02-12 01:00:00,1.7,94,100,0.0,15.5,0.0
2017-02-12 02:00:00,1.8,92,99,0.0,16.4,0.0
2017-02-12 03:00:00,2.1,91,100,0.0,16.9,0.0
2017-02-12 04:00:00,2.2,92,100,0.0,18.8,0.0
2017-02-12 05:00:00,2.0,93,100,0.0,16.6,0.1
2017-02-12 06:00:00,1.7,93,100,0.0,19.4,0.1
2017-02-12 07:00:00,1.5,91,94,0.0,18.7,0.0
2017-02-12 08:00:00,0.8,92,99,0.0,16.5,0.0
2017-02-12 09:00:00,1.1,92,100,5.0,16.9,0.0
2017-02-12 10:00:00,1.7,90,100,24.0,18.4,0.0
2017-02-12 11:00:00,2.3,89,97,47.0,16.0,0.0
2017-02-12 12:00:00,4.2,77,84,153.0,17.7,0.0
2017-02-12 13:00:00,3.8,79,87,240.0,17.2,0.1
2017-02-12 14:00:00,4.6,76,100,205.0,22.7,0.1
2017-02-12 15:00:00,4.2,79,94,134.0,22.7,0.1
2017-02-12 16:00:00,4.0,75,100,120.0,23.5,0.0
2017-02-12 17:00:00,3.9,78,48,65.0,21.0,0.0
2017-02-12 18:00:00,3.4,80,83,36.0,17.2,0.0
2017-02-12 19:00:00,3.6,86,100,0.0,19.7,0.0
2017-02-12 20:00:00,4.4,90,100,0.0,21.4,0.0
2017-02-12 21:00:00,5.0,91,100,0.0,20.6,0.0
2017-02-12 22:00:00,5.5,90,100,0.0,21.5,0.0
2017-02-12 23:00:00,5.3,92,53,0.0,21.7,0.0
2017-02-13 00:00:00,4.9,93,33,0.0,22.3,0.0
2017-02-13 01:00:00,4.8,92,15,0.0,22.2,0.0
2017-02-13 02:00:00,4.6,92,26,0.0,21.7,0.0
2017-02-13 03:00:00,4.4,92,4,0.0,22.6,0.0
2017-02-13 04:00:00,4.1,92,6,0.0,23.6,0.0
2017-02-13 05:00:00,3.9,90,42,0.0,23.7,0.0
2017-02-13 06:00:00,3.8,90,59,0.0,23.9,0.0
2017-02-13 07:00:00,3.6,89,2,0.0,24.6,0.0
2017-02-13 08:00:00,3.4,89,0,0.0,24.9,0.0
2017-02-13 09:00:00,3.7,87,1,15.0,24.3,0.0
2017-02-13 10:00:00,5.0,83,2,115.0,25.1,0.0
2017-02-13 11:00:00,6.3,77,15,233.0,28.4,0.0
2017-02-13 12:00:00,7.3,72,81,334.0,28.3,0.0
2017-02-13 13:00:00,7.6,72,72,392.0,27.0,0.0
2017-02-13 14:00:00,7.9,70,3,401.0,28.2,0.0
2017-02-13 15:00:00,7.8,71,5,363.0,28.4,0.0
2017-02-13 16:00:00,7.1,74,3,287.0,30.0,0.0
2017-02-13 17:00:00,6.0,79,12,172.0,28.1,0.0
2017-02-13 18:00:00,4.9,83,8,56.0,25.1,0.0
2017-02-13 19:00:00,4.6,84,1,0.0,23.6,0.0
2017-02-13 20:00:00,4.9,83,1,0.0,23.5,0.0
2017-02-13 21:00:00,4.9,84,0,0.0,20.9,0.0
2017-02-13 22:00:00,4.7,84,0,0.0,19.6,0.0
2017-02-13 23:00:00,4.4,84,0,0.0,19.5,0.0
2017-02-14 00:00:00,3.9,85,0,0.0,15.5,0.0
2017-02-14 01:00:00,3.6,86,0,0.0,15.5,0.0
2017-02-14 02:00:00,3.2,85,2,0.0,16.8,0.0
2017-02-14 03:00:00,2.6,86,0,0.0,14.1,0.0
2017-02-14 04:00:00,2.2,87,0,0.0,14.1,0.0
2017-02-14 05:00:00,2.0,87,0,0.0,14.1,0.0
2017-02-14 06:00:00,1.7,88,0,0.0,12.6,0.0
2017-02-14 07:00:00,1.4,88,5,0.0,12.6,0.0
2017-02-14 08:00:00,1.3,89,0,0.0,11.9,0.0
2017-02-14 09:00:00,2.0,88,13,16.0,10.9,0.0
2017-02-14 10:00:00,4.4,80,1,110.0,12.1,0.0
2017-02-14 11:00:00,7.1,74,85,217.0,12.9,0.0
2017-02-14 12:00:00,9.0,71,93,214.0,13.9,0.0
2017-02-14 13:00:00,10.0,75,99,194.0,13.3,0.0
2017-02-14 14:00:00,11.3,72,32,339.0,14.6,0.0
2017-02-14 15:00:00,11.6,70,58,334.0,14.4,0.0
2017-02-14 16:00:00,11.2,73,75,200.0,14.3,0.0
2017-02-14 17:00:00,10.4,77,84,95.0,12.0,0.0
2017-02-14 18:00:00,9.9,78,96,25.0,11.0,0.0
2017-02-14 19:00:00,9.1,82,98,0.0,10.2,0.0
2017-02-14 20:00:00,8.2,86,92,0.0,9.2,0.0
2017-02-14 21:00:00,7.6,88,93,0.0,8.9,0.0
2017-02-14 22:00:00,8.4,88,99,0.0,10.1,0.0
2017-02-14 23:00:00,9.0,87,52,0.0,9.8,0.0
2017-02-15 00:00:00,7.3,93,52,0.0,8.7,0.0
2017-02-15 01:00:00,8.4,92,100,0.0,9.3,0.0
2017-02-15 02:00:00,8.5,93,56,0.0,10.2,0.0
2017-02-15 03:00:00,6.9,96,24,0.0,8.6,0.0
2017-02-15 04:00:00,5.1,98,0,0.0,12.2,0.0
2017-02-15 05:00:00,4.9,98,5,0.0,12.3,0.0
2017-02-15 06:00:00,4.9,98,28,0.0,10.5,0.0
2017-02-15 07:00:00,4.9,97,98,0.0,10.1,0.5
2017-02-15 08:00:00,5.4,97,67,0.0,9.2,0.3
2017-02-15 09:00:00,6.8,97,62,10.0,7.4,0.0
2017-02-15 10:00:00,8.6,95,71,41.0,8.2,0.0
2017-02-15 11:00:00,10.9,87,89,211.0,19.2,0.0
2017-02-15 12:00:00,11.5,85,93,237.0,19.5,0.0
2017-02-15 13:00:00,11.9,82,100,175.0,19.9,0.4
2017-02-15 14:00:00,11.7,83,100,174.0,18.4,0.1
2017-02-15 15:00:00,10.9,86,100,154.0,19.2,0.1
2017-02-15 16:00:00,9.6,90,89,37.0,21.7,0.2
2017-02-15 17:00:00,9.4,87,75,41.0,18.8,0.2
2017-02-15 18:00:00,8.8,89,89,34.0,20.9,0.3
2017-02-15 19:00:00,8.7,91,31,1.0,18.6,0.1
2017-02-15 20:00:00,7.5,93,26,0.0,15.3,0.0
2017-02-15 21:00:00,7.1,94,13,0.0,15.3,0.0
2017-02-15 22:00:00,7.0,94,13,0.0,14.3,0.0
2017-02-15 23:00:00,6.6,94,49,0.0,12.7,0.0
2017-02-16 00:00:00,6.2,95,1,0.0,11.7,0.0
2017-02-16 01:00:00,6.3,95,10,0.0,12.5,0.0
2017-02-16 02:00:00,6.4,94,90,0.0,13.2,0.0
2017-02-16 03:00:00,6.2,94,11,0.0,12.3,0.0
2017-02-16 04:00:00,5.8,94,15,0.0,12.5,0.0
2017-02-16 05:00:00,5.4,95,29,0.0,11.7,0.0
2017-02-16 06:00:00,5.0,95,5,0.0,11.5,0.0
2017-02-16 07:00:00,4.4,96,11,0.0,10.2,0.0
2017-02-16 08:00:00,4.1,96,7,0.0,10.2,0.0
2017-02-16 09:00:00,4.7,95,4,19.0,11.6,0.0
2017-02-16 10:00:00,6.3,92,5,123.0,13.4,0.0
2017-02-16 11:00:00,7.9,87,17,247.0,13.4,0.0
2017-02-16 12:00:00,9.4,82,23,336.0,14.0,0.0
2017-02-16 13:00:00,9.7,77,63,402.0,17.2,0.0
2017-02-16 14:00:00,10.5,70,44,291.0,17.2,0.0
2017-02-16 15:00:00,10.9,67,53,287.0,16.3,0.0
2017-02-16 16:00:00,11.0,63,67,239.0,18.7,0.0
2017-02-16 17:00:00,10.3,69,81,110.0,14.6,0.0
2017-02-16 18:00:00,9.1,74,71,45.0,11.9,0.0
2017-02-16 19:00:00,7.4,82,88,1.0,9.9,0.0
2017-02-16 20:00:00,7.5,81,91,0.0,10.5,0.5
2017-02-16 21:00:00,6.8,84,90,0.0,10.5,0.0
2017-02-16 22:00:00,6.5,87,99,0.0,11.6,0.0
2017-02-16 23:00:00,6.6,89,100,0.0,12.7,0.0
2017-02-17 00:00:00,6.8,91,99,0.0,12.8,0.0
2017-02-17 01:00:00,6.7,91,100,0.0,13.6,0.1
2017-02-17 02:00:00,7.2,90,78,0.0,13.9,0.0
2017-02-17 03:00:00,6.6,93,66,0.0,11.2,0.0
2017-02-17 04:00:00,6.5,93,23,0.0,10.5,0.0
2017-02-17 05:00:00,5.3,96,77,0.0,9.3,0.0
2017-02-17 06:00:00,5.8,95,92,0.0,9.8,0.0
2017-02-17 07:00:00,5.9,96,84,0.0,10.2,0.0
2017-02-17 08:00:00,5.6,96,90,0.0,8.8,0.0
2017-02-17 09:00:00,5.9,95,97,15.0,9.9,0.0
2017-02-17 10:00:00,7.0,92,99,62.0,10.5,0.0
2017-02-17 11:00:00,7.7,87,98,82.0,13.0,0.0
2017-02-17 12:00:00,8.7,82,87,185.0,10.8,0.0
2017-02-17 13:00:00,10.3,77,92,259.0,8.5,0.0
2017-02-17 14:00:00,11.0,74,72,239.0,8.2,0.0
2017-02-17 15:00:00,11.1,72,55,208.0,7.9,0.0
2017-02-17 16:00:00,11.3,69,43,184.0,6.7,0.0
2017-02-17 17:00:00,10.9,72,33,122.0,3.8,0.0
2017-02-17 18:00:00,10.8,69,50,55.0,3.7,0.0
2017-02-17 19:00:00,7.5,83,55,2.0,7.3,0.0
2017-02-17 20:00:00,6.5,90,39,0.0,7.4,0.0
2017-02-17 21:00:00,6.0,93,41,0.0,7.6,0.0
2017-02-17 22:00:00,5.4,95,38,0.0,6.9,0.0
2017-02-17 23:00:00,4.0,97,24,0.0,8.2,0.0
2017-02-18 00:00:00,3.5,98,10,0.0,8.2,0.0
2017-02-18 01:00:00,4.0,97,8,0.0,7.5,0.0
2017-02-18 02:00:00,3.9,98,33,0.0,6.8,0.0
2017-02-18 03:00:00,4.4,99,100,0.0,6.9,0.0
2017-02-18 04:00:00,4.9,100,100,0.0,6.4,0.0
2017-02-18 05:00:00,5.4,99,100,0.0,6.8,0.0
2017-02-18 06:00:00,5.1,98,100,0.0,5.4,0.0
2017-02-18 07:00:00,4.8,98,100,0.0,4.5,0.0
2017-02-18 08:00:00,4.7,98,100,0.0,3.3,0.0
2017-02-18 09:00:00,5.4,95,61,14.0,4.5,0.0
2017-02-18 10:00:00,6.4,90,28,88.0,4.3,0.0
2017-02-18 11:00:00,8.3,82,53,209.0,9.1,0.0
2017-02-18 12:00:00,10.3,72,51,317.0,12.9,0.0
2017-02-18 13:00:00,10.6,77,77,378.0,16.4,0.0
2017-02-18 14:00:00,11.4,70,100,234.0,15.9,0.0
2017-02-18 15:00:00,11.6,68,100,221.0,15.0,0.0
2017-02-18 16:00:00,11.6,67,26,236.0,14.1,0.0
2017-02-18 17:00:00,10.8,73,25,192.0,11.8,0.0
2017-02-18 18:00:00,8.3,83,60,74.0,8.3,0.0
2017-02-18 19:00:00,6.8,89,26,2.0,10.3,0.0
2017-02-18 20:00:00,6.2,93,26,0.0,12.2,0.0
2017-02-18 21:00:00,5.5,93,0,0.0,13.0,0.0
2017-02-18 22:00:00,5.1,93,0,0.0,12.2,0.0
2017-02-18 23:00:00,4.9,92,0,0.0,11.5,0.0
2017-02-19 00:00:00,4.4,93,0,0.0,10.5,0.0
2017-02-19 01:00:00,3.9,93,0,0.0,10.4,0.0
2017-02-19 02:00:00,3.7,93,0,0.0,11.8,0.0
2017-02-19 03:00:00,3.6,93,0,0.0,11.4,0.0
2017-02-19 04:00:00,3.8,93,0,0.0,12.2,0.0
2017-02-19 05:00:00,3.6,94,4,0.0,12.1,0.0
2017-02-19 06:00:00,3.8,94,99,0.0,11.8,0.0
2017-02-19 07:00:00,4.6,95,85,0.0,10.2,0.0
2017-02-19 08:00:00,5.3,95,55,0.0,12.6,0.0
2017-02-19 09:00:00,5.4,96,78,22.0,13.7,0.0
2017-02-19 10:00:00,7.0,92,100,101.0,14.0,0.0
2017-02-19 11:00:00,8.2,87,100,126.0,17.1,0.0
2017-02-19 12:00:00,8.7,84,100,132.0,15.9,0.0
2017-02-19 13:00:00,9.6,80,100,141.0,13.3,0.0
2017-02-19 14:00:00,10.3,78,100,165.0,13.4,0.0
2017-02-19 15:00:00,10.7,77,100,136.0,13.6,0.0
2017-02-19 16:00:00,10.7,77,99,82.0,12.1,0.0
2017-02-19 17:00:00,10.6,78,97,61.0,12.5,0.0
2017-02-19 18:00:00,9.9,82,100,34.0,12.6,0.0
2017-02-19 19:00:00,9.4,86,100,1.0,12.8,0.0
2017-02-19 20:00:00,9.3,87,100,0.0,12.1,0.0
2017-02-19 21:00:00,9.1,88,100,0.0,11.8,0.0
2017-02-19 22:00:00,9.1,88,100,0.0,11.0,0.0
2017-02-19 23:00:00,9.1,89,100,0.0,11.4,0.0
2017-02-20 00:00:00,8.9,92,100,0.0,12.2,0.0
2017-02-20 01:00:00,9.6,90,100,0.0,14.4,0.0
2017-02-20 02:00:00,9.7,93,100,0.0,15.3,0.0
2017-02-20 03:00:00,9.5,95,100,0.0,15.5,0.0
2017-02-20 04:00:00,9.4,96,100,0.0,15.0,0.0
2017-02-20 05:00:00,9.4,96,100,0.0,15.0,0.0
2017-02-20 06:00:00,9.6,97,100,0.0,14.8,0.0
2017-02-20 07:00:00,9.9,97,100,0.0,14.8,0.0
2017-02-20 08:00:00,10.1,96,100,0.0,13.7,0.0
2017-02-20 09:00:00,10.5,95,100,9.0,14.8,0.0
2017-02-20 10:00:00,11.1,92,92,38.0,16.7,0.0
2017-02-20 11:00:00,12.2,85,100,112.0,22.1,0.0
2017-02-20 12:00:00,12.5,83,100,133.0,20.9,0.0
2017-02-20 13:00:00,14.3,79,100,160.0,21.4,0.0
2017-02-20 14:00:00,16.0,74,100,283.0,26.8,0.0
2017-02-20 15:00:00,15.5,78,57,191.0,24.0,0.0
2017-02-20 16:00:00,14.9,79,94,307.0,25.1,0.0
2017-02-20 17:00:00,13.9,82,100,165.0,24.5,0.0
2017-02-20 18:00:00,12.9,85,97,38.0,20.5,0.0
2017-02-20 19:00:00,11.6,90,100,3.0,18.5,0.0
2017-02-20 20:00:00,11.7,89,100,0.0,19.7,0.0
2017-02-20 21:00:00,11.6,89,100,0.0,20.1,0.0
2017-02-20 22:00:00,11.7,88,100,0.0,20.0,0.0
2017-02-20 23:00:00,11.6,88,100,0.0,19.2,0.0
2017-02-21 00:00:00,10.9,90,100,0.0,17.9,0.0
2017-02-21 01:00:00,10.2,92,100,0.0,19.1,0.0
2017-02-21 02:00:00,10.5,91,100,0.0,21.6,0.0
2017-02-21 03:00:00,10.2,91,99,0.0,21.5,0.0
2017-02-21 04:00:00,10.2,90,100,0.0,18.8,0.0
2017-02-21 05:00:00,10.1,91,100,0.0,15.3,0.2
2017-02-21 06:00:00,10.0,94,100,0.0,15.0,0.5
2017-02-21 07:00:00,10.0,95,100,0.0,14.7,0.3
2017-02-21 08:00:00,10.1,94,100,0.0,16.1,0.0
2017-02-21 09:00:00,10.2,93,100,3.0,16.0,0.0
2017-02-21 10:00:00,10.4,94,100,24.0,15.8,0.0
2017-02-21 11:00:00,11.3,90,100,87.0,19.7,0.0
2017-02-21 12:00:00,12.0,87,100,97.0,18.7,0.0
2017-02-21 13:00:00,11.6,89,100,120.0,19.4,0.0
2017-02-21 14:00:00,12.0,87,100,81.0,20.5,0.0
2017-02-21 15:00:00,12.4,84,100,73.0,23.5,0.0
2017-02-21 16:00:00,12.0,86,100,40.0,19.7,0.0
2017-02-21 17:00:00,12.2,84,100,65.0,25.5,0.0
2017-02-21 18:00:00,11.8,85,100,23.0,25.1,0.0
2017-02-21 19:00:00,11.6,85,100,2.0,24.1,0.0
2017-02-21 20:00:00,11.5,85,100,0.0,25.2,0.0
2017-02-21 21:00:00,11.2,85,100,0.0,25.8,0.0
2017-02-21 22:00:00,11.0,81,100,0.0,27.1,0.0
2017-02-21 23:00:00,10.7,81,100,0.0,27.5,0.0
2017-02-22 00:00:00,10.8,79,100,0.0,27.4,0.0
2017-02-22 01:00:00,11.1,75,100,0.0,28.2,0.0
2017-02-22 02:00:00,10.7,79,100,0.0,28.7,0.0
2017-02-22 03:00:00,11.3,78,100,0.0,32.2,0.0
2017-02-22 04:00:00,11.2,79,100,0.0,32.9,0.0
2017-02-22 05:00:00,11.1,80,100,0.0,32.3,0.0
2017-02-22 06:00:00,11.2,80,100,0.0,30.6,0.0
2017-02-22 07:00:00,11.2,80,100,0.0,29.7,0.0
2017-02-22 08:00:00,11.3,81,100,0.0,28.8,0.0
2017-02-22 09:00:00,11.4,82,100,6.0,27.5,0.0
2017-02-22 10:00:00,11.8,81,100,35.0,26.1,0.0
2017-02-22 11:00:00,12.3,80,100,103.0,27.6,0.0
2017-02-22 12:00:00,13.3,73,100,146.0,30.0,0.0
2017-02-22 13:00:00,12.3,82,100,146.0,28.8,0.0
2017-02-22 14:00:00,12.5,82,100,93.0,29.5,0.1
2017-02-22 15:00:00,12.1,83,100,33.0,26.5,0.1
2017-02-22 16:00:00,12.3,82,100,36.0,29.7,0.2
2017-02-22 17:00:00,12.2,80,100,30.0,28.0,0.1
2017-02-22 18:00:00,12.0,81,100,17.0,26.7,0.0
2017-02-22 19:00:00,11.7,84,100,1.0,23.3,0.0
2017-02-22 20:00:00,11.6,85,100,0.0,24.8,0.0
2017-02-22 21:00:00,11.4,87,100,0.0,26.2,0.0
2017-02-22 22:00:00,11.4,87,100,0.0,25.0,0.0
2017-02-22 23:00:00,11.4,86,100,0.0,24.7,0.0
2017-02-23 00:00:00,11.1,88,100,0.0,25.3,0.0
2017-02-23 01:00:00,10.7,88,100,0.0,26.7,0.0
2017-02-23 02:00:00,10.9,86,100,0.0,31.1,0.0
2017-02-23 03:00:00,10.4,90,100,0.0,32.4,0.0
2017-02-23 04:00:00,10.3,90,100,0.0,32.6,0.0
2017-02-23 05:00:00,10.3,90,100,0.0,33.3,0.1
2017-02-23 06:00:00,10.2,86,100,0.0,34.4,0.0
2017-02-23 07:00:00,10.1,90,100,0.0,35.4,0.0
2017-02-23 08:00:00,10.2,85,100,0.0,35.9,0.0
2017-02-23 09:00:00,10.6,82,100,8.0,40.2,0.3
2017-02-23 10:00:00,9.7,76,14,14.0,40.8,0.8
2017-02-23 11:00:00,10.2,65,13,269.0,42.3,0.0
2017-02-23 12:00:00,10.4,61,33,391.0,53.3,0.0
2017-02-23 13:00:00,9.8,61,83,372.0,49.3,0.0
2017-02-23 14:00:00,10.2,57,51,432.0,53.4,0.2
2017-02-23 15:00:00,10.1,55,37,334.0,49.5,0.2
2017-02-23 16:00:00,9.2,60,51,239.0,45.4,0.3
2017-02-23 17:00:00,8.8,57,44,160.0,47.4,0.0
2017-02-23 18:00:00,8.2,57,27,55.0,41.4,0.0
2017-02-23 19:00:00,7.4,60,36,6.0,37.0,0.0
2017-02-23 20:00:00,6.7,66,21,0.0,31.0,0.0
2017-02-23 21:00:00,6.3,68,0,0.0,27.8,0.0
2017-02-23 22:00:00,5.7,71,12,0.0,23.7,0.0
2017-02-23 23:00:00,5.3,74,28,0.0,21.6,0.0
2017-02-24 00:00:00,5.1,75,34,0.0,20.5,0.0
2017-02-24 01:00:00,5.0,76,39,0.0,17.9,0.0
2017-02-24 02:00:00,4.8,75,23,0.0,17.6,0.0
2017-02-24 03:00:00,4.6,73,53,0.0,18.9,0.0
2017-02-24 04:00:00,4.3,74,10,0.0,16.6,0.0
2017-02-24 05:00:00,3.2,79,11,0.0,14.6,0.0
2017-02-24 06:00:00,2.9,80,8,0.0,14.6,0.0
2017-02-24 07:00:00,2.5,81,62,0.0,13.7,0.0
2017-02-24 08:00:00,1.9,84,88,0.0,12.7,0.0
2017-02-24 09:00:00,3.2,79,72,38.0,15.1,0.0
2017-02-24 10:00:00,4.6,74,57,158.0,16.4,0.0
2017-02-24 11:00:00,5.9,65,73,291.0,22.1,0.0
2017-02-24 12:00:00,7.1,57,88,346.0,22.4,0.0
2017-02-24 13:00:00,7.8,55,74,274.0,18.4,0.0
2017-02-24 14:00:00,8.2,53,85,272.0,17.4,0.0
2017-02-24 15:00:00,8.4,51,95,253.0,16.3,0.0
2017-02-24 16:00:00,8.4,50,99,218.0,15.3,0.0
2017-02-24 17:00:00,8.0,55,96,74.0,11.8,0.0
2017-02-24 18:00:00,7.1,64,78,45.0,5.4,0.0
2017-02-24 19:00:00,5.3,73,99,5.0,6.8,0.0
2017-02-24 20:00:00,4.5,75,93,0.0,7.3,0.0
2017-02-24 21:00:00,3.8,74,94,0.0,8.6,0.0
2017-02-24 22:00:00,3.9,73,97,0.0,9.6,0.0
2017-02-24 23:00:00,4.0,73,100,0.0,10.2,0.0
2017-02-25 00:00:00,4.5,72,97,0.0,11.1,0.0
2017-02-25 01:00:00,4.6,77,100,0.0,14.3,0.0
2017-02-25 02:00:00,5.5,73,100,0.0,17.6,0.0
2017-02-25 03:00:00,6.1,79,99,0.0,18.8,0.0
2017-02-25 04:00:00,6.5,82,100,0.0,19.4,0.0
2017-02-25 05:00:00,6.7,83,100,0.0,20.2,0.0
2017-02-25 06:00:00,7.1,82,100,0.0,21.5,0.0
2017-02-25 07:00:00,7.5,82,87,0.0,21.7,0.0
2017-02-25 08:00:00,7.7,84,100,0.0,23.6,0.0
2017-02-25 09:00:00,8.3,84,100,10.0,25.1,0.0
2017-02-25 10:00:00,8.8,80,100,39.0,28.2,0.0
2017-02-25 11:00:00,9.5,78,100,125.0,33.8,0.0
2017-02-25 12:00:00,10.2,72,100,162.0,36.2,0.1
2017-02-25 13:00:00,10.2,75,100,117.0,31.8,0.1
2017-02-25 14:00:00,9.9,79,100,114.0,30.2,0.0
2017-02-25 15:00:00,9.8,80,100,125.0,30.8,0.1
2017-02-25 16:00:00,9.7,80,100,81.0,29.6,0.0
2017-02-25 17:00:00,9.3,83,100,41.0,28.8,0.4
2017-02-25 18:00:00,8.8,87,100,8.0,27.5,0.2
2017-02-25 19:00:00,8.9,86,100,1.0,29.7,0.0
2017-02-25 20:00:00,8.9,86,100,0.0,29.7,0.2
2017-02-25 21:00:00,8.7,88,100,0.0,28.9,0.4
2017-02-25 22:00:00,8.8,88,100,0.0,27.2,0.2
2017-02-25 23:00:00,9.0,86,100,0.0,27.8,0.1
2017-02-26 00:00:00,9.0,87,100,0.0,26.4,0.0
2017-02-26 01:00:00,9.0,86,100,0.0,25.6,0.0
2017-02-26 02:00:00,9.5,86,99,0.0,28.8,0.0
2017-02-26 03:00:00,9.6,87,100,0.0,25.5,0.0
2017-02-26 04:00:00,9.8,89,100,0.0,23.4,0.0
2017-02-26 05:00:00,10.0,90,100,0.0,23.4,0.0
2017-02-26 06:00:00,10.1,91,100,0.0,22.9,0.0
2017-02-26 07:00:00,10.2,92,100,0.0,19.6,0.0
2017-02-26 08:00:00,9.9,93,100,0.0,16.6,0.0
2017-02-26 09:00:00,10.4,90,100,12.0,15.5,0.0
2017-02-26 10:00:00,11.0,86,100,68.0,19.6,0.1
2017-02-26 11:00:00,11.2,85,87,127.0,23.2,0.1
2017-02-26 12:00:00,11.8,73,80,239.0,25.5,0.0
2017-02-26 13:00:00,11.2,71,100,225.0,29.3,0.0
2017-02-26 14:00:00,11.2,68,100,213.0,33.4,0.0
2017-02-26 15:00:00,11.4,68,100,141.0,34.9,0.0
2017-02-26 16:00:00,10.5,75,100,91.0,34.7,0.0
2017-02-26 17:00:00,10.6,73,98,87.0,35.0,0.0
2017-02-26 18:00:00,10.1,77,99,37.0,33.8,0.0
2017-02-26 19:00:00,10.1,78,92,2.0,33.8,0.0
2017-02-26 20:00:00,10.0,79,92,0.0,32.7,0.0
2017-02-26 21:00:00,10.2,80,100,0.0,32.1,0.0
2017-02-26 22:00:00,10.3,80,100,0.0,30.4,0.0
2017-02-26 23:00:00,10.1,84,100,0.0,31.4,0.4
2017-02-27 00:00:00,9.7,90,100,0.0,27.9,0.5
2017-02-27 01:00:00,9.7,88,100,0.0,23.2,0.8
2017-02-27 02:00:00,9.2,92,100,0.0,20.9,1.0
2017-02-27 03:00:00,8.8,87,100,0.0,18.0,1.4
2017-02-27 04:00:00,8.5,84,99,0.0,22.9,1.8
2017-02-27 05:00:00,8.0,85,99,0.0,20.1,0.7
2017-02-27 06:00:00,7.7,85,100,0.0,19.0,0.0
2017-02-27 07:00:00,7.8,86,100,0.0,19.8,0.3
2017-02-27 08:00:00,7.8,88,100,0.0,20.2,0.0
2017-02-27 09:00:00,8.0,89,100,25.0,25.0,0.2
2017-02-27 10:00:00,8.1,88,98,63.0,23.4,0.0
2017-02-27 11:00:00,9.0,81,99,202.0,24.7,0.1
2017-02-27 12:00:00,9.1,79,100,247.0,28.5,0.2
2017-02-27 13:00:00,9.0,82,94,132.0,24.0,0.7
2017-02-27 14:00:00,7.7,81,100,255.0,26.5,1.7
2017-02-27 15:00:00,6.2,88,100,51.0,24.6,1.3
2017-02-27 16:00:00,6.7,83,96,104.0,26.1,0.3
2017-02-27 17:00:00,6.6,80,89,139.0,29.2,0.0
2017-02-27 18:00:00,5.8,79,74,68.0,26.5,0.2
2017-02-27 19:00:00,5.0,80,25,8.0,21.5,0.0
2017-02-27 20:00:00,4.3,79,91,0.0,18.1,0.0
2017-02-27 21:00:00,4.1,79,91,0.0,16.9,0.0
2017-02-27 22:00:00,3.5,81,92,0.0,17.4,0.0
2017-02-27 23:00:00,3.3,84,26,0.0,18.1,0.0
2017-02-28 00:00:00,3.0,84,58,0.0,17.4,0.0
2017-02-28 01:00:00,2.3,85,88,0.0,13.2,0.0
2017-02-28 02:00:00,2.1,85,90,0.0,13.1,0.0
2017-02-28 03:00:00,2.4,86,65,0.0,15.0,0.0
2017-02-28 04:00:00,2.1,87,82,0.0,16.6,0.0
2017-02-28 05:00:00,1.8,88,70,0.0,18.2,0.0
2017-02-28 06:00:00,1.2,91,75,0.0,14.7,0.0
2017-02-28 07:00:00,0.7,93,72,0.0,12.2,0.0
2017-02-28 08:00:00,0.4,93,47,0.0,12.5,0.0
2017-02-28 09:00:00,1.7,89,0,61.0,14.4,0.0
2017-02-28 10:00:00,3.3,84,6,198.0,15.0,0.0
2017-02-28 11:00:00,4.8,78,10,331.0,16.2,0.0
2017-02-28 12:00:00,6.2,68,28,429.0,17.9,0.0
2017-02-28 13:00:00,7.0,60,96,467.0,21.3,0.1
2017-02-28 14:00:00,6.3,65,100,420.0,25.0,0.3
2017-02-28 15:00:00,6.9,61,100,257.0,23.8,0.0
2017-02-28 16:00:00,5.9,68,100,142.0,23.5,0.7
2017-02-28 17:00:00,4.8,84,98,74.0,20.7,1.3
2017-02-28 18:00:00,5.3,82,55,40.0,20.1,0.0
2017-02-28 19:00:00,4.9,84,98,10.0,18.5,0.0
2017-02-28 20:00:00,4.7,84,99,0.0,21.0,0.4
2017-02-28 21:00:00,5.1,83,89,0.0,22.4,0.7
2017-02-28 22:00:00,5.9,82,66,0.0,27.3,0.2
2017-02-28 23:00:00,6.5,79,52,0.0,29.1,0.0
2017-03-01 00:00:00,5.9,80,64,0.0,26.6,0.0
2017-03-01 01:00:00,6.0,83,59,0.0,20.2,0.0
2017-03-01 02:00:00,5.6,85,30,0.0,19.5,0.0
2017-03-01 03:00:00,5.3,85,82,0.0,17.4,0.0
2017-03-01 04:00:00,4.5,88,86,0.0,15.3,0.0
2017-03-01 05:00:00,4.3,89,56,0.0,15.3,0.0
2017-03-01 06:00:00,3.9,90,82,0.0,13.8,0.0
2017-03-01 07:00:00,4.0,90,94,0.0,13.5,0.0
2017-03-01 08:00:00,4.3,89,100,1.0,12.5,0.0
2017-03-01 09:00:00,5.1,85,100,39.0,15.5,0.0
2017-03-01 10:00:00,5.9,81,99,106.0,15.2,0.0
2017-03-01 11:00:00,7.0,75,100,214.0,18.6,0.0
2017-03-01 12:00:00,7.7,68,100,220.0,18.7,0.0
2017-03-01 13:00:00,8.0,71,100,175.0,17.6,0.0
2017-03-01 14:00:00,7.9,74,100,135.0,17.3,0.1
2017-03-01 15:00:00,8.0,74,100,138.0,16.4,0.1
2017-03-01 16:00:00,7.7,78,100,74.0,12.6,0.1
2017-03-01 17:00:00,7.3,83,100,41.0,12.7,0.1
2017-03-01 18:00:00,6.8,85,100,17.0,9.2,0.1
2017-03-01 19:00:00,6.4,89,98,4.0,10.2,0.0
2017-03-01 20:00:00,6.0,90,87,0.0,11.2,0.0
2017-03-01 21:00:00,5.9,88,100,0.0,13.8,0.0
2017-03-01 22:00:00,6.1,88,100,0.0,18.7,0.1
2017-03-01 23:00:00,7.2,82,17,0.0,31.7,0.0
2017-03-02 00:00:00,6.2,77,15,0.0,34.6,0.0
2017-03-02 01:00:00,5.7,75,0,0.0,32.2,0.0
2017-03-02 02:00:00,5.1,68,6,0.0,36.2,0.0
2017-03-02 03:00:00,5.1,62,17,0.0,37.1,0.0
2017-03-02 04:00:00,5.2,59,10,0.0,36.8,0.0
2017-03-02 05:00:00,5.2,57,17,0.0,35.3,0.0
2017-03-02 06:00:00,5.4,50,2,0.0,32.8,0.0
2017-03-02 07:00:00,5.3,53,0,0.0,31.7,0.0
2017-03-02 08:00:00,5.4,54,1,1.0,33.6,0.0
2017-03-02 09:00:00,6.3,56,3,71.0,35.0,0.0
2017-03-02 10:00:00,7.5,60,8,207.0,33.5,0.0
2017-03-02 11:00:00,8.4,56,93,305.0,41.1,0.0
2017-03-02 12:00:00,9.2,56,61,386.0,36.7,0.0
2017-03-02 13:00:00,9.2,57,93,383.0,29.6,0.0
2017-03-02 14:00:00,10.3,50,82,350.0,27.2,0.0
2017-03-02 15:00:00,10.3,51,84,433.0,24.8,0.0
2017-03-02 16:00:00,10.0,48,58,337.0,23.3,0.0
2017-03-02 17:00:00,9.5,46,93,260.0,20.8,0.0
2017-03-02 18:00:00,8.1,54,85,118.0,13.8,0.0
2017-03-02 19:00:00,4.3,74,91,15.0,10.2,0.0
2017-03-02 20:00:00,5.8,75,97,0.0,13.4,0.0
2017-03-02 21:00:00,5.6,78,95,0.0,16.6,0.0
2017-03-02 22:00:00,5.3,85,82,0.0,15.1,0.0
2017-03-02 23:00:00,5.0,90,82,0.0,13.4,0.0
2017-03-03 00:00:00,5.0,90,94,0.0,12.4,0.0
2017-03-03 01:00:00,5.6,88,100,0.0,14.0,0.0
2017-03-03 02:00:00,5.9,84,100,0.0,14.5,0.0
2017-03-03 03:00:00,5.9,83,100,0.0,11.9,0.0
2017-03-03 04:00:00,5.3,84,100,0.0,10.8,0.0
2017-03-03 05:00:00,5.7,81,100,0.0,12.4,0.0
2017-03-03 06:00:00,6.1,78,100,0.0,15.0,0.0
2017-03-03 07:00:00,6.3,80,100,0.0,16.1,0.2
2017-03-03 08:00:00,6.0,86,100,0.0,14.0,0.6
2017-03-03 09:00:00,6.3,89,100,9.0,15.5,0.5
2017-03-03 10:00:00,6.7,90,100,22.0,17.9,0.6
2017-03-03 11:00:00,7.2,90,100,30.0,17.1,0.6
2017-03-03 12:00:00,8.0,89,100,74.0,17.9,0.5
2017-03-03 13:00:00,8.8,85,100,72.0,21.7,0.0
2017-03-03 14:00:00,10.5,82,100,225.0,22.9,0.0
2017-03-03 15:00:00,11.1,78,100,157.0,23.1,0.0
2017-03-03 16:00:00,11.5,77,100,176.0,18.8,0.0
2017-03-03 17:00:00,10.9,81,100,112.0,15.5,0.0
2017-03-03 18:00:00,10.2,85,99,58.0,12.7,0.0
2017-03-03 19:00:00,9.1,90,99,9.0,10.6,0.0
2017-03-03 20:00:00,8.6,92,98,0.0,10.5,0.5
2017-03-03 21:00:00,8.3,92,100,0.0,9.4,0.6
2017-03-03 22:00:00,8.4,92,100,0.0,8.7,0.3
2017-03-03 23:00:00,8.1,94,100,0.0,8.3,0.0
2017-03-04 00:00:00,7.3,96,99,0.0,8.2,0.0
2017-03-04 01:00:00,8.9,92,100,0.0,12.6,0.0
2017-03-04 02:00:00,8.5,93,100,0.0,10.9,0.0
2017-03-04 03:00:00,8.0,93,100,0.0,11.4,0.2
2017-03-04 04:00:00,7.7,92,100,0.0,14.2,0.1
2017-03-04 05:00:00,7.1,92,100,0.0,13.0,0.6
2017-03-04 06:00:00,6.2,93,100,0.0,9.2,0.1
2017-03-04 07:00:00,5.5,94,100,0.0,8.4,0.0
2017-03-04 08:00:00,5.1,94,100,1.0,7.4,0.0
2017-03-04 09:00:00,6.1,91,100,47.0,10.2,0.0
2017-03-04 10:00:00,7.6,86,100,164.0,10.8,0.0
2017-03-04 11:00:00,8.9,76,100,285.0,17.1,0.0
2017-03-04 12:00:00,9.5,70,100,293.0,16.5,0.0
2017-03-04 13:00:00,11.0,56,100,359.0,21.3,0.0
2017-03-04 14:00:00,10.6,59,100,271.0,23.1,0.0
2017-03-04 15:00:00,10.3,61,100,254.0,23.0,0.0
2017-03-04 16:00:00,10.3,61,100,272.0,25.3,0.0
2017-03-04 17:00:00,9.3,69,97,115.0,23.2,0.0
2017-03-04 18:00:00,8.8,75,89,58.0,24.2,0.0
2017-03-04 19:00:00,7.9,80,79,12.0,20.1,0.0
2017-03-04 20:00:00,7.0,84,55,0.0,16.4,0.0
2017-03-04 21:00:00,6.9,82,40,0.0,17.3,0.0
2017-03-04 22:00:00,6.5,80,0,0.0,19.8,0.0
2017-03-04 23:00:00,5.4,84,6,0.0,18.4,0.0
2017-03-05 00:00:00,5.2,83,12,0.0,19.7,0.0
2017-03-05 01:00:00,6.1,77,9,0.0,22.3,0.0
2017-03-05 02:00:00,5.8,79,25,0.0,21.3,0.0
2017-03-05 03:00:00,5.5,80,89,0.0,20.4,0.0
2017-03-05 04:00:00,5.4,77,39,0.0,18.6,0.0
2017-03-05 05:00:00,4.6,79,98,0.0,15.6,0.0
2017-03-05 06:00:00,5.2,78,20,0.0,15.1,0.0
2017-03-05 07:00:00,5.2,81,85,0.0,16.9,0.0
2017-03-05 08:00:00,5.6,80,100,3.0,17.3,0.0
2017-03-05 09:00:00,6.6,80,100,34.0,21.5,0.3
2017-03-05 10:00:00,5.4,92,100,29.0,25.1,1.9
2017-03-05 11:00:00,5.8,93,100,19.0,22.5,2.5
2017-03-05 12:00:00,7.2,87,63,60.0,34.8,0.3
2017-03-05 13:00:00,9.7,67,35,408.0,26.1,0.0
2017-03-05 14:00:00,9.2,68,81,397.0,28.7,1.0
2017-03-05 15:00:00,8.4,73,95,181.0,24.7,0.0
2017-03-05 16:00:00,9.0,66,84,287.0,31.1,0.1
2017-03-05 17:00:00,8.4,71,81,191.0,27.5,0.4
2017-03-05 18:00:00,7.4,74,65,115.0,25.9,0.0
2017-03-05 19:00:00,6.2,77,64,21.0,22.5,0.0
2017-03-05 20:00:00,6.0,81,100,0.0,19.4,0.0
2017-03-05 21:00:00,6.5,80,41,0.0,22.0,0.0
2017-03-05 22:00:00,5.9,82,87,0.0,24.3,0.1
2017-03-05 23:00:00,6.1,81,97,0.0,27.0,0.1
2017-03-06 00:00:00,5.9,81,100,0.0,27.0,0.2
2017-03-06 01:00:00,5.1,84,31,0.0,23.4,0.0
2017-03-06 02:00:00,5.1,82,69,0.0,21.3,0.0
2017-03-06 03:00:00,4.8,84,1,0.0,17.7,0.0
2017-03-06 04:00:00,4.2,89,7,0.0,15.9,0.0
2017-03-06 05:00:00,3.8,91,0,0.0,15.8,0.0
2017-03-06 06:00:00,2.8,93,0,0.0,8.8,0.0
2017-03-06 07:00:00,2.3,94,80,0.0,13.5,0.0
2017-03-06 08:00:00,2.0,95,100,4.0,6.9,0.0
2017-03-06 09:00:00,3.5,92,100,81.0,6.7,0.0
2017-03-06 10:00:00,5.2,86,100,204.0,9.2,0.0
2017-03-06 11:00:00,7.3,75,100,331.0,16.6,0.0
2017-03-06 12:00:00,8.5,65,100,374.0,19.6,0.0
2017-03-06 13:00:00,8.4,72,100,374.0,16.7,0.0
2017-03-06 14:00:00,9.6,62,100,394.0,20.4,0.3
2017-03-06 15:00:00,10.0,56,100,339.0,21.3,0.1
2017-03-06 16:00:00,10.1,52,100,264.0,19.9,0.0
2017-03-06 17:00:00,9.8,52,100,242.0,19.2,0.0
2017-03-06 18:00:00,8.7,61,100,107.0,14.0,0.0
2017-03-06 19:00:00,7.7,62,99,16.0,11.2,0.0
2017-03-06 20:00:00,7.3,66,97,0.0,11.7,0.0
2017-03-06 21:00:00,6.0,80,93,0.0,15.6,0.0
2017-03-06 22:00:00,5.1,86,99,0.0,14.0,0.0
2017-03-06 23:00:00,5.1,85,91,0.0,12.3,0.0
2017-03-07 00:00:00,5.0,87,95,0.0,13.8,0.2
2017-03-07 01:00:00,4.7,91,97,0.0,12.3,0.4
2017-03-07 02:00:00,4.8,92,31,0.0,11.9,0.0
2017-03-07 03:00:00,4.6,91,67,0.0,12.7,0.0
2017-03-07 04:00:00,4.8,90,50,0.0,13.3,0.2
2017-03-07 05:00:00,5.1,86,70,0.0,14.1,0.4
2017-03-07 06:00:00,4.1,90,81,0.0,12.0,0.0
2017-03-07 07:00:00,4.0,92,62,0.0,13.3,0.0
2017-03-07 08:00:00,3.2,93,51,5.0,12.5,0.0
2017-03-07 09:00:00,4.1,90,100,79.0,13.0,0.0
2017-03-07 10:00:00,5.3,82,100,166.0,15.3,0.0
2017-03-07 11:00:00,6.4,77,100,222.0,12.6,0.0
2017-03-07 12:00:00,7.4,71,100,253.0,9.9,0.0
2017-03-07 13:00:00,8.5,66,100,290.0,9.3,0.0
2017-03-07 14:00:00,9.0,63,100,187.0,9.1,0.0
2017-03-07 15:00:00,9.5,61,96,221.0,11.0,0.0
2017-03-07 16:00:00,9.5,59,99,178.0,7.9,0.0
2017-03-07 17:00:00,9.7,58,100,141.0,9.8,0.0
2017-03-07 18:00:00,9.0,64,96,68.0,7.6,0.0
2017-03-07 19:00:00,7.5,68,46,17.0,11.6,0.0
2017-03-07 20:00:00,5.9,75,99,0.0,15.0,0.0
2017-03-07 21:00:00,5.4,76,97,0.0,12.8,0.0
2017-03-07 22:00:00,5.7,80,100,0.0,13.1,0.0
2017-03-07 23:00:00,6.3,84,100,0.0,14.4,0.0
2017-03-08 00:00:00,6.9,86,100,0.0,16.9,0.0
2017-03-08 01:00:00,7.4,88,100,0.0,19.8,0.4
2017-03-08 02:00:00,7.4,91,100,0.0,17.5,1.1
2017-03-08 03:00:00,7.5,92,100,0.0,19.9,1.8
2017-03-08 04:00:00,7.9,94,100,0.0,23.9,0.1
2017-03-08 05:00:00,8.6,96,100,0.0,20.3,0.3
2017-03-08 06:00:00,9.8,96,100,0.0,20.9,0.0
2017-03-08 07:00:00,10.8,94,100,0.0,24.0,0.0
2017-03-08 08:00:00,11.0,93,100,1.0,24.2,0.0
2017-03-08 09:00:00,11.1,92,100,9.0,22.6,0.2
2017-03-08 10:00:00,11.1,94,100,23.0,21.2,0.8
2017-03-08 11:00:00,11.5,93,100,46.0,20.1,0.2
2017-03-08 12:00:00,12.6,86,78,225.0,25.2,0.4
2017-03-08 13:00:00,12.6,88,99,284.0,18.4,0.1
2017-03-08 14:00:00,13.8,81,100,293.0,17.2,0.0
2017-03-08 15:00:00,13.6,76,100,152.0,16.3,0.1
2017-03-08 16:00:00,13.3,74,95,107.0,15.1,0.2
2017-03-08 17:00:00,12.8,74,71,91.0,14.3,0.1
2017-03-08 18:00:00,12.1,74,89,61.0,12.8,0.0
2017-03-08 19:00:00,10.0,82,19,16.0,7.2,0.0
2017-03-08 20:00:00,8.7,88,7,0.0,8.4,0.0
2017-03-08 21:00:00,8.4,90,84,0.0,9.0,0.0
2017-03-08 22:00:00,8.6,88,99,0.0,9.0,0.0
2017-03-08 23:00:00,8.9,87,92,0.0,8.8,0.0
2017-03-09 00:00:00,9.0,89,100,0.0,10.2,0.0
2017-03-09 01:00:00,9.5,95,96,0.0,12.5,0.0
2017-03-09 02:00:00,10.0,94,100,0.0,14.6,0.0
2017-03-09 03:00:00,10.6,94,100,0.0,15.7,0.0
2017-03-09 04:00:00,11.1,92,100,0.0,19.3,0.0
2017-03-09 05:00:00,10.9,92,100,0.0,19.0,0.0
2017-03-09 06:00:00,11.0,91,99,0.0,18.6,0.0
2017-03-09 07:00:00,10.9,91,98,0.0,18.2,0.0
2017-03-09 08:00:00,10.9,89,100,3.0,19.9,0.0
2017-03-09 09:00:00,11.2,88,100,35.0,21.2,0.0
2017-03-09 10:00:00,11.8,85,95,91.0,20.2,0.0
2017-03-09 11:00:00,12.7,77,45,243.0,23.3,0.0
2017-03-09 12:00:00,13.8,68,58,358.0,20.8,0.0
2017-03-09 13:00:00,15.1,63,32,481.0,17.4,0.0
2017-03-09 14:00:00,15.3,56,45,480.0,16.5,0.0
2017-03-09 15:00:00,15.2,51,32,463.0,16.5,0.0
2017-03-09 16:00:00,14.9,50,0,407.0,15.5,0.0
2017-03-09 17:00:00,14.3,54,0,293.0,13.4,0.0
2017-03-09 18:00:00,12.6,64,29,159.0,7.7,0.0
2017-03-09 19:00:00,8.3,79,98,32.0,11.8,0.0
2017-03-09 20:00:00,7.8,82,97,0.0,10.5,0.0
2017-03-09 21:00:00,7.3,84,97,0.0,7.3,0.0
2017-03-09 22:00:00,6.4,89,100,0.0,8.7,0.0
2017-03-09 23:00:00,6.3,89,99,0.0,7.9,0.0
2017-03-10 00:00:00,6.1,90,98,0.0,7.2,0.0
2017-03-10 01:00:00,6.0,85,98,0.0,10.5,0.0
2017-03-10 02:00:00,5.4,86,96,0.0,9.4,0.0
2017-03-10 03:00:00,5.3,84,97,0.0,8.9,0.0
2017-03-10 04:00:00,4.7,86,76,0.0,8.1,0.0
2017-03-10 05:00:00,5.7,81,84,0.0,9.0,0.0
2017-03-10 06:00:00,6.3,78,100,0.0,9.1,0.0
2017-03-10 07:00:00,7.3,80,100,0.0,10.7,0.0
2017-03-10 08:00:00,7.5,90,100,2.0,11.0,0.0
2017-03-10 09:00:00,8.0,93,100,18.0,11.5,0.0
2017-03-10 10:00:00,8.8,93,100,36.0,11.4,0.1
2017-03-10 11:00:00,9.5,93,100,47.0,12.6,0.0
2017-03-10 12:00:00,10.0,90,100,65.0,14.8,0.0
2017-03-10 13:00:00,10.4,87,100,93.0,12.2,0.0
2017-03-10 14:00:00,11.1,85,100,118.0,12.6,0.0
2017-03-10 15:00:00,11.5,84,100,143.0,13.0,0.0
2017-03-10 16:00:00,12.0,82,100,216.0,13.8,0.0
2017-03-10 17:00:00,11.4,84,100,108.0,13.8,0.0
2017-03-10 18:00:00,10.9,87,100,35.0,10.8,0.0
2017-03-10 19:00:00,10.4,90,100,8.0,8.7,0.0
2017-03-10 20:00:00,10.1,91,99,0.0,9.7,0.0
2017-03-10 21:00:00,9.4,95,100,0.0,7.9,0.0
2017-03-10 22:00:00,9.4,95,98,0.0,7.2,0.0
2017-03-10 23:00:00,9.3,95,97,0.0,8.9,0.0
2017-03-11 00:00:00,9.4,93,87,0.0,9.8,0.0
2017-03-11 01:00:00,9.5,94,94,0.0,7.6,0.0
2017-03-11 02:00:00,9.1,94,100,0.0,8.4,0.0
2017-03-11 03:00:00,8.9,94,100,0.0,9.3,0.0
2017-03-11 04:00:00,8.9,94,100,0.0,10.1,0.0
2017-03-11 05:00:00,8.6,95,99,0.0,10.3,0.0
2017-03-11 06:00:00,8.4,95,97,0.0,10.3,0.0
2017-03-11 07:00:00,8.4,95,85,0.0,8.5,0.0
2017-03-11 08:00:00,8.4,95,100,7.0,7.5,0.0
2017-03-11 09:00:00,9.9,89,100,64.0,10.6,0.0
2017-03-11 10:00:00,11.2,85,100,134.0,10.2,0.0
2017-03-11 11:00:00,12.7,80,98,251.0,11.4,0.0
2017-03-11 12:00:00,13.8,76,99,327.0,11.3,0.0
2017-03-11 13:00:00,15.0,71,92,440.0,13.6,0.0
2017-03-11 14:00:00,15.0,70,100,239.0,12.1,0.0
2017-03-11 15:00:00,15.3,69,100,255.0,10.4,0.0
2017-03-11 16:00:00,15.1,69,100,226.0,9.6,0.0
2017-03-11 17:00:00,14.8,70,100,140.0,9.8,0.0
2017-03-11 18:00:00,14.0,77,99,66.0,5.9,0.0
2017-03-11 19:00:00,13.1,79,100,11.0,7.7,0.0
2017-03-11 20:00:00,12.2,82,100,0.0,10.0,0.0
2017-03-11 21:00:00,11.1,87,100,0.0,7.8,0.0
2017-03-11 22:00:00,9.5,89,99,0.0,8.2,0.0
2017-03-11 23:00:00,8.4,89,87,0.0,7.7,0.0
2017-03-12 00:00:00,7.2,90,95,0.0,9.4,0.0
2017-03-12 01:00:00,9.4,76,96,0.0,4.7,0.0
2017-03-12 02:00:00,7.7,87,95,0.0,6.3,0.0
2017-03-12 03:00:00,7.8,88,98,0.0,7.3,0.0
2017-03-12 04:00:00,9.0,79,99,0.0,4.8,0.1
2017-03-12 05:00:00,9.0,79,100,0.0,4.3,0.0
2017-03-12 06:00:00,8.0,87,100,0.0,3.6,0.2
2017-03-12 07:00:00,7.5,89,100,0.0,3.1,0.0
2017-03-12 08:00:00,7.4,90,83,9.0,3.5,0.0
2017-03-12 09:00:00,8.7,86,100,92.0,7.7,0.0
2017-03-12 10:00:00,9.8,82,97,169.0,4.2,0.0
2017-03-12 11:00:00,11.2,77,95,283.0,2.5,0.0
2017-03-12 12:00:00,12.4,74,94,393.0,5.4,0.0
2017-03-12 13:00:00,12.6,75,98,346.0,3.9,0.0
2017-03-12 14:00:00,12.9,75,100,211.0,8.1,0.4
2017-03-12 15:00:00,12.1,87,100,123.0,12.0,0.9
2017-03-12 16:00:00,11.6,91,100,72.0,12.3,0.3
2017-03-12 17:00:00,11.6,90,100,59.0,10.0,0.1
2017-03-12 18:00:00,11.5,90,100,59.0,5.9,0.0
2017-03-12 19:00:00,10.6,93,100,14.0,5.4,0.0
2017-03-12 20:00:00,10.7,91,100,0.0,7.0,0.0
2017-03-12 21:00:00,10.5,90,98,0.0,8.0,0.0
2017-03-12 22:00:00,10.5,87,100,0.0,13.2,0.0
2017-03-12 23:00:00,9.8,87,97,0.0,16.9,0.0
2017-03-13 00:00:00,9.4,88,91,0.0,14.7,0.0
2017-03-13 01:00:00,9.3,88,78,0.0,14.0,0.0
2017-03-13 02:00:00,9.2,84,99,0.0,16.7,0.0
2017-03-13 03:00:00,8.5,82,23,0.0,15.1,0.0
2017-03-13 04:00:00,7.1,86,30,0.0,8.9,0.0
2017-03-13 05:00:00,6.4,89,17,0.0,9.3,0.0
2017-03-13 06:00:00,5.5,89,73,0.0,9.2,0.0
2017-03-13 07:00:00,5.0,89,66,0.0,9.2,0.0
2017-03-13 08:00:00,5.2,90,43,15.0,9.2,0.0
2017-03-13 09:00:00,7.0,86,74,123.0,12.0,0.0
2017-03-13 10:00:00,8.8,78,61,269.0,11.6,0.0
2017-03-13 11:00:00,10.3,68,92,407.0,9.0,0.0
2017-03-13 12:00:00,11.6,60,95,502.0,12.2,0.0
2017-03-13 13:00:00,12.4,54,91,541.0,12.2,0.0
2017-03-13 14:00:00,13.1,52,86,560.0,12.3,0.0
2017-03-13 15:00:00,13.6,54,17,529.0,10.6,0.0
2017-03-13 16:00:00,13.9,58,100,424.0,10.4,0.0
2017-03-13 17:00:00,13.8,60,99,231.0,10.2,0.0
2017-03-13 18:00:00,13.1,67,98,105.0,7.6,0.0
2017-03-13 19:00:00,11.9,72,100,22.0,6.9,0.0
2017-03-13 20:00:00,11.3,75,100,0.0,6.1,0.0
2017-03-13 21:00:00,11.0,78,100,0.0,8.7,0.0
2017-03-13 22:00:00,11.3,79,90,0.0,10.1,0.0
2017-03-13 23:00:00,10.0,87,22,0.0,9.8,0.0
2017-03-14 00:00:00,8.5,94,20,0.0,9.0,0.0
2017-03-14 01:00:00,8.5,94,14,0.0,9.2,0.0
2017-03-14 02:00:00,7.9,96,62,0.0,10.0,0.0
2017-03-14 03:00:00,7.8,97,100,0.0,11.4,0.0
2017-03-14 04:00:00,7.7,99,100,0.0,12.8,0.0
2017-03-14 05:00:00,7.6,100,100,0.0,14.7,0.0
2017-03-14 06:00:00,7.9,96,96,0.0,13.1,0.0
2017-03-14 07:00:00,7.9,96,91,0.0,14.2,0.0
2017-03-14 08:00:00,7.9,94,100,12.0,16.7,0.0
2017-03-14 09:00:00,8.9,91,100,72.0,18.5,0.0
2017-03-14 10:00:00,9.7,89,100,95.0,18.0,0.0
2017-03-14 11:00:00,10.6,86,100,165.0,15.5,0.0
2017-03-14 12:00:00,11.3,83,100,222.0,17.0,0.0
2017-03-14 13:00:00,11.9,80,100,317.0,16.3,0.0
2017-03-14 14:00:00,12.9,75,100,268.0,17.7,0.0
2017-03-14 15:00:00,14.0,70,100,331.0,18.4,0.0
2017-03-14 16:00:00,14.8,66,100,253.0,17.5,0.0
2017-03-14 17:00:00,15.0,68,100,190.0,15.2,0.0
2017-03-14 18:00:00,14.0,74,95,88.0,15.8,0.0
2017-03-14 19:00:00,12.3,82,89,32.0,12.6,0.0
2017-03-14 20:00:00,11.4,87,91,0.0,10.6,0.0
2017-03-14 21:00:00,11.0,89,78,0.0,10.2,0.0
2017-03-14 22:00:00,10.1,93,32,0.0,9.2,0.0
2017-03-14 23:00:00,9.5,94,40,0.0,8.8,0.0
2017-03-15 00:00:00,8.4,97,46,0.0,8.3,0.0
2017-03-15 01:00:00,9.4,96,24,0.0,9.0,0.0
2017-03-15 02:00:00,8.1,98,75,0.0,7.2,0.0
2017-03-15 03:00:00,7.1,99,67,0.0,6.8,0.0
2017-03-15 04:00:00,7.5,99,100,0.0,6.6,0.0
2017-03-15 05:00:00,7.8,100,100,0.0,6.5,0.0
2017-03-15 06:00:00,8.3,99,100,0.0,6.5,0.0
2017-03-15 07:00:00,8.3,99,100,0.0,3.6,0.0
2017-03-15 08:00:00,8.4,99,100,10.0,3.8,0.0
2017-03-15 09:00:00,9.1,94,100,84.0,3.4,0.0
2017-03-15 10:00:00,10.1,88,59,215.0,1.9,0.0
2017-03-15 11:00:00,11.7,80,17,375.0,1.1,0.0
2017-03-15 12:00:00,13.2,73,15,490.0,2.9,0.0
2017-03-15 13:00:00,14.7,62,86,518.0,5.8,0.0
2017-03-15 14:00:00,15.3,63,0,534.0,6.9,0.0
2017-03-15 15:00:00,15.7,61,12,528.0,8.0,0.0
2017-03-15 16:00:00,15.7,62,3,402.0,7.6,0.0
2017-03-15 17:00:00,15.5,62,0,314.0,8.4,0.0
2017-03-15 18:00:00,14.6,71,5,177.0,5.8,0.0
2017-03-15 19:00:00,10.8,86,4,45.0,10.2,0.0
2017-03-15 20:00:00,10.2,86,0,0.0,9.2,0.0
2017-03-15 21:00:00,8.3,92,0,0.0,10.2,0.0
2017-03-15 22:00:00,8.3,94,0,0.0,8.0,0.0
2017-03-15 23:00:00,7.5,96,0,0.0,7.4,0.0
2017-03-16 00:00:00,6.7,97,0,0.0,7.4,0.0
2017-03-16 01:00:00,6.4,98,1,0.0,7.9,0.0
2017-03-16 02:00:00,6.0,100,27,0.0,6.6,0.0
2017-03-16 03:00:00,6.1,100,100,0.0,7.9,0.0
2017-03-16 04:00:00,6.2,100,100,0.0,9.2,0.0
2017-03-16 05:00:00,6.5,99,100,0.0,11.5,0.0
2017-03-16 06:00:00,6.5,99,100,0.0,11.5,0.0
2017-03-16 07:00:00,6.4,98,100,0.0,9.7,0.0
2017-03-16 08:00:00,6.5,97,99,15.0,8.9,0.0
2017-03-16 09:00:00,7.3,93,100,93.0,10.2,0.0
2017-03-16 10:00:00,8.5,89,100,183.0,13.0,0.0
2017-03-16 11:00:00,10.1,83,99,306.0,16.1,0.0
2017-03-16 12:00:00,10.9,79,100,295.0,18.7,0.0
2017-03-16 13:00:00,12.7,75,100,229.0,21.9,0.0
2017-03-16 14:00:00,13.0,73,100,276.0,21.7,0.0
2017-03-16 15:00:00,13.4,70,100,279.0,21.4,0.0
2017-03-16 16:00:00,13.5,70,43,271.0,19.6,0.0
2017-03-16 17:00:00,13.3,70,50,282.0,19.5,0.0
2017-03-16 18:00:00,12.1,75,60,150.0,18.0,0.0
2017-03-16 19:00:00,10.5,81,100,34.0,13.7,0.0
2017-03-16 20:00:00,10.8,77,100,0.0,15.7,0.0
2017-03-16 21:00:00,10.0,76,96,0.0,13.3,0.0
2017-03-16 22:00:00,9.6,78,99,0.0,11.4,0.0
2017-03-16 23:00:00,9.0,80,28,0.0,12.2,0.0
2017-03-17 00:00:00,7.5,88,89,0.0,12.1,0.0
2017-03-17 01:00:00,7.1,92,100,0.0,10.1,0.0
2017-03-17 02:00:00,7.5,91,100,0.0,11.4,0.1
2017-03-17 03:00:00,8.8,78,86,0.0,12.0,0.0
2017-03-17 04:00:00,7.3,73,44,0.0,7.1,0.0
2017-03-17 05:00:00,4.8,84,100,0.0,7.6,0.0
2017-03-17 06:00:00,4.0,88,0,0.0,7.7,0.0
2017-03-17 07:00:00,3.7,90,86,0.0,10.4,0.0
2017-03-17 08:00:00,4.4,87,98,23.0,13.3,0.0
2017-03-17 09:00:00,5.8,81,98,101.0,15.2,0.0
2017-03-17 10:00:00,7.1,73,92,220.0,18.4,0.0
2017-03-17 11:00:00,8.3,66,97,375.0,20.9,0.0
2017-03-17 12:00:00,9.2,63,99,402.0,22.2,0.0
2017-03-17 13:00:00,9.7,62,100,503.0,22.0,0.0
2017-03-17 14:00:00,10.5,60,100,392.0,22.9,0.0
2017-03-17 15:00:00,10.4,61,100,228.0,24.8,0.0
2017-03-17 16:00:00,9.9,64,100,142.0,27.0,0.0
2017-03-17 17:00:00,10.2,61,100,155.0,26.0,0.0
2017-03-17 18:00:00,9.8,63,100,52.0,26.0,0.0
2017-03-17 19:00:00,9.4,67,100,16.0,29.0,0.0
2017-03-17 20:00:00,8.8,73,100,0.0,29.7,0.2
2017-03-17 21:00:00,8.6,76,100,0.0,31.5,0.3
2017-03-17 22:00:00,9.0,78,100,0.0,32.4,0.1
2017-03-17 23:00:00,9.3,80,100,0.0,33.0,0.0
2017-03-18 00:00:00,9.7,82,100,0.0,32.0,0.0
2017-03-18 01:00:00,9.9,84,100,0.0,33.2,0.0
2017-03-18 02:00:00,10.4,85,100,0.0,32.7,0.0
2017-03-18 03:00:00,10.8,86,100,0.0,29.4,0.0
2017-03-18 04:00:00,11.2,86,100,0.0,29.3,0.0
2017-03-18 05:00:00,11.4,86,100,0.0,29.2,0.1
2017-03-18 06:00:00,11.2,87,100,0.0,25.5,0.2
2017-03-18 07:00:00,11.0,89,100,0.0,24.6,0.2
2017-03-18 08:00:00,11.1,88,100,3.0,23.9,0.0
2017-03-18 09:00:00,11.6,86,100,19.0,22.1,0.0
2017-03-18 10:00:00,12.1,84,100,48.0,22.0,0.0
2017-03-18 11:00:00,12.8,84,71,139.0,24.6,0.1
2017-03-18 12:00:00,14.0,74,95,306.0,29.3,0.1
2017-03-18 13:00:00,14.0,74,100,323.0,29.1,0.1
2017-03-18 14:00:00,13.4,79,100,141.0,29.1,0.0
2017-03-18 15:00:00,13.9,75,100,226.0,31.0,0.0
2017-03-18 16:00:00,13.6,75,100,151.0,30.1,0.0
2017-03-18 17:00:00,13.2,79,90,79.0,27.4,0.0
2017-03-18 18:00:00,13.2,80,97,100.0,23.8,0.0
2017-03-18 19:00:00,12.3,84,100,28.0,23.8,0.0
2017-03-18 20:00:00,12.0,84,100,0.0,22.9,0.0
2017-03-18 21:00:00,11.2,88,96,0.0,21.0,0.0
2017-03-18 22:00:00,11.4,88,97,0.0,21.5,0.0
2017-03-18 23:00:00,11.5,87,97,0.0,21.6,0.0
2017-03-19 00:00:00,11.2,88,100,0.0,20.6,0.0
2017-03-19 01:00:00,11.4,89,100,0.0,21.8,0.0
2017-03-19 02:00:00,11.5,88,100,0.0,23.4,0.0
2017-03-19 03:00:00,11.5,87,100,0.0,24.3,0.0
2017-03-19 04:00:00,11.2,88,100,0.0,24.0,0.0
2017-03-19 05:00:00,11.3,86,100,0.0,25.0,0.0
2017-03-19 06:00:00,11.2,86,100,0.0,25.3,0.0
2017-03-19 07:00:00,11.1,84,100,0.0,26.2,0.0
2017-03-19 08:00:00,11.1,81,100,18.0,28.1,0.0
2017-03-19 09:00:00,11.2,78,100,64.0,25.6,0.0
2017-03-19 10:00:00,12.0,70,100,189.0,35.0,0.0
2017-03-19 11:00:00,12.4,68,98,194.0,35.0,0.0
2017-03-19 12:00:00,13.2,64,99,291.0,34.1,0.0
2017-03-19 13:00:00,13.4,70,98,333.0,32.4,0.0
2017-03-19 14:00:00,13.9,63,100,252.0,35.5,0.0
2017-03-19 15:00:00,14.4,58,89,298.0,36.1,0.0
2017-03-19 16:00:00,14.6,60,100,260.0,35.7,0.0
2017-03-19 17:00:00,14.1,66,100,123.0,29.0,0.0
2017-03-19 18:00:00,13.5,68,100,54.0,27.5,0.0
2017-03-19 19:00:00,12.8,74,100,8.0,25.6,0.0
2017-03-19 20:00:00,12.4,78,100,0.0,23.8,0.0
2017-03-19 21:00:00,12.1,80,100,0.0,23.4,0.0
2017-03-19 22:00:00,12.0,81,100,0.0,23.7,0.0
2017-03-19 23:00:00,11.8,83,100,0.0,23.1,0.0
2017-03-20 00:00:00,11.8,84,100,0.0,22.2,0.1
2017-03-20 01:00:00,11.6,85,100,0.0,22.5,0.0
2017-03-20 02:00:00,11.3,87,100,0.0,21.7,0.0
2017-03-20 03:00:00,11.0,89,100,0.0,22.4,0.0
2017-03-20 04:00:00,10.8,90,100,0.0,23.4,0.0
2017-03-20 05:00:00,10.5,93,100,0.0,23.7,0.0
2017-03-20 06:00:00,10.6,93,100,0.0,24.0,0.0
2017-03-20 07:00:00,10.6,92,100,0.0,25.0,0.0
2017-03-20 08:00:00,10.9,91,100,8.0,25.7,0.0
2017-03-20 09:00:00,11.3,89,99,26.0,27.0,0.0
2017-03-20 10:00:00,11.9,86,98,95.0,31.8,0.0
2017-03-20 11:00:00,12.4,83,100,159.0,34.0,0.0
2017-03-20 12:00:00,12.4,84,100,186.0,33.7,0.1
2017-03-20 13:00:00,11.2,90,100,106.0,27.9,0.0
2017-03-20 14:00:00,11.0,88,100,71.0,28.3,0.0
2017-03-20 15:00:00,10.7,89,100,49.0,30.4,1.2
2017-03-20 16:00:00,10.7,92,100,59.0,35.5,1.5
2017-03-20 17:00:00,10.3,87,92,19.0,20.2,1.6
2017-03-20 18:00:00,10.0,84,89,75.0,20.2,0.0
2017-03-20 19:00:00,8.9,86,78,43.0,19.1,0.0
2017-03-20 20:00:00,8.2,87,37,0.0,19.5,0.0
2017-03-20 21:00:00,7.6,85,10,0.0,19.8,0.0
2017-03-20 22:00:00,6.8,85,1,0.0,18.0,0.0
2017-03-20 23:00:00,6.4,84,2,0.0,18.9,0.0
2017-03-21 00:00:00,6.1,83,3,0.0,18.6,0.0
2017-03-21 01:00:00,6.7,87,6,0.0,18.0,0.0
2017-03-21 02:00:00,6.4,86,33,0.0,17.6,0.0
2017-03-21 03:00:00,5.9,87,25,0.0,19.7,0.0
2017-03-21 04:00:00,5.4,82,1,0.0,21.1,0.0
2017-03-21 05:00:00,4.8,77,44,0.0,19.3,0.0
2017-03-21 06:00:00,4.0,75,42,0.0,18.1,0.0
2017-03-21 07:00:00,3.4,75,7,0.0,18.3,0.0
2017-03-21 08:00:00,3.8,74,0,40.0,19.6,0.0
2017-03-21 09:00:00,5.1,69,0,177.0,20.6,0.0
2017-03-21 10:00:00,6.5,64,0,335.0,23.6,0.0
2017-03-21 11:00:00,7.7,57,15,473.0,25.2,0.0
2017-03-21 12:00:00,8.7,52,19,561.0,26.0,0.0
2017-03-21 13:00:00,9.4,50,17,589.0,24.5,0.0
2017-03-21 14:00:00,9.9,48,30,590.0,26.3,0.1
2017-03-21 15:00:00,9.9,48,18,521.0,25.9,0.2
2017-03-21 16:00:00,9.8,46,59,426.0,26.1,0.1
2017-03-21 17:00:00,9.4,48,45,274.0,23.1,0.0
2017-03-21 18:00:00,8.7,56,32,181.0,20.4,0.1
2017-03-21 19:00:00,7.5,61,27,60.0,16.4,0.0
2017-03-21 20:00:00,6.3,66,8,1.0,16.9,0.0
2017-03-21 21:00:00,5.6,69,2,0.0,17.7,0.0
2017-03-21 22:00:00,5.2,71,90,0.0,15.4,0.0
2017-03-21 23:00:00,5.2,72,1,0.0,15.7,0.0
2017-03-22 00:00:00,5.1,74,90,0.0,15.2,0.0
2017-03-22 01:00:00,6.1,73,100,0.0,18.1,0.0
2017-03-22 02:00:00,6.5,70,95,0.0,20.1,0.0
2017-03-22 03:00:00,6.6,67,99,0.0,19.7,0.0
2017-03-22 04:00:00,6.4,74,100,0.0,18.9,0.0
2017-03-22 05:00:00,6.5,74,100,0.0,19.9,0.0
2017-03-22 06:00:00,6.0,77,98,0.0,20.0,0.0
2017-03-22 07:00:00,5.7,78,100,0.0,19.3,0.0
2017-03-22 08:00:00,5.9,76,97,15.0,21.8,0.0
2017-03-22 09:00:00,6.5,74,100,76.0,20.6,0.0
2017-03-22 10:00:00,6.6,77,98,84.0,23.5,0.4
2017-03-22 11:00:00,6.8,78,100,184.0,30.0,0.5
2017-03-22 12:00:00,6.9,82,100,174.0,31.1,0.7
2017-03-22 13:00:00,6.5,87,100,227.0,22.5,0.4
2017-03-22 14:00:00,8.0,81,88,253.0,17.6,0.4
2017-03-22 15:00:00,7.5,83,99,131.0,16.6,0.6
2017-03-22 16:00:00,7.7,81,98,158.0,19.1,0.2
2017-03-22 17:00:00,8.7,72,95,196.0,19.5,0.0
2017-03-22 18:00:00,8.1,78,42,120.0,14.8,0.0
2017-03-22 19:00:00,7.0,81,100,55.0,9.4,0.0
2017-03-22 20:00:00,5.3,88,99,1.0,7.3,0.0
2017-03-22 21:00:00,5.2,89,99,0.0,7.7,0.0
2017-03-22 22:00:00,3.3,94,98,0.0,9.4,0.0
2017-03-22 23:00:00,3.5,95,99,0.0,7.6,0.0
2017-03-23 00:00:00,2.9,98,100,0.0,7.0,0.0
2017-03-23 01:00:00,4.3,98,99,0.0,7.6,0.0
2017-03-23 02:00:00,5.2,95,100,0.0,12.6,1.7
2017-03-23 03:00:00,5.2,92,100,0.0,7.6,1.5
2017-03-23 04:00:00,5.1,90,100,0.0,9.0,1.1
2017-03-23 05:00:00,5.9,91,100,0.0,12.2,0.2
2017-03-23 06:00:00,6.1,88,100,0.0,15.6,0.0
2017-03-23 07:00:00,6.1,87,100,0.0,16.6,0.0
2017-03-23 08:00:00,6.4,86,100,8.0,18.5,0.2
2017-03-23 09:00:00,7.2,87,100,81.0,18.5,0.5
2017-03-23 10:00:00,8.0,83,100,130.0,17.1,0.6
2017-03-23 11:00:00,8.5,83,100,144.0,21.1,0.3
2017-03-23 12:00:00,9.4,78,99,229.0,26.1,0.1
2017-03-23 13:00:00,10.9,65,100,184.0,33.2,0.0
2017-03-23 14:00:00,10.9,64,98,327.0,31.2,0.2
2017-03-23 15:00:00,11.0,61,99,378.0,32.9,0.0
2017-03-23 16:00:00,10.6,60,100,186.0,31.0,0.0
2017-03-23 17:00:00,10.4,62,38,164.0,30.1,0.0
2017-03-23 18:00:00,9.8,71,1,204.0,29.1,0.0
2017-03-23 19:00:00,8.5,74,1,73.0,25.1,0.0
2017-03-23 20:00:00,7.3,77,3,2.0,23.0,0.0
2017-03-23 21:00:00,6.7,81,99,0.0,23.4,0.0
2017-03-23 22:00:00,6.8,83,1,0.0,23.7,0.0
2017-03-23 23:00:00,6.9,83,1,0.0,24.2,0.0
2017-03-24 00:00:00,6.8,85,91,0.0,24.2,0.0
2017-03-24 01:00:00,6.5,87,94,0.0,23.7,0.0
2017-03-24 02:00:00,6.6,88,15,0.0,22.8,0.0
2017-03-24 03:00:00,6.4,89,52,0.0,21.8,0.0
2017-03-24 04:00:00,6.1,91,42,0.0,19.8,0.0
2017-03-24 05:00:00,6.0,91,54,0.0,20.2,0.0
2017-03-24 06:00:00,6.0,90,42,0.0,21.1,0.0
2017-03-24 07:00:00,5.8,91,96,0.0,24.2,0.0
2017-03-24 08:00:00,6.6,88,100,30.0,21.0,0.0
2017-03-24 09:00:00,7.8,84,100,85.0,25.1,0.0
2017-03-24 10:00:00,8.7,81,100,114.0,26.4,0.0
2017-03-24 11:00:00,9.1,80,100,133.0,29.0,0.0
2017-03-24 12:00:00,10.3,75,100,264.0,25.0,0.0
2017-03-24 13:00:00,10.5,74,100,254.0,23.7,0.0
2017-03-24 14:00:00,10.7,74,100,254.0,21.4,0.0
2017-03-24 15:00:00,10.7,74,100,202.0,20.7,0.0
2017-03-24 16:00:00,11.2,71,97,243.0,23.8,0.0
2017-03-24 17:00:00,11.6,66,36,264.0,24.8,0.0
2017-03-24 18:00:00,10.8,69,38,186.0,23.0,0.0
2017-03-24 19:00:00,8.9,76,13,74.0,20.8,0.0
2017-03-24 20:00:00,7.1,83,0,2.0,16.5,0.0
2017-03-24 21:00:00,6.3,85,0,0.0,16.8,0.0
2017-03-24 22:00:00,5.8,86,0,0.0,15.1,0.0
2017-03-24 23:00:00,5.5,87,0,0.0,13.9,0.0
2017-03-25 00:00:00,5.5,85,30,0.0,16.8,0.0
2017-03-25 01:00:00,5.5,79,11,0.0,17.8,0.0
2017-03-25 02:00:00,5.2,82,5,0.0,17.3,0.0
2017-03-25 03:00:00,5.1,84,19,0.0,16.9,0.0
2017-03-25 04:00:00,5.0,85,14,0.0,17.1,0.0
2017-03-25 05:00:00,4.6,85,52,0.0,17.6,0.0
2017-03-25 06:00:00,4.2,86,58,0.0,17.1,0.0
2017-03-25 07:00:00,3.9,87,31,0.0,15.1,0.0
2017-03-25 08:00:00,5.2,82,1,56.0,17.3,0.0
2017-03-25 09:00:00,7.6,73,1,198.0,18.6,0.0
2017-03-25 10:00:00,9.6,66,0,358.0,21.8,0.0
2017-03-25 11:00:00,11.3,59,1,495.0,24.1,0.0
2017-03-25 12:00:00,12.5,53,0,596.0,27.3,0.0
2017-03-25 13:00:00,13.5,46,2,651.0,29.0,0.0
2017-03-25 14:00:00,13.8,42,84,651.0,29.8,0.0
2017-03-25 15:00:00,13.7,40,79,602.0,29.8,0.0
2017-03-25 16:00:00,13.1,40,73,498.0,29.2,0.0
2017-03-25 17:00:00,12.4,40,0,374.0,27.3,0.0
2017-03-25 18:00:00,11.1,44,0,230.0,24.3,0.0
2017-03-25 19:00:00,9.3,46,0,83.0,22.0,0.0
2017-03-25 20:00:00,7.8,46,1,3.0,21.1,0.0
2017-03-25 21:00:00,6.7,47,0,0.0,19.7,0.0
2017-03-25 22:00:00,6.1,49,3,0.0,19.5,0.0
2017-03-25 23:00:00,5.8,50,1,0.0,19.6,0.0
2017-03-26 00:00:00,5.8,53,2,0.0,20.0,0.0
2017-03-26 01:00:00,6.1,52,2,0.0,20.9,0.0
2017-03-26 02:00:00,6.1,55,3,0.0,21.0,0.0
2017-03-26 03:00:00,6.0,58,0,0.0,19.2,0.0
2017-03-26 04:00:00,5.8,63,1,0.0,18.5,0.0
2017-03-26 05:00:00,5.6,67,36,0.0,20.1,0.0
2017-03-26 06:00:00,5.5,73,23,0.0,20.3,0.0
2017-03-26 07:00:00,5.4,79,51,0.0,17.7,0.0
2017-03-26 08:00:00,6.7,81,16,56.0,19.3,0.0
2017-03-26 09:00:00,8.7,80,17,196.0,20.6,0.0
2017-03-26 10:00:00,10.4,74,85,350.0,21.7,0.0
2017-03-26 11:00:00,11.6,70,84,480.0,22.5,0.0
2017-03-26 12:00:00,12.5,66,71,575.0,22.8,0.0
2017-03-26 13:00:00,13.3,60,92,630.0,25.3,0.0
2017-03-26 14:00:00,13.5,57,89,629.0,24.8,0.0
2017-03-26 15:00:00,13.2,58,90,548.0,24.1,0.0
2017-03-26 16:00:00,12.5,61,93,446.0,23.7,0.0
2017-03-26 17:00:00,11.6,65,98,320.0,23.3,0.0
2017-03-26 18:00:00,10.5,69,100,183.0,20.7,0.0
2017-03-26 19:00:00,9.3,73,88,58.0,18.9,0.0
2017-03-26 20:00:00,8.0,74,95,3.0,20.5,0.0
2017-03-26 21:00:00,7.4,77,96,0.0,18.4,0.0
2017-03-26 22:00:00,6.8,83,58,0.0,14.8,0.0
2017-03-26 23:00:00,6.2,89,71,0.0,11.4,0.0
2017-03-27 00:00:00,5.6,93,61,0.0,10.5,0.0
2017-03-27 01:00:00,5.2,93,55,0.0,13.1,0.0
2017-03-27 02:00:00,5.0,95,66,0.0,10.5,0.0
2017-03-27 03:00:00,4.8,96,81,0.0,11.2,0.0
2017-03-27 04:00:00,4.7,96,85,0.0,11.4,0.0
2017-03-27 05:00:00,4.5,96,48,0.0,11.0,0.0
2017-03-27 06:00:00,4.3,97,12,0.0,10.7,0.0
2017-03-27 07:00:00,4.2,96,57,0.0,11.2,0.0
2017-03-27 08:00:00,5.5,93,68,57.0,14.4,0.0
2017-03-27 09:00:00,7.6,87,45,183.0,14.0,0.0
2017-03-27 10:00:00,9.7,81,34,332.0,14.5,0.0
2017-03-27 11:00:00,11.7,75,14,492.0,14.6,0.0
2017-03-27 12:00:00,13.4,70,4,592.0,13.4,0.0
2017-03-27 13:00:00,13.3,70,0,647.0,14.7,0.0
2017-03-27 14:00:00,14.4,66,0,648.0,13.9,0.0
2017-03-27 15:00:00,15.1,61,1,608.0,14.0,0.0
2017-03-27 16:00:00,15.1,59,0,519.0,14.0,0.0
2017-03-27 17:00:00,14.7,60,0,391.0,14.2,0.0
2017-03-27 18:00:00,13.3,66,0,240.0,13.8,0.0
2017-03-27 19:00:00,10.6,78,0,91.0,8.1,0.0
2017-03-27 20:00:00,8.3,86,0,4.0,9.0,0.0
2017-03-27 21:00:00,7.0,91,0,0.0,9.2,0.0
2017-03-27 22:00:00,6.1,94,0,0.0,8.8,0.0
2017-03-27 23:00:00,5.4,95,32,0.0,8.1,0.0
2017-03-28 00:00:00,4.7,97,51,0.0,7.3,0.0
2017-03-28 01:00:00,4.5,95,79,0.0,7.3,0.0
2017-03-28 02:00:00,4.5,95,60,0.0,7.5,0.0
2017-03-28 03:00:00,4.4,95,29,0.0,7.8,0.0
2017-03-28 04:00:00,4.3,96,4,0.0,7.3,0.0
2017-03-28 05:00:00,4.4,95,8,0.0,6.7,0.0
2017-03-28 06:00:00,4.1,95,17,0.0,6.5,0.0
2017-03-28 07:00:00,5.0,92,34,1.0,5.9,0.0
2017-03-28 08:00:00,7.0,87,13,59.0,5.2,0.0
2017-03-28 09:00:00,9.9,79,41,183.0,3.2,0.0
2017-03-28 10:00:00,12.2,79,42,298.0,10.5,0.0
2017-03-28 11:00:00,13.8,73,32,389.0,12.5,0.0
2017-03-28 12:00:00,15.2,67,15,504.0,14.4,0.0
2017-03-28 13:00:00,16.3,67,67,637.0,16.6,0.0
2017-03-28 14:00:00,14.0,74,90,382.0,20.2,0.0
2017-03-28 15:00:00,15.0,68,35,307.0,16.1,0.0
2017-03-28 16:00:00,15.6,57,40,475.0,23.7,0.0
2017-03-28 17:00:00,14.2,69,88,290.0,25.4,0.0
2017-03-28 18:00:00,13.3,72,100,179.0,23.7,0.0
2017-03-28 19:00:00,12.1,76,100,59.0,19.4,0.0
2017-03-28 20:00:00,11.3,82,100,3.0,19.4,0.0
2017-03-28 21:00:00,10.7,85,87,0.0,18.4,0.0
2017-03-28 22:00:00,10.1,89,99,0.0,16.1,0.0
2017-03-28 23:00:00,10.1,87,100,0.0,15.9,0.0
2017-03-29 00:00:00,11.0,81,100,0.0,17.1,0.3
2017-03-29 01:00:00,11.1,83,100,0.0,20.1,0.2
2017-03-29 02:00:00,11.5,82,100,0.0,25.5,0.0
2017-03-29 03:00:00,11.6,83,100,0.0,27.1,0.0
2017-03-29 04:00:00,11.3,85,100,0.0,26.0,0.0
2017-03-29 05:00:00,11.2,85,100,0.0,23.2,0.0
2017-03-29 06:00:00,11.2,84,93,0.0,22.9,0.0
2017-03-29 07:00:00,11.1,86,100,1.0,21.6,0.0
2017-03-29 08:00:00,11.5,87,100,27.0,20.2,0.0
2017-03-29 09:00:00,11.9,85,100,53.0,18.4,0.0
2017-03-29 10:00:00,12.4,81,100,112.0,21.2,0.0
2017-03-29 11:00:00,12.5,81,100,82.0,19.3,0.0
2017-03-29 12:00:00,14.2,75,100,292.0,27.5,0.0
2017-03-29 13:00:00,13.8,77,100,291.0,23.2,0.0
2017-03-29 14:00:00,14.9,74,100,351.0,26.1,0.0
2017-03-29 15:00:00,14.4,76,100,184.0,24.8,0.0
2017-03-29 16:00:00,13.8,77,100,115.0,20.9,0.0
2017-03-29 17:00:00,13.8,78,100,100.0,17.6,0.0
2017-03-29 18:00:00,14.1,76,100,97.0,20.5,0.0
2017-03-29 19:00:00,13.8,74,91,34.0,19.0,0.0
2017-03-29 20:00:00,12.6,77,100,4.0,15.8,0.2
2017-03-29 21:00:00,12.3,79,100,0.0,15.6,0.0
2017-03-29 22:00:00,12.6,80,100,0.0,15.5,0.0
2017-03-29 23:00:00,12.3,83,100,0.0,13.5,0.0
2017-03-30 00:00:00,12.3,83,99,0.0,11.6,0.0
2017-03-30 01:00:00,11.6,85,100,0.0,14.6,0.8
2017-03-30 02:00:00,12.3,81,54,0.0,18.2,0.0
2017-03-30 03:00:00,11.5,80,78,0.0,18.5,0.0
2017-03-30 04:00:00,11.0,79,72,0.0,18.4,0.0
2017-03-30 05:00:00,10.5,80,77,0.0,15.9,0.0
2017-03-30 06:00:00,10.1,83,59,0.0,13.1,0.0
2017-03-30 07:00:00,9.6,86,95,2.0,10.5,0.0
2017-03-30 08:00:00,10.8,81,94,64.0,14.3,0.0
2017-03-30 09:00:00,12.7,73,93,187.0,14.6,0.0
2017-03-30 10:00:00,14.5,67,87,328.0,16.9,0.0
2017-03-30 11:00:00,16.0,64,57,438.0,19.0,0.0
2017-03-30 12:00:00,17.0,62,91,519.0,20.0,0.0
2017-03-30 13:00:00,19.0,52,99,550.0,19.7,0.0
2017-03-30 14:00:00,19.3,52,98,628.0,19.0,0.0
2017-03-30 15:00:00,19.4,51,86,554.0,18.4,0.0
2017-03-30 16:00:00,19.4,50,97,506.0,17.9,0.0
2017-03-30 17:00:00,18.7,54,100,354.0,15.8,0.0
2017-03-30 18:00:00,17.6,59,100,211.0,14.2,0.0
2017-03-30 19:00:00,15.9,66,100,56.0,12.2,0.0
2017-03-30 20:00:00,13.5,79,100,5.0,9.2,0.9
2017-03-30 21:00:00,14.5,70,100,0.0,10.7,0.0
2017-03-30 22:00:00,14.6,69,95,0.0,12.7,0.0
2017-03-30 23:00:00,14.3,70,69,0.0,13.0,0.0
2017-03-31 00:00:00,13.5,73,95,0.0,12.6,0.0
2017-03-31 01:00:00,14.3,67,92,0.0,15.2,0.0
2017-03-31 02:00:00,13.8,68,97,0.0,15.9,0.0
2017-03-31 03:00:00,13.4,69,97,0.0,14.5,0.0
2017-03-31 04:00:00,12.6,73,90,0.0,12.6,0.0
2017-03-31 05:00:00,11.1,81,97,0.0,9.7,0.0
2017-03-31 06:00:00,10.5,85,99,0.0,8.9,0.0
2017-03-31 07:00:00,10.0,89,99,2.0,9.2,0.0
2017-03-31 08:00:00,11.5,85,100,54.0,12.6,0.0
2017-03-31 09:00:00,12.9,79,100,131.0,18.4,0.0
2017-03-31 10:00:00,13.2,78,100,147.0,25.4,0.0
2017-03-31 11:00:00,13.7,76,97,302.0,26.0,0.0
2017-03-31 12:00:00,14.4,67,100,367.0,29.8,0.0
2017-03-31 13:00:00,14.7,67,90,349.0,29.3,0.0
2017-03-31 14:00:00,14.8,67,93,453.0,26.0,0.0
2017-03-31 15:00:00,15.3,63,86,491.0,26.8,0.0
2017-03-31 16:00:00,15.0,62,73,439.0,27.6,0.0
2017-03-31 17:00:00,14.1,59,64,389.0,26.7,0.0
2017-03-31 18:00:00,13.3,63,26,228.0,22.4,0.0
2017-03-31 19:00:00,12.3,69,22,92.0,14.2,0.0
2017-03-31 20:00:00,10.8,76,12,7.0,11.2,0.0
2017-03-31 21:00:00,10.3,77,25,0.0,12.3,0.0
2017-03-31 22:00:00,10.0,78,19,0.0,14.4,0.0
2017-03-31 23:00:00,9.5,82,72,0.0,13.7,0.0
2017-04-01 00:00:00,9.6,81,48,0.0,14.8,0.0
2017-04-01 01:00:00,8.9,84,45,0.0,15.3,0.0
2017-04-01 02:00:00,9.2,82,37,0.0,14.8,0.0
2017-04-01 03:00:00,9.2,81,94,0.0,14.4,0.0
2017-04-01 04:00:00,9.7,83,98,0.0,17.4,0.0
2017-04-01 05:00:00,9.0,87,91,0.0,15.6,0.0
2017-04-01 06:00:00,8.9,88,100,0.0,16.2,0.0
2017-04-01 07:00:00,9.2,85,99,2.0,17.9,0.0
2017-04-01 08:00:00,9.6,84,94,54.0,18.0,0.0
2017-04-01 09:00:00,10.7,76,100,160.0,24.1,0.0
2017-04-01 10:00:00,11.6,69,95,182.0,22.7,0.0
2017-04-01 11:00:00,12.6,63,87,273.0,18.8,0.0
2017-04-01 12:00:00,13.8,57,71,469.0,18.3,0.0
2017-04-01 13:00:00,14.3,55,64,453.0,18.9,0.0
2017-04-01 14:00:00,14.4,54,69,488.0,18.5,0.0
2017-04-01 15:00:00,13.2,63,66,390.0,19.2,0.0
2017-04-01 16:00:00,13.1,68,52,331.0,17.7,0.0
2017-04-01 17:00:00,12.4,72,64,234.0,18.3,0.0
2017-04-01 18:00:00,11.7,76,12,125.0,12.2,0.0
2017-04-01 19:00:00,11.1,81,50,89.0,8.1,0.0
2017-04-01 20:00:00,9.6,88,38,6.0,6.4,0.0
2017-04-01 21:00:00,8.6,92,14,0.0,6.6,0.0
2017-04-01 22:00:00,7.8,93,21,0.0,6.6,0.0
2017-04-01 23:00:00,7.0,95,11,0.0,6.8,0.0
2017-04-02 00:00:00,6.0,97,16,0.0,7.9,0.0
2017-04-02 01:00:00,6.4,97,8,0.0,7.2,0.0
2017-04-02 02:00:00,6.0,95,16,0.0,7.9,0.0
2017-04-02 03:00:00,6.4,94,13,0.0,7.7,0.0
2017-04-02 04:00:00,5.6,95,8,0.0,9.4,0.0
2017-04-02 05:00:00,5.2,96,12,0.0,8.9,0.0
2017-04-02 06:00:00,4.5,97,11,0.0,10.2,0.0
2017-04-02 07:00:00,4.7,97,11,4.0,8.0,0.0
2017-04-02 08:00:00,7.1,89,1,91.0,8.0,0.0
2017-04-02 09:00:00,8.7,81,0,243.0,10.0,0.0
2017-04-02 10:00:00,10.4,76,1,400.0,10.3,0.0
2017-04-02 11:00:00,12.3,67,62,534.0,9.4,0.0
2017-04-02 12:00:00,13.8,60,55,632.0,8.3,0.0
2017-04-02 13:00:00,13.7,57,96,587.0,6.6,0.0
2017-04-02 14:00:00,14.6,53,100,415.0,6.4,0.0
2017-04-02 15:00:00,14.6,53,100,303.0,5.9,0.0
2017-04-02 16:00:00,14.5,54,98,233.0,5.9,0.1
2017-04-02 17:00:00,14.2,54,73,186.0,7.1,0.0
2017-04-02 18:00:00,13.6,61,77,81.0,6.6,0.0
2017-04-02 19:00:00,12.6,68,88,50.0,5.2,0.0
2017-04-02 20:00:00,10.8,76,87,6.0,7.4,0.0
2017-04-02 21:00:00,9.4,80,61,0.0,7.1,0.0
2017-04-02 22:00:00,7.8,86,43,0.0,9.6,0.0
2017-04-02 23:00:00,7.4,85,23,0.0,8.7,0.0
2017-04-03 00:00:00,7.0,92,10,0.0,6.9,0.0
2017-04-03 01:00:00,7.4,91,16,0.0,5.9,0.0
2017-04-03 02:00:00,5.6,95,18,0.0,7.1,0.0
2017-04-03 03:00:00,5.1,98,13,0.0,6.3,0.0
2017-04-03 04:00:00,5.5,97,5,0.0,5.6,0.0
2017-04-03 05:00:00,5.4,93,13,0.0,6.6,0.0
2017-04-03 06:00:00,4.5,94,0,0.0,6.1,0.0
2017-04-03 07:00:00,4.2,96,0,5.0,5.2,0.0
2017-04-03 08:00:00,6.3,86,66,85.0,3.3,0.0
2017-04-03 09:00:00,9.2,78,71,217.0,4.0,0.0
2017-04-03 10:00:00,12.2,71,71,391.0,6.5,0.0
2017-04-03 11:00:00,14.0,60,45,539.0,12.6,0.0
2017-04-03 12:00:00,14.9,55,47,640.0,17.3,0.0
2017-04-03 13:00:00,15.2,57,99,546.0,14.8,0.0
2017-04-03 14:00:00,15.6,54,73,600.0,15.8,0.0
2017-04-03 15:00:00,15.4,55,95,490.0,16.9,0.0
2017-04-03 16:00:00,15.2,57,80,502.0,17.5,0.0
2017-04-03 17:00:00,14.6,60,75,374.0,19.6,0.0
2017-04-03 18:00:00,13.2,67,76,222.0,18.2,0.0
2017-04-03 19:00:00,11.6,75,69,115.0,13.4,0.0
2017-04-03 20:00:00,9.3,86,70,11.0,11.9,0.0
2017-04-03 21:00:00,7.8,93,82,0.0,13.2,0.0
2017-04-03 22:00:00,7.4,95,93,0.0,12.1,0.0
2017-04-03 23:00:00,7.4,95,100,0.0,12.8,0.0
2017-04-04 00:00:00,8.2,91,99,0.0,13.0,0.0
2017-04-04 01:00:00,8.6,85,99,0.0,12.7,0.0
2017-04-04 02:00:00,7.9,89,96,0.0,9.4,0.0
2017-04-04 03:00:00,7.1,94,87,0.0,9.6,0.0
2017-04-04 04:00:00,7.6,92,76,0.0,12.1,0.1
2017-04-04 05:00:00,8.3,90,79,0.0,10.7,0.4
2017-04-04 06:00:00,8.2,93,100,0.0,9.2,0.2
2017-04-04 07:00:00,8.6,93,100,4.0,8.1,0.0
2017-04-04 08:00:00,9.3,92,100,20.0,7.1,0.0
2017-04-04 09:00:00,9.8,90,100,40.0,7.6,0.0
2017-04-04 10:00:00,10.3,88,100,47.0,9.2,0.0
2017-04-04 11:00:00,11.5,83,100,108.0,10.5,0.0
2017-04-04 12:00:00,12.7,77,100,174.0,10.8,0.0
2017-04-04 13:00:00,14.1,69,100,257.0,10.6,0.0
2017-04-04 14:00:00,14.7,67,100,215.0,11.2,0.0
2017-04-04 15:00:00,15.3,65,100,253.0,11.6,0.1
2017-04-04 16:00:00,14.7,71,99,128.0,14.4,0.1
2017-04-04 17:00:00,13.8,77,94,115.0,17.4,0.1
2017-04-04 18:00:00,13.4,79,87,105.0,16.1,0.0
2017-04-04 19:00:00,12.8,80,94,60.0,14.3,0.0
2017-04-04 20:00:00,12.2,79,100,4.0,18.0,0.0
2017-04-04 21:00:00,11.5,85,100,0.0,20.7,0.0
2017-04-04 22:00:00,10.7,79,100,0.0,17.4,0.0
2017-04-04 23:00:00,10.4,79,100,0.0,13.0,0.1
2017-04-05 00:00:00,10.0,78,88,0.0,10.8,0.0
2017-04-05 01:00:00,8.6,85,58,0.0,8.2,0.0
2017-04-05 02:00:00,7.7,90,35,0.0,7.7,0.0
2017-04-05 03:00:00,7.3,86,47,0.0,11.6,0.0
2017-04-05 04:00:00,6.5,80,83,0.0,11.6,0.0
2017-04-05 05:00:00,5.9,81,52,0.0,10.2,0.0
2017-04-05 06:00:00,5.0,86,32,0.0,11.3,0.0
2017-04-05 07:00:00,5.3,87,0,8.0,10.2,0.0
2017-04-05 08:00:00,7.0,82,56,106.0,11.1,0.0
2017-04-05 09:00:00,8.7,75,85,252.0,12.2,0.0
2017-04-05 10:00:00,10.2,69,92,404.0,13.1,0.0
2017-04-05 11:00:00,11.3,62,93,508.0,14.9,0.0
2017-04-05 12:00:00,12.1,61,68,576.0,13.6,0.0
2017-04-05 13:00:00,12.5,58,55,606.0,13.0,0.0
2017-04-05 14:00:00,13.2,57,19,628.0,13.7,0.0
2017-04-05 15:00:00,13.6,56,35,581.0,13.6,0.0
2017-04-05 16:00:00,13.5,56,92,463.0,14.4,0.0
2017-04-05 17:00:00,13.1,57,96,268.0,14.7,0.0
2017-04-05 18:00:00,13.1,57,100,145.0,14.2,0.0
2017-04-05 19:00:00,12.4,61,99,56.0,14.5,0.0
2017-04-05 20:00:00,11.1,65,98,8.0,14.0,0.0
2017-04-05 21:00:00,10.2,69,70,0.0,13.2,0.0
2017-04-05 22:00:00,10.0,69,97,0.0,14.3,0.0
2017-04-05 23:00:00,9.3,72,95,0.0,12.0,0.0
2017-04-06 00:00:00,8.7,74,96,0.0,9.8,0.0
2017-04-06 01:00:00,8.8,75,79,0.0,9.3,0.0
2017-04-06 02:00:00,8.5,77,100,0.0,7.8,0.0
2017-04-06 03:00:00,8.4,77,86,0.0,7.1,0.0
2017-04-06 04:00:00,6.7,86,30,0.0,6.2,0.0
2017-04-06 05:00:00,5.2,92,16,0.0,9.4,0.0
2017-04-06 06:00:00,5.0,92,50,0.0,8.1,0.0
2017-04-06 07:00:00,5.8,93,93,9.0,3.8,0.0
2017-04-06 08:00:00,7.3,85,66,85.0,3.9,0.0
2017-04-06 09:00:00,8.9,81,42,230.0,4.1,0.0
2017-04-06 10:00:00,10.7,75,34,379.0,3.0,0.0
2017-04-06 11:00:00,12.0,70,24,479.0,1.1,0.0
2017-04-06 12:00:00,13.4,62,86,625.0,4.5,0.0
2017-04-06 13:00:00,14.0,59,100,569.0,5.1,0.0
2017-04-06 14:00:00,14.8,58,98,661.0,5.1,0.0
2017-04-06 15:00:00,15.1,57,88,595.0,5.1,0.0
2017-04-06 16:00:00,15.3,57,100,507.0,5.8,0.0
2017-04-06 17:00:00,15.3,57,100,378.0,6.2,0.0
2017-04-06 18:00:00,15.1,57,76,197.0,6.8,0.0
2017-04-06 19:00:00,14.1,68,100,81.0,4.7,0.0
2017-04-06 20:00:00,11.2,80,100,13.0,8.2,0.0
2017-04-06 21:00:00,11.1,76,5,0.0,9.2,0.0
2017-04-06 22:00:00,9.6,82,6,0.0,8.8,0.0
2017-04-06 23:00:00,8.0,88,3,0.0,7.3,0.0
2017-04-07 00:00:00,6.9,91,12,0.0,10.2,0.0
2017-04-07 01:00:00,6.8,92,21,0.0,9.4,0.0
2017-04-07 02:00:00,7.2,88,30,0.0,6.9,0.0
2017-04-07 03:00:00,7.0,88,31,0.0,5.8,0.0
2017-04-07 04:00:00,5.7,92,15,0.0,6.7,0.0
2017-04-07 05:00:00,5.5,94,33,0.0,6.2,0.0
2017-04-07 06:00:00,4.8,96,34,0.0,5.9,0.0
2017-04-07 07:00:00,5.4,97,16,9.0,4.5,0.0
2017-04-07 08:00:00,7.3,87,17,101.0,5.1,0.0
2017-04-07 09:00:00,9.2,76,21,251.0,5.0,0.0
2017-04-07 10:00:00,10.8,71,18,396.0,5.4,0.0
2017-04-07 11:00:00,12.6,66,81,538.0,8.2,0.0
2017-04-07 12:00:00,13.4,65,100,601.0,8.2,0.0
2017-04-07 13:00:00,14.1,61,100,636.0,7.3,0.0
2017-04-07 14:00:00,15.0,58,3,679.0,8.4,0.0
2017-04-07 15:00:00,15.5,57,22,627.0,8.8,0.0
2017-04-07 16:00:00,15.7,56,13,546.0,8.4,0.0
2017-04-07 17:00:00,15.7,56,14,418.0,7.4,0.0
2017-04-07 18:00:00,15.4,57,3,283.0,6.0,0.0
2017-04-07 19:00:00,13.3,78,7,132.0,5.9,0.0
2017-04-07 20:00:00,10.4,82,0,18.0,7.6,0.0
2017-04-07 21:00:00,9.7,85,20,0.0,8.2,0.0
2017-04-07 22:00:00,8.2,91,24,0.0,7.9,0.0
2017-04-07 23:00:00,7.3,93,24,0.0,9.5,0.0
2017-04-08 00:00:00,7.0,94,8,0.0,8.2,0.0
2017-04-08 01:00:00,6.3,96,11,0.0,8.3,0.0
2017-04-08 02:00:00,5.5,98,1,0.0,8.7,0.0
2017-04-08 03:00:00,5.6,100,97,0.0,5.6,0.0
2017-04-08 04:00:00,5.7,100,100,0.0,3.9,0.0
2017-04-08 05:00:00,5.3,99,100,0.0,5.8,0.0
2017-04-08 06:00:00,4.0,99,97,0.0,7.4,0.0
2017-04-08 07:00:00,5.1,99,100,11.0,5.7,0.0
2017-04-08 08:00:00,7.0,89,0,95.0,2.8,0.0
2017-04-08 09:00:00,9.6,79,1,225.0,2.3,0.0
2017-04-08 10:00:00,12.3,70,0,422.0,3.6,0.0
2017-04-08 11:00:00,14.4,64,0,581.0,5.8,0.0
2017-04-08 12:00:00,15.8,61,0,676.0,7.6,0.0
2017-04-08 13:00:00,17.0,50,8,730.0,8.3,0.0
2017-04-08 14:00:00,17.8,49,0,734.0,7.9,0.0
2017-04-08 15:00:00,18.2,49,0,682.0,7.7,0.0
2017-04-08 16:00:00,18.4,51,0,584.0,8.3,0.0
2017-04-08 17:00:00,18.2,53,0,450.0,9.4,0.0
2017-04-08 18:00:00,17.3,58,0,293.0,10.8,0.0
2017-04-08 19:00:00,15.1,69,0,135.0,9.0,0.0
2017-04-08 20:00:00,11.7,81,0,19.0,8.4,0.0
2017-04-08 21:00:00,9.8,86,0,0.0,7.9,0.0
2017-04-08 22:00:00,8.6,88,0,0.0,9.2,0.0
2017-04-08 23:00:00,7.9,90,0,0.0,9.1,0.0
2017-04-09 00:00:00,6.9,92,0,0.0,10.9,0.0
2017-04-09 01:00:00,7.2,91,0,0.0,10.8,0.0
2017-04-09 02:00:00,6.8,91,0,0.0,12.6,0.0
2017-04-09 03:00:00,6.9,91,0,0.0,12.7,0.0
2017-04-09 04:00:00,6.7,89,0,0.0,13.3,0.0
2017-04-09 05:00:00,6.9,87,0,0.0,12.0,0.0
2017-04-09 06:00:00,6.9,85,0,0.0,11.2,0.0
2017-04-09 07:00:00,7.5,87,0,16.0,9.7,0.0
2017-04-09 08:00:00,11.1,74,0,128.0,8.4,0.0
2017-04-09 09:00:00,13.9,67,0,286.0,8.5,0.0
2017-04-09 10:00:00,16.4,62,0,444.0,9.7,0.0
2017-04-09 11:00:00,18.1,59,0,579.0,11.9,0.0
2017-04-09 12:00:00,19.4,57,0,674.0,13.4,0.0
2017-04-09 13:00:00,21.0,46,0,723.0,15.7,0.0
2017-04-09 14:00:00,21.5,44,0,732.0,18.5,0.0
2017-04-09 15:00:00,21.3,46,0,684.0,19.5,0.0
2017-04-09 16:00:00,20.3,49,0,587.0,20.8,0.0
2017-04-09 17:00:00,19.2,53,50,453.0,20.5,0.0
2017-04-09 18:00:00,18.2,61,13,297.0,17.8,0.0
2017-04-09 19:00:00,16.5,66,15,140.0,16.1,0.0
2017-04-09 20:00:00,14.4,67,74,21.0,15.8,0.0
2017-04-09 21:00:00,13.6,75,90,0.0,17.2,0.0
2017-04-09 22:00:00,11.7,78,96,0.0,19.8,0.0
2017-04-09 23:00:00,10.5,85,96,0.0,16.2,0.0
2017-04-10 00:00:00,10.3,75,98,0.0,13.9,0.0
2017-04-10 01:00:00,10.4,74,95,0.0,12.0,0.0
2017-04-10 02:00:00,9.5,78,89,0.0,10.4,0.0
2017-04-10 03:00:00,8.7,83,7,0.0,10.4,0.0
2017-04-10 04:00:00,7.8,88,82,0.0,8.6,0.0
2017-04-10 05:00:00,7.8,89,98,0.0,11.0,0.0
2017-04-10 06:00:00,7.9,78,80,0.0,13.0,0.0
2017-04-10 07:00:00,7.3,76,85,16.0,13.0,0.0
2017-04-10 08:00:00,8.3,72,29,122.0,15.7,0.0
2017-04-10 09:00:00,9.3,68,1,299.0,18.8,0.0
2017-04-10 10:00:00,10.7,59,17,456.0,20.0,0.0
2017-04-10 11:00:00,11.5,56,62,552.0,17.2,0.0
2017-04-10 12:00:00,12.0,56,60,615.0,16.1,0.0
2017-04-10 13:00:00,12.6,54,76,636.0,14.8,0.0
2017-04-10 14:00:00,12.4,54,95,493.0,15.5,0.0
2017-04-10 15:00:00,12.3,53,100,383.0,14.8,0.0
2017-04-10 16:00:00,12.3,52,100,301.0,12.7,0.0
2017-04-10 17:00:00,12.3,51,99,247.0,13.8,0.0
2017-04-10 18:00:00,12.0,52,100,147.0,13.0,0.0
2017-04-10 19:00:00,11.6,55,100,73.0,10.8,0.0
2017-04-10 20:00:00,10.7,58,90,10.0,11.2,0.0
2017-04-10 21:00:00,10.3,58,80,0.0,14.0,0.0
2017-04-10 22:00:00,9.4,61,98,0.0,12.3,0.0
2017-04-10 23:00:00,8.8,65,99,0.0,9.4,0.0
2017-04-11 00:00:00,8.1,70,99,0.0,7.0,0.0
2017-04-11 01:00:00,8.2,70,97,0.0,5.8,0.0
2017-04-11 02:00:00,7.6,73,26,0.0,7.6,0.0
2017-04-11 03:00:00,6.4,81,9,0.0,9.3,0.0
2017-04-11 04:00:00,5.9,85,24,0.0,8.9,0.0
2017-04-11 05:00:00,4.8,87,41,0.0,7.3,0.0
2017-04-11 06:00:00,4.4,86,48,0.0,7.2,0.0
2017-04-11 07:00:00,5.4,82,30,17.0,9.2,0.0
2017-04-11 08:00:00,6.9,76,10,117.0,11.2,0.0
2017-04-11 09:00:00,8.5,70,49,296.0,13.3,0.0
2017-04-11 10:00:00,9.9,64,57,449.0,12.2,0.0
2017-04-11 11:00:00,11.2,59,66,573.0,9.9,0.0
2017-04-11 12:00:00,12.5,55,89,651.0,10.5,0.0
2017-04-11 13:00:00,13.1,56,94,650.0,10.4,0.0
2017-04-11 14:00:00,13.9,55,90,677.0,12.2,0.0
2017-04-11 15:00:00,14.3,55,99,600.0,14.8,0.0
2017-04-11 16:00:00,14.5,54,100,522.0,16.9,0.0
2017-04-11 17:00:00,14.2,54,100,301.0,17.0,0.0
2017-04-11 18:00:00,13.9,56,100,187.0,18.7,0.0
2017-04-11 19:00:00,13.3,60,46,96.0,13.4,0.0
2017-04-11 20:00:00,11.2,69,39,23.0,10.0,0.0
2017-04-11 21:00:00,10.2,74,23,0.0,12.8,0.0
2017-04-11 22:00:00,9.3,74,24,0.0,13.6,0.0
2017-04-11 23:00:00,8.4,77,67,0.0,14.1,0.0
2017-04-12 00:00:00,7.5,82,68,0.0,13.8,0.0
2017-04-12 01:00:00,7.0,84,64,0.0,14.9,0.0
2017-04-12 02:00:00,6.6,86,80,0.0,14.1,0.0
2017-04-12 03:00:00,6.1,89,84,0.0,13.0,0.0
2017-04-12 04:00:00,5.7,92,25,0.0,12.0,0.0
2017-04-12 05:00:00,5.4,93,20,0.0,11.9,0.0
2017-04-12 06:00:00,5.2,94,8,0.0,11.8,0.0
2017-04-12 07:00:00,5.9,93,13,22.0,14.7,0.0
2017-04-12 08:00:00,7.8,86,38,139.0,16.6,0.0
2017-04-12 09:00:00,9.5,78,65,293.0,19.0,0.0
2017-04-12 10:00:00,10.8,71,94,384.0,18.2,0.0
2017-04-12 11:00:00,11.9,66,96,451.0,19.1,0.0
2017-04-12 12:00:00,13.1,61,67,592.0,21.3,0.0
2017-04-12 13:00:00,13.9,57,51,611.0,19.8,0.0
2017-04-12 14:00:00,15.2,51,94,661.0,23.2,0.0
2017-04-12 15:00:00,15.2,51,76,531.0,23.2,0.0
2017-04-12 16:00:00,15.3,52,97,451.0,25.8,0.0
2017-04-12 17:00:00,14.7,55,100,303.0,26.2,0.0
2017-04-12 18:00:00,14.2,58,98,165.0,20.2,0.0
2017-04-12 19:00:00,13.6,65,55,63.0,19.1,0.0
2017-04-12 20:00:00,11.9,70,18,21.0,18.4,0.0
2017-04-12 21:00:00,10.9,74,21,0.0,16.0,0.0
2017-04-12 22:00:00,10.3,75,48,0.0,16.6,0.0
2017-04-12 23:00:00,10.1,76,99,0.0,13.5,0.0
2017-04-13 00:00:00,9.7,75,100,0.0,13.8,0.0
2017-04-13 01:00:00,10.2,75,26,0.0,11.2,0.0
2017-04-13 02:00:00,9.7,71,36,0.0,10.1,0.0
2017-04-13 03:00:00,8.4,74,0,0.0,9.2,0.0
2017-04-13 04:00:00,6.5,83,16,0.0,8.6,0.0
2017-04-13 05:00:00,5.6,88,13,0.0,8.4,0.0
2017-04-13 06:00:00,5.1,90,55,0.0,8.3,0.0
2017-04-13 07:00:00,6.0,87,27,25.0,9.6,0.0
2017-04-13 08:00:00,7.9,78,75,150.0,10.8,0.0
2017-04-13 09:00:00,9.2,71,60,294.0,13.6,0.0
2017-04-13 10:00:00,10.5,62,65,446.0,14.3,0.0
2017-04-13 11:00:00,11.2,58,58,494.0,12.3,0.0
2017-04-13 12:00:00,11.7,56,74,489.0,11.4,0.0
2017-04-13 13:00:00,11.7,53,90,520.0,13.9,0.0
2017-04-13 14:00:00,12.0,52,100,355.0,13.6,0.0
2017-04-13 15:00:00,12.2,51,100,354.0,13.0,0.0
2017-04-13 16:00:00,12.5,50,100,357.0,13.4,0.0
2017-04-13 17:00:00,12.2,52,100,210.0,13.6,0.0
2017-04-13 18:00:00,11.8,52,97,143.0,12.4,0.0
2017-04-13 19:00:00,11.3,56,88,53.0,10.4,0.0
2017-04-13 20:00:00,10.4,62,79,10.0,6.6,0.0
2017-04-13 21:00:00,9.5,68,71,0.0,7.2,0.0
2017-04-13 22:00:00,8.9,72,70,0.0,6.6,0.0
2017-04-13 23:00:00,8.5,75,80,0.0,6.3,0.0
2017-04-14 00:00:00,8.2,76,63,0.0,7.2,0.0
2017-04-14 01:00:00,7.9,77,60,0.0,6.4,0.0
2017-04-14 02:00:00,8.0,79,73,0.0,6.5,0.0
2017-04-14 03:00:00,7.5,83,63,0.0,6.2,0.0
2017-04-14 04:00:00,7.0,85,84,0.0,6.2,0.0
2017-04-14 05:00:00,6.2,88,64,0.0,5.9,0.0
2017-04-14 06:00:00,6.5,83,54,0.0,7.3,0.0
2017-04-14 07:00:00,6.5,82,25,22.0,9.1,0.0
2017-04-14 08:00:00,7.3,77,24,121.0,8.8,0.0
2017-04-14 09:00:00,9.1,69,32,269.0,9.8,0.0
2017-04-14 10:00:00,10.9,64,45,440.0,12.3,0.0
2017-04-14 11:00:00,12.3,61,79,561.0,14.5,0.0
2017-04-14 12:00:00,14.0,55,100,611.0,15.4,0.0
2017-04-14 13:00:00,13.3,58,100,292.0,19.5,0.0
2017-04-14 14:00:00,13.5,59,100,219.0,20.2,0.0
2017-04-14 15:00:00,14.2,58,100,274.0,20.1,0.0
2017-04-14 16:00:00,13.9,61,100,190.0,21.4,0.0
2017-04-14 17:00:00,14.0,61,99,112.0,15.9,0.0
2017-04-14 18:00:00,13.6,64,100,72.0,18.1,0.0
2017-04-14 19:00:00,12.9,67,99,43.0,21.1,0.0
2017-04-14 20:00:00,12.6,68,100,9.0,19.1,0.0
2017-04-14 21:00:00,11.9,74,100,0.0,17.5,0.0
2017-04-14 22:00:00,11.2,77,100,0.0,18.6,0.0
2017-04-14 23:00:00,10.9,77,99,0.0,19.9,0.0
2017-04-15 00:00:00,10.2,82,98,0.0,18.6,0.3
2017-04-15 01:00:00,9.6,89,100,0.0,16.4,0.2
2017-04-15 02:00:00,9.7,90,100,0.0,17.2,0.0
2017-04-15 03:00:00,10.0,89,100,0.0,18.8,0.0
2017-04-15 04:00:00,10.1,90,99,0.0,17.3,0.1
2017-04-15 05:00:00,9.9,85,60,0.0,15.5,0.1
2017-04-15 06:00:00,8.6,92,21,0.0,13.0,0.0
2017-04-15 07:00:00,8.6,88,36,26.0,14.6,0.0
2017-04-15 08:00:00,9.2,83,86,149.0,16.1,0.0
2017-04-15 09:00:00,9.8,74,92,277.0,19.9,0.0
2017-04-15 10:00:00,9.8,63,94,327.0,19.8,0.0
2017-04-15 11:00:00,10.2,58,98,416.0,17.9,0.0
2017-04-15 12:00:00,10.6,54,100,444.0,19.5,0.0
2017-04-15 13:00:00,11.8,53,98,492.0,18.7,0.0
2017-04-15 14:00:00,12.8,46,52,606.0,18.8,0.0
2017-04-15 15:00:00,13.3,40,89,535.0,19.7,0.0
2017-04-15 16:00:00,13.1,45,79,481.0,22.2,0.0
2017-04-15 17:00:00,12.5,46,90,344.0,22.7,0.0
2017-04-15 18:00:00,11.9,46,100,157.0,20.5,0.0
2017-04-15 19:00:00,11.3,50,71,89.0,19.2,0.0
2017-04-15 20:00:00,10.0,54,71,24.0,12.4,0.0
2017-04-15 21:00:00,8.1,62,91,0.0,10.4,0.0
2017-04-15 22:00:00,7.3,67,87,0.0,8.6,0.0
2017-04-15 23:00:00,6.8,71,91,0.0,9.0,0.0
2017-04-16 00:00:00,5.8,76,22,0.0,8.3,0.0
2017-04-16 01:00:00,6.1,75,90,0.0,7.6,0.0
2017-04-16 02:00:00,5.2,81,73,0.0,7.9,0.0
2017-04-16 03:00:00,5.0,83,96,0.0,8.3,0.0
2017-04-16 04:00:00,5.8,79,93,0.0,8.7,0.0
2017-04-16 05:00:00,6.7,77,89,0.0,9.3,0.0
2017-04-16 06:00:00,5.7,84,84,0.0,8.3,0.0
2017-04-16 07:00:00,6.7,81,98,28.0,11.0,0.0
2017-04-16 08:00:00,7.7,77,52,78.0,10.8,0.0
2017-04-16 09:00:00,9.3,71,32,312.0,12.8,0.0
2017-04-16 10:00:00,10.8,62,48,455.0,18.8,0.0
2017-04-16 11:00:00,11.4,54,85,432.0,19.3,0.0
2017-04-16 12:00:00,11.6,52,100,312.0,18.8,0.0
2017-04-16 13:00:00,12.5,51,100,272.0,16.7,0.0
2017-04-16 14:00:00,13.8,48,100,416.0,18.8,0.0
2017-04-16 15:00:00,13.3,53,100,196.0,19.1,0.0
2017-04-16 16:00:00,13.3,55,100,142.0,18.1,0.0
2017-04-16 17:00:00,13.2,58,63,119.0,18.8,0.0
2017-04-16 18:00:00,12.3,64,97,174.0,22.7,0.0
2017-04-16 19:00:00,11.8,69,99,102.0,22.6,0.0
2017-04-16 20:00:00,10.4,76,90,20.0,16.2,0.0
2017-04-16 21:00:00,9.3,82,90,0.0,12.7,0.0
2017-04-16 22:00:00,9.1,84,92,0.0,13.5,0.0
2017-04-16 23:00:00,8.9,88,89,0.0,13.4,0.0
2017-04-17 00:00:00,8.7,91,68,0.0,14.4,0.0
2017-04-17 01:00:00,9.5,86,97,0.0,14.1,0.0
2017-04-17 02:00:00,9.5,84,48,0.0,14.2,0.0
2017-04-17 03:00:00,8.7,84,88,0.0,13.7,0.0
2017-04-17 04:00:00,8.9,82,91,0.0,14.5,0.0
2017-04-17 05:00:00,8.4,84,94,0.0,14.5,0.0
2017-04-17 06:00:00,8.0,87,100,0.0,14.3,0.0
2017-04-17 07:00:00,7.9,84,98,7.0,17.1,0.0
2017-04-17 08:00:00,7.6,79,100,27.0,15.5,0.0
2017-04-17 09:00:00,8.0,73,100,87.0,15.1,0.0
2017-04-17 10:00:00,8.2,71,100,101.0,13.4,0.0
2017-04-17 11:00:00,9.5,63,99,309.0,10.7,0.0
2017-04-17 12:00:00,11.2,54,100,478.0,9.8,0.0
2017-04-17 13:00:00,10.6,56,100,423.0,8.1,0.0
2017-04-17 14:00:00,10.2,62,97,176.0,11.8,0.0
2017-04-17 15:00:00,10.3,60,86,191.0,8.9,0.0
2017-04-17 16:00:00,11.0,57,74,264.0,7.9,0.0
2017-04-17 17:00:00,11.1,57,93,331.0,9.7,0.0
2017-04-17 18:00:00,10.9,58,67,218.0,8.6,0.0
2017-04-17 19:00:00,10.4,60,77,69.0,10.8,0.0
2017-04-17 20:00:00,9.7,60,73,12.0,9.7,0.0
2017-04-17 21:00:00,9.1,60,88,0.0,7.8,0.0
2017-04-17 22:00:00,8.5,67,62,0.0,3.5,0.0
2017-04-17 23:00:00,7.6,76,36,0.0,4.0,0.0
2017-04-18 00:00:00,5.8,85,21,0.0,6.1,0.0
2017-04-18 01:00:00,5.1,85,11,0.0,5.2,0.0
2017-04-18 02:00:00,5.5,83,12,0.0,1.1,0.0
2017-04-18 03:00:00,3.0,94,0,0.0,7.8,0.0
2017-04-18 04:00:00,3.0,91,65,0.0,6.9,0.0
2017-04-18 05:00:00,3.8,83,69,0.0,12.3,0.0
2017-04-18 06:00:00,5.3,79,100,0.0,16.4,0.0
2017-04-18 07:00:00,5.5,74,9,15.0,20.4,0.0
2017-04-18 08:00:00,5.4,71,0,173.0,19.9,0.0
2017-04-18 09:00:00,6.6,65,0,349.0,19.8,0.0
2017-04-18 10:00:00,8.2,55,47,496.0,24.5,0.0
2017-04-18 11:00:00,9.2,49,96,526.0,23.0,0.0
2017-04-18 12:00:00,10.1,43,74,510.0,22.4,0.0
2017-04-18 13:00:00,10.5,40,61,435.0,13.8,0.0
2017-04-18 14:00:00,11.0,42,68,513.0,20.6,0.0
2017-04-18 15:00:00,11.6,37,100,492.0,17.6,0.0
2017-04-18 16:00:00,11.6,36,47,430.0,17.1,0.0
2017-04-18 17:00:00,11.1,42,88,293.0,19.0,0.0
2017-04-18 18:00:00,10.2,50,77,184.0,21.3,0.0
2017-04-18 19:00:00,9.5,54,99,130.0,18.1,0.0
2017-04-18 20:00:00,8.3,60,90,32.0,12.1,0.0
2017-04-18 21:00:00,7.4,61,29,0.0,12.2,0.0
2017-04-18 22:00:00,6.3,67,72,0.0,12.3,0.0
2017-04-18 23:00:00,5.1,75,91,0.0,11.0,0.0
2017-04-19 00:00:00,4.6,80,92,0.0,10.5,0.0
2017-04-19 01:00:00,4.5,85,91,0.0,11.0,0.0
2017-04-19 02:00:00,3.9,88,22,0.0,10.1,0.0
2017-04-19 03:00:00,3.1,90,42,0.0,8.2,0.0
2017-04-19 04:00:00,2.4,91,56,0.0,7.4,0.0
2017-04-19 05:00:00,2.1,92,78,0.0,7.4,0.0
2017-04-19 06:00:00,2.1,91,95,0.0,7.4,0.0
2017-04-19 07:00:00,3.6,86,93,41.0,10.2,0.0
2017-04-19 08:00:00,5.8,76,20,171.0,9.1,0.0
2017-04-19 09:00:00,7.8,64,85,324.0,10.9,0.0
2017-04-19 10:00:00,9.1,55,60,440.0,10.4,0.0
2017-04-19 11:00:00,10.0,48,80,548.0,9.4,0.0
2017-04-19 12:00:00,10.8,42,100,579.0,8.8,0.0
2017-04-19 13:00:00,11.0,40,100,436.0,7.8,0.0
2017-04-19 14:00:00,11.4,41,100,466.0,8.7,0.0
2017-04-19 15:00:00,11.3,45,99,453.0,10.8,0.0
2017-04-19 16:00:00,11.0,46,93,370.0,10.2,0.0
2017-04-19 17:00:00,10.9,45,99,290.0,10.1,0.0
2017-04-19 18:00:00,10.2,50,97,240.0,11.9,0.0
2017-04-19 19:00:00,9.2,55,93,166.0,10.6,0.0
2017-04-19 20:00:00,7.0,66,87,39.0,7.4,0.0
2017-04-19 21:00:00,5.9,69,96,0.0,8.3,0.0
2017-04-19 22:00:00,4.8,70,97,0.0,7.2,0.0
2017-04-19 23:00:00,4.0,76,97,0.0,7.2,0.0
2017-04-20 00:00:00,4.0,78,82,0.0,6.6,0.0
2017-04-20 01:00:00,4.4,83,90,0.0,8.4,0.0
2017-04-20 02:00:00,4.4,78,94,0.0,7.6,0.0
2017-04-20 03:00:00,4.3,75,99,0.0,7.6,0.0
2017-04-20 04:00:00,5.3,68,99,0.0,8.9,0.0
2017-04-20 05:00:00,5.3,68,93,0.0,8.5,0.0
2017-04-20 06:00:00,5.1,69,93,0.0,9.3,0.0
2017-04-20 07:00:00,5.7,68,84,35.0,11.6,0.0
2017-04-20 08:00:00,7.4,65,29,166.0,12.3,0.0
2017-04-20 09:00:00,8.9,62,79,278.0,15.0,0.0
2017-04-20 10:00:00,9.7,61,97,265.0,15.5,0.0
2017-04-20 11:00:00,10.1,61,100,252.0,15.3,0.0
2017-04-20 12:00:00,10.3,63,100,184.0,14.0,0.0
2017-04-20 13:00:00,13.0,59,99,167.0,14.8,0.0
2017-04-20 14:00:00,13.1,59,100,445.0,15.9,0.0
2017-04-20 15:00:00,13.2,61,99,295.0,14.8,0.0
2017-04-20 16:00:00,13.0,64,99,183.0,13.7,0.0
2017-04-20 17:00:00,13.0,66,92,163.0,11.9,0.0
2017-04-20 18:00:00,13.1,68,100,123.0,10.0,0.0
2017-04-20 19:00:00,12.7,73,100,36.0,5.2,0.0
2017-04-20 20:00:00,11.9,77,100,9.0,5.4,0.0
2017-04-20 21:00:00,11.4,78,100,0.0,7.5,0.0
2017-04-20 22:00:00,11.0,81,82,0.0,7.8,0.0
2017-04-20 23:00:00,10.6,84,47,0.0,7.2,0.0
2017-04-21 00:00:00,9.1,93,51,0.0,6.1,0.0
2017-04-21 01:00:00,8.6,94,47,0.0,7.1,0.0
2017-04-21 02:00:00,7.5,95,22,0.0,7.5,0.0
2017-04-21 03:00:00,7.9,92,18,0.0,7.9,0.0
2017-04-21 04:00:00,7.7,92,22,0.0,7.2,0.0
2017-04-21 05:00:00,7.0,93,36,0.0,6.8,0.0
2017-04-21 06:00:00,6.9,94,23,0.0,6.5,0.0
2017-04-21 07:00:00,8.4,90,48,37.0,9.0,0.0
2017-04-21 08:00:00,10.3,83,92,123.0,8.3,0.0
2017-04-21 09:00:00,11.9,78,92,217.0,9.6,0.0
2017-04-21 10:00:00,13.1,74,55,284.0,10.6,0.0
2017-04-21 11:00:00,14.4,63,60,430.0,14.1,0.0
2017-04-21 12:00:00,15.0,55,100,445.0,15.5,0.0
2017-04-21 13:00:00,14.1,62,100,271.0,18.2,0.0
2017-04-21 14:00:00,14.6,58,100,304.0,17.8,0.0
2017-04-21 15:00:00,14.9,57,100,316.0,17.2,0.0
2017-04-21 16:00:00,15.0,54,93,271.0,18.5,0.0
2017-04-21 17:00:00,14.7,54,100,135.0,14.3,0.0
2017-04-21 18:00:00,13.8,65,87,162.0,14.4,0.0
2017-04-21 19:00:00,13.4,65,80,70.0,11.3,0.0
2017-04-21 20:00:00,12.4,68,100,28.0,7.4,0.0
2017-04-21 21:00:00,11.3,73,80,0.0,7.5,0.0
2017-04-21 22:00:00,11.2,73,64,0.0,9.4,0.0
2017-04-21 23:00:00,10.1,78,51,0.0,8.0,0.0
2017-04-22 00:00:00,9.7,80,79,0.0,8.9,0.0
2017-04-22 01:00:00,10.1,75,77,0.0,10.3,0.0
2017-04-22 02:00:00,10.3,75,84,0.0,10.2,0.0
2017-04-22 03:00:00,10.2,75,88,0.0,10.5,0.0
2017-04-22 04:00:00,9.7,78,86,0.0,11.2,0.0
2017-04-22 05:00:00,9.0,82,52,0.0,11.0,0.0
2017-04-22 06:00:00,8.3,84,60,0.0,10.3,0.0
2017-04-22 07:00:00,8.8,81,99,39.0,11.3,0.0
2017-04-22 08:00:00,9.5,77,87,116.0,10.8,0.0
2017-04-22 09:00:00,10.3,75,87,173.0,11.5,0.0
2017-04-22 10:00:00,10.8,72,100,185.0,12.4,0.0
2017-04-22 11:00:00,10.5,75,100,103.0,10.9,0.0
2017-04-22 12:00:00,10.8,75,100,174.0,7.8,0.1
2017-04-22 13:00:00,10.6,76,87,168.0,5.8,0.2
2017-04-22 14:00:00,11.1,75,57,242.0,6.3,0.1
2017-04-22 15:00:00,12.1,68,66,474.0,4.1,0.1
2017-04-22 16:00:00,12.6,62,68,369.0,2.4,0.0
2017-04-22 17:00:00,12.8,60,72,301.0,4.6,0.0
2017-04-22 18:00:00,12.7,60,85,215.0,8.2,0.0
2017-04-22 19:00:00,12.2,62,63,98.0,8.0,0.0
2017-04-22 20:00:00,11.7,61,65,37.0,4.7,0.0
2017-04-22 21:00:00,9.4,76,36,0.0,7.1,0.0
2017-04-22 22:00:00,8.1,83,74,0.0,9.0,0.1
2017-04-22 23:00:00,7.2,90,54,0.0,5.9,0.0
2017-04-23 00:00:00,6.5,94,77,0.0,7.9,0.0
2017-04-23 01:00:00,7.2,88,82,0.0,10.0,0.0
2017-04-23 02:00:00,7.5,86,100,0.0,10.0,0.0
2017-04-23 03:00:00,7.5,83,100,0.0,9.2,0.0
2017-04-23 04:00:00,7.7,82,100,0.0,9.6,0.0
2017-04-23 05:00:00,7.8,81,100,0.0,9.7,0.0
2017-04-23 06:00:00,7.7,81,100,0.0,8.6,0.0
2017-04-23 07:00:00,7.8,80,100,12.0,8.1,0.0
2017-04-23 08:00:00,8.1,79,100,45.0,7.7,0.0
2017-04-23 09:00:00,8.7,77,100,95.0,7.6,0.0
2017-04-23 10:00:00,9.9,73,93,198.0,9.2,0.0
2017-04-23 11:00:00,10.7,70,88,270.0,12.4,0.4
2017-04-23 12:00:00,12.3,59,100,490.0,10.9,0.2
2017-04-23 13:00:00,13.0,49,100,377.0,7.9,0.0
2017-04-23 14:00:00,13.6,46,100,335.0,6.3,0.0
2017-04-23 15:00:00,14.3,46,100,503.0,8.6,0.0
2017-04-23 16:00:00,14.0,47,99,304.0,11.5,0.0
2017-04-23 17:00:00,13.4,50,99,195.0,13.0,0.0
2017-04-23 18:00:00,13.1,52,95,147.0,11.3,0.0
2017-04-23 19:00:00,12.7,56,97,99.0,6.2,0.0
2017-04-23 20:00:00,11.7,63,92,32.0,5.6,0.0
2017-04-23 21:00:00,10.5,67,66,0.0,8.0,0.0
2017-04-23 22:00:00,9.7,86,84,0.0,11.7,0.0
2017-04-23 23:00:00,9.2,88,51,0.0,9.0,0.0
2017-04-24 00:00:00,8.8,90,55,0.0,8.1,0.0
2017-04-24 01:00:00,7.4,84,75,0.0,9.9,0.0
2017-04-24 02:00:00,6.4,87,90,0.0,8.4,0.0
2017-04-24 03:00:00,6.3,90,88,0.0,7.8,0.0
2017-04-24 04:00:00,5.9,93,63,0.0,7.8,0.0
2017-04-24 05:00:00,5.3,96,48,0.0,8.7,0.0
2017-04-24 06:00:00,5.1,97,10,1.0,8.2,0.0
2017-04-24 07:00:00,6.3,92,14,54.0,10.5,0.0
2017-04-24 08:00:00,7.9,84,46,176.0,10.0,0.0
2017-04-24 09:00:00,9.8,76,63,306.0,9.3,0.0
2017-04-24 10:00:00,11.9,70,99,473.0,11.2,0.0
2017-04-24 11:00:00,12.9,66,99,422.0,13.6,0.0
2017-04-24 12:00:00,13.9,59,99,462.0,17.0,0.1
2017-04-24 13:00:00,12.4,70,100,354.0,16.4,0.3
2017-04-24 14:00:00,13.1,64,97,359.0,16.9,0.1
2017-04-24 15:00:00,13.0,64,99,358.0,19.1,0.0
2017-04-24 16:00:00,13.1,63,99,260.0,19.9,0.2
2017-04-24 17:00:00,12.2,70,100,154.0,18.7,0.1
2017-04-24 18:00:00,12.2,67,100,112.0,16.4,0.0
2017-04-24 19:00:00,10.6,70,100,54.0,18.5,0.1
2017-04-24 20:00:00,9.4,69,97,22.0,18.5,0.0
2017-04-24 21:00:00,8.9,59,100,0.0,20.4,0.0
2017-04-24 22:00:00,7.9,43,87,0.0,20.1,0.0
2017-04-24 23:00:00,6.6,43,89,0.0,19.6,0.0
2017-04-25 00:00:00,5.7,46,47,0.0,20.4,0.0
2017-04-25 01:00:00,4.0,55,23,0.0,19.3,0.0
2017-04-25 02:00:00,3.1,56,0,0.0,17.1,0.0
2017-04-25 03:00:00,2.4,57,0,0.0,14.9,0.0
2017-04-25 04:00:00,1.9,58,0,0.0,14.0,0.0
2017-04-25 05:00:00,1.4,60,0,0.0,13.4,0.0
2017-04-25 06:00:00,1.0,65,1,1.0,11.4,0.0
2017-04-25 07:00:00,2.2,65,1,67.0,12.8,0.0
2017-04-25 08:00:00,3.9,62,3,214.0,15.3,0.0
2017-04-25 09:00:00,5.2,55,1,383.0,15.9,0.0
2017-04-25 10:00:00,6.6,47,32,543.0,15.7,0.0
2017-04-25 11:00:00,7.6,42,61,643.0,15.5,0.0
2017-04-25 12:00:00,8.2,42,16,669.0,14.8,0.0
2017-04-25 13:00:00,9.0,36,27,796.0,15.5,0.0
2017-04-25 14:00:00,10.0,37,11,782.0,14.1,0.0
2017-04-25 15:00:00,10.5,36,10,762.0,14.2,0.0
2017-04-25 16:00:00,10.5,39,24,641.0,15.6,0.0
2017-04-25 17:00:00,8.7,44,75,438.0,17.6,0.7
2017-04-25 18:00:00,8.8,42,10,271.0,14.7,0.0
2017-04-25 19:00:00,6.9,62,79,186.0,19.2,0.0
2017-04-25 20:00:00,6.1,68,51,45.0,13.7,0.0
2017-04-25 21:00:00,4.8,75,2,1.0,10.8,0.0
2017-04-25 22:00:00,4.0,76,0,0.0,11.0,0.0
2017-04-25 23:00:00,3.6,75,0,0.0,11.2,0.0
2017-04-26 00:00:00,3.4,75,8,0.0,12.8,0.0
2017-04-26 01:00:00,2.6,85,2,0.0,13.2,0.0
2017-04-26 02:00:00,2.4,84,0,0.0,15.0,0.0
2017-04-26 03:00:00,2.2,87,1,0.0,14.6,0.0
2017-04-26 04:00:00,2.2,88,13,0.0,15.0,0.0
2017-04-26 05:00:00,2.6,86,99,0.0,14.5,0.0
2017-04-26 06:00:00,3.5,82,71,1.0,16.7,0.0
2017-04-26 07:00:00,4.2,80,74,48.0,17.0,0.0
2017-04-26 08:00:00,4.9,73,100,134.0,25.2,0.0
2017-04-26 09:00:00,6.0,64,100,199.0,23.8,0.0
2017-04-26 10:00:00,7.0,59,100,323.0,23.1,0.0
2017-04-26 11:00:00,8.2,56,59,487.0,21.6,0.1
2017-04-26 12:00:00,8.4,56,53,455.0,20.2,0.0
2017-04-26 13:00:00,10.1,58,64,741.0,16.3,0.2
2017-04-26 14:00:00,7.9,64,88,722.0,22.8,1.7
2017-04-26 15:00:00,8.6,54,82,412.0,21.3,0.1
2017-04-26 16:00:00,8.4,58,77,514.0,21.2,0.2
2017-04-26 17:00:00,9.0,48,42,432.0,19.4,0.0
2017-04-26 18:00:00,8.3,52,48,320.0,21.3,0.0
2017-04-26 19:00:00,7.6,56,30,172.0,17.9,0.0
2017-04-26 20:00:00,6.2,64,16,59.0,10.5,0.0
2017-04-26 21:00:00,5.0,68,43,1.0,10.1,0.0
2017-04-26 22:00:00,4.0,73,14,0.0,9.4,0.0
2017-04-26 23:00:00,2.7,80,2,0.0,7.3,0.0
2017-04-27 00:00:00,1.8,85,0,0.0,7.2,0.0
2017-04-27 01:00:00,1.7,88,0,0.0,7.2,0.0
2017-04-27 02:00:00,0.8,92,7,0.0,7.1,0.0
2017-04-27 03:00:00,0.6,92,6,0.0,6.9,0.0
2017-04-27 04:00:00,-0.3,93,10,0.0,9.7,0.0
2017-04-27 05:00:00,-0.7,94,0,0.0,9.5,0.0
2017-04-27 06:00:00,-0.4,95,0,2.0,6.6,0.0
2017-04-27 07:00:00,2.1,88,20,72.0,8.5,0.0
2017-04-27 08:00:00,4.6,76,59,213.0,9.0,0.0
2017-04-27 09:00:00,7.0,65,50,374.0,11.8,0.0
2017-04-27 10:00:00,8.8,54,74,529.0,16.1,0.0
2017-04-27 11:00:00,9.8,45,100,581.0,17.9,0.0
2017-04-27 12:00:00,9.5,47,100,348.0,18.2,0.0
2017-04-27 13:00:00,9.6,50,96,424.0,15.9,0.0
2017-04-27 14:00:00,10.8,45,100,381.0,17.9,0.0
2017-04-27 15:00:00,10.0,52,100,259.0,19.9,0.1
2017-04-27 16:00:00,9.4,62,99,169.0,18.9,0.0
2017-04-27 17:00:00,8.7,72,100,117.0,14.4,0.3
2017-04-27 18:00:00,8.5,75,99,86.0,13.2,0.2
2017-04-27 19:00:00,8.4,78,96,48.0,15.3,0.0
2017-04-27 20:00:00,8.2,81,100,22.0,13.0,0.1
2017-04-27 21:00:00,8.0,82,99,0.0,10.9,0.2
2017-04-27 22:00:00,7.9,83,100,0.0,10.8,0.1
2017-04-27 23:00:00,7.4,86,84,0.0,10.3,0.0
2017-04-28 00:00:00,6.8,89,68,0.0,8.9,0.0
2017-04-28 01:00:00,6.0,91,86,0.0,9.8,0.0
2017-04-28 02:00:00,6.5,90,97,0.0,11.0,0.0
2017-04-28 03:00:00,6.3,91,92,0.0,8.9,0.1
2017-04-28 04:00:00,6.3,93,99,0.0,7.9,0.3
2017-04-28 05:00:00,6.3,93,67,0.0,7.9,0.6
2017-04-28 06:00:00,5.8,95,92,1.0,6.1,0.1
2017-04-28 07:00:00,7.0,92,93,38.0,7.2,0.0
2017-04-28 08:00:00,7.8,85,96,144.0,9.0,0.0
2017-04-28 09:00:00,8.1,78,82,156.0,7.6,0.0
2017-04-28 10:00:00,8.9,71,74,268.0,8.1,0.0
2017-04-28 11:00:00,10.3,61,100,426.0,10.8,0.0
2017-04-28 12:00:00,10.3,61,77,258.0,12.3,0.2
2017-04-28 13:00:00,11.4,57,99,472.0,8.9,0.2
2017-04-28 14:00:00,12.9,51,97,609.0,9.8,0.3
2017-04-28 15:00:00,13.0,48,93,423.0,9.1,0.1
2017-04-28 16:00:00,13.2,47,74,328.0,8.9,0.0
2017-04-28 17:00:00,13.0,49,81,297.0,7.9,0.0
2017-04-28 18:00:00,12.8,50,83,216.0,4.6,0.0
2017-04-28 19:00:00,12.0,59,74,92.0,4.7,0.0
2017-04-28 20:00:00,10.0,69,78,43.0,6.2,0.0
2017-04-28 21:00:00,9.2,69,84,1.0,7.6,0.0
2017-04-28 22:00:00,8.8,79,87,0.0,6.5,0.0
2017-04-28 23:00:00,8.9,83,86,0.0,6.0,0.0
2017-04-29 00:00:00,8.8,85,98,0.0,6.1,0.0
2017-04-29 01:00:00,9.1,80,94,0.0,9.2,0.0
2017-04-29 02:00:00,8.4,82,100,0.0,8.2,0.0
2017-04-29 03:00:00,8.2,79,100,0.0,7.7,0.0
2017-04-29 04:00:00,8.3,74,100,0.0,7.1,0.0
2017-04-29 05:00:00,7.8,75,64,0.0,5.7,0.0
2017-04-29 06:00:00,6.5,81,40,2.0,5.9,0.0
2017-04-29 07:00:00,7.5,77,11,67.0,6.8,0.0
2017-04-29 08:00:00,9.2,68,15,204.0,5.7,0.0
2017-04-29 09:00:00,11.0,62,9,365.0,7.9,0.0
2017-04-29 10:00:00,12.2,56,91,499.0,13.0,0.0
2017-04-29 11:00:00,12.6,53,100,324.0,14.4,0.0
2017-04-29 12:00:00,12.5,55,100,267.0,15.6,0.1
2017-04-29 13:00:00,13.5,52,100,457.0,15.5,0.0
2017-04-29 14:00:00,14.1,47,79,488.0,15.9,0.0
2017-04-29 15:00:00,14.1,46,100,348.0,16.0,0.0
2017-04-29 16:00:00,13.0,55,83,213.0,19.8,0.0
2017-04-29 17:00:00,13.8,46,75,311.0,16.6,0.0
2017-04-29 18:00:00,13.8,46,99,281.0,18.3,0.0
2017-04-29 19:00:00,13.0,57,78,134.0,17.1,0.0
2017-04-29 20:00:00,11.8,60,63,41.0,15.1,0.0
2017-04-29 21:00:00,10.8,66,83,1.0,16.1,0.0
2017-04-29 22:00:00,10.9,63,65,0.0,18.2,0.0
2017-04-29 23:00:00,10.8,59,82,0.0,20.8,0.0
2017-04-30 00:00:00,10.9,57,82,0.0,23.0,0.0
2017-04-30 01:00:00,10.8,58,82,0.0,20.6,0.0
2017-04-30 02:00:00,9.5,62,98,0.0,21.1,0.0
2017-04-30 03:00:00,9.4,61,84,0.0,21.7,0.0
2017-04-30 04:00:00,9.2,61,67,0.0,20.2,0.0
2017-04-30 05:00:00,8.6,63,95,0.0,17.9,0.0
2017-04-30 06:00:00,8.2,65,67,3.0,17.1,0.0
2017-04-30 07:00:00,9.3,65,98,58.0,18.2,0.0
2017-04-30 08:00:00,10.5,63,94,182.0,19.2,0.0
2017-04-30 09:00:00,11.9,59,94,330.0,21.7,0.0
2017-04-30 10:00:00,13.2,57,93,423.0,22.7,0.0
2017-04-30 11:00:00,14.8,53,98,588.0,24.5,0.0
2017-04-30 12:00:00,15.3,52,99,521.0,23.9,0.0
2017-04-30 13:00:00,16.8,44,100,437.0,25.3,0.0
2017-04-30 14:00:00,16.6,45,100,472.0,25.2,0.0
2017-04-30 15:00:00,16.1,47,100,396.0,25.2,0.0
2017-04-30 16:00:00,15.6,46,100,377.0,25.0,0.0
2017-04-30 17:00:00,15.7,42,100,323.0,24.8,0.0
2017-04-30 18:00:00,15.6,43,100,247.0,23.5,0.0
2017-04-30 19:00:00,14.1,55,100,55.0,18.8,0.0
2017-04-30 20:00:00,13.0,64,100,34.0,16.3,0.0
2017-04-30 21:00:00,12.0,73,100,1.0,12.8,0.1
2017-04-30 22:00:00,11.0,82,99,0.0,12.4,0.7
2017-04-30 23:00:00,10.8,88,100,0.0,12.9,0.7
2017-05-01 00:00:00,10.4,91,100,0.0,15.5,1.2
2017-05-01 01:00:00,9.8,90,100,0.0,10.3,0.6
2017-05-01 02:00:00,9.3,91,100,0.0,5.5,1.2
2017-05-01 03:00:00,8.9,92,100,0.0,7.4,0.7
2017-05-01 04:00:00,8.8,88,100,0.0,11.3,0.6
2017-05-01 05:00:00,8.5,88,97,0.0,11.9,0.3
2017-05-01 06:00:00,8.4,90,58,3.0,9.2,0.0
2017-05-01 07:00:00,8.8,88,98,69.0,11.8,0.0
2017-05-01 08:00:00,9.4,84,31,161.0,18.6,0.0
2017-05-01 09:00:00,10.3,78,44,296.0,18.3,0.0
2017-05-01 10:00:00,10.9,73,27,428.0,19.5,0.1
2017-05-01 11:00:00,11.3,70,45,497.0,18.0,0.0
2017-05-01 12:00:00,12.0,60,51,481.0,18.5,0.2
2017-05-01 13:00:00,10.8,70,82,447.0,22.6,0.2
2017-05-01 14:00:00,12.7,59,73,377.0,12.7,0.6
2017-05-01 15:00:00,13.3,56,64,351.0,10.4,0.1
2017-05-01 16:00:00,13.1,57,68,323.0,13.0,0.0
2017-05-01 17:00:00,12.9,60,42,313.0,17.8,0.0
2017-05-01 18:00:00,12.0,66,21,259.0,18.2,0.0
2017-05-01 19:00:00,11.0,69,11,186.0,18.8,0.0
2017-05-01 20:00:00,9.7,72,10,67.0,14.3,0.0
2017-05-01 21:00:00,8.6,75,42,3.0,12.7,0.0
2017-05-01 22:00:00,8.5,77,34,0.0,13.4,0.0
2017-05-01 23:00:00,8.1,81,47,0.0,15.1,0.0
2017-05-02 00:00:00,7.7,84,5,0.0,15.5,0.0
2017-05-02 01:00:00,7.4,92,19,0.0,8.9,0.0
2017-05-02 02:00:00,7.3,93,78,0.0,8.2,0.0
2017-05-02 03:00:00,7.2,94,36,0.0,9.0,0.0
2017-05-02 04:00:00,7.0,95,24,0.0,8.7,0.0
2017-05-02 05:00:00,5.8,98,94,0.0,6.9,0.0
2017-05-02 06:00:00,6.2,97,90,5.0,8.4,0.0
2017-05-02 07:00:00,8.1,91,72,79.0,11.8,0.0
2017-05-02 08:00:00,10.0,83,32,227.0,9.8,0.0
2017-05-02 09:00:00,11.9,73,20,389.0,10.4,0.0
2017-05-02 10:00:00,13.8,63,71,544.0,11.3,0.0
2017-05-02 11:00:00,14.8,54,57,508.0,11.6,0.0
2017-05-02 12:00:00,15.7,48,54,633.0,10.3,0.0
2017-05-02 13:00:00,15.8,49,66,621.0,11.4,0.1
2017-05-02 14:00:00,15.9,48,100,513.0,13.0,0.0
2017-05-02 15:00:00,16.0,48,100,481.0,15.8,0.4
2017-05-02 16:00:00,14.7,54,100,296.0,17.6,0.0
2017-05-02 17:00:00,13.3,69,100,138.0,10.2,0.1
2017-05-02 18:00:00,13.5,67,100,193.0,11.3,0.1
2017-05-02 19:00:00,13.1,71,95,86.0,10.0,0.0
2017-05-02 20:00:00,11.9,75,93,42.0,13.9,0.1
2017-05-02 21:00:00,10.4,83,63,2.0,13.0,0.2
2017-05-02 22:00:00,10.0,86,22,0.0,15.0,0.2
2017-05-02 23:00:00,8.8,88,2,0.0,14.4,0.0
2017-05-03 00:00:00,7.5,92,7,0.0,13.2,0.0
2017-05-03 01:00:00,6.8,91,90,0.0,13.5,0.0
2017-05-03 02:00:00,6.6,90,99,0.0,14.9,0.0
2017-05-03 03:00:00,6.5,89,92,0.0,15.4,0.0
2017-05-03 04:00:00,6.2,89,89,0.0,14.9,0.0
2017-05-03 05:00:00,6.1,89,71,0.0,15.2,0.0
2017-05-03 06:00:00,6.7,86,69,5.0,16.4,0.0
2017-05-03 07:00:00,7.7,82,56,60.0,16.0,0.0
2017-05-03 08:00:00,8.9,78,100,150.0,25.0,0.0
2017-05-03 09:00:00,9.6,74,100,117.0,22.7,0.0
2017-05-03 10:00:00,10.1,70,100,134.0,24.0,0.1
2017-05-03 11:00:00,9.7,77,100,115.0,25.1,0.2
2017-05-03 12:00:00,10.0,74,100,99.0,24.9,0.0
2017-05-03 13:00:00,10.3,72,100,166.0,25.6,0.0
2017-05-03 14:00:00,11.3,67,100,238.0,26.2,0.1
2017-05-03 15:00:00,10.3,76,100,111.0,23.6,0.2
2017-05-03 16:00:00,10.4,77,94,98.0,19.5,0.1
2017-05-03 17:00:00,11.3,74,99,225.0,24.9,0.0
2017-05-03 18:00:00,11.0,75,63,176.0,23.2,0.0
2017-05-03 19:00:00,11.0,74,65,176.0,21.7,0.0
2017-05-03 20:00:00,10.1,78,58,52.0,16.1,0.0
2017-05-03 21:00:00,9.8,80,89,3.0,16.0,0.0
2017-05-03 22:00:00,9.5,84,87,0.0,15.2,0.0
2017-05-03 23:00:00,9.3,86,91,0.0,15.8,0.0
2017-05-04 00:00:00,8.9,89,76,0.0,15.6,0.0
2017-05-04 01:00:00,9.4,89,100,0.0,15.0,0.0
2017-05-04 02:00:00,9.3,90,100,0.0,15.6,0.0
2017-05-04 03:00:00,9.3,90,100,0.0,15.3,0.0
2017-05-04 04:00:00,8.8,92,100,0.0,14.3,0.0
2017-05-04 05:00:00,8.6,93,100,0.0,15.5,0.0
2017-05-04 06:00:00,8.3,94,99,5.0,15.5,0.0
2017-05-04 07:00:00,9.6,89,100,51.0,16.5,0.0
2017-05-04 08:00:00,10.6,84,100,102.0,21.4,0.0
2017-05-04 09:00:00,11.3,81,100,192.0,18.4,0.0
2017-05-04 10:00:00,11.9,73,100,189.0,19.1,0.0
2017-05-04 11:00:00,13.5,64,100,324.0,22.4,0.0
2017-05-04 12:00:00,13.9,62,97,354.0,22.9,0.0
2017-05-04 13:00:00,13.5,64,100,391.0,23.2,0.0
2017-05-04 14:00:00,13.4,63,100,279.0,22.0,0.1
2017-05-04 15:00:00,13.2,66,100,307.0,22.7,0.1
2017-05-04 16:00:00,13.1,66,100,234.0,22.0,0.0
2017-05-04 17:00:00,12.7,69,100,214.0,24.4,0.0
2017-05-04 18:00:00,11.7,72,82,111.0,21.7,0.0
2017-05-04 19:00:00,11.2,73,99,83.0,20.9,0.0
2017-05-04 20:00:00,10.6,75,91,34.0,19.9,0.0
2017-05-04 21:00:00,10.1,77,69,2.0,21.6,0.0
2017-05-04 22:00:00,9.2,80,29,0.0,20.2,0.0
2017-05-04 23:00:00,8.3,82,100,0.0,19.1,0.0
2017-05-05 00:00:00,8.7,79,100,0.0,20.1,0.0
2017-05-05 01:00:00,9.1,77,100,0.0,18.9,0.0
2017-05-05 02:00:00,9.1,79,100,0.0,20.9,0.0
2017-05-05 03:00:00,9.6,76,3,0.0,21.3,0.0
2017-05-05 04:00:00,8.6,80,10,0.0,20.2,0.0
2017-05-05 05:00:00,8.0,81,22,0.0,19.8,0.0
2017-05-05 06:00:00,8.0,79,16,8.0,18.7,0.0
2017-05-05 07:00:00,9.0,74,3,95.0,17.4,0.0
2017-05-05 08:00:00,10.3,69,3,228.0,20.5,0.0
2017-05-05 09:00:00,11.8,62,59,384.0,27.4,0.0
2017-05-05 10:00:00,12.7,56,57,427.0,31.7,0.0
2017-05-05 11:00:00,13.4,51,100,475.0,32.8,0.0
2017-05-05 12:00:00,12.9,56,100,374.0,33.2,0.0
2017-05-05 13:00:00,13.7,52,76,394.0,26.4,0.0
2017-05-05 14:00:00,14.3,50,94,680.0,29.5,0.0
2017-05-05 15:00:00,14.5,50,100,610.0,28.7,0.0
2017-05-05 16:00:00,14.1,51,1,586.0,30.1,0.0
2017-05-05 17:00:00,13.3,57,100,528.0,28.7,0.0
2017-05-05 18:00:00,11.5,67,100,193.0,26.4,0.0
2017-05-05 19:00:00,10.5,71,100,43.0,23.5,0.0
2017-05-05 20:00:00,10.3,73,100,15.0,21.4,0.0
2017-05-05 21:00:00,9.8,79,98,1.0,19.9,0.0
2017-05-05 22:00:00,9.6,80,100,0.0,18.6,0.0
2017-05-05 23:00:00,9.3,82,98,0.0,18.3,0.0
2017-05-06 00:00:00,9.2,84,96,0.0,16.6,0.0
2017-05-06 01:00:00,9.2,85,78,0.0,18.6,0.0
2017-05-06 02:00:00,8.8,88,98,0.0,17.7,0.0
2017-05-06 03:00:00,8.8,88,88,0.0,19.1,0.0
2017-05-06 04:00:00,8.6,90,64,0.0,19.0,0.0
2017-05-06 05:00:00,8.6,90,43,0.0,19.0,0.0
2017-05-06 06:00:00,8.9,88,74,7.0,19.4,0.0
2017-05-06 07:00:00,9.6,85,90,80.0,20.8,0.0
2017-05-06 08:00:00,10.6,77,99,201.0,26.0,0.0
2017-05-06 09:00:00,12.0,71,100,339.0,25.3,0.0
2017-05-06 10:00:00,13.2,66,99,403.0,23.8,0.0
2017-05-06 11:00:00,14.4,61,96,470.0,23.5,0.0
2017-05-06 12:00:00,15.0,60,90,434.0,22.9,0.0
2017-05-06 13:00:00,14.1,66,100,396.0,19.7,0.0
2017-05-06 14:00:00,14.1,66,100,297.0,20.0,0.1
2017-05-06 15:00:00,14.2,64,96,262.0,19.4,0.0
2017-05-06 16:00:00,14.4,64,98,285.0,19.6,0.1
2017-05-06 17:00:00,14.7,59,100,251.0,14.5,0.0
2017-05-06 18:00:00,14.0,64,100,78.0,12.6,0.0
2017-05-06 19:00:00,13.3,69,86,48.0,13.9,0.0
2017-05-06 20:00:00,12.8,70,100,30.0,12.0,0.0
2017-05-06 21:00:00,11.7,75,100,3.0,14.4,0.0
2017-05-06 22:00:00,10.6,82,100,0.0,12.1,0.0
2017-05-06 23:00:00,10.1,83,50,0.0,11.1,0.0
2017-05-07 00:00:00,9.6,84,54,0.0,11.0,0.0
2017-05-07 01:00:00,8.5,90,52,0.0,9.2,0.0
2017-05-07 02:00:00,7.2,94,57,0.0,6.8,0.0
2017-05-07 03:00:00,7.2,94,60,0.0,7.6,0.0
2017-05-07 04:00:00,7.8,90,100,0.0,7.6,0.0
2017-05-07 05:00:00,8.4,87,100,0.0,6.6,0.0
2017-05-07 06:00:00,8.8,86,100,3.0,10.9,0.0
2017-05-07 07:00:00,9.1,80,100,31.0,12.7,0.0
2017-05-07 08:00:00,9.6,76,100,64.0,10.9,0.1
2017-05-07 09:00:00,10.2,76,100,90.0,9.8,0.0
2017-05-07 10:00:00,10.8,73,100,176.0,15.5,0.3
2017-05-07 11:00:00,11.3,69,100,230.0,15.1,0.0
2017-05-07 12:00:00,11.6,69,100,260.0,13.7,0.0
2017-05-07 13:00:00,12.1,68,100,350.0,14.3,0.0
2017-05-07 14:00:00,14.0,58,98,414.0,13.8,0.0
2017-05-07 15:00:00,15.5,48,100,412.0,14.4,0.0
2017-05-07 16:00:00,16.2,45,99,427.0,16.2,0.0
2017-05-07 17:00:00,16.7,48,100,456.0,18.6,0.0
2017-05-07 18:00:00,15.6,54,100,164.0,18.3,0.0
2017-05-07 19:00:00,14.4,65,17,88.0,11.3,0.0
2017-05-07 20:00:00,12.5,75,43,77.0,9.0,0.0
2017-05-07 21:00:00,10.9,81,22,6.0,10.0,0.0
2017-05-07 22:00:00,10.1,82,28,0.0,11.2,0.0
2017-05-07 23:00:00,9.1,84,28,0.0,9.7,0.0
2017-05-08 00:00:00,8.6,83,27,0.0,7.1,0.0
2017-05-08 01:00:00,8.6,83,60,0.0,4.9,0.0
2017-05-08 02:00:00,7.9,88,83,0.0,4.8,0.0
2017-05-08 03:00:00,8.1,81,71,0.0,13.7,0.0
2017-05-08 04:00:00,7.1,74,84,0.0,13.8,0.0
2017-05-08 05:00:00,7.2,74,93,0.0,12.3,0.0
2017-05-08 06:00:00,7.5,76,98,5.0,12.7,0.0
2017-05-08 07:00:00,8.2,72,100,43.0,19.1,0.0
2017-05-08 08:00:00,8.4,71,100,95.0,22.1,0.0
2017-05-08 09:00:00,9.1,69,100,154.0,21.0,0.0
2017-05-08 10:00:00,9.7,67,100,237.0,21.3,0.0
2017-05-08 11:00:00,10.6,66,100,318.0,20.7,0.0
2017-05-08 12:00:00,11.3,65,100,314.0,21.0,0.0
2017-05-08 13:00:00,10.5,67,100,369.0,19.1,0.0
2017-05-08 14:00:00,10.8,67,100,242.0,19.2,0.0
2017-05-08 15:00:00,11.3,66,100,247.0,19.6,0.0
2017-05-08 16:00:00,11.3,67,100,232.0,20.4,0.0
2017-05-08 17:00:00,11.4,68,100,201.0,19.9,0.0
2017-05-08 18:00:00,11.1,68,100,98.0,18.4,0.0
2017-05-08 19:00:00,10.9,68,100,61.0,15.6,0.0
2017-05-08 20:00:00,10.5,69,92,27.0,14.9,0.0
2017-05-08 21:00:00,9.6,73,41,5.0,14.6,0.0
2017-05-08 22:00:00,8.4,79,34,0.0,13.6,0.0
2017-05-08 23:00:00,7.4,83,14,0.0,12.4,0.0
2017-05-09 00:00:00,6.9,84,7,0.0,12.2,0.0
2017-05-09 01:00:00,7.1,80,17,0.0,12.6,0.0
2017-05-09 02:00:00,6.9,77,87,0.0,10.6,0.0
2017-05-09 03:00:00,6.7,76,100,0.0,9.6,0.0
2017-05-09 04:00:00,6.8,75,92,0.0,9.7,0.0
2017-05-09 05:00:00,6.7,75,84,0.0,10.0,0.0
2017-05-09 06:00:00,6.9,71,97,6.0,12.6,0.0
2017-05-09 07:00:00,7.2,69,95,67.0,14.0,0.0
2017-05-09 08:00:00,7.9,66,100,163.0,14.4,0.0
2017-05-09 09:00:00,8.7,63,100,282.0,12.7,0.0
2017-05-09 10:00:00,9.2,63,100,324.0,10.6,0.0
2017-05-09 11:00:00,9.6,64,100,321.0,9.7,0.0
2017-05-09 12:00:00,10.5,63,100,420.0,9.2,0.0
2017-05-09 13:00:00,10.8,62,100,448.0,7.7,0.0
2017-05-09 14:00:00,11.4,60,100,442.0,7.5,0.0
2017-05-09 15:00:00,11.8,58,100,424.0,7.2,0.0
2017-05-09 16:00:00,12.1,56,100,400.0,8.5,0.0
2017-05-09 17:00:00,12.0,56,99,288.0,9.1,0.0
2017-05-09 18:00:00,12.0,56,100,247.0,10.3,0.0
2017-05-09 19:00:00,11.6,57,97,144.0,11.3,0.0
2017-05-09 20:00:00,11.0,60,100,49.0,9.8,0.0
2017-05-09 21:00:00,9.9,69,100,4.0,13.7,0.0
2017-05-09 22:00:00,8.8,75,100,0.0,11.2,0.0
2017-05-09 23:00:00,8.5,78,100,0.0,8.7,0.0
2017-05-10 00:00:00,8.5,80,100,0.0,8.1,0.0
2017-05-10 01:00:00,7.9,85,100,0.0,8.3,0.0
2017-05-10 02:00:00,7.4,88,100,0.0,6.5,0.0
2017-05-10 03:00:00,6.9,91,79,0.0,5.5,0.0
2017-05-10 04:00:00,6.4,94,49,0.0,5.0,0.0
2017-05-10 05:00:00,5.8,96,36,0.0,4.7,0.0
2017-05-10 06:00:00,5.7,95,32,9.0,5.2,0.0
2017-05-10 07:00:00,6.9,89,26,87.0,6.5,0.0
2017-05-10 08:00:00,8.4,73,33,235.0,9.8,0.0
2017-05-10 09:00:00,9.4,63,65,353.0,9.9,0.0
2017-05-10 10:00:00,10.5,60,61,514.0,9.7,0.0
2017-05-10 11:00:00,11.9,58,52,691.0,9.8,0.0
2017-05-10 12:00:00,13.1,56,60,750.0,9.8,0.0
2017-05-10 13:00:00,14.7,50,79,830.0,8.9,0.0
2017-05-10 14:00:00,15.6,49,77,834.0,8.7,0.0
2017-05-10 15:00:00,16.2,49,73,786.0,9.6,0.0
2017-05-10 16:00:00,16.4,51,56,690.0,11.6,0.0
2017-05-10 17:00:00,15.9,55,36,564.0,15.1,0.0
2017-05-10 18:00:00,14.2,61,20,410.0,18.0,0.0
2017-05-10 19:00:00,13.0,63,21,244.0,15.9,0.0
2017-05-10 20:00:00,11.4,67,57,102.0,13.7,0.0
2017-05-10 21:00:00,9.3,72,57,10.0,13.0,0.0
2017-05-10 22:00:00,8.0,78,66,0.0,11.9,0.0
2017-05-10 23:00:00,7.3,85,50,0.0,11.8,0.0
2017-05-11 00:00:00,6.9,89,1,0.0,12.9,0.0
2017-05-11 01:00:00,7.0,88,0,0.0,13.4,0.0
2017-05-11 02:00:00,6.9,91,0,0.0,13.0,0.0
2017-05-11 03:00:00,6.9,92,2,0.0,12.9,0.0
2017-05-11 04:00:00,6.9,93,25,0.0,11.8,0.0
2017-05-11 05:00:00,7.0,94,41,0.0,10.7,0.0
2017-05-11 06:00:00,7.7,94,33,15.0,13.3,0.0
2017-05-11 07:00:00,9.8,86,48,116.0,14.7,0.0
2017-05-11 08:00:00,12.1,78,31,256.0,15.6,0.0
2017-05-11 09:00:00,14.3,70,46,398.0,15.5,0.0
2017-05-11 10:00:00,16.3,63,51,561.0,16.7,0.0
2017-05-11 11:00:00,17.9,57,55,662.0,17.3,0.0
2017-05-11 12:00:00,18.2,55,37,591.0,16.9,0.0
2017-05-11 13:00:00,19.9,48,38,656.0,16.1,0.0
2017-05-11 14:00:00,19.4,52,83,527.0,16.9,0.2
2017-05-11 15:00:00,19.3,54,40,459.0,14.5,0.0
2017-05-11 16:00:00,19.4,55,84,577.0,14.1,0.0
2017-05-11 17:00:00,18.9,57,53,429.0,14.8,0.0
2017-05-11 18:00:00,17.7,62,48,288.0,17.1,0.0
2017-05-11 19:00:00,16.6,62,51,205.0,15.5,0.0
2017-05-11 20:00:00,14.6,68,83,80.0,11.6,0.0
2017-05-11 21:00:00,13.2,72,98,8.0,10.2,0.0
2017-05-11 22:00:00,12.1,77,100,0.0,9.7,0.0
2017-05-11 23:00:00,11.8,79,100,0.0,9.4,0.0
2017-05-12 00:00:00,11.7,83,100,0.0,8.4,0.5
2017-05-12 01:00:00,11.4,92,100,0.0,7.2,0.8
2017-05-12 02:00:00,12.0,94,100,0.0,6.2,1.3
2017-05-12 03:00:00,12.2,96,100,0.0,6.2,0.5
2017-05-12 04:00:00,12.6,97,100,0.0,8.4,0.1
2017-05-12 05:00:00,12.4,96,100,0.0,14.4,0.2
2017-05-12 06:00:00,12.6,92,97,4.0,14.7,0.1
2017-05-12 07:00:00,12.5,88,91,65.0,15.2,0.0
2017-05-12 08:00:00,13.1,85,86,159.0,16.2,0.0
2017-05-12 09:00:00,15.2,74,83,311.0,17.8,0.0
2017-05-12 10:00:00,15.2,75,87,272.0,19.5,0.1
2017-05-12 11:00:00,16.2,68,83,373.0,19.6,0.1
2017-05-12 12:00:00,16.7,72,43,457.0,19.9,0.0
2017-05-12 13:00:00,17.0,72,43,528.0,19.0,0.1
2017-05-12 14:00:00,16.4,69,78,559.0,22.9,0.7
2017-05-12 15:00:00,17.0,66,41,506.0,25.3,0.1
2017-05-12 16:00:00,17.5,63,36,474.0,26.0,0.2
2017-05-12 17:00:00,17.3,64,50,389.0,23.7,0.2
2017-05-12 18:00:00,16.8,66,36,302.0,23.4,0.1
2017-05-12 19:00:00,15.9,70,8,205.0,19.7,0.0
2017-05-12 20:00:00,14.4,72,1,101.0,17.8,0.0
2017-05-12 21:00:00,12.6,78,37,11.0,15.6,0.0
2017-05-12 22:00:00,11.6,83,44,0.0,15.8,0.0
2017-05-12 23:00:00,11.0,87,12,0.0,16.9,0.0
2017-05-13 00:00:00,10.4,91,15,0.0,14.3,0.0
2017-05-13 01:00:00,10.2,93,11,0.0,14.3,0.0
2017-05-13 02:00:00,10.6,90,84,0.0,16.4,0.0
2017-05-13 03:00:00,10.8,90,44,0.0,16.8,0.0
2017-05-13 04:00:00,10.5,92,67,0.0,13.1,0.1
2017-05-13 05:00:00,10.2,94,75,0.0,12.8,0.3
2017-05-13 06:00:00,10.4,93,97,12.0,14.3,0.2
2017-05-13 07:00:00,11.5,89,97,64.0,14.3,0.0
2017-05-13 08:00:00,12.7,83,85,152.0,15.2,0.0
2017-05-13 09:00:00,13.8,71,43,253.0,17.3,0.0
2017-05-13 10:00:00,14.6,67,72,415.0,18.2,0.1
2017-05-13 11:00:00,14.0,67,89,276.0,17.6,0.3
2017-05-13 12:00:00,14.7,61,77,325.0,19.7,0.0
2017-05-13 13:00:00,15.4,65,100,527.0,24.8,0.1
2017-05-13 14:00:00,15.9,57,61,413.0,23.9,0.0
2017-05-13 15:00:00,16.9,53,53,537.0,25.0,0.0
2017-05-13 16:00:00,17.0,50,39,513.0,25.2,0.0
2017-05-13 17:00:00,16.7,46,29,462.0,25.0,0.0
2017-05-13 18:00:00,16.3,51,17,380.0,25.2,0.0
2017-05-13 19:00:00,15.3,58,5,225.0,20.1,0.0
2017-05-13 20:00:00,13.9,65,2,106.0,15.6,0.0
2017-05-13 21:00:00,12.1,74,37,13.0,14.1,0.0
2017-05-13 22:00:00,11.8,77,96,0.0,12.6,0.0
2017-05-13 23:00:00,12.7,73,47,0.0,15.9,0.0
2017-05-14 00:00:00,11.9,75,79,0.0,16.2,0.0
2017-05-14 01:00:00,11.8,77,94,0.0,16.6,0.0
2017-05-14 02:00:00,12.0,77,80,0.0,17.3,0.0
2017-05-14 03:00:00,12.0,77,98,0.0,17.0,0.0
2017-05-14 04:00:00,12.3,78,100,0.0,21.4,0.1
2017-05-14 05:00:00,12.3,83,100,0.0,23.2,0.3
2017-05-14 06:00:00,12.3,87,56,5.0,20.8,0.4
2017-05-14 07:00:00,12.4,88,73,68.0,15.1,0.2
2017-05-14 08:00:00,12.9,83,91,157.0,16.0,0.1
2017-05-14 09:00:00,13.2,79,47,171.0,17.2,0.0
2017-05-14 10:00:00,14.3,67,14,345.0,17.7,0.0
2017-05-14 11:00:00,15.9,53,24,645.0,18.7,0.0
2017-05-14 12:00:00,16.4,49,32,660.0,19.0,0.0
2017-05-14 13:00:00,16.9,48,44,698.0,19.8,0.0
2017-05-14 14:00:00,17.4,45,25,670.0,19.6,0.0
2017-05-14 15:00:00,17.8,43,42,599.0,19.2,0.0
2017-05-14 16:00:00,17.8,43,39,593.0,20.4,0.0
2017-05-14 17:00:00,17.3,46,48,471.0,22.5,0.0
2017-05-14 18:00:00,16.1,52,52,241.0,21.1,0.0
2017-05-14 19:00:00,15.4,57,37,164.0,18.4,0.0
2017-05-14 20:00:00,14.6,62,87,76.0,13.3,0.0
2017-05-14 21:00:00,12.4,71,78,13.0,9.6,0.0
2017-05-14 22:00:00,11.4,77,79,0.0,11.6,0.0
2017-05-14 23:00:00,10.3,84,96,0.0,9.8,0.0
2017-05-15 00:00:00,9.4,89,85,0.0,8.9,0.0
2017-05-15 01:00:00,9.2,88,93,0.0,9.7,0.0
2017-05-15 02:00:00,8.5,90,99,0.0,8.8,0.0
2017-05-15 03:00:00,8.9,87,100,0.0,11.2,0.0
2017-05-15 04:00:00,9.8,82,100,0.0,13.4,0.0
2017-05-15 05:00:00,10.8,76,100,0.0,14.4,0.0
2017-05-15 06:00:00,12.1,69,99,7.0,15.0,0.0
2017-05-15 07:00:00,12.9,69,100,13.0,16.6,0.0
2017-05-15 08:00:00,13.4,71,100,48.0,21.6,0.0
2017-05-15 09:00:00,13.4,75,100,55.0,20.2,0.1
2017-05-15 10:00:00,13.5,79,100,70.0,19.6,0.3
2017-05-15 11:00:00,13.8,81,100,95.0,18.6,0.3
2017-05-15 12:00:00,14.4,83,100,157.0,20.7,0.2
2017-05-15 13:00:00,14.8,87,100,155.0,22.6,0.0
2017-05-15 14:00:00,16.3,78,100,252.0,24.4,0.1
2017-05-15 15:00:00,17.1,72,99,246.0,25.4,0.0
2017-05-15 16:00:00,17.5,69,100,327.0,27.2,0.0
2017-05-15 17:00:00,16.6,73,100,152.0,21.5,0.0
2017-05-15 18:00:00,16.4,74,99,95.0,22.4,0.0
2017-05-15 19:00:00,16.8,73,99,69.0,22.9,0.0
2017-05-15 20:00:00,16.6,75,100,31.0,19.7,0.0
2017-05-15 21:00:00,16.2,77,100,5.0,16.8,0.0
2017-05-15 22:00:00,16.1,79,100,0.0,16.6,0.0
2017-05-15 23:00:00,15.8,82,100,0.0,17.7,0.1
2017-05-16 00:00:00,15.0,86,99,0.0,17.5,0.2
2017-05-16 01:00:00,15.5,82,100,0.0,17.4,0.3
2017-05-16 02:00:00,15.6,82,100,0.0,17.2,0.4
2017-05-16 03:00:00,15.2,84,100,0.0,16.6,0.0
2017-05-16 04:00:00,15.0,87,100,0.0,15.5,0.0
2017-05-16 05:00:00,14.9,90,100,0.0,15.1,0.0
2017-05-16 06:00:00,15.3,89,69,6.0,16.9,0.0
2017-05-16 07:00:00,15.7,88,67,66.0,18.0,0.0
2017-05-16 08:00:00,16.8,85,85,191.0,17.2,0.0
2017-05-16 09:00:00,17.9,79,100,271.0,25.9,0.0
2017-05-16 10:00:00,18.8,75,99,339.0,24.3,0.0
2017-05-16 11:00:00,19.4,71,93,459.0,25.5,0.0
2017-05-16 12:00:00,20.1,67,98,511.0,28.6,0.0
2017-05-16 13:00:00,22.6,58,100,581.0,28.0,0.0
2017-05-16 14:00:00,22.2,58,97,608.0,29.8,0.0
2017-05-16 15:00:00,22.3,59,74,645.0,28.8,0.0
2017-05-16 16:00:00,20.9,63,88,476.0,25.2,0.0
2017-05-16 17:00:00,20.7,61,67,381.0,24.2,0.0
2017-05-16 18:00:00,20.1,64,86,333.0,21.9,0.0
2017-05-16 19:00:00,19.1,69,95,174.0,17.6,0.0
2017-05-16 20:00:00,18.1,74,98,81.0,12.9,0.0
2017-05-16 21:00:00,17.2,78,100,7.0,10.4,0.0
2017-05-16 22:00:00,16.3,83,100,0.0,8.7,0.0
2017-05-16 23:00:00,15.9,86,97,0.0,9.9,0.8
2017-05-17 00:00:00,15.2,89,100,0.0,8.2,0.8
2017-05-17 01:00:00,14.5,90,100,0.0,6.9,0.1
2017-05-17 02:00:00,14.9,90,100,0.0,7.9,1.5
2017-05-17 03:00:00,14.6,91,100,0.0,6.5,2.0
2017-05-17 04:00:00,14.6,92,100,0.0,5.4,1.6
2017-05-17 05:00:00,14.4,93,100,0.0,6.2,0.8
2017-05-17 06:00:00,14.3,94,100,3.0,2.6,0.8
2017-05-17 07:00:00,14.4,93,100,11.0,2.5,0.6
2017-05-17 08:00:00,14.8,93,99,46.0,1.9,0.1
2017-05-17 09:00:00,15.4,91,95,80.0,4.3,0.1
2017-05-17 10:00:00,18.0,79,100,375.0,5.2,0.0
2017-05-17 11:00:00,18.7,76,100,222.0,5.9,0.1
2017-05-17 12:00:00,18.5,78,100,201.0,4.7,1.1
2017-05-17 13:00:00,18.2,85,100,101.0,3.7,0.5
2017-05-17 14:00:00,18.4,82,100,188.0,7.9,0.9
2017-05-17 15:00:00,17.3,90,100,158.0,14.8,0.6
2017-05-17 16:00:00,16.5,91,100,101.0,9.9,4.7
2017-05-17 17:00:00,16.0,92,100,45.0,8.4,2.2
2017-05-17 18:00:00,15.3,93,100,34.0,10.5,1.3
2017-05-17 19:00:00,14.7,93,100,24.0,10.2,2.2
2017-05-17 20:00:00,14.0,95,100,10.0,12.2,2.5
2017-05-17 21:00:00,13.6,95,100,2.0,9.7,1.5
2017-05-17 22:00:00,13.2,95,100,0.0,11.0,0.3
2017-05-17 23:00:00,12.5,94,100,0.0,11.8,0.0
2017-05-18 00:00:00,12.1,92,100,0.0,8.9,0.0
2017-05-18 01:00:00,12.1,91,100,0.0,8.8,0.0
2017-05-18 02:00:00,11.8,89,100,0.0,8.9,0.1
2017-05-18 03:00:00,11.5,89,100,0.0,9.6,0.0
2017-05-18 04:00:00,11.1,89,100,0.0,8.8,0.0
2017-05-18 05:00:00,10.9,91,98,0.0,7.9,0.1
2017-05-18 06:00:00,10.7,93,100,6.0,9.4,0.0
2017-05-18 07:00:00,10.8,87,65,57.0,10.4,0.0
2017-05-18 08:00:00,11.6,79,65,233.0,10.3,0.0
2017-05-18 09:00:00,12.3,75,62,310.0,9.9,0.0
2017-05-18 10:00:00,13.4,68,97,492.0,8.0,0.0
2017-05-18 11:00:00,13.6,65,95,323.0,7.7,0.0
2017-05-18 12:00:00,13.5,63,99,195.0,8.7,0.0
2017-05-18 13:00:00,14.7,59,99,166.0,4.4,0.0
2017-05-18 14:00:00,14.9,60,84,252.0,4.8,0.0
2017-05-18 15:00:00,15.6,58,100,415.0,5.0,0.1
2017-05-18 16:00:00,15.1,59,100,347.0,6.9,0.1
2017-05-18 17:00:00,13.7,69,100,97.0,5.5,0.3
2017-05-18 18:00:00,13.1,76,100,65.0,8.6,0.6
2017-05-18 19:00:00,12.3,86,100,33.0,10.0,0.8
2017-05-18 20:00:00,12.0,88,100,11.0,9.7,1.5
2017-05-18 21:00:00,11.9,91,100,2.0,7.7,2.1
2017-05-18 22:00:00,11.6,90,100,0.0,9.7,2.3
2017-05-18 23:00:00,11.2,87,100,0.0,10.8,2.2
2017-05-19 00:00:00,11.1,90,100,0.0,10.3,2.6
2017-05-19 01:00:00,10.1,87,100,0.0,10.3,2.2
2017-05-19 02:00:00,10.1,92,100,0.0,10.4,0.8
2017-05-19 03:00:00,10.2,93,100,0.0,12.0,0.5
2017-05-19 04:00:00,10.1,92,100,0.0,12.4,0.3
2017-05-19 05:00:00,10.0,91,99,0.0,11.3,0.2
2017-05-19 06:00:00,10.1,90,99,8.0,11.0,0.0
2017-05-19 07:00:00,10.2,90,100,40.0,9.8,0.0
2017-05-19 08:00:00,10.6,86,100,77.0,11.2,0.0
2017-05-19 09:00:00,11.1,80,90,133.0,13.8,0.1
2017-05-19 10:00:00,11.7,80,100,329.0,14.8,0.1
2017-05-19 11:00:00,11.8,79,100,209.0,10.1,0.1
2017-05-19 12:00:00,12.4,77,91,309.0,10.5,0.1
2017-05-19 13:00:00,13.2,79,91,323.0,11.4,0.1
2017-05-19 14:00:00,13.9,77,82,683.0,10.8,0.3
2017-05-19 15:00:00,13.7,69,80,508.0,10.9,0.2
2017-05-19 16:00:00,13.0,64,100,338.0,4.3,0.1
2017-05-19 17:00:00,11.6,82,99,283.0,6.9,1.8
2017-05-19 18:00:00,11.8,78,41,145.0,7.6,0.2
2017-05-19 19:00:00,12.4,75,52,202.0,7.9,0.0
2017-05-19 20:00:00,11.5,82,49,85.0,4.9,0.0
2017-05-19 21:00:00,9.9,86,38,17.0,6.7,0.0
2017-05-19 22:00:00,9.6,87,38,0.0,6.6,0.0
2017-05-19 23:00:00,8.3,90,20,0.0,8.1,0.0
2017-05-20 00:00:00,8.1,89,19,0.0,8.6,0.0
2017-05-20 01:00:00,8.4,89,9,0.0,9.7,0.0
2017-05-20 02:00:00,8.0,91,35,0.0,10.0,0.0
2017-05-20 03:00:00,7.5,91,23,0.0,9.4,0.0
2017-05-20 04:00:00,7.1,91,39,0.0,9.7,0.0
2017-05-20 05:00:00,6.7,93,10,0.0,8.5,0.0
2017-05-20 06:00:00,7.3,91,8,26.0,9.9,0.0
2017-05-20 07:00:00,8.9,85,2,139.0,9.7,0.0
2017-05-20 08:00:00,10.7,79,2,292.0,10.5,0.0
2017-05-20 09:00:00,12.6,66,19,453.0,14.8,0.0
2017-05-20 10:00:00,13.9,57,39,588.0,20.0,0.1
2017-05-20 11:00:00,13.9,63,46,630.0,20.9,0.8
2017-05-20 12:00:00,14.4,65,58,614.0,20.7,0.3
2017-05-20 13:00:00,14.6,58,60,665.0,22.1,0.0
2017-05-20 14:00:00,14.3,62,65,362.0,26.3,0.1
2017-05-20 15:00:00,14.7,69,76,629.0,26.9,0.1
2017-05-20 16:00:00,15.2,58,76,487.0,28.5,0.1
2017-05-20 17:00:00,15.0,60,62,353.0,27.5,0.1
2017-05-20 18:00:00,14.5,64,41,293.0,24.7,0.1
2017-05-20 19:00:00,14.1,66,43,184.0,20.7,0.1
2017-05-20 20:00:00,12.9,72,72,97.0,17.8,0.0
2017-05-20 21:00:00,11.8,78,85,16.0,15.6,0.0
2017-05-20 22:00:00,11.2,81,81,0.0,15.7,0.0
2017-05-20 23:00:00,10.5,85,74,0.0,14.7,0.0
2017-05-21 00:00:00,9.8,89,70,0.0,13.8,0.0
2017-05-21 01:00:00,9.5,92,65,0.0,13.3,0.0
2017-05-21 02:00:00,9.7,92,95,0.0,12.6,0.0
2017-05-21 03:00:00,9.3,94,96,0.0,11.4,0.0
2017-05-21 04:00:00,8.9,95,69,0.0,10.0,0.0
2017-05-21 05:00:00,8.7,95,54,0.0,9.3,0.0
2017-05-21 06:00:00,9.4,93,84,27.0,10.0,0.0
2017-05-21 07:00:00,11.0,88,99,132.0,10.1,0.0
2017-05-21 08:00:00,12.5,80,82,283.0,11.9,0.0
2017-05-21 09:00:00,13.8,71,17,439.0,11.2,0.0
2017-05-21 10:00:00,15.1,62,65,573.0,14.7,0.0
2017-05-21 11:00:00,16.1,54,100,569.0,14.5,0.0
2017-05-21 12:00:00,16.4,54,100,449.0,14.9,0.0
2017-05-21 13:00:00,16.6,57,100,433.0,15.9,0.0
2017-05-21 14:00:00,17.2,53,98,421.0,13.0,0.0
2017-05-21 15:00:00,17.8,51,82,531.0,14.8,0.0
2017-05-21 16:00:00,18.3,49,98,517.0,16.0,0.0
2017-05-21 17:00:00,18.1,51,10,517.0,16.2,0.0
2017-05-21 18:00:00,17.6,54,20,395.0,13.2,0.0
2017-05-21 19:00:00,17.3,59,11,281.0,10.2,0.0
2017-05-21 20:00:00,15.5,70,15,128.0,8.2,0.0
2017-05-21 21:00:00,13.3,78,28,22.0,9.6,0.0
2017-05-21 22:00:00,12.5,84,80,0.0,10.7,0.0
2017-05-21 23:00:00,11.7,86,51,0.0,11.2,0.0
2017-05-22 00:00:00,11.4,86,66,0.0,10.2,0.0
2017-05-22 01:00:00,11.2,87,41,0.0,9.1,0.0
2017-05-22 02:00:00,11.3,86,96,0.0,9.4,0.0
2017-05-22 03:00:00,11.5,84,66,0.0,10.4,0.0
2017-05-22 04:00:00,10.7,86,61,0.0,10.0,0.0
2017-05-22 05:00:00,10.4,85,91,0.0,10.3,0.0
2017-05-22 06:00:00,11.5,80,96,26.0,9.5,0.0
2017-05-22 07:00:00,13.2,75,100,94.0,12.4,0.0
2017-05-22 08:00:00,15.2,69,100,200.0,12.6,0.0
2017-05-22 09:00:00,16.2,65,100,221.0,11.9,0.0
2017-05-22 10:00:00,17.8,60,100,410.0,12.2,0.0
2017-05-22 11:00:00,19.0,57,100,517.0,12.8,0.0
2017-05-22 12:00:00,20.4,52,96,649.0,12.9,0.0
2017-05-22 13:00:00,21.9,45,71,762.0,15.0,0.0
2017-05-22 14:00:00,22.5,44,82,823.0,15.6,0.0
2017-05-22 15:00:00,22.6,45,85,802.0,17.0,0.0
2017-05-22 16:00:00,22.5,45,86,706.0,16.9,0.0
2017-05-22 17:00:00,22.1,46,37,551.0,16.1,0.0
2017-05-22 18:00:00,21.4,50,24,418.0,14.7,0.0
2017-05-22 19:00:00,20.2,58,67,268.0,12.4,0.0
2017-05-22 20:00:00,18.2,68,95,113.0,9.3,0.0
2017-05-22 21:00:00,15.7,76,92,23.0,9.7,0.0
2017-05-22 22:00:00,14.5,81,98,0.0,9.2,0.0
2017-05-22 23:00:00,13.8,84,97,0.0,9.8,0.0
2017-05-23 00:00:00,13.9,86,95,0.0,11.5,0.0
2017-05-23 01:00:00,13.7,86,86,0.0,13.8,0.0
2017-05-23 02:00:00,13.2,84,88,0.0,13.3,0.0
2017-05-23 03:00:00,12.2,86,57,0.0,13.4,0.0
2017-05-23 04:00:00,11.5,89,5,0.0,12.2,0.0
2017-05-23 05:00:00,10.9,91,14,0.0,9.4,0.0
2017-05-23 06:00:00,11.4,90,29,30.0,9.5,0.0
2017-05-23 07:00:00,12.8,84,9,137.0,10.2,0.0
2017-05-23 08:00:00,14.2,79,14,286.0,11.2,0.0
2017-05-23 09:00:00,15.8,74,26,441.0,10.9,0.0
2017-05-23 10:00:00,17.3,70,62,575.0,10.2,0.0
2017-05-23 11:00:00,18.4,64,93,510.0,11.3,0.0
2017-05-23 12:00:00,18.6,65,100,365.0,12.8,0.0
2017-05-23 13:00:00,19.0,69,100,211.0,12.7,0.0
2017-05-23 14:00:00,18.6,73,100,152.0,14.3,0.0
2017-05-23 15:00:00,19.0,72,100,192.0,13.3,0.0
2017-05-23 16:00:00,19.0,73,100,123.0,12.4,0.0
2017-05-23 17:00:00,18.6,77,100,115.0,15.1,0.0
2017-05-23 18:00:00,19.1,74,74,162.0,14.8,0.0
2017-05-23 19:00:00,18.9,77,87,139.0,13.1,0.0
2017-05-23 20:00:00,17.9,80,70,97.0,10.8,0.0
2017-05-23 21:00:00,15.9,88,33,23.0,8.3,0.0
2017-05-23 22:00:00,15.0,91,63,0.0,8.8,0.0
2017-05-23 23:00:00,14.6,92,54,0.0,9.7,0.0
2017-05-24 00:00:00,14.1,94,65,0.0,9.0,0.0
2017-05-24 01:00:00,14.0,94,69,0.0,9.8,0.0
2017-05-24 02:00:00,13.4,95,76,0.0,8.0,0.0
2017-05-24 03:00:00,12.7,97,70,0.0,6.6,0.0
2017-05-24 04:00:00,11.9,98,66,0.0,5.8,0.0
2017-05-24 05:00:00,11.5,99,13,0.0,5.8,0.0
2017-05-24 06:00:00,12.6,97,10,30.0,7.2,0.0
2017-05-24 07:00:00,14.2,91,9,141.0,5.2,0.0
2017-05-24 08:00:00,16.0,83,24,290.0,5.2,0.0
2017-05-24 09:00:00,17.8,76,36,444.0,5.2,0.0
2017-05-24 10:00:00,19.3,69,69,590.0,4.8,0.0
2017-05-24 11:00:00,20.6,64,81,708.0,4.6,0.0
2017-05-24 12:00:00,21.9,57,97,742.0,4.3,0.0
2017-05-24 13:00:00,22.5,53,100,577.0,4.5,0.0
2017-05-24 14:00:00,23.1,51,100,485.0,5.2,0.0
2017-05-24 15:00:00,22.8,54,99,329.0,9.4,0.0
2017-05-24 16:00:00,22.8,57,65,365.0,10.5,0.0
2017-05-24 17:00:00,23.1,53,75,341.0,6.6,0.0
2017-05-24 18:00:00,23.0,53,100,234.0,5.8,0.0
2017-05-24 19:00:00,22.1,66,55,168.0,7.6,0.0
2017-05-24 20:00:00,20.9,76,33,92.0,5.2,0.0
2017-05-24 21:00:00,18.9,82,54,20.0,8.1,0.0
2017-05-24 22:00:00,17.7,85,22,0.0,7.8,0.0
2017-05-24 23:00:00,16.9,86,16,0.0,7.4,0.0
2017-05-25 00:00:00,14.9,94,7,0.0,9.4,0.0
2017-05-25 01:00:00,15.2,95,8,0.0,6.8,0.0
2017-05-25 02:00:00,14.3,95,10,0.0,7.2,0.0
2017-05-25 03:00:00,14.9,91,2,0.0,4.1,0.0
2017-05-25 04:00:00,14.4,93,4,0.0,1.3,0.0
2017-05-25 05:00:00,12.6,97,3,0.0,3.1,0.0
2017-05-25 06:00:00,13.1,96,3,31.0,4.5,0.0
2017-05-25 07:00:00,14.9,91,4,128.0,2.5,0.0
2017-05-25 08:00:00,17.3,81,7,261.0,2.0,0.0
2017-05-25 09:00:00,19.7,72,1,437.0,3.3,0.0
2017-05-25 10:00:00,21.2,67,0,596.0,7.2,0.0
2017-05-25 11:00:00,22.2,64,13,696.0,10.8,0.0
2017-05-25 12:00:00,22.8,61,12,769.0,14.1,0.0
2017-05-25 13:00:00,23.9,54,23,807.0,11.5,0.0
2017-05-25 14:00:00,24.1,55,74,761.0,14.2,0.0
2017-05-25 15:00:00,23.7,57,0,716.0,16.0,0.0
2017-05-25 16:00:00,23.2,56,0,663.0,17.3,0.0
2017-05-25 17:00:00,22.8,52,0,545.0,18.0,0.0
2017-05-25 18:00:00,21.6,47,0,441.0,19.1,0.0
2017-05-25 19:00:00,20.0,52,0,282.0,17.3,0.0
2017-05-25 20:00:00,17.9,61,0,135.0,14.8,0.0
2017-05-25 21:00:00,15.6,69,0,28.0,13.7,0.0
2017-05-25 22:00:00,14.3,74,0,0.0,13.4,0.0
2017-05-25 23:00:00,13.6,78,0,0.0,12.3,0.0
2017-05-26 00:00:00,13.2,81,0,0.0,11.5,0.0
2017-05-26 01:00:00,13.0,82,0,0.0,12.3,0.0
2017-05-26 02:00:00,12.9,85,0,0.0,12.0,0.0
2017-05-26 03:00:00,12.8,89,0,0.0,11.7,0.0
2017-05-26 04:00:00,12.7,92,5,0.0,11.3,0.0
2017-05-26 05:00:00,12.8,93,2,0.0,11.8,0.0
2017-05-26 06:00:00,13.8,91,2,34.0,13.1,0.0
2017-05-26 07:00:00,16.0,83,0,147.0,13.8,0.0
2017-05-26 08:00:00,18.4,73,0,296.0,14.8,0.0
2017-05-26 09:00:00,20.4,64,0,453.0,17.2,0.0
2017-05-26 10:00:00,21.8,59,0,600.0,18.2,0.0
2017-05-26 11:00:00,22.8,56,0,721.0,18.4,0.0
2017-05-26 12:00:00,23.7,53,0,806.0,19.3,0.0
2017-05-26 13:00:00,24.8,47,0,849.0,18.4,0.0
2017-05-26 14:00:00,25.1,45,0,850.0,19.3,0.0
2017-05-26 15:00:00,25.2,43,0,803.0,19.6,0.0
2017-05-26 16:00:00,24.9,47,0,708.0,19.5,0.0
2017-05-26 17:00:00,24.1,54,1,588.0,20.5,0.0
2017-05-26 18:00:00,22.7,58,0,439.0,22.4,0.0
2017-05-26 19:00:00,21.3,62,0,282.0,20.2,0.0
2017-05-26 20:00:00,19.5,68,0,137.0,17.3,0.0
2017-05-26 21:00:00,17.5,73,0,29.0,14.4,0.0
2017-05-26 22:00:00,16.5,77,0,0.0,14.5,0.0
2017-05-26 23:00:00,15.8,80,0,0.0,11.9,0.0
2017-05-27 00:00:00,15.7,80,0,0.0,10.4,0.0
2017-05-27 01:00:00,15.4,80,91,0.0,9.4,0.0
2017-05-27 02:00:00,15.5,79,15,0.0,9.8,0.0
2017-05-27 03:00:00,15.9,77,0,0.0,11.3,0.0
2017-05-27 04:00:00,16.0,77,0,0.0,11.6,0.0
2017-05-27 05:00:00,16.2,76,11,0.0,11.8,0.0
2017-05-27 06:00:00,17.4,74,57,34.0,10.9,0.0
2017-05-27 07:00:00,18.9,73,27,133.0,1.0,0.8
2017-05-27 08:00:00,20.1,72,80,248.0,9.4,0.0
2017-05-27 09:00:00,21.1,71,100,324.0,14.8,0.0
2017-05-27 10:00:00,21.3,72,2,306.0,19.8,0.0
2017-05-27 11:00:00,22.0,69,32,754.0,26.8,0.0
2017-05-27 12:00:00,21.2,72,76,795.0,28.7,0.0
2017-05-27 13:00:00,19.8,70,21,721.0,26.3,0.0
2017-05-27 14:00:00,20.3,70,16,856.0,29.5,0.0
2017-05-27 15:00:00,20.4,68,48,755.0,29.6,0.0
2017-05-27 16:00:00,19.8,69,85,586.0,28.7,0.0
2017-05-27 17:00:00,20.3,65,94,558.0,27.0,0.0
2017-05-27 18:00:00,19.3,68,97,384.0,23.7,0.0
2017-05-27 19:00:00,18.0,70,100,217.0,20.9,0.0
2017-05-27 20:00:00,17.2,72,20,77.0,18.2,0.0
2017-05-27 21:00:00,15.9,75,30,25.0,13.7,0.0
2017-05-27 22:00:00,14.8,79,0,0.0,11.5,0.0
2017-05-27 23:00:00,13.9,84,20,0.0,10.9,0.0
2017-05-28 00:00:00,13.2,89,71,0.0,11.5,0.0
2017-05-28 01:00:00,13.2,93,29,0.0,9.7,0.0
2017-05-28 02:00:00,12.5,95,0,0.0,8.0,0.0
2017-05-28 03:00:00,11.9,97,1,0.0,7.2,0.0
2017-05-28 04:00:00,11.3,98,0,0.0,6.4,0.0
2017-05-28 05:00:00,10.7,99,2,0.0,6.5,0.0
2017-05-28 06:00:00,12.0,96,28,37.0,9.0,0.0
2017-05-28 07:00:00,13.6,89,86,149.0,6.5,0.0
2017-05-28 08:00:00,15.2,82,91,290.0,3.5,0.0
2017-05-28 09:00:00,16.7,76,97,400.0,2.7,0.0
2017-05-28 10:00:00,18.1,71,92,535.0,2.7,0.0
2017-05-28 11:00:00,19.6,64,81,647.0,2.6,0.0
2017-05-28 12:00:00,21.2,57,63,799.0,4.5,0.0
2017-05-28 13:00:00,21.4,54,2,847.0,1.8,0.0
2017-05-28 14:00:00,22.6,51,98,782.0,2.6,0.0
2017-05-28 15:00:00,22.8,50,100,557.0,2.5,0.0
2017-05-28 16:00:00,22.8,49,99,458.0,4.7,0.0
2017-05-28 17:00:00,21.4,57,100,218.0,8.2,0.2
2017-05-28 18:00:00,21.5,58,99,229.0,10.9,0.0
2017-05-28 19:00:00,21.5,58,95,212.0,10.8,0.0
2017-05-28 20:00:00,20.3,67,70,102.0,10.1,0.1
2017-05-28 21:00:00,18.8,69,72,19.0,10.5,0.0
2017-05-28 22:00:00,17.6,69,98,0.0,10.2,0.0
2017-05-28 23:00:00,16.9,65,93,0.0,11.5,0.0
2017-05-29 00:00:00,16.7,60,100,0.0,12.6,0.0
2017-05-29 01:00:00,15.1,76,100,0.0,12.7,0.5
2017-05-29 02:00:00,14.0,82,100,0.0,14.0,1.2
2017-05-29 03:00:00,13.7,87,100,0.0,12.7,0.8
2017-05-29 04:00:00,13.9,87,100,0.0,16.0,0.2
2017-05-29 05:00:00,13.8,89,100,0.0,9.8,0.0
2017-05-29 06:00:00,14.4,89,92,21.0,10.8,0.0
2017-05-29 07:00:00,15.0,87,98,91.0,11.2,0.4
2017-05-29 08:00:00,15.2,89,100,84.0,10.2,0.7
2017-05-29 09:00:00,15.8,89,100,127.0,9.5,0.1
2017-05-29 10:00:00,17.1,86,54,279.0,9.4,0.0
2017-05-29 11:00:00,19.5,81,62,606.0,8.0,0.1
2017-05-29 12:00:00,21.5,74,98,580.0,3.4,0.0
2017-05-29 13:00:00,21.0,74,99,330.0,6.2,0.1
2017-05-29 14:00:00,20.5,79,99,222.0,7.4,0.2
2017-05-29 15:00:00,21.4,75,100,431.0,8.6,0.3
2017-05-29 16:00:00,20.3,84,100,56.0,7.4,0.2
2017-05-29 17:00:00,20.0,86,89,143.0,13.9,0.2
2017-05-29 18:00:00,19.4,85,93,285.0,21.1,0.6
2017-05-29 19:00:00,18.1,91,100,104.0,12.5,0.0
2017-05-29 20:00:00,17.8,92,100,60.0,10.8,0.0
2017-05-29 21:00:00,17.4,93,100,13.0,12.5,0.0
2017-05-29 22:00:00,17.5,91,100,0.0,15.6,0.0
2017-05-29 23:00:00,17.2,92,100,0.0,12.9,0.0
2017-05-30 00:00:00,16.1,96,100,0.0,13.0,0.0
2017-05-30 01:00:00,16.8,95,100,0.0,11.2,0.0
2017-05-30 02:00:00,16.5,95,100,0.0,13.6,0.0
2017-05-30 03:00:00,16.3,94,100,0.0,14.9,0.0
2017-05-30 04:00:00,15.6,90,88,0.0,16.9,0.0
2017-05-30 05:00:00,14.3,90,59,0.0,15.5,0.0
2017-05-30 06:00:00,13.7,91,39,25.0,14.2,0.0
2017-05-30 07:00:00,14.3,87,81,121.0,17.0,0.0
2017-05-30 08:00:00,15.2,80,71,213.0,18.0,0.0
2017-05-30 09:00:00,16.5,71,83,327.0,21.8,0.1
2017-05-30 10:00:00,17.3,67,74,346.0,23.6,0.0
2017-05-30 11:00:00,17.0,70,100,250.0,21.4,0.0
2017-05-30 12:00:00,17.9,67,100,423.0,23.5,0.2
2017-05-30 13:00:00,17.8,67,61,315.0,19.8,0.0
2017-05-30 14:00:00,19.1,63,100,534.0,22.3,0.0
2017-05-30 15:00:00,18.2,68,100,262.0,22.5,0.0
2017-05-30 16:00:00,18.8,64,38,401.0,23.0,0.0
2017-05-30 17:00:00,19.4,58,100,363.0,23.4,0.1
2017-05-30 18:00:00,19.2,59,66,325.0,20.2,0.0
2017-05-30 19:00:00,19.2,60,46,226.0,16.6,0.0
2017-05-30 20:00:00,18.0,68,43,126.0,13.7,0.0
2017-05-30 21:00:00,16.8,71,26,30.0,12.1,0.0
2017-05-30 22:00:00,16.3,73,19,0.0,13.5,0.0
2017-05-30 23:00:00,15.3,80,25,0.0,11.6,0.0
2017-05-31 00:00:00,14.5,86,20,0.0,10.8,0.0
2017-05-31 01:00:00,14.2,90,40,0.0,10.8,0.0
2017-05-31 02:00:00,13.5,92,96,0.0,10.8,0.0
2017-05-31 03:00:00,12.9,94,90,0.0,10.0,0.0
2017-05-31 04:00:00,12.5,95,7,0.0,8.8,0.0
2017-05-31 05:00:00,11.7,97,41,0.0,6.2,0.0
2017-05-31 06:00:00,12.9,95,90,34.0,7.6,0.0
2017-05-31 07:00:00,14.1,90,95,97.0,6.2,0.0
2017-05-31 08:00:00,15.4,83,94,174.0,5.0,0.0
2017-05-31 09:00:00,16.9,76,100,341.0,4.3,0.0
2017-05-31 10:00:00,18.0,70,100,355.0,5.4,0.0
2017-05-31 11:00:00,18.6,67,90,403.0,7.8,0.1
2017-05-31 12:00:00,19.5,64,79,579.0,8.0,0.2
2017-05-31 13:00:00,20.1,62,90,593.0,7.1,0.2
2017-05-31 14:00:00,20.4,59,98,554.0,6.1,0.1
2017-05-31 15:00:00,20.5,58,97,491.0,6.6,0.1
2017-05-31 16:00:00,20.6,58,64,411.0,7.2,0.1
2017-05-31 17:00:00,20.4,58,87,330.0,6.9,0.0
2017-05-31 18:00:00,20.1,58,66,188.0,2.8,0.1
2017-05-31 19:00:00,20.0,59,100,163.0,3.1,0.0
2017-05-31 20:00:00,19.1,69,77,92.0,5.2,0.0
2017-05-31 21:00:00,17.4,79,76,22.0,7.8,0.0
2017-05-31 22:00:00,16.3,86,46,0.0,7.4,0.0
2017-05-31 23:00:00,15.0,91,10,0.0,7.6,0.0
2017-06-01 00:00:00,13.6,94,1,0.0,7.3,0.0
2017-06-01 01:00:00,13.3,93,1,0.0,8.2,0.0
2017-06-01 02:00:00,12.4,95,1,0.0,6.8,0.0
2017-06-01 03:00:00,11.3,97,26,0.0,7.2,0.0
2017-06-01 04:00:00,10.7,98,4,0.0,8.7,0.0
2017-06-01 05:00:00,10.4,99,10,0.0,7.4,0.0
2017-06-01 06:00:00,11.8,97,36,39.0,7.4,0.0
2017-06-01 07:00:00,13.2,94,87,137.0,5.1,0.0
2017-06-01 08:00:00,15.1,88,72,269.0,4.2,0.0
2017-06-01 09:00:00,16.9,80,27,419.0,3.9,0.0
2017-06-01 10:00:00,18.8,68,18,603.0,5.2,0.0
2017-06-01 11:00:00,20.2,59,15,728.0,7.0,0.0
2017-06-01 12:00:00,21.2,55,1,808.0,7.7,0.0
2017-06-01 13:00:00,22.0,51,88,839.0,11.7,0.0
2017-06-01 14:00:00,21.8,53,100,371.0,10.7,0.0
2017-06-01 15:00:00,22.2,51,90,419.0,8.4,0.0
2017-06-01 16:00:00,22.1,53,99,361.0,9.9,0.0
2017-06-01 17:00:00,22.1,55,76,315.0,10.4,0.0
2017-06-01 18:00:00,21.9,56,25,252.0,11.7,0.0
2017-06-01 19:00:00,21.4,59,7,238.0,12.1,0.0
2017-06-01 20:00:00,19.8,67,1,132.0,9.8,0.0
2017-06-01 21:00:00,17.1,77,0,36.0,8.0,0.0
2017-06-01 22:00:00,15.0,86,0,0.0,8.4,0.0
2017-06-01 23:00:00,14.0,88,0,0.0,8.4,0.0
2017-06-02 00:00:00,13.3,88,0,0.0,8.8,0.0
2017-06-02 01:00:00,12.8,89,0,0.0,9.2,0.0
2017-06-02 02:00:00,12.4,88,0,0.0,9.8,0.0
2017-06-02 03:00:00,11.9,88,5,0.0,9.9,0.0
2017-06-02 04:00:00,11.6,89,30,0.0,9.0,0.0
2017-06-02 05:00:00,11.7,89,75,0.0,7.8,0.0
2017-06-02 06:00:00,13.3,84,99,35.0,4.3,0.0
2017-06-02 07:00:00,14.5,79,100,90.0,1.8,0.0
2017-06-02 08:00:00,15.9,74,99,179.0,1.5,0.0
2017-06-02 09:00:00,17.8,69,99,310.0,2.3,0.0
2017-06-02 10:00:00,18.9,66,98,305.0,0.8,0.0
2017-06-02 11:00:00,19.7,66,92,408.0,2.8,0.0
2017-06-02 12:00:00,20.7,65,97,500.0,2.3,0.1
2017-06-02 13:00:00,23.6,57,100,461.0,10.6,0.4
2017-06-02 14:00:00,22.5,61,95,486.0,2.7,1.5
2017-06-02 15:00:00,21.2,71,94,481.0,7.4,0.3
2017-06-02 16:00:00,21.4,72,98,452.0,10.6,0.0
2017-06-02 17:00:00,20.2,77,99,478.0,5.6,0.7
2017-06-02 18:00:00,20.5,76,99,202.0,4.1,0.0
2017-06-02 19:00:00,20.1,77,97,174.0,6.1,0.1
2017-06-02 20:00:00,19.6,82,96,79.0,2.6,0.1
2017-06-02 21:00:00,17.3,92,100,28.0,6.3,0.0
2017-06-02 22:00:00,16.6,92,99,0.0,5.4,0.0
2017-06-02 23:00:00,16.3,91,98,0.0,5.0,0.0
2017-06-03 00:00:00,15.5,93,100,0.0,4.8,0.1
2017-06-03 01:00:00,14.8,95,100,0.0,5.2,0.2
2017-06-03 02:00:00,14.7,94,87,0.0,7.4,0.0
2017-06-03 03:00:00,14.6,93,96,0.0,8.7,0.0
2017-06-03 04:00:00,14.3,94,100,0.0,6.9,0.0
2017-06-03 05:00:00,14.5,92,100,0.0,9.3,0.0
2017-06-03 06:00:00,14.9,89,100,18.0,15.1,0.0
2017-06-03 07:00:00,15.2,88,99,44.0,15.0,0.0
2017-06-03 08:00:00,15.3,85,79,124.0,16.4,0.0
2017-06-03 09:00:00,16.0,78,71,356.0,17.1,0.0
2017-06-03 10:00:00,16.5,75,31,447.0,16.4,0.0
2017-06-03 11:00:00,17.8,68,31,699.0,15.3,0.0
2017-06-03 12:00:00,18.4,63,51,791.0,14.8,0.0
2017-06-03 13:00:00,19.0,48,46,799.0,16.8,0.0
2017-06-03 14:00:00,19.1,46,72,859.0,17.3,0.0
2017-06-03 15:00:00,19.6,43,89,802.0,14.4,0.0
2017-06-03 16:00:00,20.8,39,98,713.0,18.4,0.0
2017-06-03 17:00:00,19.0,48,98,536.0,23.6,0.0
2017-06-03 18:00:00,18.4,50,100,276.0,19.2,0.0
2017-06-03 19:00:00,18.0,53,100,224.0,15.1,0.0
2017-06-03 20:00:00,16.9,61,77,101.0,18.1,0.0
2017-06-03 21:00:00,15.5,68,73,25.0,15.9,0.0
2017-06-03 22:00:00,14.3,74,69,0.0,13.5,0.0
2017-06-03 23:00:00,13.9,68,85,0.0,11.4,0.0
2017-06-04 00:00:00,13.2,66,8,0.0,12.9,0.0
2017-06-04 01:00:00,12.6,68,1,0.0,14.2,0.0
2017-06-04 02:00:00,11.6,75,27,0.0,12.6,0.0
2017-06-04 03:00:00,11.2,77,4,0.0,13.4,0.0
2017-06-04 04:00:00,10.0,84,8,0.0,11.1,0.0
2017-06-04 05:00:00,9.7,87,14,0.0,10.6,0.0
2017-06-04 06:00:00,10.7,85,16,41.0,13.6,0.0
2017-06-04 07:00:00,12.0,80,93,159.0,15.2,0.0
2017-06-04 08:00:00,13.1,75,96,292.0,16.0,0.0
2017-06-04 09:00:00,14.1,70,92,359.0,15.7,0.0
2017-06-04 10:00:00,15.4,61,24,532.0,17.4,0.0
2017-06-04 11:00:00,16.5,55,83,605.0,19.0,0.0
2017-06-04 12:00:00,17.4,49,87,519.0,17.9,0.0
2017-06-04 13:00:00,17.2,51,96,414.0,19.0,0.0
2017-06-04 14:00:00,17.5,51,100,301.0,17.4,0.0
2017-06-04 15:00:00,17.6,52,100,397.0,22.1,0.1
2017-06-04 16:00:00,16.6,60,93,373.0,25.3,0.3
2017-06-04 17:00:00,16.3,62,100,258.0,24.9,0.2
2017-06-04 18:00:00,16.1,63,76,217.0,24.5,0.0
2017-06-04 19:00:00,15.6,66,97,144.0,24.2,0.2
2017-06-04 20:00:00,15.0,72,53,69.0,21.3,0.1
2017-06-04 21:00:00,14.0,78,32,28.0,17.2,0.0
2017-06-04 22:00:00,13.3,83,25,0.0,16.7,0.0
2017-06-04 23:00:00,12.6,87,46,0.0,15.5,0.0
2017-06-05 00:00:00,12.2,90,41,0.0,13.6,0.0
2017-06-05 01:00:00,12.6,89,22,0.0,13.5,0.0
2017-06-05 02:00:00,12.0,92,76,0.0,12.3,0.0
2017-06-05 03:00:00,11.9,93,50,0.0,12.4,0.0
2017-06-05 04:00:00,11.8,93,66,0.0,13.2,0.0
2017-06-05 05:00:00,11.3,92,23,0.0,14.8,0.0
2017-06-05 06:00:00,11.5,88,75,43.0,16.4,0.0
2017-06-05 07:00:00,12.8,83,100,152.0,17.4,0.0
2017-06-05 08:00:00,14.0,74,100,225.0,23.7,0.0
2017-06-05 09:00:00,15.5,64,100,338.0,29.2,0.0
2017-06-05 10:00:00,15.0,68,99,159.0,29.1,0.0
2017-06-05 11:00:00,15.5,66,100,225.0,30.1,0.0
2017-06-05 12:00:00,15.4,69,100,199.0,32.0,0.0
2017-06-05 13:00:00,15.7,71,100,148.0,33.3,0.0
2017-06-05 14:00:00,16.1,66,99,279.0,28.9,0.0
2017-06-05 15:00:00,17.7,57,98,679.0,35.8,0.0
2017-06-05 16:00:00,17.0,62,100,404.0,34.9,0.0
2017-06-05 17:00:00,16.4,66,100,241.0,31.0,0.0
2017-06-05 18:00:00,16.1,70,100,280.0,27.8,0.2
2017-06-05 19:00:00,13.8,83,100,49.0,24.1,2.4
2017-06-05 20:00:00,13.4,85,100,11.0,24.2,1.6
2017-06-05 21:00:00,13.3,84,100,4.0,28.3,1.5
2017-06-05 22:00:00,13.4,83,100,0.0,33.5,1.1
2017-06-05 23:00:00,13.1,83,100,0.0,31.4,0.9
2017-06-06 00:00:00,13.2,84,100,0.0,30.1,0.2
2017-06-06 01:00:00,13.0,89,100,0.0,24.3,0.8
2017-06-06 02:00:00,12.9,91,100,0.0,23.0,0.7
2017-06-06 03:00:00,12.9,92,97,0.0,21.0,1.2
2017-06-06 04:00:00,12.4,89,57,0.0,25.3,0.0
2017-06-06 05:00:00,11.3,91,100,0.0,22.1,0.0
2017-06-06 06:00:00,11.1,86,100,6.0,29.0,0.2
2017-06-06 07:00:00,10.7,86,100,14.0,34.1,2.1
2017-06-06 08:00:00,10.4,85,100,33.0,36.7,2.4
2017-06-06 09:00:00,10.3,86,100,50.0,36.9,1.7
2017-06-06 10:00:00,10.6,85,100,70.0,36.9,1.5
2017-06-06 11:00:00,11.4,80,100,79.0,37.1,0.4
2017-06-06 12:00:00,13.8,66,100,357.0,34.4,0.2
2017-06-06 13:00:00,13.1,78,100,379.0,32.3,0.0
2017-06-06 14:00:00,14.2,61,100,390.0,39.4,0.2
2017-06-06 15:00:00,15.7,54,93,487.0,41.9,0.0
2017-06-06 16:00:00,16.3,45,96,569.0,39.1,0.0
2017-06-06 17:00:00,15.6,47,65,465.0,38.8,0.3
2017-06-06 18:00:00,15.2,53,73,371.0,36.9,0.0
2017-06-06 19:00:00,14.1,60,45,231.0,34.7,0.5
2017-06-06 20:00:00,13.4,64,29,124.0,32.7,0.0
2017-06-06 21:00:00,12.8,65,20,36.0,29.7,0.0
2017-06-06 22:00:00,12.5,65,8,0.0,28.1,0.0
2017-06-06 23:00:00,11.9,66,7,0.0,27.6,0.0
2017-06-07 00:00:00,11.6,67,0,0.0,27.2,0.0
2017-06-07 01:00:00,11.5,74,0,0.0,29.0,0.0
2017-06-07 02:00:00,11.3,77,1,0.0,28.6,0.0
2017-06-07 03:00:00,10.9,80,1,0.0,25.7,0.0
2017-06-07 04:00:00,10.8,78,0,0.0,27.2,0.0
2017-06-07 05:00:00,10.7,76,1,0.0,27.4,0.0
2017-06-07 06:00:00,11.0,73,0,46.0,28.7,0.0
2017-06-07 07:00:00,12.0,71,3,164.0,26.8,0.0
2017-06-07 08:00:00,12.9,68,1,308.0,30.9,0.0
2017-06-07 09:00:00,14.3,62,59,451.0,33.7,0.0
2017-06-07 10:00:00,15.2,58,100,483.0,31.7,0.0
2017-06-07 11:00:00,15.4,57,99,361.0,31.4,0.0
2017-06-07 12:00:00,15.9,52,100,359.0,29.2,0.0
2017-06-07 13:00:00,17.3,50,94,590.0,30.4,0.0
2017-06-07 14:00:00,17.6,49,100,490.0,32.3,0.0
2017-06-07 15:00:00,17.4,51,30,602.0,30.7,0.0
2017-06-07 16:00:00,19.0,42,32,674.0,29.1,0.0
2017-06-07 17:00:00,18.1,50,27,535.0,30.5,0.0
2017-06-07 18:00:00,17.7,48,67,411.0,27.6,0.0
2017-06-07 19:00:00,15.8,68,100,196.0,24.6,0.0
2017-06-07 20:00:00,14.7,70,100,23.0,21.3,0.1
2017-06-07 21:00:00,14.3,70,98,7.0,19.9,0.0
2017-06-07 22:00:00,13.6,77,100,0.0,20.6,0.1
2017-06-07 23:00:00,13.3,80,99,0.0,22.0,0.2
2017-06-08 00:00:00,13.5,81,100,0.0,24.5,0.2
2017-06-08 01:00:00,13.4,83,100,0.0,21.9,0.0
2017-06-08 02:00:00,13.2,85,100,0.0,22.5,0.0
2017-06-08 03:00:00,13.2,86,90,0.0,21.3,0.0
2017-06-08 04:00:00,12.9,86,84,0.0,18.8,0.0
2017-06-08 05:00:00,13.0,85,60,0.0,22.0,0.0
2017-06-08 06:00:00,13.3,86,89,36.0,21.3,0.0
2017-06-08 07:00:00,13.9,87,62,77.0,21.1,0.0
2017-06-08 08:00:00,15.1,74,100,243.0,29.9,0.0
2017-06-08 09:00:00,16.0,68,100,287.0,31.8,0.1
2017-06-08 10:00:00,16.0,71,100,253.0,30.0,0.2
2017-06-08 11:00:00,16.7,68,100,344.0,31.7,0.2
2017-06-08 12:00:00,16.7,69,100,254.0,30.1,0.1
2017-06-08 13:00:00,16.1,75,100,203.0,30.3,0.6
2017-06-08 14:00:00,16.7,73,100,251.0,36.4,0.1
2017-06-08 15:00:00,16.8,74,100,178.0,35.4,0.0
2017-06-08 16:00:00,17.5,72,100,227.0,34.9,0.0
2017-06-08 17:00:00,17.4,74,98,129.0,26.6,0.0
2017-06-08 18:00:00,17.9,72,100,302.0,32.6,0.0
2017-06-08 19:00:00,17.1,77,96,121.0,22.2,0.0
2017-06-08 20:00:00,16.2,79,100,70.0,23.9,0.1
2017-06-08 21:00:00,15.5,83,100,24.0,20.8,0.0
2017-06-08 22:00:00,14.7,89,95,0.0,17.5,0.0
2017-06-08 23:00:00,14.3,91,43,0.0,15.1,0.0
2017-06-09 00:00:00,13.7,93,73,0.0,12.9,0.0
2017-06-09 01:00:00,13.5,94,89,0.0,12.1,0.0
2017-06-09 02:00:00,13.2,95,83,0.0,13.0,0.0
2017-06-09 03:00:00,12.8,95,98,0.0,13.3,0.0
2017-06-09 04:00:00,12.4,94,23,0.0,13.8,0.0
2017-06-09 05:00:00,11.9,94,11,0.0,13.8,0.0
2017-06-09 06:00:00,12.2,90,12,43.0,16.6,0.0
2017-06-09 07:00:00,13.2,86,38,154.0,18.3,0.0
2017-06-09 08:00:00,14.9,76,69,295.0,27.4,0.0
2017-06-09 09:00:00,15.9,74,27,386.0,23.0,0.0
2017-06-09 10:00:00,16.8,67,42,553.0,25.5,0.1
2017-06-09 11:00:00,17.5,66,43,561.0,23.7,0.1
2017-06-09 12:00:00,18.1,69,58,623.0,20.8,0.0
2017-06-09 13:00:00,18.1,57,40,680.0,25.3,0.1
2017-06-09 14:00:00,18.4,56,65,502.0,26.1,0.3
2017-06-09 15:00:00,19.1,54,67,519.0,26.4,0.1
2017-06-09 16:00:00,19.2,52,100,370.0,22.0,0.0
2017-06-09 17:00:00,19.1,55,100,372.0,22.7,0.0
2017-06-09 18:00:00,18.7,57,39,258.0,21.1,0.0
2017-06-09 19:00:00,18.6,57,55,223.0,17.9,0.0
2017-06-09 20:00:00,17.5,66,26,124.0,13.4,0.0
2017-06-09 21:00:00,15.4,76,20,42.0,9.0,0.0
2017-06-09 22:00:00,13.7,87,65,0.0,8.8,0.0
2017-06-09 23:00:00,13.4,89,98,0.0,11.5,0.0
2017-06-10 00:00:00,13.3,90,98,0.0,9.2,0.0
2017-06-10 01:00:00,13.0,90,98,0.0,9.7,0.0
2017-06-10 02:00:00,13.1,89,100,0.0,10.5,0.0
2017-06-10 03:00:00,13.2,86,100,0.0,11.4,0.0
2017-06-10 04:00:00,13.2,84,100,0.0,13.2,0.0
2017-06-10 05:00:00,13.2,86,100,0.0,13.2,0.0
2017-06-10 06:00:00,13.8,85,100,19.0,13.3,0.0
2017-06-10 07:00:00,14.3,85,77,31.0,12.4,0.0
2017-06-10 08:00:00,15.4,80,62,135.0,16.1,0.0
2017-06-10 09:00:00,17.5,67,27,418.0,24.4,0.0
2017-06-10 10:00:00,18.7,63,8,573.0,26.4,0.0
2017-06-10 11:00:00,19.6,61,3,710.0,26.9,0.0
2017-06-10 12:00:00,20.4,57,2,818.0,27.7,0.0
2017-06-10 13:00:00,21.2,54,3,858.0,26.5,0.0
2017-06-10 14:00:00,21.2,55,1,856.0,27.7,0.0
2017-06-10 15:00:00,21.0,58,0,818.0,28.5,0.0
2017-06-10 16:00:00,20.6,62,28,698.0,29.4,0.0
2017-06-10 17:00:00,20.2,62,16,577.0,28.4,0.0
2017-06-10 18:00:00,20.4,62,88,435.0,28.9,0.0
2017-06-10 19:00:00,19.9,67,100,236.0,22.5,0.0
2017-06-10 20:00:00,19.2,71,71,81.0,20.3,0.0
2017-06-10 21:00:00,18.4,73,87,32.0,18.1,0.0
2017-06-10 22:00:00,17.7,76,31,1.0,17.5,0.0
2017-06-10 23:00:00,17.1,79,76,0.0,16.7,0.0
2017-06-11 00:00:00,17.1,80,35,0.0,17.0,0.0
2017-06-11 01:00:00,16.2,85,48,0.0,17.3,0.0
2017-06-11 02:00:00,16.1,86,27,0.0,17.9,0.0
2017-06-11 03:00:00,15.9,88,37,0.0,16.9,0.0
2017-06-11 04:00:00,15.9,89,88,0.0,16.5,0.0
2017-06-11 05:00:00,16.2,89,94,0.0,16.7,0.0
2017-06-11 06:00:00,16.5,88,100,23.0,15.8,0.0
2017-06-11 07:00:00,16.6,88,100,27.0,15.6,0.0
2017-06-11 08:00:00,17.1,85,83,103.0,17.9,0.0
2017-06-11 09:00:00,18.3,77,35,286.0,20.7,0.0
2017-06-11 10:00:00,19.4,68,82,471.0,21.1,0.0
2017-06-11 11:00:00,19.9,64,37,529.0,22.7,0.0
2017-06-11 12:00:00,20.8,60,44,751.0,24.8,0.0
2017-06-11 13:00:00,21.1,58,74,786.0,26.0,0.0
2017-06-11 14:00:00,20.8,57,85,685.0,28.5,0.0
2017-06-11 15:00:00,20.3,56,65,655.0,30.0,0.0
2017-06-11 16:00:00,19.5,59,67,509.0,31.3,0.0
2017-06-11 17:00:00,18.7,61,21,306.0,26.0,0.0
2017-06-11 18:00:00,19.3,56,73,454.0,29.3,0.0
2017-06-11 19:00:00,18.3,61,48,150.0,27.1,0.1
2017-06-11 20:00:00,17.2,68,44,94.0,24.1,0.0
2017-06-11 21:00:00,16.1,72,29,37.0,18.8,0.0
2017-06-11 22:00:00,15.1,75,16,1.0,17.7,0.0
2017-06-11 23:00:00,14.6,72,26,0.0,20.3,0.0
2017-06-12 00:00:00,13.8,71,1,0.0,21.0,0.0
2017-06-12 01:00:00,13.2,73,3,0.0,19.6,0.0
2017-06-12 02:00:00,12.7,75,0,0.0,19.8,0.0
2017-06-12 03:00:00,12.2,78,0,0.0,19.8,0.0
2017-06-12 04:00:00,11.8,81,0,0.0,19.8,0.0
2017-06-12 05:00:00,11.5,83,9,1.0,20.3,0.0
2017-06-12 06:00:00,12.2,81,98,45.0,21.3,0.0
2017-06-12 07:00:00,13.2,78,94,146.0,23.0,0.0
2017-06-12 08:00:00,14.5,72,100,260.0,28.5,0.0
2017-06-12 09:00:00,15.2,69,100,231.0,25.2,0.1
2017-06-12 10:00:00,16.0,65,95,254.0,26.4,0.4
2017-06-12 11:00:00,17.1,59,99,468.0,25.7,0.2
2017-06-12 12:00:00,17.6,55,100,375.0,23.1,0.0
2017-06-12 13:00:00,16.6,63,100,386.0,21.2,0.0
2017-06-12 14:00:00,17.5,58,100,351.0,21.5,0.0
2017-06-12 15:00:00,17.8,59,100,314.0,21.5,0.2
2017-06-12 16:00:00,17.9,59,72,290.0,21.0,0.0
2017-06-12 17:00:00,18.2,58,100,214.0,19.2,0.0
2017-06-12 18:00:00,17.9,61,100,202.0,20.6,0.0
2017-06-12 19:00:00,17.4,65,96,114.0,17.6,0.0
2017-06-12 20:00:00,16.8,67,47,100.0,15.9,0.0
2017-06-12 21:00:00,15.2,71,5,45.0,11.2,0.0
2017-06-12 22:00:00,13.7,77,0,1.0,9.8,0.0
2017-06-12 23:00:00,12.7,83,7,0.0,9.7,0.0
2017-06-13 00:00:00,11.9,88,5,0.0,8.7,0.0
2017-06-13 01:00:00,11.8,88,0,0.0,9.0,0.0
2017-06-13 02:00:00,11.0,91,4,0.0,7.3,0.0
2017-06-13 03:00:00,10.4,94,18,0.0,6.6,0.0
2017-06-13 04:00:00,10.2,95,15,0.0,6.5,0.0
2017-06-13 05:00:00,10.0,96,10,1.0,6.4,0.0
2017-06-13 06:00:00,11.1,92,0,45.0,8.1,0.0
2017-06-13 07:00:00,12.5,86,1,157.0,7.6,0.0
2017-06-13 08:00:00,14.2,80,2,307.0,5.8,0.0
2017-06-13 09:00:00,16.0,72,10,455.0,6.1,0.0
2017-06-13 10:00:00,17.3,66,10,595.0,6.7,0.0
2017-06-13 11:00:00,18.4,63,16,707.0,4.7,0.0
2017-06-13 12:00:00,19.6,57,73,704.0,4.8,0.0
2017-06-13 13:00:00,20.5,54,100,708.0,10.1,0.0
2017-06-13 14:00:00,20.7,54,100,357.0,9.8,0.0
2017-06-13 15:00:00,20.8,54,100,324.0,7.6,0.0
2017-06-13 16:00:00,20.9,54,94,315.0,7.2,0.0
2017-06-13 17:00:00,20.9,54,96,223.0,7.5,0.0
2017-06-13 18:00:00,20.5,57,92,115.0,6.7,0.0
2017-06-13 19:00:00,20.0,64,89,90.0,6.4,0.0
2017-06-13 20:00:00,19.4,71,30,99.0,4.7,0.0
2017-06-13 21:00:00,17.0,80,75,38.0,8.1,0.0
2017-06-13 22:00:00,16.5,84,100,1.0,7.6,0.0
2017-06-13 23:00:00,15.7,86,64,0.0,6.0,0.0
2017-06-14 00:00:00,14.5,93,17,0.0,8.9,0.0
2017-06-14 01:00:00,13.5,85,7,0.0,8.3,0.0
2017-06-14 02:00:00,12.7,86,1,0.0,8.1,0.0
2017-06-14 03:00:00,12.2,85,2,0.0,9.3,0.0
2017-06-14 04:00:00,11.7,85,0,0.0,11.0,0.0
2017-06-14 05:00:00,11.7,84,0,1.0,9.4,0.0
2017-06-14 06:00:00,13.5,80,0,47.0,5.8,0.0
2017-06-14 07:00:00,15.5,75,0,162.0,6.5,0.0
2017-06-14 08:00:00,17.6,68,0,309.0,7.9,0.0
2017-06-14 09:00:00,19.6,62,1,464.0,10.2,0.0
2017-06-14 10:00:00,21.2,56,9,605.0,11.5,0.0
2017-06-14 11:00:00,22.3,52,66,707.0,12.4,0.0
2017-06-14 12:00:00,23.1,51,50,810.0,12.7,0.0
2017-06-14 13:00:00,23.9,49,86,860.0,13.3,0.0
2017-06-14 14:00:00,24.4,48,29,852.0,13.8,0.0
2017-06-14 15:00:00,24.3,48,37,708.0,14.9,0.0
2017-06-14 16:00:00,24.0,49,52,613.0,14.5,0.0
2017-06-14 17:00:00,23.9,47,86,582.0,14.0,0.0
2017-06-14 18:00:00,23.5,48,78,446.0,13.3,0.0
2017-06-14 19:00:00,22.7,51,75,299.0,12.9,0.0
2017-06-14 20:00:00,20.9,63,83,161.0,12.2,0.0
2017-06-14 21:00:00,18.6,67,77,46.0,14.4,0.0
2017-06-14 22:00:00,17.2,71,30,1.0,11.5,0.0
2017-06-14 23:00:00,16.5,75,51,0.0,8.3,0.0
2017-06-15 00:00:00,15.7,82,96,0.0,6.5,0.0
2017-06-15 01:00:00,16.4,77,84,0.0,3.2,0.0
2017-06-15 02:00:00,15.5,83,76,0.0,6.5,0.0
2017-06-15 03:00:00,14.0,91,95,0.0,8.2,0.0
2017-06-15 04:00:00,14.5,92,75,0.0,7.9,0.0
2017-06-15 05:00:00,13.6,94,94,1.0,9.4,0.0
2017-06-15 06:00:00,14.3,90,81,39.0,13.0,0.0
2017-06-15 07:00:00,15.5,85,12,147.0,13.2,0.0
2017-06-15 08:00:00,17.3,78,0,312.0,13.3,0.0
2017-06-15 09:00:00,18.8,72,10,469.0,14.2,0.0
2017-06-15 10:00:00,20.0,64,44,611.0,18.7,0.0
2017-06-15 11:00:00,21.0,60,24,694.0,20.9,0.0
2017-06-15 12:00:00,22.1,52,72,731.0,22.2,0.0
2017-06-15 13:00:00,23.0,49,92,659.0,25.9,0.0
2017-06-15 14:00:00,21.8,57,49,472.0,26.3,0.0
2017-06-15 15:00:00,22.1,56,50,641.0,24.9,0.0
2017-06-15 16:00:00,21.9,55,28,590.0,25.6,0.0
2017-06-15 17:00:00,20.9,42,7,531.0,28.1,0.0
2017-06-15 18:00:00,19.6,45,36,472.0,29.3,0.0
2017-06-15 19:00:00,18.4,49,34,331.0,26.6,0.0
2017-06-15 20:00:00,17.4,49,9,170.0,23.0,0.0
2017-06-15 21:00:00,15.7,61,86,52.0,18.9,0.0
2017-06-15 22:00:00,15.1,64,46,1.0,18.6,0.0
2017-06-15 23:00:00,14.1,67,45,0.0,18.7,0.0
2017-06-16 00:00:00,13.0,75,21,0.0,17.2,0.0
2017-06-16 01:00:00,13.0,77,5,0.0,16.7,0.0
2017-06-16 02:00:00,12.7,81,1,0.0,15.2,0.0
2017-06-16 03:00:00,12.3,85,44,0.0,13.4,0.0
2017-06-16 04:00:00,11.9,88,21,0.0,12.6,0.0
2017-06-16 05:00:00,11.7,91,18,1.0,12.6,0.0
2017-06-16 06:00:00,12.5,86,1,48.0,14.4,0.0
2017-06-16 07:00:00,13.9,79,0,163.0,14.4,0.0
2017-06-16 08:00:00,15.3,71,0,312.0,15.9,0.0
2017-06-16 09:00:00,16.6,62,60,469.0,18.6,0.0
2017-06-16 10:00:00,17.5,59,73,487.0,17.3,0.0
2017-06-16 11:00:00,18.2,57,55,506.0,17.3,0.0
2017-06-16 12:00:00,19.3,54,70,622.0,17.4,0.0
2017-06-16 13:00:00,20.7,52,65,798.0,16.4,0.0
2017-06-16 14:00:00,21.3,54,100,723.0,17.5,0.0
2017-06-16 15:00:00,21.5,55,100,555.0,17.3,0.0
2017-06-16 16:00:00,21.9,54,100,456.0,18.1,0.0
2017-06-16 17:00:00,21.8,56,100,300.0,16.3,0.0
2017-06-16 18:00:00,21.6,58,100,192.0,13.6,0.0
2017-06-16 19:00:00,21.2,62,99,115.0,13.4,0.0
2017-06-16 20:00:00,20.7,66,57,98.0,10.1,0.0
2017-06-16 21:00:00,18.9,75,1,44.0,6.6,0.0
2017-06-16 22:00:00,17.3,82,2,1.0,8.5,0.0
2017-06-16 23:00:00,16.8,85,36,0.0,9.4,0.0
2017-06-17 00:00:00,16.1,90,11,0.0,10.1,0.0
2017-06-17 01:00:00,16.1,90,20,0.0,11.0,0.0
2017-06-17 02:00:00,15.6,93,16,0.0,9.1,0.0
2017-06-17 03:00:00,15.2,94,17,0.0,7.7,0.0
2017-06-17 04:00:00,14.8,95,29,0.0,7.5,0.0
2017-06-17 05:00:00,14.6,96,43,1.0,7.9,0.0
2017-06-17 06:00:00,15.3,92,42,44.0,8.5,0.0
2017-06-17 07:00:00,16.8,86,47,148.0,7.6,0.0
2017-06-17 08:00:00,18.7,79,32,299.0,6.9,0.0
2017-06-17 09:00:00,20.5,74,1,442.0,6.6,0.0
2017-06-17 10:00:00,22.4,69,0,585.0,6.4,0.0
2017-06-17 11:00:00,23.9,63,0,705.0,7.0,0.0
2017-06-17 12:00:00,25.0,60,4,798.0,7.5,0.0
2017-06-17 13:00:00,25.6,55,86,863.0,5.9,0.0
2017-06-17 14:00:00,26.8,51,100,772.0,9.1,0.0
2017-06-17 15:00:00,26.6,51,100,353.0,8.7,0.0
2017-06-17 16:00:00,26.8,51,100,319.0,7.3,0.0
2017-06-17 17:00:00,26.5,53,100,202.0,8.2,0.0
2017-06-17 18:00:00,25.2,62,98,181.0,14.5,0.0
2017-06-17 19:00:00,24.3,66,54,182.0,14.2,0.0
2017-06-17 20:00:00,23.6,69,51,135.0,12.5,0.0
2017-06-17 21:00:00,21.7,74,53,48.0,10.4,0.0
2017-06-17 22:00:00,20.2,80,0,1.0,9.2,0.0
2017-06-17 23:00:00,19.2,85,1,0.0,8.2,0.0
2017-06-18 00:00:00,18.2,90,2,0.0,6.9,0.0
2017-06-18 01:00:00,17.7,91,1,0.0,7.1,0.0
2017-06-18 02:00:00,17.2,91,0,0.0,7.4,0.0
2017-06-18 03:00:00,16.6,93,0,0.0,6.9,0.0
2017-06-18 04:00:00,16.0,93,9,0.0,6.2,0.0
2017-06-18 05:00:00,15.6,94,16,1.0,5.2,0.0
2017-06-18 06:00:00,17.1,87,16,43.0,6.4,0.0
2017-06-18 07:00:00,18.9,79,25,153.0,4.5,0.0
2017-06-18 08:00:00,21.1,72,26,289.0,4.6,0.0
2017-06-18 09:00:00,23.0,64,24,387.0,5.6,0.0
2017-06-18 10:00:00,24.9,59,21,575.0,6.6,0.0
2017-06-18 11:00:00,25.9,59,16,635.0,6.8,0.0
2017-06-18 12:00:00,26.6,55,41,658.0,6.1,0.0
2017-06-18 13:00:00,27.6,47,68,511.0,1.6,0.0
2017-06-18 14:00:00,28.5,46,27,661.0,1.6,0.0
2017-06-18 15:00:00,29.1,44,24,644.0,5.5,0.0
2017-06-18 16:00:00,29.2,43,53,516.0,9.2,0.0
2017-06-18 17:00:00,29.1,44,100,485.0,9.4,0.0
2017-06-18 18:00:00,28.5,46,59,319.0,9.0,0.0
2017-06-18 19:00:00,28.2,49,44,258.0,8.3,0.0
2017-06-18 20:00:00,26.1,61,20,113.0,7.9,0.0
2017-06-18 21:00:00,23.5,71,15,44.0,8.4,0.0
2017-06-18 22:00:00,20.9,84,6,1.0,9.2,0.0
2017-06-18 23:00:00,20.0,86,4,0.0,8.7,0.0
2017-06-19 00:00:00,19.7,86,1,0.0,7.1,0.0
2017-06-19 01:00:00,20.3,81,3,0.0,1.8,0.0
2017-06-19 02:00:00,18.2,92,0,0.0,6.9,0.0
2017-06-19 03:00:00,16.9,94,0,0.0,8.6,0.0
2017-06-19 04:00:00,16.5,96,0,0.0,5.8,0.0
2017-06-19 05:00:00,15.9,98,0,1.0,5.4,0.0
2017-06-19 06:00:00,17.1,93,0,47.0,7.2,0.0
2017-06-19 07:00:00,18.9,85,0,160.0,5.7,0.0
2017-06-19 08:00:00,21.2,76,0,305.0,6.2,0.0
2017-06-19 09:00:00,23.5,67,0,459.0,7.2,0.0
2017-06-19 10:00:00,25.3,58,4,603.0,8.3,0.0
2017-06-19 11:00:00,26.5,54,25,724.0,9.3,0.0
2017-06-19 12:00:00,27.5,51,30,810.0,10.7,0.0
2017-06-19 13:00:00,28.3,46,36,857.0,9.0,0.0
2017-06-19 14:00:00,28.9,45,8,859.0,9.0,0.0
2017-06-19 15:00:00,29.3,43,7,815.0,9.4,0.0
2017-06-19 16:00:00,29.4,43,12,720.0,8.7,0.0
2017-06-19 17:00:00,29.3,44,2,606.0,9.4,0.0
2017-06-19 18:00:00,28.8,46,2,436.0,10.8,0.0
2017-06-19 19:00:00,27.7,48,31,311.0,14.7,0.0
2017-06-19 20:00:00,25.7,54,34,166.0,11.5,0.0
2017-06-19 21:00:00,23.6,61,69,51.0,9.3,0.0
2017-06-19 22:00:00,21.9,67,82,1.0,8.7,0.0
2017-06-19 23:00:00,19.9,77,33,0.0,8.7,0.0
2017-06-20 00:00:00,19.4,77,11,0.0,4.7,0.0
2017-06-20 01:00:00,18.3,83,10,0.0,3.8,0.0
2017-06-20 02:00:00,17.6,86,10,0.0,5.8,0.0
2017-06-20 03:00:00,17.0,88,93,0.0,5.8,0.0
2017-06-20 04:00:00,16.3,93,84,0.0,5.4,0.0
2017-06-20 05:00:00,15.9,95,89,1.0,6.2,0.0
2017-06-20 06:00:00,17.4,89,98,42.0,4.2,0.0
2017-06-20 07:00:00,19.3,81,99,148.0,4.2,0.0
2017-06-20 08:00:00,21.2,72,98,248.0,6.9,0.0
2017-06-20 09:00:00,23.1,63,98,376.0,8.6,0.0
2017-06-20 10:00:00,24.6,57,96,470.0,9.4,0.0
2017-06-20 11:00:00,25.9,53,100,579.0,10.5,0.0
2017-06-20 12:00:00,26.3,51,91,499.0,11.5,0.0
2017-06-20 13:00:00,28.3,46,5,785.0,11.3,0.0
2017-06-20 14:00:00,28.8,44,0,859.0,12.3,0.0
2017-06-20 15:00:00,29.0,43,2,816.0,14.0,0.0
2017-06-20 16:00:00,28.4,46,0,731.0,16.6,0.0
2017-06-20 17:00:00,27.2,49,20,606.0,18.7,0.0
2017-06-20 18:00:00,25.7,52,84,470.0,19.1,0.0
2017-06-20 19:00:00,23.8,59,45,317.0,19.1,0.0
2017-06-20 20:00:00,21.9,67,43,169.0,18.4,0.0
2017-06-20 21:00:00,19.8,75,72,52.0,17.9,0.0
2017-06-20 22:00:00,18.1,83,80,1.0,16.9,0.0
2017-06-20 23:00:00,17.1,87,97,0.0,15.5,0.0
2017-06-21 00:00:00,16.6,89,83,0.0,14.7,0.0
2017-06-21 01:00:00,16.5,90,86,0.0,15.0,0.0
2017-06-21 02:00:00,16.2,91,84,0.0,15.1,0.0
2017-06-21 03:00:00,15.8,92,6,0.0,13.8,0.0
2017-06-21 04:00:00,15.8,92,42,0.0,13.8,0.0
2017-06-21 05:00:00,15.9,92,68,1.0,13.7,0.0
2017-06-21 06:00:00,16.9,89,71,44.0,14.8,0.0
2017-06-21 07:00:00,18.5,83,87,143.0,14.5,0.0
2017-06-21 08:00:00,20.6,76,91,286.0,14.0,0.0
2017-06-21 09:00:00,22.5,71,93,385.0,13.0,0.0
2017-06-21 10:00:00,24.3,65,87,532.0,13.0,0.0
2017-06-21 11:00:00,26.0,60,81,653.0,12.6,0.0
2017-06-21 12:00:00,27.7,57,88,762.0,12.3,0.0
2017-06-21 13:00:00,29.8,51,79,821.0,12.1,0.0
2017-06-21 14:00:00,31.0,45,42,834.0,13.4,0.0
2017-06-21 15:00:00,31.5,43,83,797.0,13.9,0.0
2017-06-21 16:00:00,31.6,43,54,686.0,14.5,0.0
2017-06-21 17:00:00,31.5,42,88,568.0,15.5,0.0
2017-06-21 18:00:00,31.0,43,71,438.0,15.2,0.0
2017-06-21 19:00:00,30.0,48,8,293.0,14.5,0.0
2017-06-21 20:00:00,27.9,56,17,164.0,13.3,0.0
2017-06-21 21:00:00,25.2,65,8,52.0,10.5,0.0
2017-06-21 22:00:00,22.8,74,33,1.0,11.2,0.0
2017-06-21 23:00:00,21.4,77,76,0.0,11.1,0.0
2017-06-22 00:00:00,20.8,77,98,0.0,12.1,0.0
2017-06-22 01:00:00,21.3,77,99,0.0,13.0,0.0
2017-06-22 02:00:00,20.6,79,73,0.0,14.6,0.0
2017-06-22 03:00:00,19.6,80,65,0.0,13.8,0.0
2017-06-22 04:00:00,19.1,79,58,0.0,13.9,0.0
2017-06-22 05:00:00,18.8,80,33,1.0,14.2,0.0
2017-06-22 06:00:00,19.2,80,39,43.0,15.6,0.0
2017-06-22 07:00:00,19.9,81,54,148.0,16.4,0.0
2017-06-22 08:00:00,21.3,76,89,284.0,19.4,0.0
2017-06-22 09:00:00,21.8,71,93,374.0,18.7,0.0
2017-06-22 10:00:00,22.2,68,93,495.0,16.1,1.1
2017-06-22 11:00:00,22.2,68,80,396.0,18.5,0.2
2017-06-22 12:00:00,23.2,63,33,660.0,21.3,0.0
2017-06-22 13:00:00,23.4,61,18,763.0,24.2,0.0
2017-06-22 14:00:00,23.1,57,94,685.0,27.6,0.0
2017-06-22 15:00:00,23.1,54,100,472.0,27.4,0.0
2017-06-22 16:00:00,22.5,58,100,273.0,24.3,0.0
2017-06-22 17:00:00,23.0,57,100,336.0,22.0,0.0
2017-06-22 18:00:00,22.2,61,100,130.0,22.9,0.0
2017-06-22 19:00:00,21.7,65,46,152.0,19.1,0.0
2017-06-22 20:00:00,21.3,67,50,144.0,14.8,0.0
2017-06-22 21:00:00,20.8,67,96,41.0,12.3,0.0
2017-06-22 22:00:00,19.8,70,100,1.0,13.0,0.0
2017-06-22 23:00:00,19.4,70,99,0.0,16.9,0.0
2017-06-23 00:00:00,18.0,75,100,0.0,14.8,0.0
2017-06-23 01:00:00,16.3,81,91,0.0,13.0,0.0
2017-06-23 02:00:00,15.5,83,80,0.0,13.5,0.0
2017-06-23 03:00:00,14.5,85,38,0.0,13.6,0.0
2017-06-23 04:00:00,13.8,83,51,0.0,15.5,0.0
2017-06-23 05:00:00,13.2,85,87,1.0,15.8,0.0
2017-06-23 06:00:00,13.8,82,89,45.0,15.5,0.0
2017-06-23 07:00:00,15.0,75,88,157.0,19.4,0.0
2017-06-23 08:00:00,17.0,63,98,294.0,24.0,0.0
2017-06-23 09:00:00,17.8,64,94,448.0,21.9,0.0
2017-06-23 10:00:00,18.8,62,100,553.0,22.7,0.0
2017-06-23 11:00:00,20.0,59,100,639.0,24.0,0.0
2017-06-23 12:00:00,20.3,58,100,481.0,24.1,0.0
2017-06-23 13:00:00,21.9,53,100,561.0,25.8,0.0
2017-06-23 14:00:00,22.0,54,94,588.0,26.4,0.0
2017-06-23 15:00:00,22.4,52,100,517.0,28.5,0.0
2017-06-23 16:00:00,22.1,54,99,355.0,26.9,0.0
2017-06-23 17:00:00,22.4,51,100,266.0,26.0,0.0
2017-06-23 18:00:00,22.0,53,100,152.0,25.0,0.0
2017-06-23 19:00:00,21.8,54,100,123.0,23.4,0.0
2017-06-23 20:00:00,20.2,64,55,103.0,23.2,0.0
2017-06-23 21:00:00,19.5,67,38,40.0,21.5,0.0
2017-06-23 22:00:00,18.0,75,69,1.0,21.9,0.0
2017-06-23 23:00:00,17.6,78,92,0.0,21.7,0.0
2017-06-24 00:00:00,17.5,77,77,0.0,21.3,0.0
2017-06-24 01:00:00,16.5,84,35,0.0,22.0,0.0
2017-06-24 02:00:00,16.3,85,83,0.0,20.7,0.0
2017-06-24 03:00:00,16.1,85,100,0.0,20.8,0.0
2017-06-24 04:00:00,16.1,85,100,0.0,20.2,0.0
2017-06-24 05:00:00,16.4,83,100,0.0,21.3,0.0
2017-06-24 06:00:00,16.7,82,100,13.0,19.6,0.0
2017-06-24 07:00:00,17.1,81,98,44.0,20.9,0.0
2017-06-24 08:00:00,17.7,79,100,57.0,22.6,0.2
2017-06-24 09:00:00,18.6,76,100,129.0,19.9,0.4
2017-06-24 10:00:00,19.1,74,100,146.0,19.7,0.0
2017-06-24 11:00:00,20.5,65,100,239.0,21.4,0.1
2017-06-24 12:00:00,21.3,63,100,288.0,23.2,0.3
2017-06-24 13:00:00,20.5,69,100,298.0,19.2,0.0
2017-06-24 14:00:00,21.0,65,100,155.0,19.4,0.0
2017-06-24 15:00:00,21.1,67,100,239.0,21.9,0.0
2017-06-24 16:00:00,21.4,66,54,300.0,26.9,0.1
2017-06-24 17:00:00,20.7,72,95,392.0,27.7,0.5
2017-06-24 18:00:00,20.0,76,79,180.0,23.4,0.9
2017-06-24 19:00:00,19.7,77,93,110.0,21.9,0.3
2017-06-24 20:00:00,19.2,79,100,43.0,20.7,0.1
2017-06-24 21:00:00,18.4,82,88,19.0,18.9,0.2
2017-06-24 22:00:00,18.1,82,97,1.0,16.2,0.0
2017-06-24 23:00:00,17.6,79,96,0.0,18.1,0.0
2017-06-25 00:00:00,17.0,78,59,0.0,20.1,0.0
2017-06-25 01:00:00,16.9,76,47,0.0,19.4,0.0
2017-06-25 02:00:00,15.9,79,24,0.0,19.2,0.0
2017-06-25 03:00:00,14.8,84,34,0.0,17.4,0.0
2017-06-25 04:00:00,14.6,84,35,0.0,16.9,0.0
2017-06-25 05:00:00,14.6,83,36,0.0,17.1,0.0
2017-06-25 06:00:00,14.9,81,100,36.0,17.4,0.0
2017-06-25 07:00:00,15.2,79,100,59.0,19.3,0.1
2017-06-25 08:00:00,16.1,73,96,106.0,23.2,0.1
2017-06-25 09:00:00,18.0,64,100,307.0,22.7,0.0
2017-06-25 10:00:00,19.1,61,99,272.0,21.6,0.0
2017-06-25 11:00:00,20.0,60,100,287.0,21.4,0.1
2017-06-25 12:00:00,21.5,53,59,438.0,22.6,0.0
2017-06-25 13:00:00,20.8,61,100,359.0,23.9,0.1
2017-06-25 14:00:00,21.3,59,100,459.0,25.9,0.1
2017-06-25 15:00:00,21.8,58,100,514.0,29.4,0.4
2017-06-25 16:00:00,21.0,61,72,231.0,27.6,0.0
2017-06-25 17:00:00,21.2,62,97,391.0,28.8,0.3
2017-06-25 18:00:00,19.7,64,57,247.0,26.0,0.0
2017-06-25 19:00:00,19.6,59,100,223.0,23.9,0.0
2017-06-25 20:00:00,19.3,62,95,86.0,19.2,0.0
2017-06-25 21:00:00,18.5,66,68,29.0,17.9,0.0
2017-06-25 22:00:00,17.7,69,59,1.0,14.1,0.0
2017-06-25 23:00:00,16.8,75,95,0.0,8.8,0.0
2017-06-26 00:00:00,15.7,72,69,0.0,12.6,0.0
2017-06-26 01:00:00,15.2,76,93,0.0,10.1,0.0
2017-06-26 02:00:00,14.5,75,100,0.0,7.0,0.0
2017-06-26 03:00:00,14.4,72,59,0.0,7.3,0.0
2017-06-26 04:00:00,14.0,67,38,0.0,6.1,0.0
2017-06-26 05:00:00,12.6,75,19,0.0,5.5,0.0
2017-06-26 06:00:00,13.2,70,7,41.0,7.1,0.0
2017-06-26 07:00:00,14.2,65,8,149.0,6.5,0.0
2017-06-26 08:00:00,15.4,61,25,291.0,6.8,0.0
2017-06-26 09:00:00,16.7,53,43,449.0,8.2,0.0
2017-06-26 10:00:00,17.8,48,94,588.0,9.5,0.0
2017-06-26 11:00:00,18.8,45,68,682.0,8.4,0.0
2017-06-26 12:00:00,19.8,42,25,802.0,6.1,0.0
2017-06-26 13:00:00,20.2,41,19,851.0,4.8,0.0
2017-06-26 14:00:00,21.1,40,14,826.0,4.2,0.0
2017-06-26 15:00:00,21.7,40,6,824.0,6.2,0.0
2017-06-26 16:00:00,21.9,40,15,737.0,7.9,0.0
2017-06-26 17:00:00,22.0,41,50,615.0,9.7,0.0
2017-06-26 18:00:00,21.8,41,92,450.0,10.7,0.0
2017-06-26 19:00:00,21.1,43,90,262.0,10.5,0.0
2017-06-26 20:00:00,20.2,49,99,102.0,7.9,0.5
2017-06-26 21:00:00,18.2,61,91,26.0,13.6,0.4
2017-06-26 22:00:00,16.2,69,75,1.0,15.1,0.4
2017-06-26 23:00:00,14.8,77,92,0.0,15.8,0.4
2017-06-27 00:00:00,14.4,81,98,0.0,15.6,1.1
2017-06-27 01:00:00,14.6,75,100,0.0,14.2,0.3
2017-06-27 02:00:00,14.4,76,100,0.0,14.8,0.6
2017-06-27 03:00:00,14.2,80,98,0.0,14.8,0.0
2017-06-27 04:00:00,14.2,82,100,0.0,14.4,0.0
2017-06-27 05:00:00,14.6,80,100,0.0,13.8,0.0
2017-06-27 06:00:00,14.8,77,100,7.0,14.5,0.0
2017-06-27 07:00:00,15.3,76,100,29.0,13.4,0.0
2017-06-27 08:00:00,15.9,77,100,57.0,13.1,0.0
2017-06-27 09:00:00,16.9,74,100,122.0,15.5,0.0
2017-06-27 10:00:00,18.3,68,99,243.0,14.2,0.4
2017-06-27 11:00:00,19.8,63,99,392.0,13.0,0.0
2017-06-27 12:00:00,21.1,61,100,494.0,13.6,0.1
2017-06-27 13:00:00,20.7,72,100,465.0,7.7,0.5
2017-06-27 14:00:00,21.2,72,100,479.0,9.6,1.6
2017-06-27 15:00:00,20.0,80,100,215.0,11.9,1.8
2017-06-27 16:00:00,19.0,83,100,151.0,14.1,1.0
2017-06-27 17:00:00,17.7,88,100,78.0,14.1,1.3
2017-06-27 18:00:00,17.4,92,100,46.0,11.6,1.6
2017-06-27 19:00:00,17.4,92,100,19.0,10.7,2.5
2017-06-27 20:00:00,17.0,91,100,14.0,9.6,1.6
2017-06-27 21:00:00,16.6,91,100,8.0,11.3,1.4
2017-06-27 22:00:00,16.3,92,100,0.0,12.2,1.4
2017-06-27 23:00:00,16.1,93,100,0.0,10.5,1.5
2017-06-28 00:00:00,16.0,94,100,0.0,8.8,1.9
2017-06-28 01:00:00,15.1,93,100,0.0,12.6,2.1
2017-06-28 02:00:00,14.8,94,100,0.0,10.2,2.2
2017-06-28 03:00:00,14.8,94,100,0.0,9.5,1.9
2017-06-28 04:00:00,14.6,95,100,0.0,5.8,0.5
2017-06-28 05:00:00,14.5,96,100,0.0,5.1,0.1
2017-06-28 06:00:00,14.7,95,100,15.0,7.6,0.1
2017-06-28 07:00:00,15.0,92,100,34.0,14.0,0.1
2017-06-28 08:00:00,15.2,91,100,80.0,12.8,0.0
2017-06-28 09:00:00,15.6,88,100,136.0,12.0,0.0
2017-06-28 10:00:00,16.5,84,100,228.0,12.9,0.0
2017-06-28 11:00:00,16.3,87,96,197.0,12.9,0.0
2017-06-28 12:00:00,16.5,84,75,222.0,12.2,0.0
2017-06-28 13:00:00,15.3,86,100,407.0,12.1,0.0
2017-06-28 14:00:00,15.5,85,98,177.0,14.9,0.0
2017-06-28 15:00:00,16.0,82,100,278.0,18.1,0.0
2017-06-28 16:00:00,15.9,82,99,267.0,15.7,0.0
2017-06-28 17:00:00,15.6,82,100,186.0,13.9,0.0
2017-06-28 18:00:00,15.0,84,100,108.0,13.3,0.0
2017-06-28 19:00:00,14.8,83,100,118.0,13.3,0.0
2017-06-28 20:00:00,14.3,83,99,70.0,14.5,0.0
2017-06-28 21:00:00,13.9,82,100,18.0,14.1,0.0
2017-06-28 22:00:00,13.6,83,100,1.0,10.7,0.0
2017-06-28 23:00:00,13.4,82,99,0.0,10.9,0.0
2017-06-29 00:00:00,12.9,84,100,0.0,9.4,0.0
2017-06-29 01:00:00,11.8,89,100,0.0,8.1,0.0
2017-06-29 02:00:00,11.3,90,61,0.0,7.3,0.3
2017-06-29 03:00:00,10.6,93,76,0.0,5.4,0.0
2017-06-29 04:00:00,10.3,95,98,0.0,6.7,0.0
2017-06-29 05:00:00,11.0,92,100,0.0,10.6,0.0
2017-06-29 06:00:00,11.7,88,70,24.0,10.9,0.0
2017-06-29 07:00:00,12.5,83,32,90.0,10.2,0.0
2017-06-29 08:00:00,13.8,78,86,227.0,11.3,0.0
2017-06-29 09:00:00,15.2,74,100,378.0,10.8,0.0
2017-06-29 10:00:00,16.1,70,100,378.0,12.6,0.0
2017-06-29 11:00:00,17.0,65,100,412.0,13.3,0.0
2017-06-29 12:00:00,17.4,64,100,322.0,14.0,0.0
2017-06-29 13:00:00,16.0,71,100,309.0,16.0,0.1
2017-06-29 14:00:00,16.0,72,100,200.0,16.6,0.0
2017-06-29 15:00:00,15.9,73,89,188.0,16.4,0.0
2017-06-29 16:00:00,16.7,68,100,253.0,13.4,0.0
2017-06-29 17:00:00,16.9,69,100,175.0,14.6,0.0
2017-06-29 18:00:00,16.5,71,32,176.0,13.5,0.0
2017-06-29 19:00:00,16.4,72,83,124.0,10.8,0.0
2017-06-29 20:00:00,16.0,75,45,109.0,8.0,0.0
2017-06-29 21:00:00,14.6,85,48,39.0,4.7,0.0
2017-06-29 22:00:00,13.9,89,49,1.0,4.8,0.0
2017-06-29 23:00:00,13.8,90,49,0.0,4.5,0.0
2017-06-30 00:00:00,13.3,93,49,0.0,5.4,0.0
2017-06-30 01:00:00,14.4,90,100,0.0,3.2,0.0
2017-06-30 02:00:00,13.8,93,94,0.0,3.4,0.0
2017-06-30 03:00:00,13.7,94,100,0.0,3.6,0.0
2017-06-30 04:00:00,13.7,93,81,0.0,3.8,0.0
2017-06-30 05:00:00,12.8,96,27,0.0,5.5,0.0
2017-06-30 06:00:00,13.4,95,35,39.0,4.1,0.0
2017-06-30 07:00:00,14.7,85,58,140.0,3.4,0.0
2017-06-30 08:00:00,15.7,77,93,274.0,2.1,0.0
2017-06-30 09:00:00,16.8,72,93,409.0,1.6,0.0
2017-06-30 10:00:00,17.6,69,99,462.0,3.6,0.1
2017-06-30 11:00:00,18.2,67,98,361.0,6.3,0.0
2017-06-30 12:00:00,19.1,66,100,566.0,6.0,0.0
2017-06-30 13:00:00,19.1,62,100,549.0,6.2,0.0
2017-06-30 14:00:00,19.9,59,100,449.0,9.9,0.0
2017-06-30 15:00:00,20.0,60,100,478.0,14.8,0.1
2017-06-30 16:00:00,19.8,61,100,364.0,13.5,0.1
2017-06-30 17:00:00,20.4,56,100,374.0,13.7,0.0
2017-06-30 18:00:00,19.6,62,100,246.0,16.4,0.0
2017-06-30 19:00:00,19.7,61,80,205.0,12.5,0.0
2017-06-30 20:00:00,19.2,65,99,113.0,10.3,0.0
2017-06-30 21:00:00,17.9,70,78,35.0,11.8,0.0
2017-06-30 22:00:00,17.4,74,88,1.0,12.1,0.0
2017-06-30 23:00:00,16.3,81,98,0.0,12.8,0.0
2017-07-01 00:00:00,16.1,84,97,0.0,10.7,0.0
2017-07-01 01:00:00,16.3,84,98,0.0,11.9,0.0
2017-07-01 02:00:00,16.0,85,100,0.0,13.7,0.0
2017-07-01 03:00:00,15.9,81,100,0.0,19.0,0.0
2017-07-01 04:00:00,15.3,80,100,0.0,16.7,0.0
2017-07-01 05:00:00,14.7,80,100,0.0,15.8,0.0
2017-07-01 06:00:00,14.7,79,100,9.0,14.9,0.0
2017-07-01 07:00:00,14.7,78,99,22.0,15.2,0.0
2017-07-01 08:00:00,14.8,77,99,34.0,12.6,0.0
2017-07-01 09:00:00,15.5,74,100,119.0,13.2,0.0
2017-07-01 10:00:00,16.5,70,91,228.0,13.8,0.0
2017-07-01 11:00:00,18.2,65,8,547.0,14.5,0.0
2017-07-01 12:00:00,20.1,58,14,780.0,14.1,0.0
2017-07-01 13:00:00,20.3,58,100,799.0,14.2,0.0
2017-07-01 14:00:00,20.0,60,100,346.0,15.0,0.0
2017-07-01 15:00:00,20.1,61,100,322.0,14.2,0.0
2017-07-01 16:00:00,19.9,65,100,275.0,17.8,0.0
2017-07-01 17:00:00,19.6,63,98,201.0,15.9,0.0
2017-07-01 18:00:00,19.7,64,100,165.0,15.7,0.0
2017-07-01 19:00:00,20.0,62,87,188.0,15.2,0.0
2017-07-01 20:00:00,19.4,66,84,110.0,9.4,0.0
2017-07-01 21:00:00,17.9,69,76,47.0,14.0,0.0
2017-07-01 22:00:00,16.5,67,36,1.0,17.6,0.0
2017-07-01 23:00:00,15.6,75,52,0.0,15.6,0.0
2017-07-02 00:00:00,15.3,79,100,0.0,14.8,0.0
2017-07-02 01:00:00,15.9,79,100,0.0,14.2,0.0
2017-07-02 02:00:00,15.9,82,100,0.0,14.3,0.0
2017-07-02 03:00:00,15.9,84,100,0.0,13.8,0.0
2017-07-02 04:00:00,15.9,87,100,0.0,13.0,0.3
2017-07-02 05:00:00,16.0,87,100,0.0,13.4,0.1
2017-07-02 06:00:00,16.1,85,100,7.0,15.5,0.0
2017-07-02 07:00:00,15.6,78,57,33.0,17.3,0.0
2017-07-02 08:00:00,15.5,72,10,224.0,17.9,0.0
2017-07-02 09:00:00,16.1,63,3,434.0,18.8,0.0
2017-07-02 10:00:00,17.1,58,2,581.0,16.4,0.0
2017-07-02 11:00:00,18.0,56,7,719.0,15.3,0.0
2017-07-02 12:00:00,18.9,54,6,829.0,14.5,0.0
2017-07-02 13:00:00,20.9,45,10,866.0,15.0,0.0
2017-07-02 14:00:00,21.3,45,85,802.0,16.3,0.0
2017-07-02 15:00:00,21.5,44,70,786.0,14.4,0.0
2017-07-02 16:00:00,21.6,43,91,638.0,13.4,0.0
2017-07-02 17:00:00,21.8,42,41,539.0,12.0,0.0
2017-07-02 18:00:00,21.5,42,68,356.0,12.0,0.0
2017-07-02 19:00:00,20.7,48,63,259.0,9.4,0.0
2017-07-02 20:00:00,20.1,54,27,161.0,3.0,0.0
2017-07-02 21:00:00,17.4,69,1,51.0,4.3,0.0
2017-07-02 22:00:00,14.9,79,4,1.0,9.1,0.0
2017-07-02 23:00:00,14.7,76,84,0.0,7.7,0.0
2017-07-03 00:00:00,15.2,77,43,0.0,11.6,0.0
2017-07-03 01:00:00,15.4,79,100,0.0,10.8,0.0
2017-07-03 02:00:00,14.4,84,29,0.0,9.0,0.0
2017-07-03 03:00:00,13.5,87,53,0.0,9.2,0.0
2017-07-03 04:00:00,13.5,85,100,0.0,10.6,0.0
2017-07-03 05:00:00,14.0,81,89,0.0,10.7,0.0
2017-07-03 06:00:00,14.2,81,87,14.0,14.0,0.0
2017-07-03 07:00:00,14.9,79,94,82.0,15.6,0.0
2017-07-03 08:00:00,15.5,79,91,135.0,15.7,0.0
2017-07-03 09:00:00,17.0,75,100,318.0,19.9,0.0
2017-07-03 10:00:00,18.1,70,100,300.0,20.3,0.0
2017-07-03 11:00:00,19.6,65,100,407.0,21.3,0.0
2017-07-03 12:00:00,19.6,66,100,335.0,20.6,0.1
2017-07-03 13:00:00,19.3,70,100,271.0,19.5,0.1
2017-07-03 14:00:00,20.7,63,98,311.0,16.8,0.0
2017-07-03 15:00:00,20.6,66,86,289.0,20.0,0.0
2017-07-03 16:00:00,21.5,61,43,482.0,20.5,0.0
2017-07-03 17:00:00,21.7,52,62,502.0,21.7,0.0
2017-07-03 18:00:00,21.3,51,68,259.0,19.6,0.0
2017-07-03 19:00:00,21.2,55,37,248.0,16.4,0.0
2017-07-03 20:00:00,20.1,61,27,144.0,11.4,0.0
2017-07-03 21:00:00,18.6,65,34,41.0,9.5,0.0
2017-07-03 22:00:00,17.5,70,24,1.0,9.8,0.0
2017-07-03 23:00:00,16.3,76,32,0.0,11.0,0.0
2017-07-04 00:00:00,15.5,80,43,0.0,10.1,0.0
2017-07-04 01:00:00,15.1,88,67,0.0,6.6,0.0
2017-07-04 02:00:00,14.1,93,39,0.0,7.5,0.0
2017-07-04 03:00:00,13.6,96,38,0.0,7.0,0.0
2017-07-04 04:00:00,13.3,97,36,0.0,5.5,0.0
2017-07-04 05:00:00,13.2,98,36,0.0,5.0,0.0
2017-07-04 06:00:00,13.8,96,72,31.0,5.4,0.0
2017-07-04 07:00:00,15.0,91,82,134.0,4.5,0.0
2017-07-04 08:00:00,16.6,85,81,255.0,5.0,0.0
2017-07-04 09:00:00,18.6,77,84,385.0,8.1,0.0
2017-07-04 10:00:00,19.8,70,79,407.0,10.1,0.0
2017-07-04 11:00:00,20.6,65,86,445.0,10.6,0.0
2017-07-04 12:00:00,21.3,61,81,426.0,8.6,0.0
2017-07-04 13:00:00,21.5,59,100,399.0,9.8,0.0
2017-07-04 14:00:00,21.7,60,100,352.0,11.7,0.0
2017-07-04 15:00:00,22.1,57,100,442.0,12.9,0.1
2017-07-04 16:00:00,22.0,57,100,302.0,12.3,0.0
2017-07-04 17:00:00,22.0,57,100,216.0,11.6,0.0
2017-07-04 18:00:00,22.1,57,98,239.0,11.2,0.0
2017-07-04 19:00:00,21.8,59,72,212.0,12.0,0.0
2017-07-04 20:00:00,21.0,65,51,135.0,9.3,0.0
2017-07-04 21:00:00,19.3,73,43,34.0,6.0,0.0
2017-07-04 22:00:00,17.8,78,71,1.0,10.8,0.0
2017-07-04 23:00:00,16.9,82,72,0.0,8.7,0.0
2017-07-05 00:00:00,16.5,85,51,0.0,6.5,0.0
2017-07-05 01:00:00,15.7,89,49,0.0,7.5,0.0
2017-07-05 02:00:00,15.2,87,31,0.0,7.0,0.0
2017-07-05 03:00:00,14.0,90,25,0.0,7.1,0.0
2017-07-05 04:00:00,13.0,92,16,0.0,8.0,0.0
2017-07-05 05:00:00,12.4,94,80,0.0,8.0,0.0
2017-07-05 06:00:00,14.4,87,67,36.0,6.7,0.0
2017-07-05 07:00:00,16.2,78,77,139.0,4.5,0.0
2017-07-05 08:00:00,17.9,71,53,273.0,5.0,0.0
2017-07-05 09:00:00,19.4,66,75,427.0,4.3,0.0
2017-07-05 10:00:00,20.7,62,75,576.0,2.3,0.0
2017-07-05 11:00:00,21.8,59,32,702.0,3.1,0.0
2017-07-05 12:00:00,22.8,56,10,729.0,4.7,0.0
2017-07-05 13:00:00,24.1,51,0,839.0,4.0,0.0
2017-07-05 14:00:00,24.9,50,0,847.0,4.0,0.0
2017-07-05 15:00:00,25.4,49,1,808.0,4.4,0.0
2017-07-05 16:00:00,25.8,49,0,725.0,4.7,0.0
2017-07-05 17:00:00,26.1,48,3,607.0,4.0,0.0
2017-07-05 18:00:00,26.0,48,16,457.0,4.9,0.0
2017-07-05 19:00:00,24.9,54,5,298.0,11.4,0.0
2017-07-05 20:00:00,22.6,64,1,167.0,15.0,0.0
2017-07-05 21:00:00,20.9,67,0,50.0,9.7,0.0
2017-07-05 22:00:00,19.1,72,1,1.0,8.0,0.0
2017-07-05 23:00:00,17.8,77,4,0.0,9.4,0.0
2017-07-06 00:00:00,17.0,81,10,0.0,10.7,0.0
2017-07-06 01:00:00,17.3,80,43,0.0,14.2,0.0
2017-07-06 02:00:00,17.1,77,27,0.0,13.0,0.0
2017-07-06 03:00:00,16.7,76,21,0.0,11.4,0.0
2017-07-06 04:00:00,16.0,79,57,0.0,9.0,0.0
2017-07-06 05:00:00,15.6,81,78,0.0,7.2,0.6
2017-07-06 06:00:00,16.7,79,70,22.0,13.1,0.0
2017-07-06 07:00:00,18.2,76,87,111.0,12.8,0.4
2017-07-06 08:00:00,19.3,77,39,184.0,14.9,0.4
2017-07-06 09:00:00,20.8,75,42,346.0,16.0,0.0
2017-07-06 10:00:00,21.7,74,74,495.0,15.5,0.2
2017-07-06 11:00:00,21.6,78,85,479.0,12.0,1.4
2017-07-06 12:00:00,21.7,77,82,377.0,13.0,0.2
2017-07-06 13:00:00,28.1,49,91,579.0,11.8,0.0
2017-07-06 14:00:00,26.0,60,69,783.0,17.9,0.4
2017-07-06 15:00:00,25.4,64,5,603.0,11.3,0.0
2017-07-06 16:00:00,26.2,62,20,704.0,6.8,0.0
2017-07-06 17:00:00,25.7,65,71,591.0,8.4,0.7
2017-07-06 18:00:00,25.4,67,93,338.0,5.5,0.7
2017-07-06 19:00:00,25.1,68,99,178.0,6.8,0.0
2017-07-06 20:00:00,24.3,75,95,100.0,5.4,0.0
2017-07-06 21:00:00,22.5,83,87,36.0,7.3,0.0
2017-07-06 22:00:00,22.2,81,90,1.0,6.7,0.0
2017-07-06 23:00:00,19.8,91,39,0.0,10.1,0.0
2017-07-07 00:00:00,20.4,83,58,0.0,11.2,0.0
2017-07-07 01:00:00,19.3,84,45,0.0,10.1,0.0
2017-07-07 02:00:00,18.5,88,0,0.0,9.4,0.0
2017-07-07 03:00:00,17.9,90,1,0.0,10.5,0.0
2017-07-07 04:00:00,17.3,92,63,0.0,9.4,0.0
2017-07-07 05:00:00,16.7,94,99,0.0,9.0,0.0
2017-07-07 06:00:00,17.1,91,79,32.0,12.1,0.0
2017-07-07 07:00:00,18.1,81,91,134.0,10.1,0.0
2017-07-07 08:00:00,19.3,71,81,264.0,9.9,0.0
2017-07-07 09:00:00,20.7,64,16,430.0,11.1,0.0
2017-07-07 10:00:00,22.2,59,5,586.0,9.5,0.0
2017-07-07 11:00:00,23.3,56,57,709.0,9.2,0.0
2017-07-07 12:00:00,24.1,53,43,787.0,9.4,0.0
2017-07-07 13:00:00,25.5,44,71,832.0,9.3,0.0
2017-07-07 14:00:00,26.2,42,92,841.0,9.1,0.0
2017-07-07 15:00:00,26.8,41,89,783.0,9.3,0.0
2017-07-07 16:00:00,27.2,39,92,708.0,13.2,0.0
2017-07-07 17:00:00,26.7,42,100,496.0,14.1,0.0
2017-07-07 18:00:00,26.2,45,72,274.0,14.0,0.0
2017-07-07 19:00:00,25.4,51,70,187.0,16.8,0.0
2017-07-07 20:00:00,23.2,59,90,120.0,18.8,0.0
2017-07-07 21:00:00,21.4,66,77,42.0,12.9,0.0
2017-07-07 22:00:00,20.0,73,71,1.0,9.9,0.0
2017-07-07 23:00:00,18.9,79,46,0.0,7.9,0.0
2017-07-08 00:00:00,18.0,83,53,0.0,7.6,0.0
2017-07-08 01:00:00,18.0,82,79,0.0,12.3,0.0
2017-07-08 02:00:00,17.5,83,68,0.0,11.2,0.0
2017-07-08 03:00:00,17.4,83,86,0.0,11.2,0.0
2017-07-08 04:00:00,17.3,84,37,0.0,9.2,0.0
2017-07-08 05:00:00,16.6,88,57,0.0,7.6,0.0
2017-07-08 06:00:00,17.6,83,85,26.0,10.2,0.0
2017-07-08 07:00:00,17.9,80,84,72.0,11.3,0.0
2017-07-08 08:00:00,18.5,76,84,177.0,10.0,0.0
2017-07-08 09:00:00,19.6,71,37,340.0,11.2,0.0
2017-07-08 10:00:00,20.4,66,56,483.0,10.4,0.0
2017-07-08 11:00:00,21.2,61,16,634.0,7.3,0.0
2017-07-08 12:00:00,21.9,55,53,771.0,6.7,0.0
2017-07-08 13:00:00,22.3,50,28,817.0,4.4,0.0
2017-07-08 14:00:00,23.5,47,14,843.0,5.6,0.0
2017-07-08 15:00:00,24.2,45,15,770.0,10.4,0.0
2017-07-08 16:00:00,24.5,42,63,625.0,8.5,0.0
2017-07-08 17:00:00,24.5,41,98,418.0,9.5,0.0
2017-07-08 18:00:00,23.8,45,40,265.0,13.7,0.0
2017-07-08 19:00:00,23.5,46,57,218.0,11.2,0.0
2017-07-08 20:00:00,22.3,54,97,153.0,7.2,0.0
2017-07-08 21:00:00,20.7,61,99,34.0,6.5,0.0
2017-07-08 22:00:00,20.4,64,73,0.0,6.8,0.0
2017-07-08 23:00:00,18.6,74,45,0.0,8.4,0.0
2017-07-09 00:00:00,17.6,82,40,0.0,6.6,0.0
2017-07-09 01:00:00,17.0,86,42,0.0,9.6,0.0
2017-07-09 02:00:00,17.1,86,72,0.0,7.8,0.0
2017-07-09 03:00:00,16.3,89,30,0.0,6.6,0.0
2017-07-09 04:00:00,16.2,89,22,0.0,5.4,0.0
2017-07-09 05:00:00,15.6,92,27,0.0,5.8,0.0
2017-07-09 06:00:00,16.6,86,32,29.0,5.1,0.0
2017-07-09 07:00:00,17.9,80,54,118.0,3.4,0.0
2017-07-09 08:00:00,19.5,74,61,197.0,5.9,0.0
2017-07-09 09:00:00,21.0,69,100,266.0,8.6,0.0
2017-07-09 10:00:00,22.1,64,93,347.0,10.6,0.0
2017-07-09 11:00:00,22.9,61,21,443.0,10.4,0.0
2017-07-09 12:00:00,24.0,54,65,631.0,11.5,0.0
2017-07-09 13:00:00,24.5,50,100,442.0,12.6,0.1
2017-07-09 14:00:00,23.7,56,73,333.0,14.5,0.0
2017-07-09 15:00:00,24.3,53,55,391.0,12.4,0.0
2017-07-09 16:00:00,24.7,51,53,459.0,12.8,0.0
2017-07-09 17:00:00,24.8,50,43,524.0,14.0,0.0
2017-07-09 18:00:00,24.5,49,36,345.0,13.0,0.0
2017-07-09 19:00:00,23.7,51,39,212.0,11.9,0.0
2017-07-09 20:00:00,22.9,56,75,110.0,8.2,0.0
2017-07-09 21:00:00,21.0,63,92,39.0,6.7,0.0
2017-07-09 22:00:00,19.9,69,91,0.0,10.6,0.0
2017-07-09 23:00:00,18.6,75,86,0.0,7.9,0.0
2017-07-10 00:00:00,17.6,81,86,0.0,7.1,0.0
2017-07-10 01:00:00,16.2,89,90,0.0,6.9,0.0
2017-07-10 02:00:00,15.8,89,93,0.0,6.4,0.0
2017-07-10 03:00:00,15.4,89,41,0.0,5.9,0.0
2017-07-10 04:00:00,14.6,93,18,0.0,5.4,0.0
2017-07-10 05:00:00,14.6,93,17,0.0,6.0,0.0
2017-07-10 06:00:00,16.1,89,17,30.0,9.1,0.0
2017-07-10 07:00:00,17.6,83,48,129.0,9.3,0.0
2017-07-10 08:00:00,19.0,79,54,261.0,10.0,0.0
2017-07-10 09:00:00,20.5,73,44,405.0,9.2,0.0
2017-07-10 10:00:00,21.5,67,40,496.0,10.8,0.1
2017-07-10 11:00:00,22.2,64,33,576.0,11.9,0.1
2017-07-10 12:00:00,22.4,61,37,513.0,14.0,0.2
2017-07-10 13:00:00,23.1,53,20,649.0,15.1,0.1
2017-07-10 14:00:00,23.0,51,16,607.0,14.8,0.0
2017-07-10 15:00:00,23.3,49,44,644.0,15.8,0.0
2017-07-10 16:00:00,23.6,47,56,487.0,16.2,0.0
2017-07-10 17:00:00,22.8,48,74,385.0,17.4,0.6
2017-07-10 18:00:00,22.0,51,52,211.0,19.5,0.2
2017-07-10 19:00:00,21.2,53,37,186.0,18.7,0.0
2017-07-10 20:00:00,20.3,58,66,122.0,13.8,0.0
2017-07-10 21:00:00,19.0,61,61,43.0,11.2,0.0
2017-07-10 22:00:00,17.7,65,95,0.0,11.5,0.0
2017-07-10 23:00:00,17.1,69,98,0.0,9.4,0.0
2017-07-11 00:00:00,16.4,73,96,0.0,10.8,0.0
2017-07-11 01:00:00,15.7,79,93,0.0,12.3,0.0
2017-07-11 02:00:00,15.0,82,44,0.0,10.8,0.0
2017-07-11 03:00:00,14.5,84,82,0.0,10.8,0.0
2017-07-11 04:00:00,14.4,85,83,0.0,10.8,0.0
2017-07-11 05:00:00,14.0,86,58,0.0,11.6,0.0
2017-07-11 06:00:00,14.4,84,98,21.0,11.2,0.0
2017-07-11 07:00:00,15.4,79,100,95.0,11.5,0.0
2017-07-11 08:00:00,16.4,73,98,133.0,12.3,0.0
2017-07-11 09:00:00,17.2,72,99,144.0,13.5,0.0
2017-07-11 10:00:00,18.0,70,100,191.0,19.1,0.1
2017-07-11 11:00:00,18.1,69,100,189.0,18.2,0.2
2017-07-11 12:00:00,18.4,71,99,274.0,18.6,0.3
2017-07-11 13:00:00,17.6,77,100,136.0,22.2,0.4
2017-07-11 14:00:00,17.3,80,100,158.0,21.0,1.2
2017-07-11 15:00:00,17.3,79,100,128.0,19.7,0.0
2017-07-11 16:00:00,18.1,70,96,248.0,22.1,0.2
2017-07-11 17:00:00,17.2,71,95,176.0,20.1,0.3
2017-07-11 18:00:00,16.7,80,98,183.0,16.9,0.9
2017-07-11 19:00:00,16.2,83,100,115.0,14.2,0.5
2017-07-11 20:00:00,15.3,87,100,13.0,9.4,0.5
2017-07-11 21:00:00,15.0,88,100,4.0,9.7,1.0
2017-07-11 22:00:00,15.2,90,100,0.0,12.8,1.0
2017-07-11 23:00:00,15.4,91,100,0.0,16.1,1.0
2017-07-12 00:00:00,15.9,93,100,0.0,17.3,0.9
2017-07-12 01:00:00,15.4,94,100,0.0,9.1,0.3
2017-07-12 02:00:00,15.1,95,100,0.0,14.2,0.4
2017-07-12 03:00:00,14.9,97,100,0.0,14.0,1.3
2017-07-12 04:00:00,15.4,93,100,0.0,15.1,1.7
2017-07-12 05:00:00,15.0,90,98,0.0,17.8,0.8
2017-07-12 06:00:00,14.9,93,100,11.0,18.8,0.0
2017-07-12 07:00:00,15.1,92,96,40.0,18.7,0.0
2017-07-12 08:00:00,15.2,90,100,65.0,20.2,0.0
2017-07-12 09:00:00,15.9,83,12,178.0,23.8,0.0
2017-07-12 10:00:00,17.6,72,47,507.0,27.4,0.0
2017-07-12 11:00:00,18.3,67,46,519.0,25.1,0.0
2017-07-12 12:00:00,18.8,63,25,629.0,22.7,0.0
2017-07-12 13:00:00,18.2,60,24,735.0,18.9,0.0
2017-07-12 14:00:00,20.0,53,32,853.0,16.9,0.0
2017-07-12 15:00:00,20.2,48,89,627.0,15.6,0.0
2017-07-12 16:00:00,19.6,50,7,488.0,18.5,0.0
2017-07-12 17:00:00,19.6,48,22,449.0,14.5,0.0
2017-07-12 18:00:00,19.2,49,22,404.0,15.6,0.0
2017-07-12 19:00:00,18.4,52,23,296.0,13.9,0.0
2017-07-12 20:00:00,17.4,58,31,163.0,11.2,0.0
2017-07-12 21:00:00,15.8,60,64,42.0,13.2,0.0
2017-07-12 22:00:00,15.3,61,100,0.0,10.5,0.0
2017-07-12 23:00:00,14.0,77,40,0.0,6.6,0.0
2017-07-13 00:00:00,13.1,85,80,0.0,6.8,0.0
2017-07-13 01:00:00,13.4,80,87,0.0,7.9,0.0
2017-07-13 02:00:00,12.3,84,97,0.0,7.2,0.0
2017-07-13 03:00:00,11.2,89,90,0.0,9.2,0.0
2017-07-13 04:00:00,11.3,87,30,0.0,8.0,0.0
2017-07-13 05:00:00,11.7,85,23,0.0,6.4,0.0
2017-07-13 06:00:00,12.4,83,16,24.0,3.9,0.0
2017-07-13 07:00:00,13.6,79,13,121.0,2.6,0.0
2017-07-13 08:00:00,15.2,73,10,258.0,3.9,0.0
2017-07-13 09:00:00,16.8,64,27,391.0,4.6,0.0
2017-07-13 10:00:00,18.1,58,97,514.0,5.4,0.0
2017-07-13 11:00:00,19.0,51,99,601.0,6.4,0.0
2017-07-13 12:00:00,19.4,47,100,516.0,6.1,0.0
2017-07-13 13:00:00,19.5,45,97,553.0,1.4,0.0
2017-07-13 14:00:00,20.1,45,100,466.0,1.0,0.0
2017-07-13 15:00:00,20.3,44,99,370.0,2.4,0.0
2017-07-13 16:00:00,20.5,45,100,444.0,6.3,0.0
2017-07-13 17:00:00,19.8,50,100,183.0,10.0,0.1
2017-07-13 18:00:00,19.3,56,95,136.0,12.7,0.0
2017-07-13 19:00:00,18.8,62,100,80.0,10.6,0.0
2017-07-13 20:00:00,18.3,65,55,78.0,9.8,0.0
2017-07-13 21:00:00,17.0,69,46,30.0,8.4,0.0
2017-07-13 22:00:00,16.3,70,67,0.0,11.5,0.0
2017-07-13 23:00:00,15.9,68,94,0.0,13.1,0.0
2017-07-14 00:00:00,15.2,70,89,0.0,13.0,0.0
2017-07-14 01:00:00,15.4,75,55,0.0,13.3,0.0
2017-07-14 02:00:00,15.0,81,38,0.0,15.0,0.0
2017-07-14 03:00:00,14.5,84,18,0.0,13.7,0.0
2017-07-14 04:00:00,14.0,89,24,0.0,12.7,0.0
2017-07-14 05:00:00,13.7,92,45,0.0,12.7,0.0
2017-07-14 06:00:00,14.6,89,100,20.0,14.1,0.0
2017-07-14 07:00:00,15.8,84,100,54.0,16.6,0.1
2017-07-14 08:00:00,16.3,82,60,134.0,18.0,0.4
2017-07-14 09:00:00,17.4,71,98,329.0,18.7,0.6
2017-07-14 10:00:00,17.4,66,100,354.0,19.9,0.1
2017-07-14 11:00:00,18.0,56,100,410.0,19.4,0.0
2017-07-14 12:00:00,17.9,56,100,331.0,20.4,0.0
2017-07-14 13:00:00,18.5,55,100,434.0,18.3,0.0
2017-07-14 14:00:00,19.0,54,100,330.0,18.4,0.0
2017-07-14 15:00:00,19.0,52,100,330.0,18.8,0.0
2017-07-14 16:00:00,19.1,53,100,303.0,18.4,0.1
2017-07-14 17:00:00,19.3,50,100,257.0,15.9,0.0
2017-07-14 18:00:00,19.0,53,99,203.0,14.6,0.0
2017-07-14 19:00:00,19.0,54,99,137.0,11.3,0.0
2017-07-14 20:00:00,18.2,60,96,104.0,10.9,0.0
2017-07-14 21:00:00,16.6,65,99,32.0,8.8,0.0
2017-07-14 22:00:00,15.8,68,66,0.0,8.2,0.0
2017-07-14 23:00:00,13.8,78,11,0.0,8.4,0.0
2017-07-15 00:00:00,13.0,84,10,0.0,8.0,0.0
2017-07-15 01:00:00,12.9,86,100,0.0,5.2,0.0
2017-07-15 02:00:00,13.6,83,100,0.0,6.6,0.0
2017-07-15 03:00:00,14.1,81,100,0.0,8.4,0.0
2017-07-15 04:00:00,14.3,82,100,0.0,8.2,0.0
2017-07-15 05:00:00,14.3,84,70,0.0,8.2,0.0
2017-07-15 06:00:00,14.4,85,75,15.0,11.0,0.0
2017-07-15 07:00:00,14.9,81,40,77.0,12.1,0.0
2017-07-15 08:00:00,16.0,77,82,236.0,15.0,0.0
2017-07-15 09:00:00,17.3,68,82,383.0,16.3,0.0
2017-07-15 10:00:00,17.9,69,100,366.0,17.3,0.0
2017-07-15 11:00:00,17.4,74,100,185.0,16.5,0.1
2017-07-15 12:00:00,16.8,80,100,97.0,14.2,2.3
2017-07-15 13:00:00,16.6,81,100,91.0,14.3,0.0
2017-07-15 14:00:00,17.1,79,100,73.0,14.1,0.0
2017-07-15 15:00:00,17.7,79,94,79.0,15.0,0.0
2017-07-15 16:00:00,20.1,73,100,267.0,22.4,0.0
2017-07-15 17:00:00,21.1,72,100,209.0,20.3,0.0
2017-07-15 18:00:00,21.7,72,100,162.0,15.5,0.0
2017-07-15 19:00:00,21.8,73,100,97.0,14.8,0.0
2017-07-15 20:00:00,20.7,78,100,33.0,10.6,0.0
2017-07-15 21:00:00,20.1,81,82,14.0,13.0,0.0
2017-07-15 22:00:00,19.1,85,100,0.0,15.1,0.0
2017-07-15 23:00:00,19.2,83,97,0.0,16.0,0.0
2017-07-16 00:00:00,18.6,86,100,0.0,14.6,0.0
2017-07-16 01:00:00,18.2,88,100,0.0,14.4,0.0
2017-07-16 02:00:00,17.9,89,81,0.0,15.1,0.0
2017-07-16 03:00:00,17.7,90,76,0.0,16.5,0.0
2017-07-16 04:00:00,17.5,90,100,0.0,15.7,0.0
2017-07-16 05:00:00,17.6,89,100,0.0,15.6,0.0
2017-07-16 06:00:00,17.6,89,100,11.0,15.4,0.0
2017-07-16 07:00:00,17.8,87,100,44.0,14.0,0.0
2017-07-16 08:00:00,18.4,84,100,101.0,16.9,0.0
2017-07-16 09:00:00,19.8,76,100,217.0,16.3,0.0
2017-07-16 10:00:00,20.5,73,100,255.0,15.1,0.0
2017-07-16 11:00:00,21.4,70,100,345.0,16.3,0.0
2017-07-16 12:00:00,22.2,68,100,406.0,16.6,0.0
2017-07-16 13:00:00,22.5,72,100,374.0,15.5,0.0
2017-07-16 14:00:00,23.0,70,98,334.0,15.7,0.1
2017-07-16 15:00:00,23.3,69,94,372.0,16.3,0.2
2017-07-16 16:00:00,23.3,70,94,359.0,16.3,0.2
2017-07-16 17:00:00,23.2,70,50,308.0,14.9,0.1
2017-07-16 18:00:00,23.2,69,77,278.0,14.8,0.1
2017-07-16 19:00:00,22.8,71,86,208.0,11.9,0.0
2017-07-16 20:00:00,21.7,76,97,96.0,9.0,0.0
2017-07-16 21:00:00,20.8,78,100,17.0,7.8,0.0
2017-07-16 22:00:00,20.0,82,100,0.0,7.1,0.0
2017-07-16 23:00:00,19.7,80,100,0.0,12.3,0.0
2017-07-17 00:00:00,18.7,78,100,0.0,15.2,0.3
2017-07-17 01:00:00,17.7,78,100,0.0,11.2,0.3
2017-07-17 02:00:00,17.0,74,100,0.0,14.9,0.1
2017-07-17 03:00:00,16.0,76,100,0.0,15.1,0.0
2017-07-17 04:00:00,15.6,76,100,0.0,14.4,0.0
2017-07-17 05:00:00,15.2,76,100,0.0,14.1,0.0
2017-07-17 06:00:00,15.0,76,98,7.0,11.9,0.0
2017-07-17 07:00:00,15.0,75,54,65.0,11.4,0.0
2017-07-17 08:00:00,15.9,72,77,225.0,10.6,0.0
2017-07-17 09:00:00,17.2,68,77,390.0,10.8,0.0
2017-07-17 10:00:00,18.8,62,60,586.0,10.0,0.0
2017-07-17 11:00:00,20.2,59,72,724.0,8.7,0.0
2017-07-17 12:00:00,21.2,58,53,812.0,7.5,0.0
2017-07-17 13:00:00,22.3,45,42,882.0,6.7,0.0
2017-07-17 14:00:00,23.3,41,95,836.0,6.8,0.0
2017-07-17 15:00:00,23.8,40,97,814.0,6.9,0.0
2017-07-17 16:00:00,24.0,39,94,728.0,7.2,0.0
2017-07-17 17:00:00,24.0,39,96,594.0,7.3,0.0
2017-07-17 18:00:00,23.7,41,95,446.0,9.4,0.0
2017-07-17 19:00:00,23.0,47,97,273.0,10.0,0.0
2017-07-17 20:00:00,21.4,61,97,128.0,8.7,0.0
2017-07-17 21:00:00,19.3,70,88,32.0,10.5,0.0
2017-07-17 22:00:00,17.8,72,84,0.0,9.4,0.0
2017-07-17 23:00:00,16.7,76,90,0.0,9.0,0.0
2017-07-18 00:00:00,16.0,80,87,0.0,9.0,0.0
2017-07-18 01:00:00,16.0,85,73,0.0,10.6,0.0
2017-07-18 02:00:00,15.8,89,92,0.0,11.4,0.0
2017-07-18 03:00:00,15.4,92,99,0.0,10.7,0.0
2017-07-18 04:00:00,15.2,93,100,0.0,10.5,0.0
2017-07-18 05:00:00,15.4,93,100,0.0,11.4,0.0
2017-07-18 06:00:00,16.1,89,99,12.0,12.7,0.0
2017-07-18 07:00:00,17.2,83,99,78.0,14.8,0.0
2017-07-18 08:00:00,18.4,79,100,177.0,15.5,0.0
2017-07-18 09:00:00,20.2,72,88,369.0,17.7,0.0
2017-07-18 10:00:00,21.8,63,47,560.0,20.4,0.0
2017-07-18 11:00:00,23.0,56,40,683.0,21.7,0.0
2017-07-18 12:00:00,23.8,53,25,780.0,23.1,0.0
2017-07-18 13:00:00,24.2,50,93,834.0,25.3,0.0
2017-07-18 14:00:00,24.6,49,70,844.0,25.3,0.0
2017-07-18 15:00:00,24.6,48,98,792.0,26.8,0.0
2017-07-18 16:00:00,24.1,50,100,705.0,27.5,0.0
2017-07-18 17:00:00,23.4,56,100,521.0,25.9,0.0
2017-07-18 18:00:00,22.7,61,100,372.0,24.2,0.0
2017-07-18 19:00:00,21.7,65,100,201.0,22.7,0.0
2017-07-18 20:00:00,20.8,69,100,94.0,21.4,0.0
2017-07-18 21:00:00,20.2,71,97,20.0,20.8,0.0
2017-07-18 22:00:00,19.9,73,94,0.0,18.4,0.1
2017-07-18 23:00:00,19.4,77,94,0.0,15.9,0.4
2017-07-19 00:00:00,19.0,82,96,0.0,15.3,2.2
2017-07-19 01:00:00,18.7,84,98,0.0,20.5,0.1
2017-07-19 02:00:00,18.7,85,100,0.0,21.7,0.6
2017-07-19 03:00:00,18.6,85,100,0.0,20.2,0.5
2017-07-19 04:00:00,18.4,88,100,0.0,21.8,0.1
2017-07-19 05:00:00,18.2,89,99,0.0,22.6,0.0
2017-07-19 06:00:00,18.1,89,89,13.0,16.9,0.0
2017-07-19 07:00:00,19.2,85,32,93.0,14.3,0.0
2017-07-19 08:00:00,21.1,78,60,238.0,6.3,0.0
2017-07-19 09:00:00,22.7,72,81,402.0,9.6,0.0
2017-07-19 10:00:00,24.2,70,71,551.0,20.3,0.0
2017-07-19 11:00:00,24.2,70,38,668.0,24.0,0.0
2017-07-19 12:00:00,23.2,76,100,652.0,22.2,0.0
2017-07-19 13:00:00,22.0,77,100,598.0,24.8,0.0
2017-07-19 14:00:00,21.5,77,98,293.0,25.5,0.0
2017-07-19 15:00:00,21.5,76,99,279.0,28.3,0.0
2017-07-19 16:00:00,20.7,80,100,228.0,25.4,0.0
2017-07-19 17:00:00,20.1,82,100,148.0,25.1,0.0
2017-07-19 18:00:00,19.9,82,47,131.0,23.1,0.0
2017-07-19 19:00:00,20.2,78,91,230.0,22.0,0.0
2017-07-19 20:00:00,19.6,78,94,104.0,17.1,0.0
2017-07-19 21:00:00,18.6,80,97,24.0,16.8,0.0
2017-07-19 22:00:00,18.0,80,94,0.0,16.6,0.0
2017-07-19 23:00:00,17.4,83,96,0.0,14.3,0.0
2017-07-20 00:00:00,16.9,84,77,0.0,12.1,0.0
2017-07-20 01:00:00,17.5,84,29,0.0,12.4,0.0
2017-07-20 02:00:00,17.0,88,28,0.0,11.8,0.0
2017-07-20 03:00:00,16.6,93,51,0.0,13.7,0.0
2017-07-20 04:00:00,16.9,92,76,0.0,14.8,0.2
2017-07-20 05:00:00,16.9,92,98,0.0,15.0,0.5
2017-07-20 06:00:00,17.1,93,80,4.0,13.5,0.3
2017-07-20 07:00:00,17.6,89,97,45.0,13.2,0.1
2017-07-20 08:00:00,18.0,87,100,102.0,14.0,0.0
2017-07-20 09:00:00,18.6,83,100,128.0,13.7,0.0
2017-07-20 10:00:00,18.6,84,99,138.0,16.7,0.5
2017-07-20 11:00:00,16.4,87,100,233.0,25.2,0.6
2017-07-20 12:00:00,15.6,82,100,108.0,22.1,0.0
2017-07-20 13:00:00,16.4,75,92,239.0,19.8,0.0
2017-07-20 14:00:00,17.4,65,75,262.0,21.8,0.0
2017-07-20 15:00:00,19.3,51,100,480.0,25.4,0.1
2017-07-20 16:00:00,18.6,54,51,392.0,25.8,0.0
2017-07-20 17:00:00,19.3,46,36,400.0,22.4,0.0
2017-07-20 18:00:00,19.1,44,91,392.0,23.6,0.0
2017-07-20 19:00:00,18.3,50,96,187.0,17.0,0.0
2017-07-20 20:00:00,17.4,55,82,98.0,13.6,0.0
2017-07-20 21:00:00,15.7,61,19,30.0,9.2,0.0
2017-07-20 22:00:00,14.5,70,14,0.0,13.7,0.0
2017-07-20 23:00:00,14.0,74,64,0.0,14.7,0.0
2017-07-21 00:00:00,13.5,76,54,0.0,14.2,0.0
2017-07-21 01:00:00,13.6,77,32,0.0,13.9,0.0
2017-07-21 02:00:00,13.4,80,36,0.0,13.5,0.0
2017-07-21 03:00:00,13.1,84,81,0.0,14.1,0.0
2017-07-21 04:00:00,13.6,82,66,0.0,15.6,0.0
2017-07-21 05:00:00,13.7,81,55,0.0,15.2,0.0
2017-07-21 06:00:00,14.2,78,13,16.0,16.6,0.0
2017-07-21 07:00:00,15.5,76,88,115.0,16.3,0.0
2017-07-21 08:00:00,16.8,69,89,230.0,23.0,0.0
2017-07-21 09:00:00,17.7,62,86,352.0,28.4,0.0
2017-07-21 10:00:00,18.7,56,95,390.0,29.5,0.0
2017-07-21 11:00:00,19.0,57,100,395.0,27.7,0.0
2017-07-21 12:00:00,19.9,54,100,520.0,26.4,0.0
2017-07-21 13:00:00,20.8,50,36,337.0,26.3,0.0
2017-07-21 14:00:00,20.6,51,93,531.0,27.5,0.0
2017-07-21 15:00:00,20.3,54,100,461.0,27.4,0.0
2017-07-21 16:00:00,20.3,53,89,385.0,26.9,0.0
2017-07-21 17:00:00,20.7,53,57,411.0,28.2,0.0
2017-07-21 18:00:00,20.6,53,37,309.0,25.9,0.0
2017-07-21 19:00:00,20.0,57,26,226.0,22.5,0.0
2017-07-21 20:00:00,19.1,62,18,122.0,21.6,0.0
2017-07-21 21:00:00,18.3,65,58,29.0,20.7,0.0
2017-07-21 22:00:00,17.4,70,78,0.0,20.3,1.2
2017-07-21 23:00:00,16.1,83,96,0.0,18.9,1.6
2017-07-22 00:00:00,16.0,86,100,0.0,19.8,1.7
2017-07-22 01:00:00,15.4,88,100,0.0,15.0,1.6
2017-07-22 02:00:00,15.3,89,100,0.0,13.8,1.0
2017-07-22 03:00:00,14.9,92,100,0.0,10.8,1.6
2017-07-22 04:00:00,14.8,88,94,0.0,9.1,1.8
2017-07-22 05:00:00,14.2,87,96,0.0,10.2,0.0
2017-07-22 06:00:00,13.5,87,98,12.0,10.4,0.0
2017-07-22 07:00:00,14.3,86,97,88.0,11.5,0.0
2017-07-22 08:00:00,15.1,82,98,146.0,12.8,0.0
2017-07-22 09:00:00,16.1,72,54,297.0,17.3,0.1
2017-07-22 10:00:00,16.9,67,35,415.0,18.8,0.0
2017-07-22 11:00:00,18.5,62,66,615.0,19.0,0.0
2017-07-22 12:00:00,19.0,52,98,608.0,20.2,0.0
2017-07-22 13:00:00,17.4,67,99,618.0,20.5,0.3
2017-07-22 14:00:00,17.3,65,100,431.0,22.7,0.7
2017-07-22 15:00:00,15.4,76,100,178.0,20.6,0.6
2017-07-22 16:00:00,13.9,83,100,111.0,18.0,0.8
2017-07-22 17:00:00,13.9,78,100,200.0,16.0,0.6
2017-07-22 18:00:00,13.8,82,61,94.0,11.6,0.4
2017-07-22 19:00:00,14.5,78,77,143.0,12.9,0.1
2017-07-22 20:00:00,14.1,79,89,67.0,13.3,0.1
2017-07-22 21:00:00,13.1,84,96,21.0,9.2,0.4
2017-07-22 22:00:00,12.8,90,94,0.0,7.2,0.4
2017-07-22 23:00:00,13.0,91,93,0.0,7.1,1.2
2017-07-23 00:00:00,12.8,92,100,0.0,6.1,1.0
2017-07-23 01:00:00,11.8,93,98,0.0,6.1,0.3
2017-07-23 02:00:00,11.9,94,97,0.0,4.7,0.0
2017-07-23 03:00:00,11.3,95,24,0.0,6.5,0.0
2017-07-23 04:00:00,11.1,96,34,0.0,5.2,0.0
2017-07-23 05:00:00,10.7,98,94,0.0,6.1,0.0
2017-07-23 06:00:00,11.4,97,88,13.0,8.3,0.0
2017-07-23 07:00:00,12.4,94,78,91.0,9.0,0.0
2017-07-23 08:00:00,13.7,88,16,233.0,10.5,0.0
2017-07-23 09:00:00,15.5,77,52,401.0,14.7,0.0
2017-07-23 10:00:00,17.0,67,91,465.0,15.5,0.0
2017-07-23 11:00:00,17.9,61,94,541.0,16.8,0.0
2017-07-23 12:00:00,17.8,60,100,424.0,19.4,0.1
2017-07-23 13:00:00,16.3,72,100,250.0,19.0,0.7
2017-07-23 14:00:00,16.6,73,94,332.0,19.5,0.1
2017-07-23 15:00:00,16.9,72,64,417.0,19.8,0.0
2017-07-23 16:00:00,17.6,67,59,435.0,20.4,0.0
2017-07-23 17:00:00,18.4,63,74,452.0,16.0,0.1
2017-07-23 18:00:00,18.5,61,55,287.0,13.6,0.0
2017-07-23 19:00:00,18.4,62,53,221.0,12.8,0.0
2017-07-23 20:00:00,17.4,64,58,97.0,12.2,0.0
2017-07-23 21:00:00,16.0,72,44,18.0,9.1,0.0
2017-07-23 22:00:00,15.0,80,14,0.0,9.8,0.0
2017-07-23 23:00:00,14.0,89,29,0.0,9.7,0.0
2017-07-24 00:00:00,13.7,91,44,0.0,10.1,0.0
2017-07-24 01:00:00,14.1,89,99,0.0,8.9,0.0
2017-07-24 02:00:00,14.2,87,100,0.0,8.7,0.0
2017-07-24 03:00:00,14.1,89,100,0.0,8.4,1.2
2017-07-24 04:00:00,14.0,89,100,0.0,10.3,0.3
2017-07-24 05:00:00,14.2,90,100,0.0,11.6,0.0
2017-07-24 06:00:00,14.4,92,100,2.0,12.3,0.0
2017-07-24 07:00:00,15.0,92,100,18.0,14.4,0.0
2017-07-24 08:00:00,15.3,92,100,57.0,18.4,0.5
2017-07-24 09:00:00,16.3,85,100,182.0,23.2,0.4
2017-07-24 10:00:00,16.1,87,100,201.0,27.7,0.4
2017-07-24 11:00:00,16.5,83,98,213.0,25.1,0.0
2017-07-24 12:00:00,16.4,81,100,136.0,22.1,0.0
2017-07-24 13:00:00,15.6,82,100,196.0,21.4,0.0
2017-07-24 14:00:00,15.8,81,100,62.0,20.5,0.0
2017-07-24 15:00:00,16.1,79,100,99.0,20.9,0.0
2017-07-24 16:00:00,16.7,75,100,179.0,24.2,0.0
2017-07-24 17:00:00,17.3,71,100,164.0,20.4,0.0
2017-07-24 18:00:00,17.4,72,92,155.0,14.1,0.0
2017-07-24 19:00:00,17.4,71,100,105.0,12.8,0.0
2017-07-24 20:00:00,16.7,73,100,28.0,12.2,0.0
2017-07-24 21:00:00,16.4,74,100,7.0,12.8,0.0
2017-07-24 22:00:00,16.3,74,100,0.0,14.1,0.0
2017-07-24 23:00:00,16.2,74,33,0.0,15.0,0.0
2017-07-25 00:00:00,15.2,79,20,0.0,12.7,0.0
2017-07-25 01:00:00,13.3,90,15,0.0,7.5,0.0
2017-07-25 02:00:00,12.8,92,9,0.0,8.0,0.0
2017-07-25 03:00:00,12.6,92,7,0.0,8.3,0.0
2017-07-25 04:00:00,12.4,92,19,0.0,9.7,0.0
2017-07-25 05:00:00,12.3,93,79,0.0,10.5,0.0
2017-07-25 06:00:00,13.2,89,8,7.0,13.0,0.0
2017-07-25 07:00:00,14.0,87,6,66.0,12.2,0.0
2017-07-25 08:00:00,15.4,82,53,184.0,14.5,0.0
2017-07-25 09:00:00,16.8,74,100,266.0,13.3,0.0
2017-07-25 10:00:00,17.6,68,90,297.0,12.9,0.0
2017-07-25 11:00:00,18.6,63,100,374.0,12.6,0.0
2017-07-25 12:00:00,19.5,59,100,464.0,12.1,0.0
2017-07-25 13:00:00,18.9,64,100,481.0,12.9,0.0
2017-07-25 14:00:00,19.7,61,100,320.0,13.7,0.0
2017-07-25 15:00:00,20.1,60,100,254.0,9.4,0.0
2017-07-25 16:00:00,20.7,58,100,267.0,7.7,0.0
2017-07-25 17:00:00,21.1,58,100,265.0,6.7,0.0
2017-07-25 18:00:00,21.0,60,100,222.0,7.1,0.0
2017-07-25 19:00:00,20.5,63,86,168.0,6.5,0.0
2017-07-25 20:00:00,19.0,72,17,109.0,9.7,0.0
2017-07-25 21:00:00,16.9,78,59,23.0,7.4,0.0
2017-07-25 22:00:00,16.4,81,70,0.0,7.1,0.0
2017-07-25 23:00:00,16.3,80,60,0.0,7.7,0.0
2017-07-26 00:00:00,15.5,85,63,0.0,6.4,0.0
2017-07-26 01:00:00,15.7,94,98,0.0,7.6,0.0
2017-07-26 02:00:00,15.6,94,98,0.0,7.5,0.0
2017-07-26 03:00:00,15.4,95,94,0.0,8.4,0.0
2017-07-26 04:00:00,15.0,96,99,0.0,8.6,0.0
2017-07-26 05:00:00,14.8,96,73,0.0,11.8,0.0
2017-07-26 06:00:00,14.7,96,62,11.0,12.1,0.0
2017-07-26 07:00:00,15.8,90,100,81.0,20.0,0.0
2017-07-26 08:00:00,17.1,84,100,146.0,21.4,0.0
2017-07-26 09:00:00,18.2,80,100,149.0,23.5,0.0
2017-07-26 10:00:00,18.0,82,100,78.0,22.9,0.3
2017-07-26 11:00:00,17.7,86,100,84.0,23.5,0.3
2017-07-26 12:00:00,17.4,87,100,76.0,23.4,0.2
2017-07-26 13:00:00,16.7,95,100,64.0,19.5,0.3
2017-07-26 14:00:00,18.0,90,100,110.0,23.5,0.1
2017-07-26 15:00:00,19.3,88,86,104.0,21.9,0.0
2017-07-26 16:00:00,18.9,87,99,155.0,24.8,0.0
2017-07-26 17:00:00,18.7,87,100,141.0,25.9,0.1
2017-07-26 18:00:00,18.5,88,100,90.0,25.7,0.0
2017-07-26 19:00:00,19.0,84,100,89.0,24.3,0.0
2017-07-26 20:00:00,19.0,84,100,33.0,19.6,0.0
2017-07-26 21:00:00,18.0,82,98,10.0,21.3,0.2
2017-07-26 22:00:00,16.2,74,99,0.0,22.8,0.0
2017-07-26 23:00:00,15.2,74,100,0.0,20.5,0.0
2017-07-27 00:00:00,14.7,74,98,0.0,18.6,0.0
2017-07-27 01:00:00,15.0,72,97,0.0,17.3,0.0
2017-07-27 02:00:00,14.7,74,100,0.0,15.6,0.0
2017-07-27 03:00:00,14.3,77,97,0.0,14.7,0.0
2017-07-27 04:00:00,14.2,76,99,0.0,15.8,0.0
2017-07-27 05:00:00,14.0,77,96,0.0,14.5,0.0
2017-07-27 06:00:00,14.0,79,93,5.0,12.5,0.0
2017-07-27 07:00:00,14.3,79,49,30.0,14.0,0.0
2017-07-27 08:00:00,15.7,76,36,187.0,17.3,0.0
2017-07-27 09:00:00,17.0,69,44,361.0,21.5,0.0
2017-07-27 10:00:00,17.7,65,53,457.0,19.4,0.0
2017-07-27 11:00:00,18.7,56,78,565.0,24.7,0.0
2017-07-27 12:00:00,18.5,60,84,412.0,23.3,0.4
2017-07-27 13:00:00,18.5,62,73,301.0,22.6,0.0
2017-07-27 14:00:00,19.1,59,62,470.0,25.8,0.1
2017-07-27 15:00:00,19.5,58,57,463.0,24.6,0.1
2017-07-27 16:00:00,19.7,58,57,441.0,23.7,0.0
2017-07-27 17:00:00,19.1,59,68,347.0,22.2,0.3
2017-07-27 18:00:00,18.7,60,58,252.0,21.1,0.4
2017-07-27 19:00:00,18.2,63,95,174.0,19.1,0.0
2017-07-27 20:00:00,17.3,67,84,54.0,15.8,0.0
2017-07-27 21:00:00,16.7,69,84,11.0,16.4,0.0
2017-07-27 22:00:00,16.1,72,32,0.0,16.6,0.0
2017-07-27 23:00:00,15.2,78,45,0.0,15.5,0.0
2017-07-28 00:00:00,14.8,80,40,0.0,16.1,0.0
2017-07-28 01:00:00,14.8,82,29,0.0,17.9,0.0
2017-07-28 02:00:00,14.3,83,14,0.0,18.7,0.0
2017-07-28 03:00:00,13.9,84,25,0.0,16.9,0.0
2017-07-28 04:00:00,13.8,85,9,0.0,17.0,0.0
2017-07-28 05:00:00,13.7,86,72,0.0,17.5,0.0
2017-07-28 06:00:00,14.2,83,32,8.0,17.3,0.0
2017-07-28 07:00:00,15.2,79,69,89.0,16.6,0.0
2017-07-28 08:00:00,15.9,78,75,108.0,17.6,0.0
2017-07-28 09:00:00,17.2,71,80,239.0,26.6,0.0
2017-07-28 10:00:00,18.6,61,84,380.0,27.9,0.0
2017-07-28 11:00:00,19.3,57,82,457.0,24.2,0.0
2017-07-28 12:00:00,20.4,54,100,553.0,27.6,0.0
2017-07-28 13:00:00,19.6,59,97,214.0,25.7,0.0
2017-07-28 14:00:00,19.2,65,99,333.0,29.4,0.0
2017-07-28 15:00:00,18.3,71,100,235.0,29.4,0.0
2017-07-28 16:00:00,17.2,78,100,117.0,26.9,0.0
2017-07-28 17:00:00,17.6,76,100,91.0,28.6,0.0
2017-07-28 18:00:00,17.2,81,90,65.0,23.7,0.0
2017-07-28 19:00:00,17.5,80,98,105.0,25.7,0.0
2017-07-28 20:00:00,17.4,79,100,28.0,29.3,0.1
2017-07-28 21:00:00,17.2,80,100,2.0,31.3,0.4
2017-07-28 22:00:00,17.2,82,99,0.0,33.0,0.1
2017-07-28 23:00:00,17.3,86,100,0.0,33.1,0.0
2017-07-29 00:00:00,17.4,87,100,0.0,30.1,0.0
2017-07-29 01:00:00,17.2,90,100,0.0,27.3,0.1
2017-07-29 02:00:00,16.9,93,100,0.0,24.2,0.9
2017-07-29 03:00:00,17.2,91,100,0.0,23.5,0.3
2017-07-29 04:00:00,17.0,93,92,0.0,18.7,0.0
2017-07-29 05:00:00,16.5,91,89,0.0,18.4,0.0
2017-07-29 06:00:00,15.5,89,23,7.0,17.1,0.0
2017-07-29 07:00:00,15.7,87,16,88.0,15.9,0.0
2017-07-29 08:00:00,16.2,83,12,225.0,17.2,0.0
2017-07-29 09:00:00,17.1,77,36,373.0,18.7,0.0
2017-07-29 10:00:00,17.9,71,31,431.0,18.0,0.0
2017-07-29 11:00:00,19.3,61,94,533.0,18.7,0.0
2017-07-29 12:00:00,19.8,56,99,510.0,20.9,0.0
2017-07-29 13:00:00,19.7,60,95,525.0,17.2,0.0
2017-07-29 14:00:00,18.1,73,99,220.0,12.8,0.4
2017-07-29 15:00:00,18.5,72,94,252.0,13.2,0.2
2017-07-29 16:00:00,18.3,74,100,274.0,12.3,0.6
2017-07-29 17:00:00,16.9,88,100,51.0,9.5,2.8
2017-07-29 18:00:00,16.3,90,100,41.0,8.9,2.8
2017-07-29 19:00:00,15.8,92,100,17.0,7.9,1.6
2017-07-29 20:00:00,15.7,90,100,27.0,6.6,0.6
2017-07-29 21:00:00,15.5,92,99,7.0,5.6,0.0
2017-07-29 22:00:00,15.5,92,99,0.0,5.2,0.0
2017-07-29 23:00:00,15.4,93,100,0.0,5.7,0.0
2017-07-30 00:00:00,15.7,95,100,0.0,6.3,2.5
2017-07-30 01:00:00,16.3,97,100,0.0,8.8,0.5
2017-07-30 02:00:00,16.9,91,100,0.0,24.0,2.5
2017-07-30 03:00:00,16.6,89,55,0.0,18.1,1.5
2017-07-30 04:00:00,15.7,89,90,0.0,14.5,0.0
2017-07-30 05:00:00,15.4,88,99,0.0,17.6,0.0
2017-07-30 06:00:00,14.9,93,98,3.0,16.3,0.0
2017-07-30 07:00:00,15.2,90,84,28.0,9.7,0.0
2017-07-30 08:00:00,16.0,86,23,176.0,18.4,0.0
2017-07-30 09:00:00,17.3,77,27,347.0,17.6,0.0
2017-07-30 10:00:00,17.8,68,24,443.0,23.0,0.0
2017-07-30 11:00:00,18.5,61,27,581.0,24.8,0.0
2017-07-30 12:00:00,19.2,57,52,634.0,24.6,0.0
2017-07-30 13:00:00,18.5,61,40,577.0,23.8,0.0
2017-07-30 14:00:00,19.1,59,45,489.0,24.9,0.0
2017-07-30 15:00:00,19.1,56,52,531.0,27.4,0.0
2017-07-30 16:00:00,19.4,54,56,477.0,27.8,0.0
2017-07-30 17:00:00,18.6,59,50,340.0,27.3,0.0
2017-07-30 18:00:00,18.2,61,50,323.0,27.5,0.1
2017-07-30 19:00:00,17.3,68,68,163.0,21.4,0.1
2017-07-30 20:00:00,16.7,71,82,75.0,19.5,0.0
2017-07-30 21:00:00,16.1,74,55,12.0,17.7,0.0
2017-07-30 22:00:00,15.0,81,18,0.0,17.2,0.0
2017-07-30 23:00:00,14.5,84,18,0.0,16.3,0.0
2017-07-31 00:00:00,14.2,86,18,0.0,16.0,0.0
2017-07-31 01:00:00,14.2,86,10,0.0,15.1,0.0
2017-07-31 02:00:00,13.8,89,20,0.0,14.0,0.0
2017-07-31 03:00:00,13.7,89,18,0.0,14.8,0.0
2017-07-31 04:00:00,13.6,90,25,0.0,13.7,0.0
2017-07-31 05:00:00,13.5,89,21,0.0,13.5,0.0
2017-07-31 06:00:00,13.3,89,14,7.0,12.2,0.0
2017-07-31 07:00:00,14.4,86,12,88.0,13.2,0.0
2017-07-31 08:00:00,15.7,80,5,227.0,15.7,0.0
2017-07-31 09:00:00,16.9,71,21,374.0,18.0,0.0
2017-07-31 10:00:00,18.0,63,22,486.0,18.7,0.0
2017-07-31 11:00:00,19.0,57,20,621.0,19.2,0.0
2017-07-31 12:00:00,19.9,52,33,691.0,21.2,0.0
2017-07-31 13:00:00,20.0,53,97,702.0,20.1,0.0
2017-07-31 14:00:00,20.1,53,73,575.0,21.4,0.0
2017-07-31 15:00:00,20.0,55,53,513.0,21.5,0.0
2017-07-31 16:00:00,20.1,54,72,452.0,21.6,0.0
2017-07-31 17:00:00,19.9,55,76,406.0,22.4,0.0
2017-07-31 18:00:00,19.1,60,33,326.0,20.7,0.0
2017-07-31 19:00:00,18.5,63,20,223.0,18.3,0.0
2017-07-31 20:00:00,17.3,69,17,107.0,13.2,0.0
2017-07-31 21:00:00,15.7,75,19,17.0,10.1,0.0
2017-07-31 22:00:00,14.8,80,23,0.0,10.8,0.0
2017-07-31 23:00:00,14.1,84,16,0.0,10.2,0.0
2017-08-01 00:00:00,13.3,91,0,0.0,9.8,0.0
2017-08-01 01:00:00,13.2,93,0,0.0,10.3,0.0
2017-08-01 02:00:00,12.8,95,0,0.0,10.1,0.0
2017-08-01 03:00:00,12.5,95,1,0.0,10.3,0.0
2017-08-01 04:00:00,12.4,96,7,0.0,9.9,0.0
2017-08-01 05:00:00,12.3,96,28,0.0,9.2,0.0
2017-08-01 06:00:00,12.6,96,66,7.0,9.9,0.0
2017-08-01 07:00:00,14.2,92,75,80.0,11.9,0.0
2017-08-01 08:00:00,15.8,84,80,202.0,12.2,0.0
2017-08-01 09:00:00,17.2,76,44,337.0,16.4,0.0
2017-08-01 10:00:00,18.6,67,23,486.0,18.4,0.1
2017-08-01 11:00:00,19.3,63,35,547.0,20.2,0.1
2017-08-01 12:00:00,20.0,58,39,570.0,21.4,0.0
2017-08-01 13:00:00,20.4,58,59,599.0,19.1,0.1
2017-08-01 14:00:00,20.7,55,65,567.0,20.4,0.1
2017-08-01 15:00:00,20.0,57,48,442.0,20.5,0.0
2017-08-01 16:00:00,20.5,52,44,470.0,23.7,0.0
2017-08-01 17:00:00,20.0,55,49,375.0,23.9,0.0
2017-08-01 18:00:00,19.4,60,89,268.0,21.1,0.1
2017-08-01 19:00:00,18.7,64,100,206.0,18.2,0.0
2017-08-01 20:00:00,17.5,70,98,80.0,15.8,0.0
2017-08-01 21:00:00,16.5,72,100,12.0,15.1,0.0
2017-08-01 22:00:00,15.7,76,100,0.0,13.1,0.0
2017-08-01 23:00:00,15.3,79,100,0.0,12.8,0.0
2017-08-02 00:00:00,14.9,83,100,0.0,12.9,0.0
2017-08-02 01:00:00,14.7,88,92,0.0,13.2,0.0
2017-08-02 02:00:00,14.3,91,100,0.0,11.5,0.0
2017-08-02 03:00:00,14.1,93,99,0.0,11.3,0.0
2017-08-02 04:00:00,14.2,94,98,0.0,12.6,0.0
2017-08-02 05:00:00,14.7,93,98,0.0,14.7,0.0
2017-08-02 06:00:00,15.0,90,100,3.0,14.7,0.0
2017-08-02 07:00:00,16.0,85,99,29.0,16.3,0.0
2017-08-02 08:00:00,16.7,82,100,73.0,14.4,0.0
2017-08-02 09:00:00,17.6,78,100,109.0,20.2,0.0
2017-08-02 10:00:00,17.7,74,100,68.0,23.0,0.0
2017-08-02 11:00:00,17.8,72,100,89.0,23.2,0.0
2017-08-02 12:00:00,17.4,68,100,75.0,27.2,0.0
2017-08-02 13:00:00,17.3,74,100,84.0,27.0,0.2
2017-08-02 14:00:00,15.8,87,100,60.0,24.5,2.0
2017-08-02 15:00:00,16.4,89,100,119.0,27.1,1.6
2017-08-02 16:00:00,17.1,86,100,69.0,28.9,0.0
2017-08-02 17:00:00,17.7,88,100,65.0,29.5,0.1
2017-08-02 18:00:00,18.2,88,100,57.0,29.8,0.0
2017-08-02 19:00:00,18.3,88,100,33.0,30.4,0.0
2017-08-02 20:00:00,18.0,91,100,12.0,27.6,0.4
2017-08-02 21:00:00,18.1,91,100,2.0,28.1,0.1
2017-08-02 22:00:00,18.2,90,100,0.0,30.3,0.1
2017-08-02 23:00:00,18.3,89,100,0.0,30.1,0.0
2017-08-03 00:00:00,18.2,91,100,0.0,29.5,0.0
2017-08-03 01:00:00,18.0,90,89,0.0,27.6,0.0
2017-08-03 02:00:00,18.3,90,92,0.0,30.1,0.1
2017-08-03 03:00:00,17.4,86,26,0.0,25.1,0.1
2017-08-03 04:00:00,15.9,87,26,0.0,21.4,0.0
2017-08-03 05:00:00,15.3,91,56,0.0,22.5,0.0
2017-08-03 06:00:00,15.6,90,47,4.0,23.8,0.0
2017-08-03 07:00:00,16.3,85,34,56.0,27.3,0.0
2017-08-03 08:00:00,17.0,81,17,174.0,25.2,0.0
2017-08-03 09:00:00,17.9,75,35,317.0,31.7,0.0
2017-08-03 10:00:00,19.1,68,45,449.0,35.4,0.0
2017-08-03 11:00:00,19.7,65,55,485.0,37.2,0.0
2017-08-03 12:00:00,20.2,61,61,489.0,37.2,0.0
2017-08-03 13:00:00,20.3,59,99,530.0,39.8,0.1
2017-08-03 14:00:00,19.9,62,98,370.0,36.3,0.0
2017-08-03 15:00:00,19.8,63,100,348.0,36.7,0.0
2017-08-03 16:00:00,19.9,64,98,386.0,37.5,0.0
2017-08-03 17:00:00,19.8,65,82,347.0,35.8,0.1
2017-08-03 18:00:00,19.1,68,98,204.0,31.2,0.0
2017-08-03 19:00:00,18.5,72,100,128.0,25.8,0.0
2017-08-03 20:00:00,17.8,75,99,42.0,27.0,0.1
2017-08-03 21:00:00,17.3,77,100,5.0,24.3,0.0
2017-08-03 22:00:00,17.0,78,96,0.0,23.0,0.0
2017-08-03 23:00:00,16.6,80,100,0.0,22.2,0.0
2017-08-04 00:00:00,16.2,83,93,0.0,20.7,0.0
2017-08-04 01:00:00,16.6,80,30,0.0,20.8,0.0
2017-08-04 02:00:00,16.1,81,55,0.0,19.5,0.0
2017-08-04 03:00:00,15.1,87,7,0.0,18.7,0.0
2017-08-04 04:00:00,14.6,90,27,0.0,18.9,0.0
2017-08-04 05:00:00,14.3,89,14,0.0,18.4,0.0
2017-08-04 06:00:00,14.1,89,12,5.0,17.8,0.0
2017-08-04 07:00:00,14.8,85,31,79.0,18.3,0.0
2017-08-04 08:00:00,15.8,79,9,218.0,22.0,0.0
2017-08-04 09:00:00,17.1,71,75,371.0,26.3,0.0
2017-08-04 10:00:00,18.2,65,100,385.0,25.4,0.0
2017-08-04 11:00:00,18.6,64,94,309.0,24.5,0.0
2017-08-04 12:00:00,18.9,64,71,315.0,23.9,0.0
2017-08-04 13:00:00,19.9,60,76,377.0,25.8,0.0
2017-08-04 14:00:00,20.5,57,64,478.0,25.6,0.0
2017-08-04 15:00:00,20.0,60,53,414.0,24.0,0.0
2017-08-04 16:00:00,20.3,58,61,425.0,22.7,0.0
2017-08-04 17:00:00,19.9,59,54,296.0,21.2,0.0
2017-08-04 18:00:00,19.6,61,61,217.0,17.8,0.0
2017-08-04 19:00:00,19.2,64,45,154.0,13.5,0.0
2017-08-04 20:00:00,18.1,68,100,68.0,11.4,0.0
2017-08-04 21:00:00,17.2,73,95,7.0,7.7,0.0
2017-08-04 22:00:00,16.3,78,76,0.0,7.6,0.0
2017-08-04 23:00:00,15.8,80,48,0.0,8.2,0.0
2017-08-05 00:00:00,15.5,82,82,0.0,7.4,0.0
2017-08-05 01:00:00,15.9,81,85,0.0,7.6,0.0
2017-08-05 02:00:00,15.8,83,98,0.0,7.1,0.0
2017-08-05 03:00:00,15.2,86,91,0.0,4.7,0.0
2017-08-05 04:00:00,14.5,89,64,0.0,4.9,0.0
2017-08-05 05:00:00,13.9,87,66,0.0,4.8,0.1
2017-08-05 06:00:00,13.7,85,49,3.0,5.3,0.0
2017-08-05 07:00:00,14.4,81,56,51.0,7.1,0.0
2017-08-05 08:00:00,15.4,74,35,142.0,4.8,0.0
2017-08-05 09:00:00,16.6,66,30,282.0,4.5,0.0
2017-08-05 10:00:00,17.6,63,34,445.0,6.5,0.0
2017-08-05 11:00:00,18.3,63,33,544.0,8.6,0.0
2017-08-05 12:00:00,19.2,62,19,614.0,10.9,0.0
2017-08-05 13:00:00,16.7,74,74,655.0,17.0,0.0
2017-08-05 14:00:00,17.1,71,31,507.0,14.2,0.4
2017-08-05 15:00:00,18.4,58,32,545.0,17.7,0.0
2017-08-05 16:00:00,18.8,53,33,538.0,19.1,0.0
2017-08-05 17:00:00,18.7,51,28,471.0,18.9,0.0
2017-08-05 18:00:00,18.3,51,32,315.0,16.4,0.0
2017-08-05 19:00:00,17.9,55,26,199.0,12.6,0.0
2017-08-05 20:00:00,16.5,63,25,90.0,9.1,0.0
2017-08-05 21:00:00,14.7,71,18,11.0,8.9,0.0
2017-08-05 22:00:00,14.1,71,21,0.0,11.1,0.0
2017-08-05 23:00:00,13.6,74,2,0.0,11.6,0.0
2017-08-06 00:00:00,12.6,82,5,0.0,10.1,0.0
2017-08-06 01:00:00,12.1,86,10,0.0,8.8,0.0
2017-08-06 02:00:00,11.5,91,7,0.0,8.0,0.0
2017-08-06 03:00:00,11.0,93,5,0.0,8.1,0.0
2017-08-06 04:00:00,10.7,94,0,0.0,8.2,0.0
2017-08-06 05:00:00,10.2,96,1,0.0,7.9,0.0
2017-08-06 06:00:00,10.2,96,2,4.0,7.4,0.0
2017-08-06 07:00:00,11.8,90,4,78.0,8.4,0.0
2017-08-06 08:00:00,13.6,84,79,217.0,9.8,0.0
2017-08-06 09:00:00,15.1,78,67,356.0,10.5,0.0
2017-08-06 10:00:00,16.9,67,66,505.0,13.7,0.0
2017-08-06 11:00:00,18.0,60,90,562.0,16.9,0.0
2017-08-06 12:00:00,18.7,55,90,582.0,17.8,0.0
2017-08-06 13:00:00,19.5,53,60,566.0,17.9,0.0
2017-08-06 14:00:00,20.1,50,75,658.0,19.6,0.0
2017-08-06 15:00:00,20.4,48,62,638.0,19.8,0.0
2017-08-06 16:00:00,20.6,44,54,524.0,18.5,0.0
2017-08-06 17:00:00,19.7,52,80,330.0,20.3,0.0
2017-08-06 18:00:00,19.5,52,97,276.0,18.5,0.0
2017-08-06 19:00:00,18.4,63,98,174.0,17.3,0.0
2017-08-06 20:00:00,17.0,71,25,75.0,16.3,0.0
2017-08-06 21:00:00,15.4,78,9,10.0,11.2,0.0
2017-08-06 22:00:00,14.5,80,7,0.0,11.3,0.0
2017-08-06 23:00:00,13.9,82,14,0.0,11.9,0.0
2017-08-07 00:00:00,13.4,87,12,0.0,11.5,0.0
2017-08-07 01:00:00,12.9,93,39,0.0,11.6,0.0
2017-08-07 02:00:00,12.6,94,55,0.0,11.6,0.0
2017-08-07 03:00:00,12.7,94,80,0.0,11.8,0.0
2017-08-07 04:00:00,12.7,94,91,0.0,11.5,0.0
2017-08-07 05:00:00,12.7,95,96,0.0,11.5,0.0
2017-08-07 06:00:00,12.8,95,97,3.0,10.9,0.0
2017-08-07 07:00:00,14.2,90,94,62.0,12.3,0.0
2017-08-07 08:00:00,15.7,84,96,142.0,15.1,0.0
2017-08-07 09:00:00,17.2,77,100,239.0,17.5,0.0
2017-08-07 10:00:00,17.8,74,100,230.0,17.0,0.1
2017-08-07 11:00:00,18.5,70,99,268.0,16.3,0.2
2017-08-07 12:00:00,19.2,68,100,440.0,16.5,0.1
2017-08-07 13:00:00,18.4,70,99,331.0,14.8,0.1
2017-08-07 14:00:00,18.1,75,100,193.0,13.6,0.2
2017-08-07 15:00:00,18.7,74,98,256.0,14.6,0.0
2017-08-07 16:00:00,19.4,70,99,398.0,15.3,0.1
2017-08-07 17:00:00,19.4,69,99,326.0,13.9,0.2
2017-08-07 18:00:00,19.4,71,98,269.0,14.1,0.6
2017-08-07 19:00:00,17.5,81,99,97.0,11.0,1.6
2017-08-07 20:00:00,16.8,87,100,39.0,7.6,0.1
2017-08-07 21:00:00,16.3,89,99,3.0,5.0,0.1
2017-08-07 22:00:00,15.6,93,98,0.0,5.0,0.0
2017-08-07 23:00:00,15.6,92,99,0.0,3.6,0.0
2017-08-08 00:00:00,15.5,92,99,0.0,0.4,0.0
2017-08-08 01:00:00,13.9,97,99,0.0,5.6,0.0
2017-08-08 02:00:00,13.5,98,100,0.0,5.4,0.0
2017-08-08 03:00:00,13.5,100,99,0.0,3.3,0.0
2017-08-08 04:00:00,13.6,100,100,0.0,1.8,0.0
2017-08-08 05:00:00,13.1,100,100,0.0,1.1,0.1
2017-08-08 06:00:00,12.9,100,100,2.0,2.9,0.1
2017-08-08 07:00:00,13.7,99,100,42.0,4.7,0.0
2017-08-08 08:00:00,14.7,93,100,112.0,3.9,0.0
2017-08-08 09:00:00,15.7,89,100,162.0,5.5,0.0
2017-08-08 10:00:00,16.3,89,98,204.0,8.7,0.1
2017-08-08 11:00:00,17.3,87,99,351.0,8.3,0.2
2017-08-08 12:00:00,18.3,81,79,443.0,7.8,0.3
2017-08-08 13:00:00,16.5,82,95,290.0,11.4,1.9
2017-08-08 14:00:00,16.8,84,98,459.0,11.3,0.1
2017-08-08 15:00:00,16.8,77,81,349.0,17.6,0.1
2017-08-08 16:00:00,16.5,76,76,348.0,20.1,0.1
2017-08-08 17:00:00,16.5,74,53,318.0,17.7,0.0
2017-08-08 18:00:00,16.9,70,35,305.0,15.1,0.0
2017-08-08 19:00:00,16.4,69,43,188.0,13.4,0.0
2017-08-08 20:00:00,15.3,73,38,76.0,12.0,0.0
2017-08-08 21:00:00,13.9,79,45,7.0,10.5,0.0
2017-08-08 22:00:00,13.6,80,46,0.0,9.7,0.0
2017-08-08 23:00:00,13.3,82,12,0.0,10.1,0.0
2017-08-09 00:00:00,12.5,87,12,0.0,9.5,0.0
2017-08-09 01:00:00,12.7,86,14,0.0,9.8,0.0
2017-08-09 02:00:00,12.4,88,52,0.0,9.8,0.0
2017-08-09 03:00:00,11.8,91,25,0.0,9.3,0.0
2017-08-09 04:00:00,11.5,93,74,0.0,9.2,0.0
2017-08-09 05:00:00,11.6,93,100,0.0,7.9,0.0
2017-08-09 06:00:00,12.3,91,100,1.0,5.7,0.0
2017-08-09 07:00:00,13.0,89,98,28.0,5.8,0.0
2017-08-09 08:00:00,13.8,85,100,88.0,7.1,0.0
2017-08-09 09:00:00,14.5,82,100,151.0,10.5,0.0
2017-08-09 10:00:00,14.6,86,100,163.0,10.7,0.4
2017-08-09 11:00:00,14.2,89,100,134.0,13.8,0.6
2017-08-09 12:00:00,14.2,92,100,71.0,12.1,0.8
2017-08-09 13:00:00,15.2,88,99,137.0,19.9,1.0
2017-08-09 14:00:00,15.6,88,100,204.0,23.1,1.8
2017-08-09 15:00:00,15.0,90,100,103.0,17.3,1.8
2017-08-09 16:00:00,14.4,91,100,95.0,25.6,1.6
2017-08-09 17:00:00,14.0,91,100,35.0,25.2,1.8
2017-08-09 18:00:00,14.0,88,100,30.0,25.2,1.3
2017-08-09 19:00:00,13.9,88,100,23.0,26.3,1.3
2017-08-09 20:00:00,13.9,88,100,9.0,23.8,1.2
2017-08-09 21:00:00,13.8,89,99,1.0,23.1,0.5
2017-08-09 22:00:00,13.8,86,92,0.0,24.1,0.1
2017-08-09 23:00:00,13.8,85,77,0.0,25.9,0.0
2017-08-10 00:00:00,13.5,86,54,0.0,23.8,0.0
2017-08-10 01:00:00,13.0,89,66,0.0,19.6,0.0
2017-08-10 02:00:00,12.6,91,36,0.0,19.2,0.0
2017-08-10 03:00:00,12.2,93,22,0.0,17.7,0.0
2017-08-10 04:00:00,12.1,94,20,0.0,18.7,0.0
2017-08-10 05:00:00,12.0,93,34,0.0,19.5,0.0
2017-08-10 06:00:00,11.8,93,47,1.0,18.0,0.0
2017-08-10 07:00:00,12.2,91,51,48.0,16.2,0.0
2017-08-10 08:00:00,13.2,85,61,126.0,22.6,0.0
2017-08-10 09:00:00,14.2,80,79,178.0,21.3,0.0
2017-08-10 10:00:00,15.5,72,95,281.0,20.3,0.0
2017-08-10 11:00:00,16.8,66,100,363.0,17.8,0.0
2017-08-10 12:00:00,17.5,62,100,368.0,17.1,0.0
2017-08-10 13:00:00,16.9,68,85,261.0,14.8,0.0
2017-08-10 14:00:00,17.2,67,99,205.0,15.1,0.0
2017-08-10 15:00:00,18.3,59,100,244.0,13.1,0.0
2017-08-10 16:00:00,19.1,58,100,398.0,13.8,0.0
2017-08-10 17:00:00,18.3,62,100,317.0,17.2,0.0
2017-08-10 18:00:00,18.1,60,54,199.0,9.0,0.0
2017-08-10 19:00:00,18.2,59,14,207.0,7.1,0.0
2017-08-10 20:00:00,15.7,74,3,86.0,7.6,0.0
2017-08-10 21:00:00,12.9,82,1,6.0,10.6,0.0
2017-08-10 22:00:00,12.8,81,9,0.0,7.4,0.0
2017-08-10 23:00:00,11.5,87,12,0.0,5.5,0.0
2017-08-11 00:00:00,11.3,87,29,0.0,4.6,0.0
2017-08-11 01:00:00,11.8,86,11,0.0,5.4,0.0
2017-08-11 02:00:00,10.0,94,25,0.0,6.6,0.0
2017-08-11 03:00:00,9.8,96,36,0.0,7.1,0.0
2017-08-11 04:00:00,10.1,96,38,0.0,6.1,0.0
2017-08-11 05:00:00,10.2,97,32,0.0,6.2,0.0
2017-08-11 06:00:00,10.2,98,37,1.0,7.0,0.0
2017-08-11 07:00:00,11.6,95,6,62.0,9.8,0.0
2017-08-11 08:00:00,13.2,90,12,205.0,11.3,0.0
2017-08-11 09:00:00,14.8,83,90,359.0,11.4,0.0
2017-08-11 10:00:00,16.5,73,81,505.0,13.3,0.0
2017-08-11 11:00:00,17.7,62,92,631.0,13.8,0.0
2017-08-11 12:00:00,18.6,59,95,704.0,14.5,0.0
2017-08-11 13:00:00,19.5,57,93,726.0,17.0,0.0
2017-08-11 14:00:00,20.3,54,95,675.0,17.6,0.0
2017-08-11 15:00:00,20.6,53,97,626.0,20.0,0.0
2017-08-11 16:00:00,20.7,50,97,524.0,19.9,0.0
2017-08-11 17:00:00,19.4,65,100,323.0,23.8,0.0
2017-08-11 18:00:00,17.5,74,100,112.0,21.0,0.0
2017-08-11 19:00:00,17.2,76,98,69.0,18.1,0.0
2017-08-11 20:00:00,16.9,77,96,31.0,18.0,0.0
2017-08-11 21:00:00,16.4,80,33,3.0,17.4,0.0
2017-08-11 22:00:00,15.7,83,100,0.0,16.1,0.0
2017-08-11 23:00:00,16.0,83,100,0.0,17.4,0.0
2017-08-12 00:00:00,16.3,85,100,0.0,18.0,0.0
2017-08-12 01:00:00,15.9,91,100,0.0,17.3,0.0
2017-08-12 02:00:00,15.9,92,100,0.0,16.8,0.0
2017-08-12 03:00:00,16.1,93,100,0.0,16.3,0.0
2017-08-12 04:00:00,16.4,92,80,0.0,17.3,0.0
2017-08-12 05:00:00,16.3,92,100,0.0,14.4,0.0
2017-08-12 06:00:00,16.3,92,100,0.0,15.5,0.0
2017-08-12 07:00:00,16.3,92,100,6.0,15.1,0.1
2017-08-12 08:00:00,16.7,91,78,63.0,16.2,0.1
2017-08-12 09:00:00,17.7,82,57,242.0,19.8,0.0
2017-08-12 10:00:00,18.6,73,71,367.0,18.4,0.0
2017-08-12 11:00:00,19.3,68,72,462.0,20.2,0.0
2017-08-12 12:00:00,19.9,64,61,545.0,19.2,0.0
2017-08-12 13:00:00,20.5,62,100,498.0,20.9,0.0
2017-08-12 14:00:00,20.6,61,100,455.0,19.4,0.0
2017-08-12 15:00:00,20.1,58,100,404.0,19.1,0.0
2017-08-12 16:00:00,19.7,57,100,363.0,17.3,0.0
2017-08-12 17:00:00,19.4,55,100,237.0,16.2,0.0
2017-08-12 18:00:00,19.0,60,100,123.0,12.2,0.0
2017-08-12 19:00:00,18.6,65,100,66.0,9.1,0.0
2017-08-12 20:00:00,18.0,67,95,25.0,8.7,0.0
2017-08-12 21:00:00,16.9,70,73,2.0,7.3,0.0
2017-08-12 22:00:00,15.8,75,39,0.0,7.2,0.0
2017-08-12 23:00:00,15.1,79,45,0.0,8.5,0.0
2017-08-13 00:00:00,14.5,82,45,0.0,8.7,0.0
2017-08-13 01:00:00,13.8,79,44,0.0,7.4,0.0
2017-08-13 02:00:00,12.8,81,26,0.0,6.6,0.0
2017-08-13 03:00:00,11.8,85,25,0.0,6.4,0.0
2017-08-13 04:00:00,10.8,90,36,0.0,7.1,0.0
2017-08-13 05:00:00,10.2,91,36,0.0,7.2,0.0
2017-08-13 06:00:00,9.7,93,48,1.0,7.6,0.0
2017-08-13 07:00:00,11.7,84,13,60.0,6.6,0.0
2017-08-13 08:00:00,13.4,74,7,197.0,5.9,0.0
2017-08-13 09:00:00,15.3,65,49,354.0,6.0,0.0
2017-08-13 10:00:00,16.9,54,56,513.0,6.4,0.0
2017-08-13 11:00:00,18.0,49,25,640.0,7.0,0.0
2017-08-13 12:00:00,18.8,46,38,740.0,6.0,0.0
2017-08-13 13:00:00,19.4,45,72,794.0,3.5,0.0
2017-08-13 14:00:00,20.8,41,91,786.0,1.5,0.0
2017-08-13 15:00:00,21.2,39,98,710.0,5.4,0.0
2017-08-13 16:00:00,21.0,40,95,465.0,8.2,0.0
2017-08-13 17:00:00,20.7,43,100,442.0,10.0,0.0
2017-08-13 18:00:00,20.0,47,100,300.0,11.3,0.0
2017-08-13 19:00:00,19.4,53,96,120.0,5.5,0.0
2017-08-13 20:00:00,18.1,73,41,52.0,5.1,0.0
2017-08-13 21:00:00,15.3,75,63,3.0,8.7,0.0
2017-08-13 22:00:00,14.4,81,62,0.0,6.9,0.0
2017-08-13 23:00:00,13.0,88,74,0.0,8.7,0.0
2017-08-14 00:00:00,12.2,91,98,0.0,6.1,0.0
2017-08-14 01:00:00,12.9,82,99,0.0,7.3,0.0
2017-08-14 02:00:00,11.5,88,97,0.0,6.9,0.0
2017-08-14 03:00:00,10.9,90,96,0.0,8.4,0.0
2017-08-14 04:00:00,11.0,87,97,0.0,9.5,0.0
2017-08-14 05:00:00,10.4,87,96,0.0,10.4,0.0
2017-08-14 06:00:00,10.8,87,95,1.0,9.4,0.0
2017-08-14 07:00:00,13.2,78,90,50.0,5.4,0.0
2017-08-14 08:00:00,15.1,76,96,142.0,4.1,0.0
2017-08-14 09:00:00,16.6,76,96,220.0,4.3,0.0
2017-08-14 10:00:00,18.4,68,86,387.0,6.5,0.0
2017-08-14 11:00:00,20.0,59,77,567.0,10.8,0.0
2017-08-14 12:00:00,21.0,52,81,597.0,15.3,0.0
2017-08-14 13:00:00,22.0,50,100,521.0,13.0,0.0
2017-08-14 14:00:00,22.7,48,78,730.0,14.5,0.0
2017-08-14 15:00:00,22.5,48,96,585.0,15.5,0.0
2017-08-14 16:00:00,22.2,49,96,523.0,17.3,0.0
2017-08-14 17:00:00,21.4,51,100,351.0,18.9,0.0
2017-08-14 18:00:00,20.6,54,100,271.0,16.3,0.0
2017-08-14 19:00:00,19.1,65,96,93.0,6.2,0.0
2017-08-14 20:00:00,18.0,71,86,20.0,7.6,0.0
2017-08-14 21:00:00,16.9,75,2,2.0,6.1,0.0
2017-08-14 22:00:00,14.5,86,37,0.0,7.6,0.0
2017-08-14 23:00:00,14.1,88,94,0.0,7.3,0.0
2017-08-15 00:00:00,14.3,87,98,0.0,7.6,0.0
2017-08-15 01:00:00,15.6,84,98,0.0,6.1,0.0
2017-08-15 02:00:00,14.9,88,99,0.0,6.9,0.0
2017-08-15 03:00:00,14.8,88,95,0.0,5.9,0.0
2017-08-15 04:00:00,14.3,91,99,0.0,5.4,0.3
2017-08-15 05:00:00,14.2,92,99,0.0,4.6,0.3
2017-08-15 06:00:00,14.2,92,94,0.0,4.5,0.8
2017-08-15 07:00:00,14.9,90,96,34.0,8.1,0.4
2017-08-15 08:00:00,15.2,89,99,59.0,9.7,0.3
2017-08-15 09:00:00,16.8,83,96,240.0,10.5,0.0
2017-08-15 10:00:00,17.7,80,72,285.0,12.8,0.0
2017-08-15 11:00:00,19.2,70,31,520.0,15.5,0.0
2017-08-15 12:00:00,20.2,65,13,650.0,15.6,0.0
2017-08-15 13:00:00,21.0,62,20,690.0,13.4,0.0
2017-08-15 14:00:00,21.2,60,40,659.0,15.0,0.0
2017-08-15 15:00:00,21.1,59,34,499.0,14.6,0.0
2017-08-15 16:00:00,21.2,57,39,476.0,15.3,0.1
2017-08-15 17:00:00,21.1,54,46,380.0,16.2,0.1
2017-08-15 18:00:00,20.6,55,35,259.0,14.4,0.0
2017-08-15 19:00:00,19.9,60,18,166.0,10.8,0.0
2017-08-15 20:00:00,17.9,66,3,67.0,9.4,0.0
2017-08-15 21:00:00,16.2,72,0,2.0,10.4,0.0
2017-08-15 22:00:00,15.1,76,0,0.0,10.1,0.0
2017-08-15 23:00:00,13.5,82,1,0.0,7.8,0.0
2017-08-16 00:00:00,12.3,87,0,0.0,7.2,0.0
2017-08-16 01:00:00,12.2,86,1,0.0,7.6,0.0
2017-08-16 02:00:00,11.5,91,14,0.0,6.3,0.0
2017-08-16 03:00:00,11.3,92,91,0.0,7.0,0.0
2017-08-16 04:00:00,10.8,94,99,0.0,5.8,0.0
2017-08-16 05:00:00,10.4,96,98,0.0,6.2,0.0
2017-08-16 06:00:00,10.3,96,100,0.0,5.5,0.0
2017-08-16 07:00:00,11.8,92,99,42.0,6.6,0.0
2017-08-16 08:00:00,13.2,87,100,112.0,4.3,0.0
2017-08-16 09:00:00,14.6,81,100,170.0,4.6,0.0
2017-08-16 10:00:00,16.3,73,97,235.0,6.3,0.0
2017-08-16 11:00:00,17.5,71,90,300.0,11.3,0.0
2017-08-16 12:00:00,18.1,67,93,297.0,16.3,0.0
2017-08-16 13:00:00,19.7,59,56,526.0,14.0,0.0
2017-08-16 14:00:00,20.3,58,95,609.0,17.1,0.0
2017-08-16 15:00:00,20.5,56,91,555.0,16.7,0.0
2017-08-16 16:00:00,20.2,55,56,403.0,18.5,0.0
2017-08-16 17:00:00,20.0,56,49,433.0,19.7,0.0
2017-08-16 18:00:00,19.6,61,1,339.0,19.3,0.0
2017-08-16 19:00:00,18.4,67,90,209.0,17.0,0.0
2017-08-16 20:00:00,16.8,75,99,65.0,14.2,0.0
2017-08-16 21:00:00,15.8,80,100,2.0,13.1,0.0
2017-08-16 22:00:00,15.5,84,100,0.0,12.6,0.0
2017-08-16 23:00:00,15.8,81,80,0.0,14.1,0.0
2017-08-17 00:00:00,15.9,77,99,0.0,15.6,0.9
2017-08-17 01:00:00,16.1,79,100,0.0,14.4,0.0
2017-08-17 02:00:00,16.2,84,100,0.0,15.7,1.4
2017-08-17 03:00:00,16.8,84,100,0.0,18.2,0.2
2017-08-17 04:00:00,16.7,87,100,0.0,18.6,0.2
2017-08-17 05:00:00,16.7,90,100,0.0,20.7,0.9
2017-08-17 06:00:00,16.8,93,100,0.0,19.8,0.4
2017-08-17 07:00:00,17.1,94,100,4.0,18.3,0.1
2017-08-17 08:00:00,17.7,94,100,32.0,18.9,0.0
2017-08-17 09:00:00,18.2,92,100,55.0,19.4,0.0
2017-08-17 10:00:00,18.1,94,100,32.0,19.6,0.0
2017-08-17 11:00:00,19.0,88,95,159.0,22.9,0.0
2017-08-17 12:00:00,21.0,75,52,525.0,22.6,0.1
2017-08-17 13:00:00,21.8,70,28,619.0,23.8,0.0
2017-08-17 14:00:00,22.5,62,32,581.0,23.0,0.0
2017-08-17 15:00:00,23.0,56,33,585.0,23.7,0.0
2017-08-17 16:00:00,22.7,57,44,503.0,25.3,0.0
2017-08-17 17:00:00,22.0,61,48,369.0,24.2,0.1
2017-08-17 18:00:00,21.2,66,37,267.0,22.4,0.1
2017-08-17 19:00:00,20.2,70,75,158.0,19.9,0.1
2017-08-17 20:00:00,18.7,77,95,55.0,18.7,0.0
2017-08-17 21:00:00,17.6,84,98,1.0,18.2,0.0
2017-08-17 22:00:00,17.1,86,99,0.0,19.5,0.0
2017-08-17 23:00:00,16.4,91,100,0.0,18.4,0.0
2017-08-18 00:00:00,16.0,91,100,0.0,17.8,0.0
2017-08-18 01:00:00,15.8,89,100,0.0,15.8,0.0
2017-08-18 02:00:00,15.7,88,100,0.0,15.6,0.0
2017-08-18 03:00:00,15.4,92,100,0.0,16.4,0.0
2017-08-18 04:00:00,15.7,91,97,0.0,15.8,0.0
2017-08-18 05:00:00,15.7,88,100,0.0,17.1,0.1
2017-08-18 06:00:00,16.1,83,58,0.0,18.3,0.1
2017-08-18 07:00:00,16.0,85,32,30.0,19.7,0.0
2017-08-18 08:00:00,16.3,82,36,136.0,22.6,0.1
2017-08-18 09:00:00,16.8,75,35,253.0,23.1,0.1
2017-08-18 10:00:00,17.7,66,25,397.0,23.7,0.1
2017-08-18 11:00:00,18.4,59,25,538.0,23.6,0.0
2017-08-18 12:00:00,18.9,55,33,601.0,27.0,0.1
2017-08-18 13:00:00,18.2,62,62,580.0,20.3,0.3
2017-08-18 14:00:00,16.3,73,74,590.0,23.7,0.4
2017-08-18 15:00:00,16.1,72,68,450.0,29.3,1.0
2017-08-18 16:00:00,16.1,72,86,361.0,20.9,0.1
2017-08-18 17:00:00,16.1,69,78,296.0,23.5,0.3
2017-08-18 18:00:00,17.1,53,38,289.0,26.7,0.0
2017-08-18 19:00:00,16.4,57,97,153.0,23.1,0.0
2017-08-18 20:00:00,15.3,60,100,52.0,21.9,0.0
2017-08-18 21:00:00,14.5,68,85,1.0,21.3,0.3
2017-08-18 22:00:00,13.5,75,100,0.0,17.6,0.2
2017-08-18 23:00:00,14.5,69,87,0.0,25.6,0.0
2017-08-19 00:00:00,14.6,70,59,0.0,26.7,0.0
2017-08-19 01:00:00,14.5,73,100,0.0,23.2,0.0
2017-08-19 02:00:00,14.1,79,100,0.0,22.5,0.0
2017-08-19 03:00:00,14.4,77,24,0.0,21.7,0.0
2017-08-19 04:00:00,13.2,82,11,0.0,17.2,0.0
2017-08-19 05:00:00,12.6,86,8,0.0,17.3,0.0
2017-08-19 06:00:00,12.3,88,6,0.0,16.1,0.0
2017-08-19 07:00:00,12.9,86,5,43.0,16.9,0.0
2017-08-19 08:00:00,14.1,80,12,166.0,18.9,0.0
2017-08-19 09:00:00,15.4,71,51,314.0,23.8,0.0
2017-08-19 10:00:00,16.4,65,32,423.0,22.0,0.0
2017-08-19 11:00:00,17.3,63,24,553.0,22.1,0.0
2017-08-19 12:00:00,18.2,55,36,581.0,24.6,0.0
2017-08-19 13:00:00,18.4,52,58,604.0,25.7,0.0
2017-08-19 14:00:00,18.6,51,63,452.0,27.4,0.0
2017-08-19 15:00:00,18.7,51,51,442.0,27.5,0.0
2017-08-19 16:00:00,18.8,50,21,400.0,25.9,0.0
2017-08-19 17:00:00,19.0,49,41,446.0,26.6,0.0
2017-08-19 18:00:00,18.3,50,100,300.0,24.6,0.0
2017-08-19 19:00:00,17.2,58,23,130.0,21.0,0.0
2017-08-19 20:00:00,15.8,62,29,51.0,18.6,0.0
2017-08-19 21:00:00,14.9,66,33,1.0,17.5,0.0
2017-08-19 22:00:00,14.3,69,34,0.0,17.3,0.0
2017-08-19 23:00:00,13.7,73,34,0.0,14.3,0.0
2017-08-20 00:00:00,13.3,76,31,0.0,13.5,0.0
2017-08-20 01:00:00,12.9,78,25,0.0,13.9,0.0
2017-08-20 02:00:00,12.6,81,39,0.0,13.9,0.0
2017-08-20 03:00:00,12.4,84,81,0.0,12.5,0.0
2017-08-20 04:00:00,11.9,88,69,0.0,11.2,0.0
2017-08-20 05:00:00,11.3,91,95,0.0,9.8,0.0
2017-08-20 06:00:00,11.1,93,4,0.0,10.1,0.0
2017-08-20 07:00:00,11.9,91,3,42.0,12.5,0.0
2017-08-20 08:00:00,13.7,84,1,173.0,13.0,0.0
2017-08-20 09:00:00,15.5,77,1,332.0,13.5,0.0
2017-08-20 10:00:00,17.0,65,6,480.0,15.0,0.0
2017-08-20 11:00:00,18.1,55,67,586.0,17.1,0.0
2017-08-20 12:00:00,18.6,52,87,508.0,18.2,0.0
2017-08-20 13:00:00,18.8,54,100,382.0,13.9,0.0
2017-08-20 14:00:00,18.9,56,100,254.0,14.3,0.0
2017-08-20 15:00:00,19.8,53,78,464.0,16.4,0.0
2017-08-20 16:00:00,19.9,50,56,390.0,10.8,0.0
2017-08-20 17:00:00,19.8,53,96,382.0,18.0,0.0
2017-08-20 18:00:00,19.0,57,100,174.0,16.4,0.0
2017-08-20 19:00:00,17.1,75,100,37.0,16.0,0.1
2017-08-20 20:00:00,16.2,81,100,7.0,12.5,0.6
2017-08-20 21:00:00,15.5,88,100,0.0,8.7,0.6
2017-08-20 22:00:00,15.3,90,100,0.0,9.1,1.9
2017-08-20 23:00:00,15.1,91,100,0.0,8.6,1.6
2017-08-21 00:00:00,15.0,92,100,0.0,9.0,1.1
2017-08-21 01:00:00,14.3,90,100,0.0,12.1,0.6
2017-08-21 02:00:00,14.1,90,100,0.0,15.5,1.0
2017-08-21 03:00:00,14.5,89,100,0.0,10.5,0.2
2017-08-21 04:00:00,14.5,88,100,0.0,11.5,0.3
2017-08-21 05:00:00,14.6,88,100,0.0,12.5,0.2
2017-08-21 06:00:00,14.7,90,100,0.0,9.4,0.4
2017-08-21 07:00:00,14.9,93,100,4.0,9.5,0.3
2017-08-21 08:00:00,15.1,93,100,14.0,10.9,0.1
2017-08-21 09:00:00,15.8,92,100,50.0,11.5,0.0
2017-08-21 10:00:00,16.4,88,100,99.0,13.2,0.0
2017-08-21 11:00:00,17.4,84,100,166.0,10.5,0.0
2017-08-21 12:00:00,18.2,82,100,234.0,7.9,0.0
2017-08-21 13:00:00,17.5,82,100,205.0,9.5,0.0
2017-08-21 14:00:00,17.7,82,100,180.0,10.1,0.0
2017-08-21 15:00:00,18.2,80,100,204.0,9.9,0.0
2017-08-21 16:00:00,18.6,79,100,188.0,7.2,0.0
2017-08-21 17:00:00,18.7,79,100,131.0,6.5,0.0
2017-08-21 18:00:00,18.6,79,100,86.0,6.0,0.0
2017-08-21 19:00:00,18.5,80,100,47.0,4.6,0.0
2017-08-21 20:00:00,17.9,86,100,10.0,3.6,0.0
2017-08-21 21:00:00,17.7,86,100,0.0,5.4,0.0
2017-08-21 22:00:00,17.6,86,100,0.0,5.4,0.0
2017-08-21 23:00:00,17.3,88,98,0.0,4.4,0.0
2017-08-22 00:00:00,16.8,91,70,0.0,5.2,0.0
2017-08-22 01:00:00,16.0,96,46,0.0,4.8,0.0
2017-08-22 02:00:00,16.0,96,53,0.0,4.4,0.0
2017-08-22 03:00:00,15.6,97,59,0.0,4.8,0.0
2017-08-22 04:00:00,15.3,98,71,0.0,6.4,0.0
2017-08-22 05:00:00,15.7,97,61,0.0,4.0,0.0
2017-08-22 06:00:00,15.7,98,100,0.0,4.2,0.0
2017-08-22 07:00:00,16.4,94,100,16.0,3.7,0.0
2017-08-22 08:00:00,16.9,92,100,33.0,3.6,0.0
2017-08-22 09:00:00,17.6,90,100,68.0,1.8,0.0
2017-08-22 10:00:00,18.9,87,100,155.0,3.5,0.1
2017-08-22 11:00:00,20.6,77,100,284.0,4.7,0.0
2017-08-22 12:00:00,21.9,71,100,330.0,5.5,0.1
2017-08-22 13:00:00,21.1,76,100,407.0,5.6,0.0
2017-08-22 14:00:00,21.9,71,97,261.0,11.9,0.1
2017-08-22 15:00:00,22.5,69,100,390.0,16.2,0.0
2017-08-22 16:00:00,21.9,70,98,239.0,16.2,0.0
2017-08-22 17:00:00,20.8,74,39,161.0,14.0,0.0
2017-08-22 18:00:00,20.5,75,100,185.0,14.3,0.0
2017-08-22 19:00:00,19.9,79,73,95.0,12.3,0.0
2017-08-22 20:00:00,18.3,86,80,33.0,8.3,0.0
2017-08-22 21:00:00,17.3,89,81,0.0,14.2,0.0
2017-08-22 22:00:00,16.7,93,61,0.0,14.0,0.1
2017-08-22 23:00:00,16.5,93,73,0.0,14.1,0.1
2017-08-23 00:00:00,16.4,93,84,0.0,11.1,0.1
2017-08-23 01:00:00,16.5,92,76,0.0,10.5,0.0
2017-08-23 02:00:00,16.2,93,21,0.0,9.4,0.0
2017-08-23 03:00:00,16.4,91,17,0.0,7.8,0.0
2017-08-23 04:00:00,16.5,92,3,0.0,7.7,0.0
2017-08-23 05:00:00,15.8,93,0,0.0,7.6,0.0
2017-08-23 06:00:00,15.1,95,12,0.0,9.6,0.0
2017-08-23 07:00:00,17.1,92,99,33.0,5.0,0.0
2017-08-23 08:00:00,18.8,88,100,126.0,7.6,0.0
2017-08-23 09:00:00,20.4,83,99,232.0,6.5,0.1
2017-08-23 10:00:00,21.1,81,100,262.0,12.5,0.0
2017-08-23 11:00:00,21.7,78,100,295.0,14.1,0.0
2017-08-23 12:00:00,21.5,80,100,318.0,16.3,0.0
2017-08-23 13:00:00,20.5,83,100,316.0,19.0,0.0
2017-08-23 14:00:00,20.8,77,99,244.0,19.1,0.0
2017-08-23 15:00:00,21.0,70,100,336.0,17.8,0.0
2017-08-23 16:00:00,21.2,65,92,391.0,19.7,0.0
2017-08-23 17:00:00,21.2,62,100,342.0,21.0,0.0
2017-08-23 18:00:00,20.1,63,100,155.0,20.0,0.0
2017-08-23 19:00:00,19.3,62,100,70.0,17.6,0.0
2017-08-23 20:00:00,18.4,63,99,17.0,16.3,0.0
2017-08-23 21:00:00,17.3,70,99,0.0,13.6,0.0
2017-08-23 22:00:00,16.4,75,100,0.0,12.8,0.0
2017-08-23 23:00:00,15.7,79,100,0.0,11.2,0.0
2017-08-24 00:00:00,15.1,83,100,0.0,11.4,0.0
2017-08-24 01:00:00,14.5,86,0,0.0,10.9,0.0
2017-08-24 02:00:00,13.5,91,0,0.0,9.9,0.0
2017-08-24 03:00:00,13.0,94,0,0.0,8.9,0.0
2017-08-24 04:00:00,12.8,95,1,0.0,9.2,0.0
2017-08-24 05:00:00,12.5,97,52,0.0,8.6,0.0
2017-08-24 06:00:00,12.4,97,31,0.0,8.9,0.0
2017-08-24 07:00:00,13.3,94,55,32.0,11.6,0.0
2017-08-24 08:00:00,15.0,86,64,147.0,13.1,0.0
2017-08-24 09:00:00,16.3,79,7,299.0,12.1,0.0
2017-08-24 10:00:00,17.6,74,89,436.0,12.7,0.0
2017-08-24 11:00:00,19.0,64,97,548.0,17.2,0.0
2017-08-24 12:00:00,19.4,61,96,420.0,17.4,0.0
2017-08-24 13:00:00,19.4,60,98,319.0,16.7,0.0
2017-08-24 14:00:00,19.7,58,98,334.0,14.5,0.0
2017-08-24 15:00:00,20.2,56,97,349.0,14.1,0.0
2017-08-24 16:00:00,20.0,57,94,300.0,15.6,0.0
2017-08-24 17:00:00,20.3,57,100,271.0,11.0,0.0
2017-08-24 18:00:00,19.9,60,100,204.0,13.1,0.0
2017-08-24 19:00:00,19.1,66,100,56.0,8.8,0.0
2017-08-24 20:00:00,17.8,73,100,19.0,5.6,0.0
2017-08-24 21:00:00,17.3,78,100,0.0,6.9,0.0
2017-08-24 22:00:00,16.3,84,99,0.0,6.3,0.0
2017-08-24 23:00:00,15.5,86,99,0.0,6.0,0.0
2017-08-25 00:00:00,14.3,90,98,0.0,6.1,0.0
2017-08-25 01:00:00,13.0,95,84,0.0,6.9,0.0
2017-08-25 02:00:00,12.9,95,60,0.0,6.3,0.0
2017-08-25 03:00:00,12.0,96,31,0.0,6.8,0.0
2017-08-25 04:00:00,11.1,98,12,0.0,7.9,0.0
2017-08-25 05:00:00,10.6,99,13,0.0,7.7,0.0
2017-08-25 06:00:00,11.2,98,64,0.0,4.6,0.0
2017-08-25 07:00:00,11.8,98,91,30.0,4.5,0.0
2017-08-25 08:00:00,13.7,87,85,146.0,4.0,0.0
2017-08-25 09:00:00,15.5,80,94,293.0,4.0,0.0
2017-08-25 10:00:00,17.3,71,99,418.0,3.6,0.0
2017-08-25 11:00:00,18.6,67,98,520.0,4.1,0.0
2017-08-25 12:00:00,19.6,63,97,589.0,5.6,0.0
2017-08-25 13:00:00,20.4,59,99,513.0,4.3,0.0
2017-08-25 14:00:00,21.3,56,100,491.0,2.2,0.0
2017-08-25 15:00:00,22.7,51,44,542.0,3.4,0.0
2017-08-25 16:00:00,23.0,51,6,499.0,7.2,0.0
2017-08-25 17:00:00,22.9,52,38,457.0,7.4,0.0
2017-08-25 18:00:00,22.4,55,46,309.0,13.8,0.0
2017-08-25 19:00:00,20.7,62,67,142.0,10.9,0.0
2017-08-25 20:00:00,18.1,75,76,33.0,8.5,0.0
2017-08-25 21:00:00,17.4,77,83,0.0,5.4,0.0
2017-08-25 22:00:00,15.6,89,78,0.0,6.6,0.0
2017-08-25 23:00:00,15.1,91,68,0.0,6.2,0.0
2017-08-26 00:00:00,14.3,91,86,0.0,6.8,0.0
2017-08-26 01:00:00,13.9,93,92,0.0,6.2,0.0
2017-08-26 02:00:00,14.4,91,98,0.0,4.9,0.0
2017-08-26 03:00:00,15.0,88,97,0.0,3.7,0.0
2017-08-26 04:00:00,14.3,93,97,0.0,5.4,0.0
2017-08-26 05:00:00,13.8,94,98,0.0,6.1,0.0
2017-08-26 06:00:00,13.9,93,97,0.0,4.3,0.0
2017-08-26 07:00:00,14.5,91,97,20.0,5.8,0.0
2017-08-26 08:00:00,15.7,86,96,93.0,4.5,0.0
2017-08-26 09:00:00,16.5,84,94,146.0,4.5,0.0
2017-08-26 10:00:00,18.2,78,97,306.0,4.4,0.0
2017-08-26 11:00:00,19.7,72,87,426.0,5.4,0.0
2017-08-26 12:00:00,21.1,67,60,640.0,4.8,0.0
2017-08-26 13:00:00,22.4,54,90,698.0,3.0,0.0
2017-08-26 14:00:00,23.2,53,92,651.0,3.7,0.0
2017-08-26 15:00:00,23.9,50,86,619.0,4.2,0.0
2017-08-26 16:00:00,24.2,48,95,503.0,5.5,0.0
2017-08-26 17:00:00,23.8,50,99,371.0,9.2,0.0
2017-08-26 18:00:00,22.4,58,98,228.0,13.0,0.0
2017-08-26 19:00:00,21.3,64,97,96.0,6.6,0.0
2017-08-26 20:00:00,19.4,70,86,26.0,7.5,0.0
2017-08-26 21:00:00,18.2,75,97,0.0,7.3,0.0
2017-08-26 22:00:00,17.1,83,98,0.0,7.7,0.0
2017-08-26 23:00:00,17.0,84,88,0.0,6.6,0.0
2017-08-27 00:00:00,16.8,84,60,0.0,5.4,0.0
2017-08-27 01:00:00,15.7,89,36,0.0,8.0,0.0
2017-08-27 02:00:00,14.8,90,34,0.0,8.0,0.0
2017-08-27 03:00:00,14.6,91,45,0.0,6.6,0.0
2017-08-27 04:00:00,14.8,89,32,0.0,6.1,0.0
2017-08-27 05:00:00,14.3,92,9,0.0,7.6,0.0
2017-08-27 06:00:00,14.0,92,13,0.0,8.0,0.0
2017-08-27 07:00:00,14.7,86,25,25.0,9.1,0.0
2017-08-27 08:00:00,16.0,79,45,118.0,7.6,0.0
2017-08-27 09:00:00,17.7,75,16,261.0,6.5,0.0
2017-08-27 10:00:00,19.5,70,8,376.0,7.4,0.0
2017-08-27 11:00:00,21.2,65,29,544.0,7.0,0.0
2017-08-27 12:00:00,22.5,59,47,658.0,7.4,0.0
2017-08-27 13:00:00,23.3,52,11,703.0,6.5,0.0
2017-08-27 14:00:00,24.0,50,10,716.0,5.4,0.0
2017-08-27 15:00:00,24.3,49,2,676.0,3.5,0.0
2017-08-27 16:00:00,24.4,48,8,562.0,3.5,0.0
2017-08-27 17:00:00,24.3,48,1,412.0,7.6,0.0
2017-08-27 18:00:00,23.9,50,1,302.0,8.4,0.0
2017-08-27 19:00:00,22.3,63,3,146.0,5.5,0.0
2017-08-27 20:00:00,19.8,69,6,29.0,7.7,0.0
2017-08-27 21:00:00,18.5,78,13,0.0,6.8,0.0
2017-08-27 22:00:00,17.7,84,16,0.0,6.1,0.0
2017-08-27 23:00:00,17.1,89,3,0.0,6.4,0.0
2017-08-28 00:00:00,16.4,92,0,0.0,7.6,0.0
2017-08-28 01:00:00,15.9,93,1,0.0,7.6,0.0
2017-08-28 02:00:00,15.1,97,71,0.0,6.0,0.0
2017-08-28 03:00:00,14.4,97,12,0.0,7.1,0.0
2017-08-28 04:00:00,14.1,97,69,0.0,7.6,0.0
2017-08-28 05:00:00,13.7,98,84,0.0,7.9,0.0
2017-08-28 06:00:00,13.4,99,89,0.0,8.0,0.0
2017-08-28 07:00:00,15.0,95,88,23.0,5.5,0.0
2017-08-28 08:00:00,16.9,85,90,128.0,2.9,0.0
2017-08-28 09:00:00,19.0,76,93,266.0,1.8,0.0
2017-08-28 10:00:00,21.0,70,92,403.0,2.1,0.0
2017-08-28 11:00:00,22.6,66,84,530.0,4.5,0.0
2017-08-28 12:00:00,24.1,62,67,654.0,5.8,0.0
2017-08-28 13:00:00,24.9,57,42,705.0,6.6,0.0
2017-08-28 14:00:00,25.6,54,68,690.0,6.8,0.0
2017-08-28 15:00:00,26.0,53,43,642.0,8.1,0.0
2017-08-28 16:00:00,26.2,52,32,554.0,10.0,0.0
2017-08-28 17:00:00,26.1,54,58,449.0,11.0,0.0
2017-08-28 18:00:00,25.6,56,44,293.0,10.4,0.0
2017-08-28 19:00:00,23.9,67,44,145.0,7.4,0.0
2017-08-28 20:00:00,21.2,76,0,28.0,9.4,0.0
2017-08-28 21:00:00,20.0,79,0,0.0,10.5,0.0
2017-08-28 22:00:00,19.0,81,0,0.0,9.5,0.0
2017-08-28 23:00:00,17.8,86,1,0.0,7.2,0.0
2017-08-29 00:00:00,17.1,91,8,0.0,6.6,0.0
2017-08-29 01:00:00,16.4,94,10,0.0,5.2,0.0
2017-08-29 02:00:00,15.8,96,17,0.0,6.2,0.0
2017-08-29 03:00:00,15.5,97,42,0.0,5.6,0.0
2017-08-29 04:00:00,15.7,96,39,0.0,5.4,0.0
2017-08-29 05:00:00,15.5,97,61,0.0,7.6,0.0
2017-08-29 06:00:00,15.8,93,51,0.0,7.3,0.5
2017-08-29 07:00:00,16.0,89,42,16.0,6.6,0.0
2017-08-29 08:00:00,17.0,81,19,109.0,4.4,0.0
2017-08-29 09:00:00,18.3,78,24,255.0,3.4,0.0
2017-08-29 10:00:00,19.8,73,45,365.0,6.5,0.0
2017-08-29 11:00:00,20.6,71,47,372.0,7.2,0.4
2017-08-29 12:00:00,21.3,69,70,442.0,6.3,0.0
2017-08-29 13:00:00,23.4,62,81,469.0,6.4,0.3
2017-08-29 14:00:00,24.3,59,69,562.0,8.6,0.0
2017-08-29 15:00:00,24.2,62,40,539.0,10.9,0.1
2017-08-29 16:00:00,24.6,60,100,415.0,10.0,0.0
2017-08-29 17:00:00,24.3,61,100,256.0,10.5,0.0
2017-08-29 18:00:00,24.0,62,99,106.0,6.0,0.0
2017-08-29 19:00:00,22.1,68,100,42.0,17.6,0.0
2017-08-29 20:00:00,19.7,78,95,11.0,10.1,0.0
2017-08-29 21:00:00,18.7,79,96,0.0,13.0,0.0
2017-08-29 22:00:00,17.3,83,98,0.0,13.1,0.0
2017-08-29 23:00:00,17.0,81,100,0.0,14.6,0.0
2017-08-30 00:00:00,16.9,78,100,0.0,13.7,0.0
2017-08-30 01:00:00,16.6,77,100,0.0,14.4,0.0
2017-08-30 02:00:00,16.0,79,100,0.0,16.3,0.4
2017-08-30 03:00:00,15.7,82,100,0.0,16.8,0.3
2017-08-30 04:00:00,14.9,79,100,0.0,18.4,0.1
2017-08-30 05:00:00,13.8,78,100,0.0,16.6,0.8
2017-08-30 06:00:00,13.5,77,100,0.0,15.9,0.3
2017-08-30 07:00:00,13.3,77,100,4.0,14.4,0.0
2017-08-30 08:00:00,13.5,75,100,27.0,13.9,0.0
2017-08-30 09:00:00,13.6,75,99,50.0,14.5,0.0
2017-08-30 10:00:00,14.0,73,100,78.0,17.4,0.0
2017-08-30 11:00:00,14.1,74,100,85.0,13.3,0.3
2017-08-30 12:00:00,13.7,84,100,77.0,13.1,1.1
2017-08-30 13:00:00,14.2,80,100,115.0,8.9,1.3
2017-08-30 14:00:00,14.1,81,100,107.0,10.6,0.9
2017-08-30 15:00:00,13.9,82,100,131.0,10.8,1.0
2017-08-30 16:00:00,13.7,84,100,69.0,6.9,0.9
2017-08-30 17:00:00,13.7,79,100,107.0,8.7,0.5
2017-08-30 18:00:00,13.7,79,100,82.0,5.6,0.2
2017-08-30 19:00:00,13.3,85,100,29.0,4.4,0.2
2017-08-30 20:00:00,12.9,90,100,9.0,2.8,0.1
2017-08-30 21:00:00,12.5,90,89,0.0,3.8,0.0
2017-08-30 22:00:00,11.9,92,90,0.0,4.9,0.0
2017-08-30 23:00:00,11.7,91,50,0.0,6.3,0.0
2017-08-31 00:00:00,11.1,91,17,0.0,7.2,0.0
2017-08-31 01:00:00,11.3,91,2,0.0,7.7,0.0
2017-08-31 02:00:00,10.6,94,14,0.0,7.5,0.0
2017-08-31 03:00:00,9.9,96,8,0.0,6.6,0.0
2017-08-31 04:00:00,9.3,98,4,0.0,6.4,0.0
2017-08-31 05:00:00,9.0,99,4,0.0,7.0,0.0
2017-08-31 06:00:00,8.7,99,5,0.0,6.2,0.0
2017-08-31 07:00:00,9.4,98,10,19.0,7.8,0.0
2017-08-31 08:00:00,11.1,93,18,128.0,6.0,0.0
2017-08-31 09:00:00,12.8,89,18,271.0,6.3,0.0
2017-08-31 10:00:00,14.6,81,15,394.0,6.1,0.0
2017-08-31 11:00:00,16.4,72,14,518.0,7.4,0.0
2017-08-31 12:00:00,17.5,72,67,592.0,8.4,0.1
2017-08-31 13:00:00,18.2,69,80,536.0,6.9,0.1
2017-08-31 14:00:00,18.5,64,86,494.0,3.7,0.1
2017-08-31 15:00:00,15.5,79,64,429.0,22.0,4.0
2017-08-31 16:00:00,16.6,70,26,314.0,5.6,0.1
2017-08-31 17:00:00,17.0,69,38,274.0,6.6,0.0
2017-08-31 18:00:00,16.0,75,57,207.0,9.8,2.3
2017-08-31 19:00:00,14.8,84,58,91.0,6.0,0.7
2017-08-31 20:00:00,13.6,90,37,15.0,5.2,0.0
2017-08-31 21:00:00,14.0,86,29,0.0,2.1,0.0
2017-08-31 22:00:00,12.0,94,23,0.0,6.4,0.0
2017-08-31 23:00:00,11.3,94,14,0.0,7.7,0.0
2017-09-01 00:00:00,10.6,95,9,0.0,7.6,0.0
2017-09-01 01:00:00,11.4,90,8,0.0,6.9,0.0
2017-09-01 02:00:00,11.3,90,12,0.0,5.6,0.0
2017-09-01 03:00:00,10.4,94,18,0.0,5.9,0.0
2017-09-01 04:00:00,9.5,97,15,0.0,7.1,0.0
2017-09-01 05:00:00,9.3,96,9,0.0,7.3,0.0
2017-09-01 06:00:00,9.5,94,3,0.0,6.6,0.0
2017-09-01 07:00:00,10.1,93,2,18.0,4.1,0.0
2017-09-01 08:00:00,12.0,86,2,128.0,5.1,0.0
2017-09-01 09:00:00,14.0,81,2,281.0,5.8,0.0
2017-09-01 10:00:00,16.1,73,3,436.0,6.1,0.0
2017-09-01 11:00:00,17.6,64,5,563.0,7.6,0.0
2017-09-01 12:00:00,18.4,56,38,616.0,7.6,0.1
2017-09-01 13:00:00,18.7,53,38,561.0,8.3,0.0
2017-09-01 14:00:00,19.2,50,34,517.0,9.1,0.0
2017-09-01 15:00:00,19.4,47,36,525.0,12.1,0.0
2017-09-01 16:00:00,19.3,46,52,387.0,11.7,0.0
2017-09-01 17:00:00,19.2,46,70,295.0,10.9,0.0
2017-09-01 18:00:00,19.0,47,67,230.0,10.6,0.0
2017-09-01 19:00:00,17.2,58,87,94.0,6.8,0.0
2017-09-01 20:00:00,15.9,61,99,12.0,7.6,0.0
2017-09-01 21:00:00,15.6,63,97,0.0,9.3,0.0
2017-09-01 22:00:00,14.8,65,90,0.0,9.1,0.0
2017-09-01 23:00:00,14.1,68,64,0.0,8.6,0.0
2017-09-02 00:00:00,13.2,74,61,0.0,7.9,0.1
2017-09-02 01:00:00,13.2,79,52,0.0,3.8,0.0
2017-09-02 02:00:00,11.5,90,33,0.0,4.1,0.0
2017-09-02 03:00:00,10.9,93,43,0.0,5.4,0.0
2017-09-02 04:00:00,10.6,94,39,0.0,5.1,0.0
2017-09-02 05:00:00,10.2,95,25,0.0,6.7,0.0
2017-09-02 06:00:00,10.1,96,27,0.0,5.6,0.0
2017-09-02 07:00:00,10.6,95,12,15.0,3.6,0.0
2017-09-02 08:00:00,12.0,89,10,122.0,2.7,0.0
2017-09-02 09:00:00,13.7,85,11,271.0,2.8,0.0
2017-09-02 10:00:00,15.5,76,10,420.0,2.8,0.0
2017-09-02 11:00:00,16.9,63,34,545.0,2.8,0.1
2017-09-02 12:00:00,17.7,58,41,579.0,1.8,0.1
2017-09-02 13:00:00,18.3,51,55,568.0,1.0,0.1
2017-09-02 14:00:00,18.9,50,37,597.0,1.6,0.0
2017-09-02 15:00:00,19.2,48,63,555.0,2.5,0.0
2017-09-02 16:00:00,19.6,46,78,472.0,3.5,0.0
2017-09-02 17:00:00,19.5,47,100,312.0,6.0,0.0
2017-09-02 18:00:00,19.0,50,100,143.0,5.0,0.0
2017-09-02 19:00:00,18.5,57,94,49.0,1.8,0.0
2017-09-02 20:00:00,17.2,65,71,5.0,4.3,0.0
2017-09-02 21:00:00,16.4,66,69,0.0,9.8,0.0
2017-09-02 22:00:00,15.2,73,100,0.0,12.3,0.0
2017-09-02 23:00:00,14.2,81,97,0.0,12.0,0.0
2017-09-03 00:00:00,13.5,86,98,0.0,10.5,0.0
2017-09-03 01:00:00,13.2,91,98,0.0,10.1,0.0
2017-09-03 02:00:00,12.3,94,100,0.0,7.6,0.0
2017-09-03 03:00:00,11.9,95,97,0.0,7.4,0.0
2017-09-03 04:00:00,11.9,94,99,0.0,8.6,0.0
2017-09-03 05:00:00,12.2,94,99,0.0,9.3,0.0
2017-09-03 06:00:00,12.5,93,100,0.0,9.7,0.0
2017-09-03 07:00:00,13.1,92,100,11.0,10.1,0.0
2017-09-03 08:00:00,14.6,86,100,69.0,11.6,0.1
2017-09-03 09:00:00,16.0,80,100,139.0,14.1,0.0
2017-09-03 10:00:00,17.2,72,100,240.0,20.2,0.2
2017-09-03 11:00:00,17.8,68,100,278.0,17.0,0.1
2017-09-03 12:00:00,18.1,58,100,289.0,17.7,0.0
2017-09-03 13:00:00,17.5,68,100,301.0,18.2,0.0
2017-09-03 14:00:00,17.1,61,100,227.0,19.5,0.0
2017-09-03 15:00:00,16.3,65,100,165.0,16.7,0.1
2017-09-03 16:00:00,15.2,77,100,45.0,14.5,0.3
2017-09-03 17:00:00,15.0,79,100,52.0,15.1,0.1
2017-09-03 18:00:00,15.1,82,100,43.0,17.1,0.2
2017-09-03 19:00:00,14.7,81,100,15.0,19.2,0.1
2017-09-03 20:00:00,14.5,83,100,2.0,17.7,0.1
2017-09-03 21:00:00,14.6,83,100,0.0,17.3,0.1
2017-09-03 22:00:00,14.4,86,100,0.0,16.9,0.4
2017-09-03 23:00:00,14.3,90,100,0.0,15.0,0.9
2017-09-04 00:00:00,14.4,90,100,0.0,15.9,0.9
2017-09-04 01:00:00,14.5,91,100,0.0,13.4,0.5
2017-09-04 02:00:00,14.5,92,100,0.0,9.7,0.1
2017-09-04 03:00:00,14.6,93,100,0.0,10.5,0.5
2017-09-04 04:00:00,14.9,93,100,0.0,10.9,0.2
2017-09-04 05:00:00,15.2,93,100,0.0,11.1,0.3
2017-09-04 06:00:00,15.5,94,100,0.0,8.6,0.3
2017-09-04 07:00:00,16.0,93,97,3.0,8.4,0.0
2017-09-04 08:00:00,16.8,93,100,29.0,10.9,0.0
2017-09-04 09:00:00,17.9,90,100,81.0,15.8,0.0
2017-09-04 10:00:00,19.1,86,100,146.0,15.1,0.0
2017-09-04 11:00:00,20.3,79,99,223.0,16.7,0.0
2017-09-04 12:00:00,20.7,77,99,258.0,17.8,0.6
2017-09-04 13:00:00,19.3,87,96,347.0,10.5,0.2
2017-09-04 14:00:00,19.4,89,100,90.0,13.8,0.6
2017-09-04 15:00:00,19.7,88,100,133.0,12.2,0.1
2017-09-04 16:00:00,20.5,83,96,238.0,15.6,0.1
2017-09-04 17:00:00,20.5,82,94,210.0,16.9,0.2
2017-09-04 18:00:00,20.1,85,55,129.0,16.7,0.1
2017-09-04 19:00:00,19.4,85,75,64.0,14.8,0.0
2017-09-04 20:00:00,18.3,86,81,7.0,15.4,0.0
2017-09-04 21:00:00,17.5,89,100,0.0,15.0,0.0
2017-09-04 22:00:00,17.1,90,100,0.0,14.7,0.0
2017-09-04 23:00:00,17.1,90,100,0.0,13.8,0.0
2017-09-05 00:00:00,17.2,90,100,0.0,13.0,0.0
2017-09-05 01:00:00,17.2,91,95,0.0,13.0,0.0
2017-09-05 02:00:00,17.1,92,96,0.0,13.7,0.0
2017-09-05 03:00:00,17.0,90,100,0.0,14.4,0.0
2017-09-05 04:00:00,16.8,88,57,0.0,15.3,0.0
2017-09-05 05:00:00,15.8,92,35,0.0,14.5,0.0
2017-09-05 06:00:00,15.4,95,49,0.0,13.9,0.0
2017-09-05 07:00:00,15.9,92,81,9.0,16.0,0.0
2017-09-05 08:00:00,16.8,88,100,64.0,18.4,0.0
2017-09-05 09:00:00,17.4,84,99,81.0,18.4,0.0
2017-09-05 10:00:00,18.1,80,100,99.0,22.7,0.0
2017-09-05 11:00:00,18.6,79,100,80.0,19.2,0.0
2017-09-05 12:00:00,18.6,80,100,72.0,22.2,0.0
2017-09-05 13:00:00,18.4,83,100,143.0,23.4,0.0
2017-09-05 14:00:00,19.1,79,79,163.0,22.7,0.1
2017-09-05 15:00:00,20.2,73,78,390.0,25.3,0.0
2017-09-05 16:00:00,19.8,73,98,307.0,23.7,0.0
2017-09-05 17:00:00,18.7,80,100,80.0,21.1,0.5
2017-09-05 18:00:00,17.9,84,100,36.0,18.8,0.4
2017-09-05 19:00:00,17.4,89,100,17.0,11.2,0.4
2017-09-05 20:00:00,17.2,91,83,2.0,13.0,0.1
2017-09-05 21:00:00,16.6,93,55,0.0,12.7,0.0
2017-09-05 22:00:00,16.6,91,100,0.0,18.2,0.0
2017-09-05 23:00:00,16.2,83,71,0.0,18.7,0.0
2017-09-06 00:00:00,15.3,85,34,0.0,15.6,0.0
2017-09-06 01:00:00,14.3,85,18,0.0,15.9,0.0
2017-09-06 02:00:00,12.8,85,0,0.0,13.7,0.0
2017-09-06 03:00:00,12.0,87,1,0.0,13.2,0.0
2017-09-06 04:00:00,11.7,87,1,0.0,12.9,0.0
2017-09-06 05:00:00,11.6,91,3,0.0,13.6,0.0
2017-09-06 06:00:00,11.7,94,1,0.0,14.3,0.0
2017-09-06 07:00:00,12.0,93,6,12.0,15.1,0.0
2017-09-06 08:00:00,13.5,87,5,112.0,16.9,0.0
2017-09-06 09:00:00,14.7,79,19,257.0,20.5,0.0
2017-09-06 10:00:00,15.9,70,66,392.0,21.8,0.0
2017-09-06 11:00:00,16.8,60,94,460.0,19.4,0.0
2017-09-06 12:00:00,17.3,54,97,411.0,18.2,0.0
2017-09-06 13:00:00,17.6,57,98,367.0,19.1,0.0
2017-09-06 14:00:00,18.2,52,100,407.0,18.5,0.0
2017-09-06 15:00:00,17.9,55,100,332.0,20.4,0.2
2017-09-06 16:00:00,17.4,57,96,205.0,16.8,0.0
2017-09-06 17:00:00,17.8,53,90,260.0,17.1,0.0
2017-09-06 18:00:00,17.4,55,100,162.0,13.9,0.0
2017-09-06 19:00:00,16.2,61,84,57.0,10.8,0.0
2017-09-06 20:00:00,15.2,65,28,6.0,9.2,0.0
2017-09-06 21:00:00,13.7,72,96,0.0,6.7,0.0
2017-09-06 22:00:00,13.5,74,100,0.0,6.6,0.0
2017-09-06 23:00:00,14.0,74,84,0.0,9.0,0.0
2017-09-07 00:00:00,13.4,79,100,0.0,9.0,0.0
2017-09-07 01:00:00,13.1,83,97,0.0,7.4,0.0
2017-09-07 02:00:00,12.3,88,97,0.0,7.0,0.0
2017-09-07 03:00:00,11.9,89,99,0.0,6.5,0.0
2017-09-07 04:00:00,11.8,89,97,0.0,7.8,0.0
2017-09-07 05:00:00,12.1,87,54,0.0,9.5,0.0
2017-09-07 06:00:00,11.6,89,60,0.0,7.4,0.0
2017-09-07 07:00:00,11.3,90,21,9.0,7.9,0.0
2017-09-07 08:00:00,12.8,84,44,103.0,10.0,0.0
2017-09-07 09:00:00,14.3,80,44,216.0,10.7,0.0
2017-09-07 10:00:00,15.8,77,90,314.0,12.7,0.0
2017-09-07 11:00:00,17.3,67,72,374.0,16.6,0.0
2017-09-07 12:00:00,18.2,62,95,407.0,17.6,0.0
2017-09-07 13:00:00,17.9,63,100,379.0,18.3,0.0
2017-09-07 14:00:00,18.1,63,100,288.0,19.8,0.0
2017-09-07 15:00:00,17.7,67,86,192.0,17.9,0.1
2017-09-07 16:00:00,18.9,59,91,277.0,21.1,0.0
2017-09-07 17:00:00,18.9,60,88,278.0,21.2,0.0
2017-09-07 18:00:00,18.3,63,99,103.0,17.2,0.0
2017-09-07 19:00:00,17.5,69,100,34.0,17.5,0.0
2017-09-07 20:00:00,16.4,76,94,4.0,19.6,0.0
2017-09-07 21:00:00,16.1,79,100,0.0,20.9,0.0
2017-09-07 22:00:00,16.1,81,100,0.0,21.9,0.0
2017-09-07 23:00:00,16.0,83,96,0.0,22.2,0.0
2017-09-08 00:00:00,15.8,84,89,0.0,19.9,0.0
2017-09-08 01:00:00,15.8,85,99,0.0,22.0,0.0
2017-09-08 02:00:00,15.8,83,99,0.0,22.3,0.4
2017-09-08 03:00:00,15.7,83,100,0.0,21.3,0.0
2017-09-08 04:00:00,15.3,82,93,0.0,21.3,0.1
2017-09-08 05:00:00,15.3,81,100,0.0,21.8,0.1
2017-09-08 06:00:00,15.2,83,100,0.0,22.7,0.1
2017-09-08 07:00:00,15.0,86,100,1.0,23.0,0.5
2017-09-08 08:00:00,14.6,91,100,5.0,19.5,1.2
2017-09-08 09:00:00,14.8,89,100,27.0,20.3,0.2
2017-09-08 10:00:00,14.9,89,100,58.0,21.4,0.1
2017-09-08 11:00:00,15.3,88,100,89.0,20.2,0.1
2017-09-08 12:00:00,16.4,82,99,243.0,23.1,0.2
2017-09-08 13:00:00,15.5,91,100,249.0,19.7,0.8
2017-09-08 14:00:00,16.5,84,100,170.0,19.3,0.2
2017-09-08 15:00:00,16.6,82,97,185.0,20.6,0.1
2017-09-08 16:00:00,17.2,80,99,266.0,21.2,0.0
2017-09-08 17:00:00,16.5,79,99,217.0,20.6,1.1
2017-09-08 18:00:00,15.9,80,96,101.0,14.2,0.1
2017-09-08 19:00:00,15.6,75,100,53.0,13.0,0.0
2017-09-08 20:00:00,14.9,79,98,4.0,13.4,0.1
2017-09-08 21:00:00,14.4,82,65,0.0,11.4,0.0
2017-09-08 22:00:00,13.8,84,42,0.0,10.0,0.0
2017-09-08 23:00:00,12.8,88,28,0.0,9.6,0.0
2017-09-09 00:00:00,12.0,91,26,0.0,9.4,0.0
2017-09-09 01:00:00,11.6,93,11,0.0,8.0,0.0
2017-09-09 02:00:00,11.4,91,55,0.0,9.5,0.0
2017-09-09 03:00:00,10.6,92,8,0.0,9.4,0.0
2017-09-09 04:00:00,9.9,94,21,0.0,8.1,0.0
2017-09-09 05:00:00,9.6,95,2,0.0,8.2,0.0
2017-09-09 06:00:00,9.5,96,7,0.0,9.1,0.0
2017-09-09 07:00:00,9.8,94,18,8.0,9.7,0.0
2017-09-09 08:00:00,11.3,88,18,96.0,12.0,0.0
2017-09-09 09:00:00,13.0,80,2,248.0,15.5,0.0
2017-09-09 10:00:00,14.4,70,18,399.0,18.7,0.0
2017-09-09 11:00:00,15.8,61,57,506.0,20.2,0.0
2017-09-09 12:00:00,16.4,57,67,437.0,19.7,0.0
2017-09-09 13:00:00,16.7,57,35,415.0,19.1,0.0
2017-09-09 14:00:00,17.1,59,58,519.0,19.7,0.0
2017-09-09 15:00:00,16.4,63,88,415.0,19.9,0.4
2017-09-09 16:00:00,16.5,58,94,336.0,22.3,0.0
2017-09-09 17:00:00,15.2,70,99,201.0,17.3,0.0
2017-09-09 18:00:00,15.1,71,19,159.0,13.8,0.0
2017-09-09 19:00:00,14.2,77,25,83.0,7.6,0.0
2017-09-09 20:00:00,12.8,83,30,4.0,6.9,0.0
2017-09-09 21:00:00,12.6,82,26,0.0,8.7,0.0
2017-09-09 22:00:00,12.0,82,18,0.0,8.7,0.0
2017-09-09 23:00:00,11.1,85,4,0.0,7.8,0.0
2017-09-10 00:00:00,10.2,90,0,0.0,7.6,0.0
2017-09-10 01:00:00,9.8,95,0,0.0,7.6,0.0
2017-09-10 02:00:00,9.4,96,0,0.0,7.2,0.0
2017-09-10 03:00:00,8.8,97,0,0.0,6.5,0.0
2017-09-10 04:00:00,8.2,98,98,0.0,6.5,0.0
2017-09-10 05:00:00,8.3,99,60,0.0,6.4,0.0
2017-09-10 06:00:00,8.5,99,0,0.0,8.0,0.0
2017-09-10 07:00:00,8.7,98,0,7.0,8.9,0.0
2017-09-10 08:00:00,10.7,91,27,101.0,10.9,0.0
2017-09-10 09:00:00,13.2,82,48,243.0,13.1,0.0
2017-09-10 10:00:00,15.1,74,33,349.0,17.7,0.0
2017-09-10 11:00:00,16.5,65,96,477.0,23.7,0.0
2017-09-10 12:00:00,16.4,66,99,197.0,25.5,0.0
2017-09-10 13:00:00,16.4,71,99,157.0,26.8,0.0
2017-09-10 14:00:00,17.0,66,100,241.0,32.1,0.1
2017-09-10 15:00:00,16.4,73,100,119.0,25.9,0.0
2017-09-10 16:00:00,16.1,75,99,105.0,33.0,0.1
2017-09-10 17:00:00,15.7,78,100,104.0,31.9,0.2
2017-09-10 18:00:00,15.7,80,100,30.0,34.7,0.1
2017-09-10 19:00:00,15.6,83,97,4.0,28.0,0.9
2017-09-10 20:00:00,15.0,86,44,2.0,27.7,0.2
2017-09-10 21:00:00,14.1,81,31,0.0,27.0,0.0
2017-09-10 22:00:00,13.2,76,42,0.0,26.4,0.0
2017-09-10 23:00:00,12.9,76,10,0.0,25.9,0.0
2017-09-11 00:00:00,12.3,77,3,0.0,25.0,0.0
2017-09-11 01:00:00,12.1,78,19,0.0,23.6,0.0
2017-09-11 02:00:00,12.0,76,16,0.0,23.4,0.0
2017-09-11 03:00:00,11.6,74,3,0.0,24.2,0.0
2017-09-11 04:00:00,11.5,73,0,0.0,26.6,0.0
2017-09-11 05:00:00,11.3,75,3,0.0,26.1,0.0
2017-09-11 06:00:00,11.5,75,21,0.0,26.6,0.0
2017-09-11 07:00:00,11.9,75,40,5.0,28.1,0.0
2017-09-11 08:00:00,13.0,74,80,83.0,27.6,0.0
2017-09-11 09:00:00,14.3,72,91,214.0,29.2,0.0
2017-09-11 10:00:00,15.2,70,76,270.0,36.9,0.0
2017-09-11 11:00:00,16.4,63,47,288.0,33.8,0.0
2017-09-11 12:00:00,17.3,60,42,460.0,33.9,0.1
2017-09-11 13:00:00,17.1,64,44,476.0,31.5,0.0
2017-09-11 14:00:00,17.5,65,71,410.0,31.3,2.3
2017-09-11 15:00:00,16.2,69,70,391.0,25.1,1.0
2017-09-11 16:00:00,17.4,60,46,349.0,30.2,0.0
2017-09-11 17:00:00,16.2,66,69,251.0,29.9,0.8
2017-09-11 18:00:00,15.5,71,46,125.0,23.7,0.0
2017-09-11 19:00:00,15.0,69,46,64.0,22.0,0.0
2017-09-11 20:00:00,14.1,72,17,3.0,18.8,0.0
2017-09-11 21:00:00,13.4,75,43,0.0,17.1,0.0
2017-09-11 22:00:00,12.6,78,2,0.0,16.8,0.0
2017-09-11 23:00:00,12.1,80,5,0.0,17.1,0.0
2017-09-12 00:00:00,11.6,82,3,0.0,16.3,0.0
2017-09-12 01:00:00,11.7,81,4,0.0,16.3,0.0
2017-09-12 02:00:00,11.2,84,5,0.0,15.3,0.0
2017-09-12 03:00:00,10.9,86,7,0.0,15.0,0.0
2017-09-12 04:00:00,10.7,87,3,0.0,14.7,0.0
2017-09-12 05:00:00,10.4,88,2,0.0,15.3,0.0
2017-09-12 06:00:00,10.1,89,3,0.0,14.3,0.0
2017-09-12 07:00:00,10.1,89,6,5.0,13.6,0.0
2017-09-12 08:00:00,11.5,83,6,92.0,15.6,0.0
2017-09-12 09:00:00,13.0,76,2,239.0,18.5,0.0
2017-09-12 10:00:00,14.6,67,15,389.0,20.9,0.0
2017-09-12 11:00:00,15.7,61,37,489.0,22.0,0.0
2017-09-12 12:00:00,16.6,57,31,487.0,20.8,0.0
2017-09-12 13:00:00,16.1,59,35,449.0,21.1,0.0
2017-09-12 14:00:00,16.9,54,47,439.0,22.2,0.0
2017-09-12 15:00:00,17.4,50,65,434.0,26.1,0.0
2017-09-12 16:00:00,17.3,51,72,335.0,25.1,0.0
2017-09-12 17:00:00,16.6,57,63,165.0,21.2,0.0
2017-09-12 18:00:00,15.9,62,90,122.0,24.1,0.0
2017-09-12 19:00:00,14.4,70,77,50.0,22.3,0.2
2017-09-12 20:00:00,13.6,75,100,1.0,22.9,0.1
2017-09-12 21:00:00,13.4,84,100,0.0,26.2,0.6
2017-09-12 22:00:00,13.7,87,100,0.0,33.4,1.1
2017-09-12 23:00:00,14.2,84,100,0.0,38.3,0.5
2017-09-13 00:00:00,15.2,88,92,0.0,37.4,0.9
2017-09-13 01:00:00,15.7,91,21,0.0,36.7,0.5
2017-09-13 02:00:00,15.4,85,74,0.0,35.2,0.0
2017-09-13 03:00:00,15.0,83,48,0.0,38.7,0.0
2017-09-13 04:00:00,14.7,76,83,0.0,42.7,0.0
2017-09-13 05:00:00,14.2,75,22,0.0,40.0,0.0
2017-09-13 06:00:00,13.0,73,2,0.0,36.6,0.0
2017-09-13 07:00:00,12.0,71,2,5.0,31.3,0.0
2017-09-13 08:00:00,12.4,71,7,89.0,27.8,0.0
2017-09-13 09:00:00,13.8,69,17,233.0,31.2,0.0
2017-09-13 10:00:00,14.8,63,34,375.0,37.2,0.0
2017-09-13 11:00:00,15.7,60,14,428.0,32.8,0.0
2017-09-13 12:00:00,16.8,51,57,562.0,36.4,0.0
2017-09-13 13:00:00,16.5,58,64,457.0,31.1,0.2
2017-09-13 14:00:00,16.7,56,59,412.0,31.8,0.2
2017-09-13 15:00:00,16.8,57,58,397.0,31.5,0.2
2017-09-13 16:00:00,15.8,61,98,324.0,27.7,0.0
2017-09-13 17:00:00,14.6,72,61,97.0,20.2,0.0
2017-09-13 18:00:00,14.7,67,37,112.0,22.5,0.1
2017-09-13 19:00:00,13.9,62,34,57.0,21.4,0.0
2017-09-13 20:00:00,13.1,63,23,1.0,19.7,0.0
2017-09-13 21:00:00,12.4,65,30,0.0,19.1,0.0
2017-09-13 22:00:00,11.7,69,27,0.0,18.0,0.0
2017-09-13 23:00:00,10.9,75,59,0.0,15.0,0.0
2017-09-14 00:00:00,10.4,79,82,0.0,12.4,0.0
2017-09-14 01:00:00,10.0,82,96,0.0,13.2,0.0
2017-09-14 02:00:00,9.5,86,94,0.0,13.4,0.0
2017-09-14 03:00:00,9.1,90,33,0.0,14.3,0.0
2017-09-14 04:00:00,8.9,92,15,0.0,13.8,0.0
2017-09-14 05:00:00,8.5,92,1,0.0,14.4,0.0
2017-09-14 06:00:00,8.1,92,2,0.0,15.5,0.0
2017-09-14 07:00:00,7.9,90,8,4.0,15.8,0.0
2017-09-14 08:00:00,9.2,85,56,86.0,18.1,0.0
2017-09-14 09:00:00,10.9,78,93,222.0,22.4,0.0
2017-09-14 10:00:00,12.6,68,100,317.0,28.5,0.0
2017-09-14 11:00:00,13.6,60,100,294.0,25.4,0.0
2017-09-14 12:00:00,14.3,61,100,337.0,24.5,0.1
2017-09-14 13:00:00,15.7,70,100,337.0,20.8,0.1
2017-09-14 14:00:00,16.1,70,70,513.0,19.0,0.2
2017-09-14 15:00:00,15.4,66,74,441.0,22.0,0.1
2017-09-14 16:00:00,15.3,68,62,327.0,18.9,0.0
2017-09-14 17:00:00,16.1,54,45,282.0,18.1,0.0
2017-09-14 18:00:00,15.4,58,38,158.0,15.2,0.0
2017-09-14 19:00:00,14.1,63,44,50.0,12.2,0.0
2017-09-14 20:00:00,13.2,64,32,1.0,13.4,0.0
2017-09-14 21:00:00,12.3,68,31,0.0,12.7,0.0
2017-09-14 22:00:00,11.3,74,9,0.0,12.1,0.0
2017-09-14 23:00:00,10.4,77,2,0.0,12.1,0.0
2017-09-15 00:00:00,9.7,80,1,0.0,11.3,0.0
2017-09-15 01:00:00,9.0,85,21,0.0,9.4,0.0
2017-09-15 02:00:00,8.3,89,26,0.0,10.1,0.0
2017-09-15 03:00:00,7.9,91,40,0.0,9.7,0.0
2017-09-15 04:00:00,7.8,93,43,0.0,9.1,0.0
2017-09-15 05:00:00,7.7,94,36,0.0,8.6,0.0
2017-09-15 06:00:00,7.2,96,42,0.0,8.0,0.0
2017-09-15 07:00:00,7.1,96,11,3.0,7.6,0.0
2017-09-15 08:00:00,8.9,89,9,81.0,10.2,0.0
2017-09-15 09:00:00,10.6,82,5,224.0,10.5,0.0
2017-09-15 10:00:00,12.5,73,44,383.0,13.0,0.0
2017-09-15 11:00:00,13.4,67,34,366.0,12.0,0.1
2017-09-15 12:00:00,14.1,64,46,427.0,10.9,0.0
2017-09-15 13:00:00,14.7,64,44,400.0,9.3,0.0
2017-09-15 14:00:00,15.3,64,76,473.0,9.9,0.0
2017-09-15 15:00:00,13.2,72,81,415.0,14.4,3.3
2017-09-15 16:00:00,14.1,66,65,264.0,7.6,0.1
2017-09-15 17:00:00,14.5,63,57,223.0,8.3,0.0
2017-09-15 18:00:00,13.4,71,100,151.0,13.8,1.8
2017-09-15 19:00:00,11.5,87,100,23.0,11.2,1.8
2017-09-15 20:00:00,11.3,89,99,0.0,6.5,0.8
2017-09-15 21:00:00,10.8,92,99,0.0,5.2,0.4
2017-09-15 22:00:00,10.5,93,96,0.0,8.4,0.1
2017-09-15 23:00:00,10.2,92,62,0.0,7.7,0.0
2017-09-16 00:00:00,9.2,95,15,0.0,5.4,0.0
2017-09-16 01:00:00,9.2,95,21,0.0,7.4,0.0
2017-09-16 02:00:00,8.7,95,18,0.0,6.4,0.0
2017-09-16 03:00:00,7.8,96,37,0.0,6.6,0.0
2017-09-16 04:00:00,7.9,96,47,0.0,5.2,0.0
2017-09-16 05:00:00,8.1,96,48,0.0,5.8,0.0
2017-09-16 06:00:00,7.9,96,32,0.0,5.1,0.3
2017-09-16 07:00:00,7.7,97,52,2.0,5.1,0.2
2017-09-16 08:00:00,9.3,91,43,65.0,5.4,0.0
2017-09-16 09:00:00,10.6,86,51,181.0,6.2,0.0
2017-09-16 10:00:00,12.3,74,54,333.0,11.8,0.0
2017-09-16 11:00:00,12.8,73,91,333.0,11.1,0.2
2017-09-16 12:00:00,12.9,75,88,247.0,11.1,0.1
2017-09-16 13:00:00,13.8,75,51,322.0,9.4,0.1
2017-09-16 14:00:00,14.7,72,46,414.0,9.1,0.1
2017-09-16 15:00:00,13.1,74,76,443.0,11.6,2.4
2017-09-16 16:00:00,13.8,70,49,260.0,4.7,0.1
2017-09-16 17:00:00,13.0,73,73,263.0,13.0,0.1
2017-09-16 18:00:00,12.8,75,46,120.0,8.0,0.0
2017-09-16 19:00:00,11.1,87,51,47.0,6.2,0.0
2017-09-16 20:00:00,10.3,91,45,0.0,6.6,0.0
2017-09-16 21:00:00,10.0,91,47,0.0,5.8,0.0
2017-09-16 22:00:00,9.8,92,50,0.0,5.0,0.0
2017-09-16 23:00:00,9.7,92,41,0.0,5.4,0.0
2017-09-17 00:00:00,8.7,94,32,0.0,6.1,0.0
2017-09-17 01:00:00,8.6,95,22,0.0,6.0,0.0
2017-09-17 02:00:00,8.2,96,52,0.0,5.9,0.0
2017-09-17 03:00:00,7.8,97,65,0.0,6.6,0.0
2017-09-17 04:00:00,7.7,98,38,0.0,6.5,0.0
2017-09-17 05:00:00,7.6,98,32,0.0,6.8,0.0
2017-09-17 06:00:00,7.3,99,36,0.0,7.9,0.0
2017-09-17 07:00:00,7.3,99,42,2.0,6.9,0.0
2017-09-17 08:00:00,9.2,93,31,58.0,4.7,0.0
2017-09-17 09:00:00,10.5,89,42,156.0,5.4,0.1
2017-09-17 10:00:00,12.1,82,66,236.0,6.5,0.0
2017-09-17 11:00:00,13.4,75,56,307.0,7.3,0.3
2017-09-17 12:00:00,14.6,74,46,436.0,8.4,0.1
2017-09-17 13:00:00,14.9,64,63,476.0,9.7,0.0
2017-09-17 14:00:00,15.6,59,83,506.0,9.4,0.2
2017-09-17 15:00:00,15.7,59,91,411.0,9.4,0.0
2017-09-17 16:00:00,15.7,64,96,351.0,10.6,0.3
2017-09-17 17:00:00,15.5,64,95,204.0,13.1,0.5
2017-09-17 18:00:00,14.4,72,92,96.0,12.1,0.2
2017-09-17 19:00:00,13.3,76,92,40.0,8.8,0.0
2017-09-17 20:00:00,11.1,86,92,0.0,7.8,0.0
2017-09-17 21:00:00,10.8,89,81,0.0,6.4,0.0
2017-09-17 22:00:00,10.0,93,88,0.0,6.1,0.0
2017-09-17 23:00:00,9.7,93,64,0.0,6.2,0.0
2017-09-18 00:00:00,9.3,94,62,0.0,7.0,0.0
2017-09-18 01:00:00,9.4,94,90,0.0,8.3,0.0
2017-09-18 02:00:00,9.6,94,80,0.0,7.7,0.0
2017-09-18 03:00:00,9.1,95,59,0.0,6.6,0.0
2017-09-18 04:00:00,8.8,96,86,0.0,6.3,0.0
2017-09-18 05:00:00,8.8,96,92,0.0,6.0,0.0
2017-09-18 06:00:00,8.8,97,86,0.0,6.5,0.0
2017-09-18 07:00:00,9.2,96,100,1.0,8.2,0.0
2017-09-18 08:00:00,10.8,90,100,42.0,13.2,0.0
2017-09-18 09:00:00,12.0,84,100,98.0,17.0,0.0
2017-09-18 10:00:00,13.2,77,95,188.0,17.7,0.0
2017-09-18 11:00:00,14.3,67,79,248.0,15.4,0.0
2017-09-18 12:00:00,14.7,67,48,382.0,16.3,0.1
2017-09-18 13:00:00,15.6,74,39,481.0,15.1,0.1
2017-09-18 14:00:00,15.5,65,51,445.0,17.4,0.2
2017-09-18 15:00:00,15.6,64,96,375.0,13.4,0.1
2017-09-18 16:00:00,15.0,64,99,262.0,16.1,0.1
2017-09-18 17:00:00,15.0,66,100,193.0,12.3,0.0
2017-09-18 18:00:00,14.7,68,100,116.0,10.6,0.0
2017-09-18 19:00:00,12.8,75,100,29.0,9.2,0.2
2017-09-18 20:00:00,12.2,79,100,0.0,7.7,0.0
2017-09-18 21:00:00,11.5,83,100,0.0,7.6,0.1
2017-09-18 22:00:00,10.9,89,100,0.0,7.3,0.7
2017-09-18 23:00:00,10.8,90,100,0.0,5.4,0.6
2017-09-19 00:00:00,10.6,91,100,0.0,6.3,0.4
2017-09-19 01:00:00,10.7,92,100,0.0,6.2,0.4
2017-09-19 02:00:00,10.5,94,100,0.0,6.0,0.5
2017-09-19 03:00:00,10.3,94,91,0.0,7.2,0.1
2017-09-19 04:00:00,10.0,94,20,0.0,8.4,0.0
2017-09-19 05:00:00,8.3,97,12,0.0,6.4,0.0
2017-09-19 06:00:00,7.9,97,3,0.0,6.3,0.0
2017-09-19 07:00:00,7.4,97,4,1.0,6.0,0.0
2017-09-19 08:00:00,9.0,93,0,69.0,7.1,0.0
2017-09-19 09:00:00,10.3,88,0,210.0,4.6,0.0
2017-09-19 10:00:00,12.0,79,44,361.0,5.9,0.0
2017-09-19 11:00:00,13.4,67,92,446.0,10.0,0.0
2017-09-19 12:00:00,14.1,63,53,400.0,6.3,0.0
2017-09-19 13:00:00,13.8,66,79,413.0,7.0,0.0
2017-09-19 14:00:00,14.1,65,100,221.0,9.1,0.1
2017-09-19 15:00:00,14.3,63,100,214.0,8.0,0.0
2017-09-19 16:00:00,14.4,61,100,161.0,9.5,0.0
2017-09-19 17:00:00,14.4,60,100,114.0,10.2,0.0
2017-09-19 18:00:00,14.3,64,98,72.0,3.4,0.0
2017-09-19 19:00:00,12.9,74,45,26.0,4.0,0.0
2017-09-19 20:00:00,11.2,76,5,0.0,6.8,0.0
2017-09-19 21:00:00,9.9,81,20,0.0,7.8,0.0
2017-09-19 22:00:00,10.1,80,40,0.0,7.9,0.0
2017-09-19 23:00:00,10.2,80,37,0.0,7.9,0.0
2017-09-20 00:00:00,9.9,86,31,0.0,7.4,0.0
2017-09-20 01:00:00,10.1,92,23,0.0,7.9,0.0
2017-09-20 02:00:00,9.0,96,82,0.0,7.9,0.0
2017-09-20 03:00:00,9.1,97,80,0.0,7.1,0.0
2017-09-20 04:00:00,9.5,97,93,0.0,7.1,0.0
2017-09-20 05:00:00,9.8,97,88,0.0,6.4,0.0
2017-09-20 06:00:00,9.9,98,89,0.0,6.1,0.0
2017-09-20 07:00:00,10.3,97,86,1.0,6.7,0.0
2017-09-20 08:00:00,11.8,93,55,42.0,10.5,0.0
2017-09-20 09:00:00,13.7,86,56,160.0,11.5,0.0
2017-09-20 10:00:00,15.6,77,51,304.0,16.9,0.0
2017-09-20 11:00:00,17.1,68,100,397.0,17.4,0.2
2017-09-20 12:00:00,17.4,68,100,257.0,16.3,0.0
2017-09-20 13:00:00,17.1,69,100,282.0,15.8,0.1
2017-09-20 14:00:00,17.0,71,100,172.0,18.9,0.1
2017-09-20 15:00:00,17.1,72,100,173.0,19.7,0.1
2017-09-20 16:00:00,17.3,70,100,165.0,19.8,0.0
2017-09-20 17:00:00,16.6,75,99,119.0,20.1,0.0
2017-09-20 18:00:00,16.2,75,58,96.0,18.6,0.0
2017-09-20 19:00:00,14.9,79,82,33.0,14.7,0.0
2017-09-20 20:00:00,14.4,81,100,0.0,14.5,0.0
2017-09-20 21:00:00,14.3,82,100,0.0,15.0,0.0
2017-09-20 22:00:00,14.4,83,100,0.0,14.9,0.0
2017-09-20 23:00:00,14.7,82,100,0.0,14.3,0.1
2017-09-21 00:00:00,14.9,81,100,0.0,14.7,0.0
2017-09-21 01:00:00,14.3,84,100,0.0,12.4,0.0
2017-09-21 02:00:00,14.3,84,40,0.0,14.8,0.0
2017-09-21 03:00:00,13.9,86,38,0.0,13.7,0.0
2017-09-21 04:00:00,13.6,88,43,0.0,11.9,0.0
2017-09-21 05:00:00,13.3,90,69,0.0,11.9,0.0
2017-09-21 06:00:00,13.1,90,48,0.0,11.9,0.0
2017-09-21 07:00:00,13.3,87,62,1.0,13.7,0.0
2017-09-21 08:00:00,14.3,83,89,57.0,16.7,0.0
2017-09-21 09:00:00,15.6,79,95,169.0,16.8,0.0
2017-09-21 10:00:00,16.8,70,99,258.0,28.7,0.0
2017-09-21 11:00:00,17.0,69,98,212.0,26.0,0.0
2017-09-21 12:00:00,17.7,67,98,267.0,25.9,0.0
2017-09-21 13:00:00,17.5,68,100,311.0,23.2,0.0
2017-09-21 14:00:00,17.4,70,100,195.0,23.5,0.0
2017-09-21 15:00:00,16.9,73,100,100.0,20.0,0.0
2017-09-21 16:00:00,16.2,80,100,62.0,20.5,0.3
2017-09-21 17:00:00,15.5,87,100,26.0,18.2,0.6
2017-09-21 18:00:00,15.2,93,100,21.0,18.7,0.7
2017-09-21 19:00:00,14.5,91,99,8.0,18.3,0.2
2017-09-21 20:00:00,13.7,92,99,0.0,14.5,0.0
2017-09-21 21:00:00,13.1,93,98,0.0,10.7,0.0
2017-09-21 22:00:00,12.5,95,87,0.0,8.8,0.0
2017-09-21 23:00:00,12.1,95,79,0.0,9.4,0.0
2017-09-22 00:00:00,11.2,94,68,0.0,10.0,0.0
2017-09-22 01:00:00,12.3,94,8,0.0,7.7,0.0
2017-09-22 02:00:00,11.8,91,89,0.0,7.2,0.0
2017-09-22 03:00:00,11.0,88,100,0.0,6.4,0.0
2017-09-22 04:00:00,10.2,89,83,0.0,5.4,0.0
2017-09-22 05:00:00,9.7,89,54,0.0,4.7,0.0
2017-09-22 06:00:00,8.5,94,17,0.0,5.2,0.0
2017-09-22 07:00:00,7.6,97,2,0.0,4.9,0.0
2017-09-22 08:00:00,8.3,94,1,64.0,6.4,0.0
2017-09-22 09:00:00,10.1,90,0,210.0,5.2,0.0
2017-09-22 10:00:00,12.4,79,0,359.0,5.9,0.0
2017-09-22 11:00:00,14.4,63,0,487.0,8.5,0.0
2017-09-22 12:00:00,15.7,58,14,580.0,11.8,0.0
2017-09-22 13:00:00,16.6,55,78,580.0,12.5,0.0
2017-09-22 14:00:00,17.2,54,94,452.0,15.1,0.0
2017-09-22 15:00:00,17.4,52,100,410.0,15.5,0.0
2017-09-22 16:00:00,16.8,60,100,201.0,17.7,0.0
2017-09-22 17:00:00,16.5,61,80,144.0,15.3,0.0
2017-09-22 18:00:00,15.9,63,83,103.0,13.1,0.0
2017-09-22 19:00:00,14.5,71,35,26.0,13.5,0.0
2017-09-22 20:00:00,13.2,77,48,0.0,10.8,0.0
2017-09-22 21:00:00,12.6,80,54,0.0,12.6,0.6
2017-09-22 22:00:00,12.8,81,100,0.0,12.1,0.0
2017-09-22 23:00:00,12.7,82,47,0.0,12.3,0.0
2017-09-23 00:00:00,13.0,81,51,0.0,12.1,0.0
2017-09-23 01:00:00,11.9,88,58,0.0,9.3,0.0
2017-09-23 02:00:00,12.2,86,95,0.0,9.5,0.0
2017-09-23 03:00:00,13.0,82,84,0.0,10.9,0.0
2017-09-23 04:00:00,13.1,83,73,0.0,10.0,0.0
2017-09-23 05:00:00,12.2,87,49,0.0,8.4,0.0
2017-09-23 06:00:00,11.9,90,95,0.0,8.0,0.0
2017-09-23 07:00:00,13.0,87,100,0.0,9.3,0.0
2017-09-23 08:00:00,14.2,83,100,14.0,11.7,0.0
2017-09-23 09:00:00,14.9,81,100,41.0,12.4,0.0
2017-09-23 10:00:00,15.3,82,100,64.0,12.2,0.0
2017-09-23 11:00:00,16.2,79,99,125.0,13.8,0.0
2017-09-23 12:00:00,17.0,73,97,180.0,14.4,0.0
2017-09-23 13:00:00,18.7,62,92,283.0,14.8,0.0
2017-09-23 14:00:00,19.1,56,30,526.0,14.6,0.0
2017-09-23 15:00:00,18.9,57,29,452.0,14.8,0.0
2017-09-23 16:00:00,18.6,57,53,387.0,14.0,0.0
2017-09-23 17:00:00,18.1,57,34,262.0,13.4,0.0
2017-09-23 18:00:00,16.9,64,47,150.0,8.4,0.0
2017-09-23 19:00:00,13.8,77,78,31.0,7.8,0.0
2017-09-23 20:00:00,13.2,80,85,0.0,8.4,0.0
2017-09-23 21:00:00,11.9,85,89,0.0,8.2,0.0
2017-09-23 22:00:00,11.7,84,99,0.0,9.0,0.0
2017-09-23 23:00:00,11.7,87,97,0.0,8.5,0.0
2017-09-24 00:00:00,11.4,91,94,0.0,7.7,0.0
2017-09-24 01:00:00,11.6,93,99,0.0,7.3,0.0
2017-09-24 02:00:00,11.8,92,99,0.0,7.4,0.0
2017-09-24 03:00:00,12.2,91,99,0.0,8.4,0.0
2017-09-24 04:00:00,12.6,90,97,0.0,10.1,0.0
2017-09-24 05:00:00,12.6,90,79,0.0,10.7,0.0
2017-09-24 06:00:00,12.2,91,0,0.0,11.0,0.0
2017-09-24 07:00:00,11.9,91,0,0.0,11.0,0.0
2017-09-24 08:00:00,13.2,88,9,55.0,13.2,0.0
2017-09-24 09:00:00,15.2,80,6,191.0,13.7,0.0
2017-09-24 10:00:00,17.1,73,39,336.0,14.8,0.0
2017-09-24 11:00:00,18.6,69,70,435.0,15.3,0.0
2017-09-24 12:00:00,19.8,65,79,471.0,16.4,0.0
2017-09-24 13:00:00,20.4,55,98,464.0,17.6,0.0
2017-09-24 14:00:00,20.7,52,93,508.0,17.6,0.0
2017-09-24 15:00:00,20.8,50,98,461.0,16.5,0.0
2017-09-24 16:00:00,20.4,50,98,344.0,15.6,0.0
2017-09-24 17:00:00,19.0,59,97,216.0,13.2,0.2
2017-09-24 18:00:00,17.7,64,100,92.0,10.0,0.0
2017-09-24 19:00:00,16.1,71,100,16.0,9.5,0.0
2017-09-24 20:00:00,15.5,76,100,0.0,8.1,0.0
2017-09-24 21:00:00,15.0,79,100,0.0,7.4,0.0
2017-09-24 22:00:00,15.5,78,100,0.0,8.2,0.0
2017-09-24 23:00:00,15.4,79,100,0.0,7.7,0.0
2017-09-25 00:00:00,15.6,76,100,0.0,9.2,0.0
2017-09-25 01:00:00,14.6,88,100,0.0,6.2,0.0
2017-09-25 02:00:00,14.1,90,100,0.0,8.1,0.4
2017-09-25 03:00:00,14.0,92,100,0.0,7.9,0.5
2017-09-25 04:00:00,14.3,92,100,0.0,5.9,1.4
2017-09-25 05:00:00,14.4,92,100,0.0,6.5,3.6
2017-09-25 06:00:00,14.4,93,100,0.0,6.8,0.9
2017-09-25 07:00:00,14.3,94,100,0.0,8.9,0.5
2017-09-25 08:00:00,14.3,94,100,5.0,9.9,0.2
2017-09-25 09:00:00,14.6,93,100,18.0,8.4,0.3
2017-09-25 10:00:00,14.8,92,100,35.0,8.4,0.4
2017-09-25 11:00:00,15.0,91,100,50.0,8.0,0.3
2017-09-25 12:00:00,15.2,90,100,55.0,8.0,0.2
2017-09-25 13:00:00,15.7,87,100,88.0,8.1,0.0
2017-09-25 14:00:00,16.2,83,100,85.0,8.1,0.0
2017-09-25 15:00:00,16.6,82,100,82.0,8.4,0.0
2017-09-25 16:00:00,16.4,85,100,43.0,11.5,0.0
2017-09-25 17:00:00,16.0,86,100,39.0,11.3,0.0
2017-09-25 18:00:00,15.6,88,100,19.0,7.2,0.1
2017-09-25 19:00:00,15.1,91,100,3.0,5.9,0.5
2017-09-25 20:00:00,14.9,94,100,0.0,8.7,0.6
2017-09-25 21:00:00,14.8,95,100,0.0,10.1,0.1
2017-09-25 22:00:00,14.6,96,100,0.0,8.9,0.0
2017-09-25 23:00:00,14.5,96,100,0.0,5.9,0.1
2017-09-26 00:00:00,14.3,96,100,0.0,6.4,0.1
2017-09-26 01:00:00,14.3,95,100,0.0,9.5,0.0
2017-09-26 02:00:00,14.2,95,100,0.0,7.1,0.0
2017-09-26 03:00:00,14.0,96,100,0.0,5.9,0.0
2017-09-26 04:00:00,13.9,96,100,0.0,7.2,0.0
2017-09-26 05:00:00,13.8,95,99,0.0,8.7,0.0
2017-09-26 06:00:00,13.3,96,68,0.0,6.4,0.0
2017-09-26 07:00:00,13.0,96,66,0.0,7.0,0.0
2017-09-26 08:00:00,13.6,95,66,33.0,9.4,0.0
2017-09-26 09:00:00,14.9,88,74,127.0,12.3,0.0
2017-09-26 10:00:00,16.0,84,80,210.0,11.6,0.0
2017-09-26 11:00:00,17.2,75,100,266.0,9.9,0.0
2017-09-26 12:00:00,17.9,71,100,240.0,8.6,0.0
2017-09-26 13:00:00,18.4,71,100,240.0,5.1,0.0
2017-09-26 14:00:00,18.7,67,40,337.0,1.0,0.1
2017-09-26 15:00:00,19.0,66,43,342.0,3.0,0.0
2017-09-26 16:00:00,19.0,66,43,256.0,4.7,0.0
2017-09-26 17:00:00,18.6,69,76,195.0,6.9,0.0
2017-09-26 18:00:00,17.4,77,95,94.0,8.7,0.0
2017-09-26 19:00:00,16.0,82,96,15.0,9.0,0.0
2017-09-26 20:00:00,15.3,86,98,0.0,10.8,0.0
2017-09-26 21:00:00,14.5,92,98,0.0,9.1,0.0
2017-09-26 22:00:00,13.9,96,99,0.0,8.3,0.0
2017-09-26 23:00:00,13.7,97,99,0.0,6.8,0.0
2017-09-27 00:00:00,13.1,98,98,0.0,6.1,0.0
2017-09-27 01:00:00,12.9,98,81,0.0,7.2,0.0
2017-09-27 02:00:00,12.9,98,79,0.0,7.2,0.0
2017-09-27 03:00:00,13.0,98,88,0.0,8.3,0.0
2017-09-27 04:00:00,13.0,98,66,0.0,8.3,0.0
2017-09-27 05:00:00,12.9,98,54,0.0,8.6,0.0
2017-09-27 06:00:00,12.5,99,82,0.0,7.6,0.0
2017-09-27 07:00:00,12.2,99,96,0.0,6.3,0.0
2017-09-27 08:00:00,13.2,96,98,23.0,9.4,0.0
2017-09-27 09:00:00,14.5,89,86,76.0,11.0,0.0
2017-09-27 10:00:00,15.8,85,93,195.0,10.0,0.0
2017-09-27 11:00:00,17.2,78,98,281.0,10.5,0.0
2017-09-27 12:00:00,18.4,72,82,361.0,10.9,0.0
2017-09-27 13:00:00,18.5,74,69,371.0,15.6,0.0
2017-09-27 14:00:00,19.4,69,92,267.0,16.2,0.1
2017-09-27 15:00:00,20.0,66,98,322.0,16.5,0.0
2017-09-27 16:00:00,19.8,67,98,263.0,17.1,0.0
2017-09-27 17:00:00,19.2,69,100,165.0,16.6,0.0
2017-09-27 18:00:00,17.9,74,100,60.0,14.6,0.0
2017-09-27 19:00:00,16.9,78,100,5.0,11.3,0.0
2017-09-27 20:00:00,16.4,82,100,0.0,11.4,0.0
2017-09-27 21:00:00,16.1,83,100,0.0,13.1,0.5
2017-09-27 22:00:00,15.8,88,100,0.0,14.3,2.1
2017-09-27 23:00:00,15.8,89,100,0.0,14.2,1.9
2017-09-28 00:00:00,16.0,90,100,0.0,14.8,1.1
2017-09-28 01:00:00,16.0,92,100,0.0,14.5,1.1
2017-09-28 02:00:00,16.0,94,100,0.0,13.4,1.0
2017-09-28 03:00:00,15.9,94,100,0.0,14.1,0.4
2017-09-28 04:00:00,15.8,93,100,0.0,15.8,0.1
2017-09-28 05:00:00,15.9,94,99,0.0,14.8,0.0
2017-09-28 06:00:00,16.0,95,100,0.0,14.0,0.0
2017-09-28 07:00:00,15.9,94,100,0.0,13.6,0.0
2017-09-28 08:00:00,15.8,96,100,10.0,14.5,0.1
2017-09-28 09:00:00,15.7,95,100,25.0,14.8,0.0
2017-09-28 10:00:00,16.0,92,99,99.0,14.0,0.0
2017-09-28 11:00:00,16.6,88,100,241.0,14.0,0.0
2017-09-28 12:00:00,17.3,82,74,383.0,13.9,0.0
2017-09-28 13:00:00,18.6,75,70,503.0,12.6,0.0
2017-09-28 14:00:00,19.0,70,29,488.0,12.2,0.0
2017-09-28 15:00:00,19.2,67,29,437.0,13.9,0.0
2017-09-28 16:00:00,19.3,63,92,373.0,11.3,0.0
2017-09-28 17:00:00,19.1,62,98,232.0,10.6,0.0
2017-09-28 18:00:00,17.4,69,100,106.0,16.0,0.0
2017-09-28 19:00:00,15.6,77,99,13.0,15.4,0.0
2017-09-28 20:00:00,14.4,84,95,0.0,12.0,0.0
2017-09-28 21:00:00,13.5,89,98,0.0,8.8,0.0
2017-09-28 22:00:00,12.8,92,100,0.0,7.9,0.0
2017-09-28 23:00:00,14.6,85,95,0.0,9.7,0.0
2017-09-29 00:00:00,15.1,84,100,0.0,10.2,0.0
2017-09-29 01:00:00,15.4,90,100,0.0,12.8,0.0
2017-09-29 02:00:00,15.8,90,86,0.0,15.9,0.0
2017-09-29 03:00:00,16.4,92,98,0.0,16.6,0.0
2017-09-29 04:00:00,17.4,91,92,0.0,17.5,0.1
2017-09-29 05:00:00,17.3,91,100,0.0,19.6,0.4
2017-09-29 06:00:00,17.3,91,99,0.0,16.3,0.1
2017-09-29 07:00:00,17.2,93,100,0.0,15.1,0.0
2017-09-29 08:00:00,17.5,91,99,7.0,18.0,0.0
2017-09-29 09:00:00,17.8,90,100,29.0,19.2,0.0
2017-09-29 10:00:00,17.8,90,96,40.0,24.5,0.1
2017-09-29 11:00:00,18.3,80,91,194.0,22.4,0.0
2017-09-29 12:00:00,18.1,78,100,259.0,25.2,0.1
2017-09-29 13:00:00,18.3,80,100,140.0,17.1,0.1
2017-09-29 14:00:00,17.6,81,99,197.0,23.4,0.2
2017-09-29 15:00:00,17.4,72,100,211.0,18.0,0.1
2017-09-29 16:00:00,17.3,68,100,195.0,14.3,0.0
2017-09-29 17:00:00,16.9,69,100,128.0,10.9,0.0
2017-09-29 18:00:00,15.9,73,100,47.0,10.5,0.0
2017-09-29 19:00:00,15.0,76,100,7.0,8.4,0.0
2017-09-29 20:00:00,14.5,78,99,0.0,8.5,0.0
2017-09-29 21:00:00,13.9,80,55,0.0,10.0,0.1
2017-09-29 22:00:00,12.6,87,100,0.0,8.6,0.1
2017-09-29 23:00:00,12.5,87,99,0.0,7.9,0.0
2017-09-30 00:00:00,12.0,87,100,0.0,7.6,0.0
2017-09-30 01:00:00,11.5,92,87,0.0,7.6,0.0
2017-09-30 02:00:00,11.0,94,100,0.0,7.3,0.0
2017-09-30 03:00:00,10.1,95,100,0.0,7.2,0.0
2017-09-30 04:00:00,10.4,92,100,0.0,7.5,0.0
2017-09-30 05:00:00,10.3,90,100,0.0,6.2,0.0
2017-09-30 06:00:00,10.6,88,100,0.0,7.6,0.2
2017-09-30 07:00:00,10.7,86,100,0.0,8.7,0.0
2017-09-30 08:00:00,11.2,85,100,21.0,10.0,0.0
2017-09-30 09:00:00,12.4,83,98,83.0,11.5,0.0
2017-09-30 10:00:00,13.8,80,81,196.0,13.5,0.0
2017-09-30 11:00:00,15.7,67,32,413.0,17.6,0.0
2017-09-30 12:00:00,16.5,59,64,416.0,19.4,0.0
2017-09-30 13:00:00,15.1,70,29,401.0,16.1,0.0
2017-09-30 14:00:00,15.5,67,63,208.0,17.7,0.1
2017-09-30 15:00:00,16.4,63,87,296.0,18.4,0.2
2017-09-30 16:00:00,16.1,68,71,172.0,18.8,0.0
2017-09-30 17:00:00,15.5,76,84,148.0,16.0,0.1
2017-09-30 18:00:00,15.0,79,100,48.0,14.0,0.0
2017-09-30 19:00:00,14.4,81,97,3.0,12.8,0.1
2017-09-30 20:00:00,13.9,82,100,0.0,15.0,0.1
2017-09-30 21:00:00,13.7,85,100,0.0,17.6,0.2
2017-09-30 22:00:00,13.9,88,100,0.0,18.6,0.1
2017-09-30 23:00:00,14.3,87,99,0.0,18.4,0.1
2017-10-01 00:00:00,14.5,86,100,0.0,17.4,0.1
2017-10-01 01:00:00,14.3,88,100,0.0,17.7,0.0
2017-10-01 02:00:00,14.2,87,100,0.0,22.4,0.2
2017-10-01 03:00:00,14.5,86,100,0.0,24.6,0.0
2017-10-01 04:00:00,14.7,87,100,0.0,20.6,0.0
2017-10-01 05:00:00,14.9,89,100,0.0,17.6,0.0
2017-10-01 06:00:00,15.3,90,100,0.0,18.8,0.0
2017-10-01 07:00:00,15.5,90,99,0.0,17.1,0.0
2017-10-01 08:00:00,15.5,90,99,7.0,17.2,0.0
2017-10-01 09:00:00,16.0,89,100,56.0,18.9,0.0
2017-10-01 10:00:00,16.2,88,99,54.0,20.1,0.0
2017-10-01 11:00:00,16.3,88,100,59.0,17.4,0.0
2017-10-01 12:00:00,17.1,82,100,149.0,22.6,0.0
2017-10-01 13:00:00,17.8,78,100,322.0,25.0,0.0
2017-10-01 14:00:00,17.4,79,100,132.0,24.6,0.0
2017-10-01 15:00:00,17.6,79,100,101.0,28.4,0.0
2017-10-01 16:00:00,17.4,85,100,79.0,30.0,0.0
2017-10-01 17:00:00,17.0,91,100,31.0,24.7,0.2
2017-10-01 18:00:00,16.8,94,100,14.0,24.5,0.6
2017-10-01 19:00:00,16.6,94,100,2.0,25.0,0.0
2017-10-01 20:00:00,16.6,94,100,0.0,23.8,0.0
2017-10-01 21:00:00,16.7,94,100,0.0,23.7,0.0
2017-10-01 22:00:00,16.6,91,95,0.0,23.6,0.0
2017-10-01 23:00:00,16.3,89,90,0.0,24.1,0.0
2017-10-02 00:00:00,15.4,88,98,0.0,24.6,0.0
2017-10-02 01:00:00,15.2,82,93,0.0,25.6,0.0
2017-10-02 02:00:00,14.4,84,72,0.0,24.3,0.0
2017-10-02 03:00:00,14.4,83,100,0.0,24.7,0.0
2017-10-02 04:00:00,14.4,81,100,0.0,23.3,0.0
2017-10-02 05:00:00,14.4,80,95,0.0,24.9,0.0
2017-10-02 06:00:00,14.0,79,99,0.0,25.7,0.0
2017-10-02 07:00:00,13.8,80,86,0.0,24.4,0.0
2017-10-02 08:00:00,13.7,78,1,26.0,23.2,0.0
2017-10-02 09:00:00,14.5,73,1,160.0,24.2,0.0
2017-10-02 10:00:00,15.1,65,30,301.0,29.2,0.0
2017-10-02 11:00:00,15.7,62,13,396.0,29.2,0.0
2017-10-02 12:00:00,16.4,57,33,454.0,29.2,0.0
2017-10-02 13:00:00,16.6,55,42,482.0,28.4,0.0
2017-10-02 14:00:00,17.1,54,74,356.0,28.9,0.0
2017-10-02 15:00:00,16.7,60,100,307.0,28.9,0.5
2017-10-02 16:00:00,15.2,66,99,47.0,27.2,0.0
2017-10-02 17:00:00,14.8,69,90,52.0,24.0,0.0
2017-10-02 18:00:00,14.3,71,96,54.0,22.1,0.0
2017-10-02 19:00:00,13.9,72,99,3.0,19.7,0.0
2017-10-02 20:00:00,13.6,74,97,0.0,18.2,0.0
2017-10-02 21:00:00,13.2,74,100,0.0,14.1,0.0
2017-10-02 22:00:00,12.8,74,68,0.0,14.4,0.0
2017-10-02 23:00:00,12.0,77,39,0.0,15.5,0.0
2017-10-03 00:00:00,11.5,80,23,0.0,15.1,0.0
2017-10-03 01:00:00,10.9,82,2,0.0,14.4,0.0
2017-10-03 02:00:00,10.4,85,1,0.0,15.1,0.0
2017-10-03 03:00:00,10.2,83,0,0.0,17.1,0.0
2017-10-03 04:00:00,9.8,82,0,0.0,15.5,0.0
2017-10-03 05:00:00,9.1,85,0,0.0,12.0,0.0
2017-10-03 06:00:00,8.9,85,0,0.0,13.5,0.0
2017-10-03 07:00:00,8.7,86,4,0.0,13.1,0.0
2017-10-03 08:00:00,9.6,82,2,30.0,14.5,0.0
2017-10-03 09:00:00,11.0,77,1,154.0,17.1,0.0
2017-10-03 10:00:00,12.3,72,1,298.0,19.3,0.0
2017-10-03 11:00:00,13.7,66,3,409.0,20.3,0.0
2017-10-03 12:00:00,14.7,58,28,486.0,19.8,0.0
2017-10-03 13:00:00,14.6,60,77,491.0,16.8,0.0
2017-10-03 14:00:00,14.6,59,100,276.0,15.3,0.0
2017-10-03 15:00:00,14.6,58,100,248.0,15.3,0.0
2017-10-03 16:00:00,14.4,57,100,152.0,13.1,0.0
2017-10-03 17:00:00,14.4,58,100,106.0,13.5,0.0
2017-10-03 18:00:00,13.9,62,100,46.0,8.4,0.0
2017-10-03 19:00:00,13.1,65,100,4.0,9.2,0.0
2017-10-03 20:00:00,13.1,64,100,0.0,12.2,0.0
2017-10-03 21:00:00,12.4,68,99,0.0,10.0,0.0
2017-10-03 22:00:00,11.2,76,89,0.0,7.8,0.0
2017-10-03 23:00:00,10.7,80,86,0.0,8.9,0.0
2017-10-04 00:00:00,10.7,79,99,0.0,11.2,0.0
2017-10-04 01:00:00,9.5,83,96,0.0,9.2,0.0
2017-10-04 02:00:00,9.8,81,99,0.0,10.1,0.0
2017-10-04 03:00:00,9.6,80,100,0.0,12.0,0.0
2017-10-04 04:00:00,8.7,84,92,0.0,10.8,0.0
2017-10-04 05:00:00,8.5,85,92,0.0,10.2,0.0
2017-10-04 06:00:00,8.2,87,98,0.0,11.2,0.0
2017-10-04 07:00:00,8.4,86,100,0.0,12.4,0.0
2017-10-04 08:00:00,9.6,83,98,19.0,14.3,0.0
2017-10-04 09:00:00,11.1,80,95,109.0,17.2,0.0
2017-10-04 10:00:00,12.8,75,97,231.0,22.3,0.0
2017-10-04 11:00:00,13.1,72,100,168.0,27.6,0.0
2017-10-04 12:00:00,13.6,69,100,189.0,26.3,0.0
2017-10-04 13:00:00,13.9,70,100,280.0,25.2,0.0
2017-10-04 14:00:00,14.6,67,97,199.0,25.8,0.0
2017-10-04 15:00:00,15.2,63,99,166.0,26.4,0.0
2017-10-04 16:00:00,15.1,61,82,160.0,23.8,0.0
2017-10-04 17:00:00,14.8,64,91,114.0,20.3,0.0
2017-10-04 18:00:00,14.2,66,95,47.0,19.6,0.0
2017-10-04 19:00:00,13.7,67,76,3.0,20.0,0.0
2017-10-04 20:00:00,13.2,70,56,0.0,21.3,0.0
2017-10-04 21:00:00,13.0,70,42,0.0,24.4,0.0
2017-10-04 22:00:00,12.2,73,45,0.0,23.8,0.0
2017-10-04 23:00:00,12.2,73,12,0.0,26.7,0.0
2017-10-05 00:00:00,11.9,76,0,0.0,27.3,0.0
2017-10-05 01:00:00,12.0,78,21,0.0,27.6,0.0
2017-10-05 02:00:00,12.3,79,25,0.0,30.0,0.0
2017-10-05 03:00:00,12.8,80,89,0.0,31.6,0.0
2017-10-05 04:00:00,13.8,80,100,0.0,32.8,0.0
2017-10-05 05:00:00,14.6,80,100,0.0,32.7,0.0
2017-10-05 06:00:00,15.5,80,100,0.0,32.8,0.0
2017-10-05 07:00:00,16.3,79,100,0.0,31.1,0.0
2017-10-05 08:00:00,16.3,82,100,4.0,31.2,0.3
2017-10-05 09:00:00,14.0,69,100,17.0,28.0,0.1
2017-10-05 10:00:00,13.3,70,27,85.0,24.7,0.0
2017-10-05 11:00:00,14.5,58,87,390.0,23.9,0.0
2017-10-05 12:00:00,15.0,58,53,458.0,23.0,0.0
2017-10-05 13:00:00,16.1,51,43,535.0,24.3,0.0
2017-10-05 14:00:00,15.6,56,93,349.0,25.7,0.0
2017-10-05 15:00:00,15.2,59,73,280.0,23.0,0.0
2017-10-05 16:00:00,15.3,56,68,231.0,22.9,0.0
2017-10-05 17:00:00,14.9,59,54,169.0,19.5,0.0
2017-10-05 18:00:00,14.0,60,46,74.0,16.8,0.0
2017-10-05 19:00:00,12.9,62,44,4.0,13.8,0.0
2017-10-05 20:00:00,12.4,63,28,0.0,13.8,0.0
2017-10-05 21:00:00,11.5,65,9,0.0,14.5,0.0
2017-10-05 22:00:00,10.8,67,5,0.0,15.5,0.0
2017-10-05 23:00:00,10.4,71,2,0.0,15.9,0.0
2017-10-06 00:00:00,10.1,74,4,0.0,16.3,0.0
2017-10-06 01:00:00,9.8,78,5,0.0,16.9,0.0
2017-10-06 02:00:00,9.5,80,22,0.0,16.1,0.0
2017-10-06 03:00:00,9.5,81,24,0.0,15.3,0.0
2017-10-06 04:00:00,9.4,82,6,0.0,14.7,0.0
2017-10-06 05:00:00,9.0,85,5,0.0,13.2,0.0
2017-10-06 06:00:00,8.6,88,2,0.0,11.6,0.0
2017-10-06 07:00:00,8.3,90,1,0.0,11.3,0.0
2017-10-06 08:00:00,8.8,88,0,25.0,12.5,0.0
2017-10-06 09:00:00,10.5,81,0,145.0,14.8,0.0
2017-10-06 10:00:00,11.8,74,2,288.0,16.6,0.0
2017-10-06 11:00:00,13.0,65,25,398.0,16.7,0.0
2017-10-06 12:00:00,14.2,56,54,466.0,18.3,0.0
2017-10-06 13:00:00,14.3,51,100,425.0,15.4,0.0
2017-10-06 14:00:00,14.7,50,98,465.0,14.0,0.0
2017-10-06 15:00:00,14.7,53,100,390.0,13.9,0.0
2017-10-06 16:00:00,14.4,55,99,262.0,13.7,0.0
2017-10-06 17:00:00,13.9,58,100,147.0,12.6,0.0
2017-10-06 18:00:00,13.3,63,100,49.0,6.7,0.0
2017-10-06 19:00:00,12.3,67,100,3.0,8.3,0.0
2017-10-06 20:00:00,12.2,67,100,0.0,9.4,0.0
2017-10-06 21:00:00,11.8,70,74,0.0,9.2,0.0
2017-10-06 22:00:00,10.7,76,37,0.0,9.7,0.0
2017-10-06 23:00:00,10.2,78,93,0.0,11.5,0.0
2017-10-07 00:00:00,9.1,85,96,0.0,12.3,0.0
2017-10-07 01:00:00,9.2,84,99,0.0,14.5,0.0
2017-10-07 02:00:00,10.2,79,99,0.0,16.6,0.0
2017-10-07 03:00:00,11.0,75,100,0.0,19.4,0.0
2017-10-07 04:00:00,11.6,69,97,0.0,19.9,0.0
2017-10-07 05:00:00,11.5,71,99,0.0,21.0,0.0
2017-10-07 06:00:00,11.5,76,100,0.0,21.5,0.0
2017-10-07 07:00:00,12.3,80,100,0.0,22.0,0.0
2017-10-07 08:00:00,13.0,81,100,9.0,23.4,0.0
2017-10-07 09:00:00,13.8,81,100,38.0,24.5,0.0
2017-10-07 10:00:00,14.2,82,100,43.0,24.1,0.0
2017-10-07 11:00:00,15.1,81,100,103.0,21.9,0.0
2017-10-07 12:00:00,15.9,79,100,117.0,32.1,0.0
2017-10-07 13:00:00,15.7,80,100,89.0,29.4,0.0
2017-10-07 14:00:00,16.0,80,100,87.0,26.9,0.0
2017-10-07 15:00:00,15.7,85,100,68.0,19.4,0.3
2017-10-07 16:00:00,16.0,86,99,102.0,19.2,0.0
2017-10-07 17:00:00,15.9,84,100,70.0,17.8,0.0
2017-10-07 18:00:00,15.5,83,100,14.0,16.3,0.1
2017-10-07 19:00:00,14.8,74,97,1.0,15.1,0.0
2017-10-07 20:00:00,13.7,78,99,0.0,13.4,0.2
2017-10-07 21:00:00,13.1,82,88,0.0,14.8,0.1
2017-10-07 22:00:00,12.9,83,85,0.0,13.6,0.0
2017-10-07 23:00:00,12.8,83,44,0.0,14.4,0.0
2017-10-08 00:00:00,12.0,86,83,0.0,12.0,0.0
2017-10-08 01:00:00,10.5,92,28,0.0,9.4,0.0
2017-10-08 02:00:00,10.4,93,17,0.0,10.1,0.0
2017-10-08 03:00:00,10.0,94,23,0.0,9.1,0.0
2017-10-08 04:00:00,9.7,95,25,0.0,7.6,0.0
2017-10-08 05:00:00,9.5,95,40,0.0,7.6,0.0
2017-10-08 06:00:00,9.4,96,42,0.0,6.8,0.0
2017-10-08 07:00:00,9.0,96,39,0.0,6.1,0.0
2017-10-08 08:00:00,9.8,95,43,18.0,7.6,0.0
2017-10-08 09:00:00,11.3,91,84,92.0,7.3,0.0
2017-10-08 10:00:00,12.7,83,100,135.0,9.5,0.0
2017-10-08 11:00:00,13.4,79,100,144.0,8.9,0.0
2017-10-08 12:00:00,14.0,75,100,175.0,8.9,0.0
2017-10-08 13:00:00,14.7,72,100,161.0,9.9,0.1
2017-10-08 14:00:00,15.6,67,100,276.0,12.2,0.1
2017-10-08 15:00:00,15.7,65,94,181.0,11.4,0.0
2017-10-08 16:00:00,15.6,68,100,160.0,12.1,0.0
2017-10-08 17:00:00,15.4,70,98,90.0,7.9,0.0
2017-10-08 18:00:00,14.3,78,71,42.0,5.1,0.0
2017-10-08 19:00:00,12.7,84,55,2.0,6.5,0.0
2017-10-08 20:00:00,11.7,88,39,0.0,7.0,0.0
2017-10-08 21:00:00,10.5,91,26,0.0,9.2,0.0
2017-10-08 22:00:00,9.7,92,15,0.0,9.0,0.0
2017-10-08 23:00:00,9.0,94,27,0.0,7.2,0.0
2017-10-09 00:00:00,8.9,97,40,0.0,6.0,0.0
2017-10-09 01:00:00,9.5,97,86,0.0,5.9,0.0
2017-10-09 02:00:00,10.1,96,100,0.0,4.0,0.0
2017-10-09 03:00:00,11.0,91,99,0.0,4.6,0.0
2017-10-09 04:00:00,11.2,89,88,0.0,4.9,0.0
2017-10-09 05:00:00,11.0,89,90,0.0,5.9,0.0
2017-10-09 06:00:00,11.2,87,100,0.0,5.9,0.0
2017-10-09 07:00:00,11.8,82,100,0.0,6.6,0.0
2017-10-09 08:00:00,12.1,83,100,3.0,7.4,0.0
2017-10-09 09:00:00,13.1,83,96,42.0,11.2,0.0
2017-10-09 10:00:00,14.3,85,70,108.0,11.7,0.0
2017-10-09 11:00:00,15.3,80,96,218.0,15.6,0.1
2017-10-09 12:00:00,15.0,83,100,107.0,13.1,0.0
2017-10-09 13:00:00,16.0,77,99,110.0,15.5,0.0
2017-10-09 14:00:00,16.4,76,100,234.0,14.9,0.1
2017-10-09 15:00:00,16.4,77,78,179.0,12.9,0.1
2017-10-09 16:00:00,16.3,77,71,145.0,13.6,0.0
2017-10-09 17:00:00,15.7,80,60,83.0,12.8,0.0
2017-10-09 18:00:00,14.7,82,80,34.0,9.1,0.0
2017-10-09 19:00:00,14.2,84,98,1.0,8.6,0.0
2017-10-09 20:00:00,13.8,86,97,0.0,9.1,0.0
2017-10-09 21:00:00,13.3,87,100,0.0,9.4,0.0
2017-10-09 22:00:00,12.4,90,59,0.0,10.3,0.5
2017-10-09 23:00:00,11.7,91,93,0.0,11.2,0.0
2017-10-10 00:00:00,11.2,93,93,0.0,11.5,0.0
2017-10-10 01:00:00,11.7,91,34,0.0,12.9,0.0
2017-10-10 02:00:00,10.9,94,22,0.0,11.1,0.0
2017-10-10 03:00:00,10.6,95,71,0.0,10.9,0.0
2017-10-10 04:00:00,10.6,95,98,0.0,12.5,0.0
2017-10-10 05:00:00,10.9,94,98,0.0,13.8,0.0
2017-10-10 06:00:00,11.1,94,100,0.0,14.3,0.0
2017-10-10 07:00:00,11.2,94,99,0.0,14.8,0.0
2017-10-10 08:00:00,11.9,92,98,9.0,17.3,0.0
2017-10-10 09:00:00,12.9,89,95,66.0,18.2,0.0
2017-10-10 10:00:00,14.4,82,94,180.0,22.3,0.0
2017-10-10 11:00:00,15.9,75,100,291.0,25.1,0.0
2017-10-10 12:00:00,16.3,73,100,194.0,23.0,0.0
2017-10-10 13:00:00,15.6,75,100,230.0,21.9,0.0
2017-10-10 14:00:00,16.3,73,100,166.0,22.2,0.0
2017-10-10 15:00:00,15.9,79,100,77.0,16.8,0.1
2017-10-10 16:00:00,16.4,78,96,77.0,16.8,0.0
2017-10-10 17:00:00,16.7,78,99,117.0,18.8,0.0
2017-10-10 18:00:00,16.0,82,99,38.0,22.4,0.0
2017-10-10 19:00:00,16.0,81,87,1.0,22.7,0.0
2017-10-10 20:00:00,14.8,84,100,0.0,18.6,0.0
2017-10-10 21:00:00,14.9,88,84,0.0,19.9,0.0
2017-10-10 22:00:00,14.4,92,99,0.0,19.9,0.0
2017-10-10 23:00:00,15.1,89,100,0.0,22.4,0.0
2017-10-11 00:00:00,15.3,88,100,0.0,24.6,0.1
2017-10-11 01:00:00,15.0,90,100,0.0,22.0,0.0
2017-10-11 02:00:00,15.0,91,93,0.0,22.0,0.0
2017-10-11 03:00:00,14.8,90,94,0.0,22.2,0.0
2017-10-11 04:00:00,14.4,91,99,0.0,23.2,0.0
2017-10-11 05:00:00,14.6,88,100,0.0,22.7,0.0
2017-10-11 06:00:00,14.7,85,97,0.0,22.9,0.0
2017-10-11 07:00:00,14.4,86,98,0.0,23.2,0.0
2017-10-11 08:00:00,14.5,83,96,8.0,25.3,0.0
2017-10-11 09:00:00,14.9,82,77,71.0,22.5,0.0
2017-10-11 10:00:00,16.1,75,88,204.0,33.3,0.0
2017-10-11 11:00:00,16.4,77,100,205.0,32.2,0.3
2017-10-11 12:00:00,15.6,82,100,66.0,28.6,0.1
2017-10-11 13:00:00,15.7,77,98,141.0,27.9,0.0
2017-10-11 14:00:00,15.4,80,37,107.0,29.7,0.0
2017-10-11 15:00:00,16.9,69,89,294.0,36.2,0.0
2017-10-11 16:00:00,16.8,71,100,206.0,31.4,0.0
2017-10-11 17:00:00,16.2,76,100,70.0,29.8,0.0
2017-10-11 18:00:00,15.8,79,100,8.0,32.5,0.0
2017-10-11 19:00:00,15.9,82,100,0.0,31.6,0.0
2017-10-11 20:00:00,15.8,84,100,0.0,30.3,0.1
2017-10-11 21:00:00,15.7,82,15,0.0,27.9,0.1
2017-10-11 22:00:00,13.8,72,2,0.0,24.7,0.0
2017-10-11 23:00:00,12.5,80,0,0.0,21.8,0.0
2017-10-12 00:00:00,11.9,83,1,0.0,20.0,0.0
2017-10-12 01:00:00,11.7,88,0,0.0,18.2,0.0
2017-10-12 02:00:00,11.3,89,22,0.0,18.9,0.0
2017-10-12 03:00:00,11.0,91,17,0.0,17.3,0.0
2017-10-12 04:00:00,10.7,92,90,0.0,15.5,0.0
2017-10-12 05:00:00,10.4,93,96,0.0,14.0,0.0
2017-10-12 06:00:00,10.5,93,87,0.0,13.9,0.0
2017-10-12 07:00:00,10.1,94,88,0.0,12.6,0.0
2017-10-12 08:00:00,10.4,93,88,12.0,13.9,0.0
2017-10-12 09:00:00,11.8,86,80,95.0,14.9,0.0
2017-10-12 10:00:00,13.3,80,71,229.0,16.1,0.0
2017-10-12 11:00:00,14.8,73,84,364.0,18.7,0.0
2017-10-12 12:00:00,15.7,67,93,409.0,18.5,0.0
2017-10-12 13:00:00,16.1,66,97,211.0,19.1,0.0
2017-10-12 14:00:00,16.1,63,85,279.0,20.3,0.0
2017-10-12 15:00:00,16.5,58,66,303.0,19.1,0.0
2017-10-12 16:00:00,16.5,56,63,277.0,19.5,0.0
2017-10-12 17:00:00,15.7,60,75,182.0,16.1,0.0
2017-10-12 18:00:00,14.3,66,93,47.0,14.0,0.0
2017-10-12 19:00:00,13.4,71,96,1.0,11.4,0.0
2017-10-12 20:00:00,13.4,80,83,0.0,14.0,0.0
2017-10-12 21:00:00,12.6,88,87,0.0,14.8,0.0
2017-10-12 22:00:00,11.9,92,77,0.0,14.8,0.0
2017-10-12 23:00:00,11.0,93,24,0.0,11.5,0.0
2017-10-13 00:00:00,10.5,93,1,0.0,9.6,0.0
2017-10-13 01:00:00,11.2,94,0,0.0,11.5,0.0
2017-10-13 02:00:00,11.5,94,13,0.0,10.3,0.0
2017-10-13 03:00:00,12.4,95,7,0.0,12.8,0.0
2017-10-13 04:00:00,13.2,94,35,0.0,16.1,0.0
2017-10-13 05:00:00,13.6,96,98,0.0,18.4,0.0
2017-10-13 06:00:00,14.4,96,100,0.0,18.9,0.0
2017-10-13 07:00:00,14.9,94,100,0.0,18.7,0.0
2017-10-13 08:00:00,15.5,93,98,4.0,20.7,0.0
2017-10-13 09:00:00,16.2,92,100,36.0,23.2,0.0
2017-10-13 10:00:00,16.9,87,100,80.0,28.8,0.0
2017-10-13 11:00:00,17.5,84,99,91.0,29.0,0.0
2017-10-13 12:00:00,18.0,82,85,97.0,27.8,0.0
2017-10-13 13:00:00,18.2,82,83,245.0,26.5,0.0
2017-10-13 14:00:00,18.4,81,72,222.0,28.3,0.0
2017-10-13 15:00:00,18.7,78,99,273.0,26.8,0.0
2017-10-13 16:00:00,18.3,79,96,151.0,25.0,0.0
2017-10-13 17:00:00,17.7,81,62,117.0,25.5,0.0
2017-10-13 18:00:00,16.5,85,80,41.0,22.5,0.0
2017-10-13 19:00:00,16.0,86,92,0.0,21.4,0.0
2017-10-13 20:00:00,15.7,85,93,0.0,21.4,0.0
2017-10-13 21:00:00,15.2,87,89,0.0,20.4,0.0
2017-10-13 22:00:00,14.8,90,85,0.0,19.1,0.0
2017-10-13 23:00:00,14.8,90,100,0.0,18.3,0.0
2017-10-14 00:00:00,15.0,89,97,0.0,17.6,0.0
2017-10-14 01:00:00,15.5,88,98,0.0,18.7,0.0
2017-10-14 02:00:00,15.3,90,100,0.0,17.8,0.0
2017-10-14 03:00:00,15.2,90,99,0.0,17.4,0.0
2017-10-14 04:00:00,15.1,91,100,0.0,17.1,0.0
2017-10-14 05:00:00,15.4,90,100,0.0,17.9,0.0
2017-10-14 06:00:00,15.5,90,100,0.0,16.9,0.0
2017-10-14 07:00:00,15.6,90,100,0.0,16.1,0.0
2017-10-14 08:00:00,15.6,90,100,4.0,15.0,0.0
2017-10-14 09:00:00,16.3,87,85,51.0,18.3,0.0
2017-10-14 10:00:00,17.0,81,100,140.0,22.6,0.0
2017-10-14 11:00:00,17.7,79,100,147.0,20.0,0.0
2017-10-14 12:00:00,18.1,77,100,146.0,19.1,0.0
2017-10-14 13:00:00,19.1,74,100,191.0,17.0,0.0
2017-10-14 14:00:00,19.6,70,74,197.0,17.2,0.0
2017-10-14 15:00:00,19.2,73,100,231.0,18.6,0.0
2017-10-14 16:00:00,18.5,77,87,127.0,14.5,0.0
2017-10-14 17:00:00,18.2,77,91,104.0,12.5,0.0
2017-10-14 18:00:00,17.2,80,100,28.0,9.7,0.0
2017-10-14 19:00:00,16.6,84,74,0.0,9.8,0.0
2017-10-14 20:00:00,14.9,94,10,0.0,9.7,0.0
2017-10-14 21:00:00,13.8,96,2,0.0,8.3,0.0
2017-10-14 22:00:00,12.9,98,55,0.0,7.3,0.0
2017-10-14 23:00:00,12.4,99,59,0.0,6.8,0.0
2017-10-15 00:00:00,12.3,97,26,0.0,7.8,0.0
2017-10-15 01:00:00,11.7,96,12,0.0,11.3,0.0
2017-10-15 02:00:00,12.6,95,0,0.0,8.2,0.0
2017-10-15 03:00:00,13.3,93,0,0.0,9.1,0.0
2017-10-15 04:00:00,13.8,92,0,0.0,9.4,0.0
2017-10-15 05:00:00,14.5,90,0,0.0,13.0,0.0
2017-10-15 06:00:00,14.5,90,0,0.0,14.8,0.0
2017-10-15 07:00:00,14.5,90,0,0.0,14.4,0.0
2017-10-15 08:00:00,14.7,90,0,9.0,12.9,0.0
2017-10-15 09:00:00,16.4,86,1,104.0,14.9,0.0
2017-10-15 10:00:00,17.9,81,97,236.0,21.4,0.0
2017-10-15 11:00:00,18.3,80,57,257.0,24.4,0.0
2017-10-15 12:00:00,18.7,78,35,332.0,20.8,0.0
2017-10-15 13:00:00,18.7,77,32,409.0,18.3,0.0
2017-10-15 14:00:00,18.6,75,81,333.0,19.5,0.0
2017-10-15 15:00:00,18.5,75,34,336.0,20.2,0.0
2017-10-15 16:00:00,18.0,72,6,273.0,20.5,0.0
2017-10-15 17:00:00,17.1,76,20,168.0,17.7,0.0
2017-10-15 18:00:00,15.4,83,24,47.0,13.4,0.0
2017-10-15 19:00:00,14.5,88,33,0.0,12.7,0.0
2017-10-15 20:00:00,13.6,91,43,0.0,8.2,0.0
2017-10-15 21:00:00,14.2,89,0,0.0,8.8,0.0
2017-10-15 22:00:00,14.7,89,0,0.0,10.5,0.0
2017-10-15 23:00:00,15.6,89,0,0.0,12.3,0.0
2017-10-16 00:00:00,16.4,89,0,0.0,13.8,0.0
2017-10-16 01:00:00,16.7,90,0,0.0,13.4,0.0
2017-10-16 02:00:00,16.0,92,3,0.0,10.9,0.0
2017-10-16 03:00:00,15.8,91,8,0.0,11.4,0.0
2017-10-16 04:00:00,15.3,92,33,0.0,9.6,0.0
2017-10-16 05:00:00,14.9,92,75,0.0,8.3,0.0
2017-10-16 06:00:00,14.2,93,74,0.0,11.9,0.0
2017-10-16 07:00:00,15.4,88,65,0.0,10.1,0.0
2017-10-16 08:00:00,16.7,87,87,7.0,10.6,0.0
2017-10-16 09:00:00,19.0,80,80,88.0,18.5,0.0
2017-10-16 10:00:00,21.0,70,11,184.0,23.7,0.0
2017-10-16 11:00:00,22.2,67,41,322.0,27.2,0.0
2017-10-16 12:00:00,21.7,67,75,386.0,29.3,0.0
2017-10-16 13:00:00,21.7,69,96,417.0,29.3,0.0
2017-10-16 14:00:00,21.6,70,47,371.0,31.8,0.0
2017-10-16 15:00:00,21.0,71,91,355.0,33.5,0.0
2017-10-16 16:00:00,19.4,69,46,241.0,34.4,0.0
2017-10-16 17:00:00,17.4,67,14,141.0,33.1,0.0
2017-10-16 18:00:00,16.1,70,87,44.0,30.3,0.0
2017-10-16 19:00:00,15.4,71,4,0.0,30.4,0.0
2017-10-16 20:00:00,14.8,68,1,0.0,30.8,0.0
2017-10-16 21:00:00,14.4,70,0,0.0,31.1,0.0
2017-10-16 22:00:00,14.1,72,5,0.0,28.6,0.0
2017-10-16 23:00:00,13.8,73,20,0.0,27.0,0.0
2017-10-17 00:00:00,13.6,71,3,0.0,27.2,0.0
2017-10-17 01:00:00,13.1,66,1,0.0,26.0,0.0
2017-10-17 02:00:00,12.7,66,0,0.0,25.2,0.0
2017-10-17 03:00:00,12.4,65,0,0.0,24.0,0.0
2017-10-17 04:00:00,12.0,66,2,0.0,21.4,0.0
2017-10-17 05:00:00,11.5,68,2,0.0,19.6,0.0
2017-10-17 06:00:00,11.0,66,0,0.0,18.7,0.0
2017-10-17 07:00:00,10.6,66,9,0.0,16.8,0.0
2017-10-17 08:00:00,10.4,69,52,8.0,15.1,0.0
2017-10-17 09:00:00,11.9,67,56,97.0,16.6,0.0
2017-10-17 10:00:00,13.4,63,47,217.0,17.3,0.0
2017-10-17 11:00:00,14.7,59,21,334.0,18.9,0.0
2017-10-17 12:00:00,15.4,54,40,418.0,20.1,0.0
2017-10-17 13:00:00,14.6,65,84,451.0,16.5,0.0
2017-10-17 14:00:00,14.8,64,91,285.0,17.0,0.4
2017-10-17 15:00:00,14.3,63,99,203.0,14.5,0.0
2017-10-17 16:00:00,14.1,64,98,132.0,11.1,0.0
2017-10-17 17:00:00,13.4,71,100,60.0,6.8,0.1
2017-10-17 18:00:00,12.4,82,98,8.0,3.7,0.3
2017-10-17 19:00:00,12.1,84,92,0.0,3.1,0.0
2017-10-17 20:00:00,12.0,81,100,0.0,2.7,0.0
2017-10-17 21:00:00,11.4,85,100,0.0,2.2,0.1
2017-10-17 22:00:00,10.8,91,95,0.0,4.3,0.0
2017-10-17 23:00:00,10.9,89,100,0.0,4.4,0.0
2017-10-18 00:00:00,11.4,82,100,0.0,8.1,0.0
2017-10-18 01:00:00,11.2,82,100,0.0,7.4,0.0
2017-10-18 02:00:00,11.5,81,100,0.0,11.0,0.0
2017-10-18 03:00:00,11.7,81,100,0.0,11.9,0.0
2017-10-18 04:00:00,11.7,81,100,0.0,14.8,0.1
2017-10-18 05:00:00,11.7,82,100,0.0,15.6,0.2
2017-10-18 06:00:00,11.7,82,100,0.0,12.8,0.0
2017-10-18 07:00:00,11.8,83,100,0.0,13.0,0.1
2017-10-18 08:00:00,12.0,85,100,1.0,15.0,0.4
2017-10-18 09:00:00,12.6,87,100,16.0,15.3,0.0
2017-10-18 10:00:00,13.8,87,100,46.0,12.9,0.0
2017-10-18 11:00:00,14.8,88,100,61.0,12.1,0.0
2017-10-18 12:00:00,15.9,87,100,105.0,9.4,0.5
2017-10-18 13:00:00,14.1,92,100,115.0,11.9,0.0
2017-10-18 14:00:00,14.3,93,100,77.0,11.7,0.2
2017-10-18 15:00:00,14.7,93,100,72.0,9.7,0.0
2017-10-18 16:00:00,15.1,93,100,57.0,7.5,0.0
2017-10-18 17:00:00,15.2,95,100,28.0,4.2,0.0
2017-10-18 18:00:00,14.9,97,100,7.0,3.6,0.0
2017-10-18 19:00:00,14.8,97,100,0.0,3.7,0.0
2017-10-18 20:00:00,15.2,97,100,0.0,6.4,0.0
2017-10-18 21:00:00,15.4,96,100,0.0,9.7,0.0
2017-10-18 22:00:00,14.9,97,99,0.0,8.4,0.0
2017-10-18 23:00:00,14.5,98,99,0.0,9.4,0.0
2017-10-19 00:00:00,14.2,99,97,0.0,8.3,0.0
2017-10-19 01:00:00,14.6,97,100,0.0,9.1,0.3
2017-10-19 02:00:00,14.6,96,96,0.0,6.6,0.0
2017-10-19 03:00:00,14.0,97,87,0.0,5.8,0.0
2017-10-19 04:00:00,13.9,97,43,0.0,6.0,0.0
2017-10-19 05:00:00,13.0,99,62,0.0,8.2,0.3
2017-10-19 06:00:00,12.7,99,40,0.0,7.6,0.0
2017-10-19 07:00:00,12.1,100,43,0.0,6.8,0.0
2017-10-19 08:00:00,12.8,99,99,3.0,6.5,0.0
2017-10-19 09:00:00,14.0,96,71,37.0,11.1,0.0
2017-10-19 10:00:00,15.5,93,96,98.0,9.9,0.0
2017-10-19 11:00:00,16.4,87,95,133.0,11.8,0.0
2017-10-19 12:00:00,17.4,82,85,230.0,15.6,0.0
2017-10-19 13:00:00,17.8,82,96,232.0,21.9,0.1
2017-10-19 14:00:00,18.1,80,100,199.0,25.2,0.2
2017-10-19 15:00:00,17.4,84,99,119.0,19.5,0.0
2017-10-19 16:00:00,17.0,82,100,118.0,22.4,0.3
2017-10-19 17:00:00,16.2,85,100,13.0,21.4,0.3
2017-10-19 18:00:00,15.5,86,100,5.0,20.7,0.0
2017-10-19 19:00:00,15.4,87,100,0.0,21.6,0.0
2017-10-19 20:00:00,15.4,84,100,0.0,19.5,0.1
2017-10-19 21:00:00,15.2,84,100,0.0,22.5,0.9
2017-10-19 22:00:00,14.8,84,100,0.0,30.5,2.8
2017-10-19 23:00:00,14.2,85,100,0.0,28.9,1.6
2017-10-20 00:00:00,13.9,89,100,0.0,19.9,1.1
2017-10-20 01:00:00,13.1,85,85,0.0,20.0,0.0
2017-10-20 02:00:00,12.4,82,31,0.0,24.6,0.0
2017-10-20 03:00:00,12.4,81,100,0.0,27.2,0.0
2017-10-20 04:00:00,12.7,83,65,0.0,31.1,0.1
2017-10-20 05:00:00,12.8,83,83,0.0,29.8,1.1
2017-10-20 06:00:00,12.7,84,89,0.0,33.2,0.4
2017-10-20 07:00:00,12.6,85,100,0.0,36.4,0.5
2017-10-20 08:00:00,12.4,88,100,0.0,30.6,0.4
2017-10-20 09:00:00,12.4,88,100,19.0,30.8,0.0
2017-10-20 10:00:00,12.6,84,88,44.0,27.8,0.0
2017-10-20 11:00:00,13.2,80,100,148.0,29.4,0.0
2017-10-20 12:00:00,13.5,75,100,144.0,30.1,0.0
2017-10-20 13:00:00,13.8,73,39,232.0,28.4,0.0
2017-10-20 14:00:00,14.7,68,98,258.0,28.6,0.0
2017-10-20 15:00:00,14.0,65,100,215.0,28.2,0.0
2017-10-20 16:00:00,13.7,59,16,154.0,23.4,0.0
2017-10-20 17:00:00,13.3,65,100,146.0,20.0,0.0
2017-10-20 18:00:00,13.2,65,100,18.0,17.8,0.0
2017-10-20 19:00:00,13.2,72,55,0.0,19.3,0.0
2017-10-20 20:00:00,12.8,74,100,0.0,17.2,0.0
2017-10-20 21:00:00,13.4,70,27,0.0,19.0,0.0
2017-10-20 22:00:00,13.4,74,100,0.0,18.8,0.0
2017-10-20 23:00:00,14.1,77,95,0.0,23.6,0.3
2017-10-21 00:00:00,14.0,82,99,0.0,25.9,0.4
2017-10-21 01:00:00,14.4,82,99,0.0,25.6,0.0
2017-10-21 02:00:00,14.6,88,100,0.0,27.4,0.4
2017-10-21 03:00:00,15.0,92,100,0.0,24.5,0.4
2017-10-21 04:00:00,15.1,86,95,0.0,23.2,0.2
2017-10-21 05:00:00,14.3,88,98,0.0,24.9,0.1
2017-10-21 06:00:00,13.5,85,84,0.0,29.5,0.3
2017-10-21 07:00:00,13.2,83,23,0.0,27.2,0.0
2017-10-21 08:00:00,12.4,81,24,3.0,26.2,0.0
2017-10-21 09:00:00,13.3,76,18,71.0,30.0,0.0
2017-10-21 10:00:00,14.0,72,34,190.0,32.2,0.0
2017-10-21 11:00:00,14.3,70,39,271.0,36.6,0.0
2017-10-21 12:00:00,14.8,65,41,299.0,38.8,0.0
2017-10-21 13:00:00,14.3,72,48,330.0,34.9,0.0
2017-10-21 14:00:00,14.8,63,36,333.0,41.3,0.0
2017-10-21 15:00:00,14.5,63,32,282.0,42.0,0.0
2017-10-21 16:00:00,14.1,62,46,225.0,39.3,0.0
2017-10-21 17:00:00,13.3,64,52,118.0,39.0,0.0
2017-10-21 18:00:00,12.5,68,13,25.0,36.4,0.0
2017-10-21 19:00:00,12.1,72,58,0.0,34.2,0.0
2017-10-21 20:00:00,11.4,80,99,0.0,29.9,0.5
2017-10-21 21:00:00,11.2,83,97,0.0,28.0,0.9
2017-10-21 22:00:00,11.6,84,93,0.0,26.7,0.0
2017-10-21 23:00:00,11.6,84,100,0.0,27.8,0.0
2017-10-22 00:00:00,11.6,82,94,0.0,25.9,0.0
2017-10-22 01:00:00,11.5,81,100,0.0,24.6,0.0
2017-10-22 02:00:00,11.7,78,99,0.0,26.5,0.0
2017-10-22 03:00:00,11.5,75,97,0.0,26.4,0.0
2017-10-22 04:00:00,11.0,74,84,0.0,25.8,0.0
2017-10-22 05:00:00,10.3,73,52,0.0,26.0,0.0
2017-10-22 06:00:00,9.8,72,83,0.0,24.2,0.0
2017-10-22 07:00:00,9.4,71,47,0.0,25.1,0.0
2017-10-22 08:00:00,9.4,71,48,2.0,26.1,0.0
2017-10-22 09:00:00,9.9,70,85,53.0,26.2,0.0
2017-10-22 10:00:00,10.3,70,90,91.0,24.8,0.0
2017-10-22 11:00:00,10.9,66,46,170.0,28.6,0.0
2017-10-22 12:00:00,11.8,60,71,289.0,32.1,0.0
2017-10-22 13:00:00,12.3,57,83,359.0,29.4,0.0
2017-10-22 14:00:00,12.4,55,94,182.0,30.5,0.0
2017-10-22 15:00:00,12.9,51,78,182.0,29.1,0.0
2017-10-22 16:00:00,12.9,59,30,227.0,23.1,0.0
2017-10-22 17:00:00,11.8,68,27,119.0,22.0,0.0
2017-10-22 18:00:00,11.3,70,62,21.0,20.3,0.0
2017-10-22 19:00:00,11.1,72,23,0.0,19.5,0.0
2017-10-22 20:00:00,10.5,75,18,0.0,15.8,0.0
2017-10-22 21:00:00,10.1,78,32,0.0,15.8,0.0
2017-10-22 22:00:00,10.2,79,28,0.0,16.2,0.0
2017-10-22 23:00:00,10.0,81,25,0.0,14.2,0.0
2017-10-23 00:00:00,9.7,83,70,0.0,13.5,0.0
2017-10-23 01:00:00,10.0,81,92,0.0,15.5,0.0
2017-10-23 02:00:00,9.2,86,73,0.0,14.8,0.0
2017-10-23 03:00:00,8.6,92,99,0.0,13.4,0.0
2017-10-23 04:00:00,9.3,92,85,0.0,11.4,0.0
2017-10-23 05:00:00,10.3,89,96,0.0,9.4,0.0
2017-10-23 06:00:00,10.7,87,89,0.0,8.9,0.0
2017-10-23 07:00:00,10.5,88,100,0.0,8.2,0.1
2017-10-23 08:00:00,11.5,87,98,0.0,9.7,0.0
2017-10-23 09:00:00,12.4,86,95,19.0,11.7,0.0
2017-10-23 10:00:00,13.3,85,91,49.0,12.5,0.0
2017-10-23 11:00:00,14.3,84,100,102.0,11.8,0.0
2017-10-23 12:00:00,14.7,84,100,81.0,10.7,0.0
2017-10-23 13:00:00,14.5,90,100,118.0,14.5,0.0
2017-10-23 14:00:00,14.7,91,100,40.0,13.5,0.0
2017-10-23 15:00:00,15.1,91,100,53.0,14.1,0.0
2017-10-23 16:00:00,15.3,91,100,43.0,12.2,0.0
2017-10-23 17:00:00,15.4,92,100,27.0,11.1,0.0
2017-10-23 18:00:00,15.2,94,100,6.0,11.0,0.0
2017-10-23 19:00:00,15.1,95,100,0.0,12.3,0.0
2017-10-23 20:00:00,15.0,95,100,0.0,12.7,0.0
2017-10-23 21:00:00,15.1,95,100,0.0,13.7,0.0
2017-10-23 22:00:00,15.0,95,100,0.0,12.7,0.0
2017-10-23 23:00:00,14.6,96,100,0.0,13.3,0.0
2017-10-24 00:00:00,14.5,96,100,0.0,13.6,0.0
2017-10-24 01:00:00,14.7,95,100,0.0,14.0,0.0
2017-10-24 02:00:00,14.8,91,99,0.0,14.2,0.0
2017-10-24 03:00:00,14.6,91,100,0.0,15.1,0.0
2017-10-24 04:00:00,14.8,95,100,0.0,15.5,0.0
2017-10-24 05:00:00,15.1,96,100,0.0,15.6,0.0
2017-10-24 06:00:00,15.1,95,96,0.0,15.8,0.0
2017-10-24 07:00:00,14.7,96,98,0.0,16.6,0.0
2017-10-24 08:00:00,14.9,95,100,1.0,18.6,0.0
2017-10-24 09:00:00,15.5,93,94,18.0,19.9,0.0
2017-10-24 10:00:00,16.9,86,100,78.0,26.2,0.0
2017-10-24 11:00:00,17.2,86,100,109.0,26.3,0.0
2017-10-24 12:00:00,17.7,81,100,181.0,29.0,0.0
2017-10-24 13:00:00,17.6,85,100,232.0,27.6,0.0
2017-10-24 14:00:00,18.0,82,100,184.0,29.4,0.0
2017-10-24 15:00:00,18.6,77,100,201.0,29.7,0.0
2017-10-24 16:00:00,17.7,81,100,118.0,26.0,0.0
2017-10-24 17:00:00,17.1,81,96,52.0,26.1,0.0
2017-10-24 18:00:00,16.6,82,58,10.0,25.5,0.0
2017-10-24 19:00:00,15.6,90,99,0.0,24.0,0.0
2017-10-24 20:00:00,15.7,88,99,0.0,25.0,0.0
2017-10-24 21:00:00,15.6,86,100,0.0,23.4,0.0
2017-10-24 22:00:00,15.4,86,100,0.0,22.9,0.0
2017-10-24 23:00:00,15.2,83,100,0.0,22.7,0.0
2017-10-25 00:00:00,14.9,84,97,0.0,22.5,0.0
2017-10-25 01:00:00,14.4,85,94,0.0,22.9,0.0
2017-10-25 02:00:00,14.0,88,100,0.0,23.9,0.0
2017-10-25 03:00:00,14.6,84,100,0.0,25.5,0.0
2017-10-25 04:00:00,14.5,85,57,0.0,26.0,0.0
2017-10-25 05:00:00,13.8,87,25,0.0,22.5,0.0
2017-10-25 06:00:00,13.7,88,100,0.0,21.5,0.0
2017-10-25 07:00:00,14.7,87,100,0.0,22.2,0.0
2017-10-25 08:00:00,15.0,87,100,0.0,19.8,0.0
2017-10-25 09:00:00,15.5,86,87,18.0,18.4,0.0
2017-10-25 10:00:00,16.1,84,58,93.0,17.2,0.0
2017-10-25 11:00:00,16.9,78,51,271.0,17.0,0.0
2017-10-25 12:00:00,17.2,72,74,275.0,13.4,0.0
2017-10-25 13:00:00,17.5,73,41,306.0,11.3,0.0
2017-10-25 14:00:00,17.5,67,47,373.0,11.4,0.0
2017-10-25 15:00:00,17.4,66,27,300.0,10.7,0.0
2017-10-25 16:00:00,17.1,65,67,231.0,11.1,0.0
2017-10-25 17:00:00,15.6,76,29,117.0,5.6,0.0
2017-10-25 18:00:00,12.3,87,20,19.0,10.3,0.0
2017-10-25 19:00:00,11.5,89,83,0.0,9.6,0.0
2017-10-25 20:00:00,10.7,91,73,0.0,9.0,0.0
2017-10-25 21:00:00,9.9,93,81,0.0,9.0,0.0
2017-10-25 22:00:00,9.2,96,74,0.0,8.9,0.0
2017-10-25 23:00:00,8.5,98,90,0.0,8.4,0.0
2017-10-26 00:00:00,7.9,99,96,0.0,8.7,0.0
2017-10-26 01:00:00,8.5,100,70,0.0,8.2,0.0
2017-10-26 02:00:00,8.2,100,2,0.0,8.9,0.0
2017-10-26 03:00:00,7.9,100,100,0.0,9.0,0.0
2017-10-26 04:00:00,7.8,100,100,0.0,8.6,0.0
2017-10-26 05:00:00,7.8,100,100,0.0,8.7,0.0
2017-10-26 06:00:00,8.0,100,100,0.0,8.5,0.0
2017-10-26 07:00:00,8.8,99,97,0.0,6.6,0.0
2017-10-26 08:00:00,9.3,99,99,1.0,5.4,0.0
2017-10-26 09:00:00,11.4,94,98,31.0,6.2,0.0
2017-10-26 10:00:00,12.8,91,100,62.0,4.1,0.0
2017-10-26 11:00:00,13.4,90,100,49.0,4.9,0.0
2017-10-26 12:00:00,14.1,91,100,47.0,6.6,0.1
2017-10-26 13:00:00,13.3,92,100,53.0,1.8,0.1
2017-10-26 14:00:00,13.3,94,100,29.0,2.7,0.2
2017-10-26 15:00:00,13.5,96,100,26.0,6.3,0.2
2017-10-26 16:00:00,13.7,96,100,20.0,6.8,0.0
2017-10-26 17:00:00,13.7,97,100,12.0,4.7,0.0
2017-10-26 18:00:00,13.5,97,100,2.0,3.6,0.0
2017-10-26 19:00:00,13.2,98,78,0.0,5.0,0.0
2017-10-26 20:00:00,12.8,98,100,0.0,6.3,0.0
2017-10-26 21:00:00,13.2,97,100,0.0,6.7,0.0
2017-10-26 22:00:00,13.3,97,100,0.0,5.9,0.0
2017-10-26 23:00:00,13.3,96,100,0.0,6.8,0.1
2017-10-27 00:00:00,13.1,95,100,0.0,7.4,0.1
2017-10-27 01:00:00,13.0,94,100,0.0,9.4,0.0
2017-10-27 02:00:00,12.5,89,94,0.0,12.2,0.0
2017-10-27 03:00:00,12.0,90,95,0.0,12.2,0.0
2017-10-27 04:00:00,11.6,91,5,0.0,10.0,0.0
2017-10-27 05:00:00,10.0,93,1,0.0,9.1,0.0
2017-10-27 06:00:00,8.7,94,0,0.0,8.7,0.0
2017-10-27 07:00:00,7.5,95,0,0.0,7.6,0.0
2017-10-27 08:00:00,6.4,97,0,1.0,7.8,0.0
2017-10-27 09:00:00,8.4,92,0,61.0,10.0,0.0
2017-10-27 10:00:00,9.9,87,0,182.0,11.5,0.0
2017-10-27 11:00:00,11.1,82,1,292.0,10.9,0.0
2017-10-27 12:00:00,12.1,76,9,375.0,9.7,0.0
2017-10-27 13:00:00,13.1,69,24,388.0,7.6,0.0
2017-10-27 14:00:00,13.6,62,16,393.0,7.5,0.0
2017-10-27 15:00:00,13.7,58,6,333.0,8.2,0.0
2017-10-27 16:00:00,13.4,59,1,235.0,8.0,0.0
2017-10-27 17:00:00,11.8,78,5,118.0,6.0,0.0
2017-10-27 18:00:00,10.3,76,25,15.0,6.9,0.0
2017-10-27 19:00:00,8.7,87,39,0.0,8.1,0.0
2017-10-27 20:00:00,8.8,88,54,0.0,6.6,0.0
2017-10-27 21:00:00,8.9,88,59,0.0,7.3,0.0
2017-10-27 22:00:00,9.0,88,72,0.0,9.1,0.0
2017-10-27 23:00:00,9.3,86,50,0.0,11.3,0.0
2017-10-28 00:00:00,9.2,86,20,0.0,10.7,0.0
2017-10-28 01:00:00,8.2,91,8,0.0,10.8,0.0
2017-10-28 02:00:00,7.0,93,1,0.0,10.9,0.0
2017-10-28 03:00:00,6.5,95,0,0.0,10.3,0.0
2017-10-28 04:00:00,6.0,97,0,0.0,9.9,0.0
2017-10-28 05:00:00,5.8,96,48,0.0,11.1,0.0
2017-10-28 06:00:00,5.7,96,93,0.0,12.5,0.0
2017-10-28 07:00:00,5.7,95,100,0.0,13.4,0.0
2017-10-28 08:00:00,5.8,95,96,0.0,13.2,0.0
2017-10-28 09:00:00,7.4,91,95,50.0,16.6,0.0
2017-10-28 10:00:00,9.2,86,99,137.0,17.7,0.0
2017-10-28 11:00:00,10.6,83,100,171.0,17.9,0.0
2017-10-28 12:00:00,12.1,82,76,166.0,18.1,0.0
2017-10-28 13:00:00,14.2,76,67,276.0,22.1,0.0
2017-10-28 14:00:00,14.6,76,98,247.0,21.0,0.0
2017-10-28 15:00:00,15.3,74,100,238.0,24.5,0.0
2017-10-28 16:00:00,15.3,75,97,139.0,23.4,0.0
2017-10-28 17:00:00,14.4,79,97,77.0,22.0,0.0
2017-10-28 18:00:00,13.5,83,89,11.0,19.8,0.0
2017-10-28 19:00:00,13.2,84,85,0.0,19.5,0.0
2017-10-28 20:00:00,12.9,85,86,0.0,20.2,0.0
2017-10-28 21:00:00,12.5,85,88,0.0,21.6,0.0
2017-10-28 22:00:00,12.0,86,98,0.0,22.7,0.0
2017-10-28 23:00:00,12.0,87,100,0.0,22.0,0.0
2017-10-29 00:00:00,12.7,85,100,0.0,22.3,0.0
2017-10-29 01:00:00,12.4,86,100,0.0,22.0,0.0
2017-10-29 02:00:00,13.1,83,100,0.0,23.4,0.0
2017-10-29 03:00:00,13.5,82,100,0.0,24.1,0.0
2017-10-29 04:00:00,13.7,82,100,0.0,23.2,0.0
2017-10-29 05:00:00,14.2,81,100,0.0,21.4,0.0
2017-10-29 06:00:00,14.5,80,100,0.0,22.2,0.0
2017-10-29 07:00:00,14.4,80,100,0.0,21.1,0.1
2017-10-29 08:00:00,13.7,78,84,0.0,22.6,0.2
2017-10-29 09:00:00,12.9,75,72,30.0,17.3,0.0
2017-10-29 10:00:00,13.1,74,90,140.0,16.8,0.0
2017-10-29 11:00:00,13.5,71,68,202.0,20.2,0.1
2017-10-29 12:00:00,11.5,65,100,216.0,21.6,0.3
2017-10-29 13:00:00,11.7,61,100,84.0,14.8,0.0
2017-10-29 14:00:00,12.0,58,74,171.0,14.4,0.0
2017-10-29 15:00:00,12.0,59,22,234.0,17.7,0.0
2017-10-29 16:00:00,11.7,56,9,218.0,17.3,0.0
2017-10-29 17:00:00,10.9,60,31,81.0,12.3,0.0
2017-10-29 18:00:00,9.5,67,28,9.0,9.4,0.0
2017-10-29 19:00:00,8.8,72,49,0.0,11.6,0.0
2017-10-29 20:00:00,8.6,75,67,0.0,10.5,0.0
2017-10-29 21:00:00,8.5,73,93,0.0,11.5,0.0
2017-10-29 22:00:00,8.5,73,57,0.0,11.5,0.0
2017-10-29 23:00:00,7.9,76,13,0.0,11.5,0.0
2017-10-30 00:00:00,6.8,79,6,0.0,11.2,0.0
2017-10-30 01:00:00,5.7,87,4,0.0,9.3,0.0
2017-10-30 02:00:00,4.8,90,0,0.0,9.2,0.0
2017-10-30 03:00:00,4.5,91,0,0.0,8.8,0.0
2017-10-30 04:00:00,4.2,92,3,0.0,8.4,0.0
2017-10-30 05:00:00,4.0,92,4,0.0,8.0,0.0
2017-10-30 06:00:00,3.7,92,2,0.0,7.6,0.0
2017-10-30 07:00:00,3.0,93,3,0.0,8.8,0.0
2017-10-30 08:00:00,2.7,93,16,0.0,9.7,0.0
2017-10-30 09:00:00,5.0,88,95,49.0,5.2,0.0
2017-10-30 10:00:00,6.5,82,96,158.0,3.9,0.0
2017-10-30 11:00:00,8.0,78,97,264.0,4.9,0.0
2017-10-30 12:00:00,9.3,74,97,334.0,5.1,0.0
2017-10-30 13:00:00,9.9,73,95,358.0,3.8,0.0
2017-10-30 14:00:00,10.6,66,96,313.0,4.1,0.0
2017-10-30 15:00:00,10.8,62,91,250.0,4.8,0.0
2017-10-30 16:00:00,10.6,60,63,180.0,2.6,0.0
2017-10-30 17:00:00,10.4,60,15,94.0,1.1,0.0
2017-10-30 18:00:00,6.9,81,2,10.0,7.8,0.0
2017-10-30 19:00:00,6.4,86,14,0.0,7.1,0.0
2017-10-30 20:00:00,5.4,92,1,0.0,8.1,0.0
2017-10-30 21:00:00,4.6,94,21,0.0,9.0,0.0
2017-10-30 22:00:00,4.3,95,39,0.0,8.1,0.0
2017-10-30 23:00:00,4.5,94,58,0.0,6.9,0.0
2017-10-31 00:00:00,4.6,93,57,0.0,7.9,0.0
2017-10-31 01:00:00,5.4,89,90,0.0,8.8,0.0
2017-10-31 02:00:00,5.5,90,78,0.0,8.2,0.0
2017-10-31 03:00:00,5.9,89,26,0.0,9.0,0.0
2017-10-31 04:00:00,5.4,92,99,0.0,10.0,0.0
2017-10-31 05:00:00,6.8,85,88,0.0,11.8,0.0
2017-10-31 06:00:00,7.1,84,44,0.0,10.9,0.0
2017-10-31 07:00:00,6.5,88,50,0.0,9.8,0.0
2017-10-31 08:00:00,6.2,89,68,0.0,10.3,0.0
2017-10-31 09:00:00,7.6,83,97,41.0,13.6,0.0
2017-10-31 10:00:00,8.9,79,99,87.0,14.2,1.2
2017-10-31 11:00:00,9.7,75,97,84.0,15.9,0.0
2017-10-31 12:00:00,10.9,72,91,170.0,17.6,0.0
2017-10-31 13:00:00,12.2,73,96,284.0,17.7,0.0
2017-10-31 14:00:00,12.9,71,95,273.0,18.4,0.0
2017-10-31 15:00:00,13.3,71,98,256.0,17.4,0.0
2017-10-31 16:00:00,12.8,74,99,151.0,15.4,0.1
2017-10-31 17:00:00,11.9,78,100,50.0,15.1,0.1
2017-10-31 18:00:00,11.2,81,100,6.0,13.8,0.0
2017-10-31 19:00:00,10.5,86,99,0.0,13.1,0.0
2017-10-31 20:00:00,10.2,89,96,0.0,15.3,0.0
2017-10-31 21:00:00,9.9,90,99,0.0,14.8,0.0
2017-10-31 22:00:00,9.5,92,97,0.0,13.9,0.0
2017-10-31 23:00:00,9.2,93,99,0.0,13.4,0.0
2017-11-01 00:00:00,8.7,94,99,0.0,11.6,0.0
2017-11-01 01:00:00,8.3,95,98,0.0,9.9,0.0
2017-11-01 02:00:00,7.9,95,83,0.0,8.4,0.0
2017-11-01 03:00:00,7.9,95,90,0.0,9.2,0.0
2017-11-01 04:00:00,8.0,95,78,0.0,8.7,0.0
2017-11-01 05:00:00,7.8,96,86,0.0,7.1,0.0
2017-11-01 06:00:00,6.9,98,26,0.0,8.1,0.0
2017-11-01 07:00:00,6.5,98,95,0.0,9.2,0.0
2017-11-01 08:00:00,6.7,99,97,0.0,9.2,0.0
2017-11-01 09:00:00,9.4,93,97,36.0,7.4,0.0
2017-11-01 10:00:00,11.4,86,98,137.0,7.6,0.0
2017-11-01 11:00:00,12.9,81,98,214.0,8.6,0.0
2017-11-01 12:00:00,13.8,72,100,243.0,10.9,0.0
2017-11-01 13:00:00,14.0,69,99,250.0,11.3,0.0
2017-11-01 14:00:00,14.2,66,97,205.0,10.7,0.0
2017-11-01 15:00:00,14.4,65,99,194.0,9.5,0.0
2017-11-01 16:00:00,13.9,69,98,153.0,7.6,0.0
2017-11-01 17:00:00,11.9,77,98,75.0,7.4,0.0
2017-11-01 18:00:00,9.5,86,98,6.0,8.0,0.0
2017-11-01 19:00:00,9.0,88,99,0.0,7.8,0.0
2017-11-01 20:00:00,8.9,90,98,0.0,7.1,0.0
2017-11-01 21:00:00,8.1,93,97,0.0,7.1,0.0
2017-11-01 22:00:00,8.0,94,31,0.0,8.1,0.0
2017-11-01 23:00:00,6.7,97,7,0.0,8.2,0.0
2017-11-02 00:00:00,6.1,98,0,0.0,7.6,0.0
2017-11-02 01:00:00,6.5,96,0,0.0,8.2,0.0
2017-11-02 02:00:00,5.3,97,0,0.0,7.6,0.0
2017-11-02 03:00:00,4.6,98,0,0.0,8.6,0.0
2017-11-02 04:00:00,4.5,98,0,0.0,7.2,0.0
2017-11-02 05:00:00,4.1,99,0,0.0,7.7,0.0
2017-11-02 06:00:00,3.5,100,98,0.0,9.4,0.0
2017-11-02 07:00:00,3.3,100,98,0.0,8.8,0.0
2017-11-02 08:00:00,3.1,100,97,0.0,8.4,0.0
2017-11-02 09:00:00,5.7,98,95,38.0,6.8,0.0
2017-11-02 10:00:00,8.1,90,100,102.0,5.5,0.0
2017-11-02 11:00:00,9.7,86,100,135.0,5.8,0.0
2017-11-02 12:00:00,11.1,84,89,177.0,6.3,0.0
2017-11-02 13:00:00,11.7,85,100,198.0,3.9,0.0
2017-11-02 14:00:00,12.1,83,100,154.0,3.8,0.0
2017-11-02 15:00:00,12.1,84,100,74.0,4.8,0.0
2017-11-02 16:00:00,12.1,84,98,61.0,4.0,0.0
2017-11-02 17:00:00,12.0,84,83,27.0,1.3,0.1
2017-11-02 18:00:00,11.6,86,90,2.0,1.0,0.0
2017-11-02 19:00:00,11.1,89,100,0.0,2.6,0.0
2017-11-02 20:00:00,10.7,91,99,0.0,2.9,0.0
2017-11-02 21:00:00,10.6,92,98,0.0,2.1,0.0
2017-11-02 22:00:00,9.8,96,100,0.0,3.5,0.0
2017-11-02 23:00:00,9.2,98,100,0.0,4.3,0.0
2017-11-03 00:00:00,9.0,98,99,0.0,5.4,0.0
2017-11-03 01:00:00,8.5,99,97,0.0,6.3,0.0
2017-11-03 02:00:00,8.3,99,87,0.0,6.1,0.0
2017-11-03 03:00:00,8.2,98,100,0.0,7.4,0.0
2017-11-03 04:00:00,8.4,97,94,0.0,7.9,0.0
2017-11-03 05:00:00,8.5,96,86,0.0,7.0,0.0
2017-11-03 06:00:00,8.2,97,81,0.0,6.9,0.0
2017-11-03 07:00:00,7.9,96,56,0.0,6.5,0.0
2017-11-03 08:00:00,7.0,98,37,0.0,9.8,0.0
2017-11-03 09:00:00,8.5,97,29,31.0,4.7,0.0
2017-11-03 10:00:00,10.0,93,20,127.0,5.1,0.0
2017-11-03 11:00:00,11.7,84,33,240.0,5.2,0.0
2017-11-03 12:00:00,13.2,74,29,316.0,7.3,0.0
2017-11-03 13:00:00,13.3,76,39,359.0,11.2,0.0
2017-11-03 14:00:00,13.7,71,49,241.0,11.5,0.0
2017-11-03 15:00:00,13.7,71,100,141.0,10.2,0.0
2017-11-03 16:00:00,13.3,77,100,86.0,7.1,0.0
2017-11-03 17:00:00,12.4,86,100,30.0,4.8,0.0
2017-11-03 18:00:00,11.6,90,99,2.0,5.8,0.0
2017-11-03 19:00:00,11.5,92,100,0.0,5.8,0.0
2017-11-03 20:00:00,11.0,94,100,0.0,6.2,0.0
2017-11-03 21:00:00,11.2,95,100,0.0,5.8,0.0
2017-11-03 22:00:00,11.3,96,99,0.0,5.8,0.0
2017-11-03 23:00:00,10.2,98,100,0.0,7.8,0.0
2017-11-04 00:00:00,11.1,96,100,0.0,6.4,0.2
2017-11-04 01:00:00,11.0,95,100,0.0,8.0,1.0
2017-11-04 02:00:00,11.9,93,100,0.0,8.8,0.3
2017-11-04 03:00:00,12.3,92,100,0.0,8.7,0.4
2017-11-04 04:00:00,12.2,92,100,0.0,7.2,0.8
2017-11-04 05:00:00,12.1,93,100,0.0,6.9,0.4
2017-11-04 06:00:00,11.8,94,100,0.0,7.2,0.1
2017-11-04 07:00:00,11.4,93,100,0.0,9.6,0.5
2017-11-04 08:00:00,11.7,93,100,0.0,11.0,0.2
2017-11-04 09:00:00,12.1,93,100,5.0,10.0,0.5
2017-11-04 10:00:00,12.4,92,100,18.0,12.1,0.3
2017-11-04 11:00:00,12.8,94,99,52.0,14.7,0.5
2017-11-04 12:00:00,12.3,96,100,62.0,15.8,0.7
2017-11-04 13:00:00,12.4,93,100,58.0,16.9,0.2
2017-11-04 14:00:00,11.9,91,100,73.0,20.2,0.2
2017-11-04 15:00:00,11.6,86,100,109.0,17.7,0.1
2017-11-04 16:00:00,11.3,82,100,83.0,17.7,0.0
2017-11-04 17:00:00,10.5,83,100,21.0,15.6,0.0
2017-11-04 18:00:00,9.9,83,100,2.0,14.7,0.0
2017-11-04 19:00:00,9.5,82,95,0.0,12.6,0.0
2017-11-04 20:00:00,8.9,83,71,0.0,15.1,0.0
2017-11-04 21:00:00,8.1,82,61,0.0,13.7,0.0
2017-11-04 22:00:00,7.3,84,62,0.0,13.8,0.0
2017-11-04 23:00:00,6.2,87,4,0.0,12.4,0.0
2017-11-05 00:00:00,5.4,89,5,0.0,11.4,0.0
2017-11-05 01:00:00,5.0,90,27,0.0,10.7,0.0
2017-11-05 02:00:00,4.7,91,13,0.0,11.4,0.0
2017-11-05 03:00:00,4.6,91,20,0.0,11.9,0.0
2017-11-05 04:00:00,4.6,90,16,0.0,13.7,0.0
2017-11-05 05:00:00,4.3,89,3,0.0,13.6,0.0
2017-11-05 06:00:00,3.8,90,0,0.0,12.4,0.0
2017-11-05 07:00:00,3.6,90,0,0.0,13.1,0.0
2017-11-05 08:00:00,3.3,90,0,0.0,12.7,0.0
2017-11-05 09:00:00,4.0,86,1,33.0,14.4,0.0
2017-11-05 10:00:00,5.5,80,0,143.0,15.1,0.0
2017-11-05 11:00:00,7.1,74,0,249.0,16.6,0.0
2017-11-05 12:00:00,8.4,69,38,326.0,19.5,0.0
2017-11-05 13:00:00,9.2,70,99,306.0,17.5,0.0
2017-11-05 14:00:00,9.4,69,32,287.0,22.6,0.1
2017-11-05 15:00:00,9.3,67,80,216.0,21.1,0.0
2017-11-05 16:00:00,9.2,67,45,128.0,15.6,0.0
2017-11-05 17:00:00,8.2,72,27,63.0,7.8,0.0
2017-11-05 18:00:00,7.3,76,39,3.0,11.2,0.0
2017-11-05 19:00:00,7.0,78,26,0.0,11.8,0.0
2017-11-05 20:00:00,6.2,83,19,0.0,10.4,0.0
2017-11-05 21:00:00,5.3,88,0,0.0,9.7,0.0
2017-11-05 22:00:00,4.4,91,0,0.0,8.4,0.0
2017-11-05 23:00:00,3.7,92,0,0.0,8.2,0.0
2017-11-06 00:00:00,2.7,94,0,0.0,8.7,0.0
2017-11-06 01:00:00,2.7,94,0,0.0,7.2,0.0
2017-11-06 02:00:00,1.9,95,0,0.0,7.6,0.0
2017-11-06 03:00:00,1.6,96,0,0.0,7.3,0.0
2017-11-06 04:00:00,1.1,98,0,0.0,7.9,0.0
2017-11-06 05:00:00,0.8,100,0,0.0,7.6,0.0
2017-11-06 06:00:00,0.5,100,45,0.0,7.2,0.0
2017-11-06 07:00:00,0.4,99,1,0.0,7.6,0.0
2017-11-06 08:00:00,0.2,100,3,0.0,8.4,0.0
2017-11-06 09:00:00,2.3,98,2,30.0,7.9,0.0
2017-11-06 10:00:00,4.4,91,0,136.0,6.8,0.0
2017-11-06 11:00:00,6.3,86,0,242.0,5.9,0.0
2017-11-06 12:00:00,7.9,82,0,318.0,7.6,0.0
2017-11-06 13:00:00,9.1,77,0,352.0,8.4,0.0
2017-11-06 14:00:00,10.1,68,23,336.0,10.5,0.0
2017-11-06 15:00:00,10.4,65,100,255.0,9.7,0.0
2017-11-06 16:00:00,10.2,65,70,171.0,9.0,0.0
2017-11-06 17:00:00,8.2,77,21,67.0,7.3,0.0
2017-11-06 18:00:00,6.5,85,16,3.0,9.5,0.0
2017-11-06 19:00:00,6.1,88,14,0.0,9.5,0.0
2017-11-06 20:00:00,5.8,88,25,0.0,9.0,0.0
2017-11-06 21:00:00,5.6,88,27,0.0,10.5,0.0
2017-11-06 22:00:00,6.1,84,81,0.0,12.1,0.0
2017-11-06 23:00:00,6.8,78,77,0.0,13.6,0.0
2017-11-07 00:00:00,7.0,75,52,0.0,13.7,0.0
2017-11-07 01:00:00,7.1,78,68,0.0,13.2,0.0
2017-11-07 02:00:00,7.7,77,58,0.0,13.4,0.0
2017-11-07 03:00:00,8.3,86,44,0.0,15.1,0.0
2017-11-07 04:00:00,8.8,88,49,0.0,16.6,0.0
2017-11-07 05:00:00,9.3,84,46,0.0,17.3,0.0
2017-11-07 06:00:00,9.1,85,68,0.0,14.9,0.0
2017-11-07 07:00:00,9.5,82,100,0.0,15.5,0.0
2017-11-07 08:00:00,10.2,78,98,0.0,17.0,0.0
2017-11-07 09:00:00,10.5,77,97,10.0,18.8,0.0
2017-11-07 10:00:00,10.8,82,81,43.0,19.1,0.6
2017-11-07 11:00:00,10.6,85,100,47.0,18.0,0.2
2017-11-07 12:00:00,11.3,85,98,82.0,17.0,0.0
2017-11-07 13:00:00,10.6,83,92,62.0,19.3,0.0
2017-11-07 14:00:00,10.6,83,100,57.0,18.8,0.0
2017-11-07 15:00:00,10.5,85,100,52.0,16.3,0.0
2017-11-07 16:00:00,10.4,84,100,25.0,16.4,0.1
2017-11-07 17:00:00,10.2,81,100,11.0,17.4,0.0
2017-11-07 18:00:00,10.0,80,100,0.0,17.5,0.1
2017-11-07 19:00:00,10.0,79,100,0.0,16.6,0.2
2017-11-07 20:00:00,9.7,82,100,0.0,12.6,0.4
2017-11-07 21:00:00,9.4,90,100,0.0,9.7,0.3
2017-11-07 22:00:00,8.6,90,100,0.0,17.7,0.2
2017-11-07 23:00:00,7.7,88,100,0.0,19.2,0.6
2017-11-08 00:00:00,7.2,88,100,0.0,19.2,0.9
2017-11-08 01:00:00,6.2,84,100,0.0,19.2,0.9
2017-11-08 02:00:00,6.0,86,83,0.0,15.5,0.2
2017-11-08 03:00:00,6.2,81,100,0.0,17.0,0.1
2017-11-08 04:00:00,6.2,81,100,0.0,17.5,0.0
2017-11-08 05:00:00,6.6,81,100,0.0,16.5,0.0
2017-11-08 06:00:00,6.7,82,100,0.0,16.9,0.1
2017-11-08 07:00:00,6.7,82,100,0.0,17.4,0.1
2017-11-08 08:00:00,6.8,80,100,0.0,18.0,0.2
2017-11-08 09:00:00,6.8,79,100,3.0,17.7,0.1
2017-11-08 10:00:00,7.0,79,100,13.0,17.4,0.0
2017-11-08 11:00:00,7.3,79,100,30.0,18.3,0.0
2017-11-08 12:00:00,7.3,78,100,38.0,18.7,0.0
2017-11-08 13:00:00,8.0,78,100,46.0,16.5,0.0
2017-11-08 14:00:00,8.4,77,100,64.0,17.0,0.0
2017-11-08 15:00:00,8.7,77,100,40.0,14.9,0.0
2017-11-08 16:00:00,9.1,75,100,49.0,14.7,0.0
2017-11-08 17:00:00,8.7,76,80,24.0,10.9,0.0
2017-11-08 18:00:00,7.7,79,43,1.0,8.7,0.0
2017-11-08 19:00:00,6.0,83,21,0.0,7.5,0.0
2017-11-08 20:00:00,4.3,88,86,0.0,7.9,0.0
2017-11-08 21:00:00,3.4,90,67,0.0,8.1,0.0
2017-11-08 22:00:00,3.3,91,3,0.0,7.1,0.0
2017-11-08 23:00:00,2.2,95,80,0.0,9.0,0.0
2017-11-09 00:00:00,2.1,95,8,0.0,7.8,0.0
2017-11-09 01:00:00,2.0,97,93,0.0,6.6,0.0
2017-11-09 02:00:00,1.2,99,100,0.0,6.8,0.0
2017-11-09 03:00:00,1.6,98,100,0.0,7.0,0.0
2017-11-09 04:00:00,2.1,95,99,0.0,6.9,0.0
2017-11-09 05:00:00,2.8,92,100,0.0,8.2,0.0
2017-11-09 06:00:00,3.6,89,100,0.0,8.7,0.1
2017-11-09 07:00:00,5.1,87,100,0.0,10.8,0.1
2017-11-09 08:00:00,6.2,88,100,0.0,11.8,0.0
2017-11-09 09:00:00,7.0,88,100,2.0,12.6,0.1
2017-11-09 10:00:00,7.7,90,100,11.0,12.4,0.0
2017-11-09 11:00:00,9.3,88,69,106.0,12.0,0.0
2017-11-09 12:00:00,10.6,86,100,188.0,12.2,0.0
2017-11-09 13:00:00,11.1,87,100,61.0,11.2,0.0
2017-11-09 14:00:00,11.6,87,100,98.0,10.5,0.0
2017-11-09 15:00:00,12.0,88,90,94.0,10.1,0.0
2017-11-09 16:00:00,12.1,89,100,99.0,8.6,0.0
2017-11-09 17:00:00,11.3,91,100,24.0,9.5,0.0
2017-11-09 18:00:00,11.3,90,98,1.0,7.9,0.0
2017-11-09 19:00:00,9.0,96,96,0.0,8.4,0.0
2017-11-09 20:00:00,7.6,99,100,0.0,9.5,0.0
2017-11-09 21:00:00,8.9,97,100,0.0,6.1,0.0
2017-11-09 22:00:00,9.5,89,100,0.0,5.0,0.0
2017-11-09 23:00:00,9.3,84,100,0.0,5.5,0.0
2017-11-10 00:00:00,8.7,85,95,0.0,6.8,0.0
2017-11-10 01:00:00,8.9,95,98,0.0,8.2,0.0
2017-11-10 02:00:00,8.8,95,99,0.0,12.2,0.0
2017-11-10 03:00:00,8.4,91,100,0.0,14.8,0.0
2017-11-10 04:00:00,7.8,89,100,0.0,15.6,0.0
2017-11-10 05:00:00,8.0,86,100,0.0,19.0,0.0
2017-11-10 06:00:00,8.5,87,97,0.0,19.6,0.0
2017-11-10 07:00:00,9.0,91,97,0.0,20.1,0.0
2017-11-10 08:00:00,10.5,90,93,0.0,20.2,0.0
2017-11-10 09:00:00,11.0,90,97,9.0,19.5,0.1
2017-11-10 10:00:00,11.4,83,88,68.0,25.3,0.3
2017-11-10 11:00:00,10.7,74,54,143.0,23.3,0.0
2017-11-10 12:00:00,11.1,62,74,284.0,24.3,0.0
2017-11-10 13:00:00,11.6,62,54,211.0,22.9,0.0
2017-11-10 14:00:00,11.4,57,65,214.0,22.5,0.0
2017-11-10 15:00:00,11.1,55,81,169.0,21.2,0.0
2017-11-10 16:00:00,10.4,58,98,107.0,18.4,0.0
2017-11-10 17:00:00,9.4,61,62,51.0,15.5,0.0
2017-11-10 18:00:00,7.9,65,83,1.0,12.4,0.0
2017-11-10 19:00:00,7.1,69,73,0.0,12.3,0.0
2017-11-10 20:00:00,6.9,71,80,0.0,13.3,0.0
2017-11-10 21:00:00,7.1,71,93,0.0,13.0,0.0
2017-11-10 22:00:00,7.6,70,98,0.0,13.6,0.0
2017-11-10 23:00:00,7.1,75,97,0.0,12.4,0.0
2017-11-11 00:00:00,7.4,75,100,0.0,13.9,0.0
2017-11-11 01:00:00,7.2,79,100,0.0,12.8,0.0
2017-11-11 02:00:00,7.0,87,100,0.0,11.0,0.9
2017-11-11 03:00:00,7.2,90,100,0.0,8.8,0.6
2017-11-11 04:00:00,7.5,91,100,0.0,8.0,0.5
2017-11-11 05:00:00,8.0,92,100,0.0,7.4,1.4
2017-11-11 06:00:00,9.4,95,100,0.0,10.4,1.1
2017-11-11 07:00:00,10.0,95,100,0.0,9.0,1.0
2017-11-11 08:00:00,9.4,95,100,0.0,5.4,1.4
2017-11-11 09:00:00,8.0,95,100,2.0,12.8,0.3
2017-11-11 10:00:00,7.8,97,100,11.0,5.4,0.1
2017-11-11 11:00:00,8.4,95,100,17.0,6.3,0.4
2017-11-11 12:00:00,8.4,94,100,21.0,5.8,0.2
2017-11-11 13:00:00,8.1,93,100,33.0,4.5,0.2
2017-11-11 14:00:00,8.4,91,100,32.0,6.9,0.1
2017-11-11 15:00:00,8.9,87,100,51.0,10.4,0.0
2017-11-11 16:00:00,8.9,86,99,53.0,9.3,0.0
2017-11-11 17:00:00,8.5,87,95,24.0,5.5,0.0
2017-11-11 18:00:00,7.8,91,99,0.0,4.9,0.0
2017-11-11 19:00:00,7.7,91,100,0.0,5.3,0.0
2017-11-11 20:00:00,7.0,94,99,0.0,5.4,0.0
2017-11-11 21:00:00,6.9,95,100,0.0,5.8,0.0
2017-11-11 22:00:00,6.5,96,100,0.0,4.4,0.0
2017-11-11 23:00:00,6.6,97,99,0.0,4.9,0.0
2017-11-12 00:00:00,6.6,97,100,0.0,4.8,0.0
2017-11-12 01:00:00,6.8,96,100,0.0,6.8,0.1
2017-11-12 02:00:00,6.8,95,100,0.0,7.2,0.2
2017-11-12 03:00:00,6.7,94,100,0.0,7.9,0.3
2017-11-12 04:00:00,6.6,90,100,0.0,8.2,0.5
2017-11-12 05:00:00,6.3,89,99,0.0,7.0,0.4
2017-11-12 06:00:00,6.0,90,100,0.0,7.9,0.1
2017-11-12 07:00:00,6.1,87,72,0.0,14.2,0.2
2017-11-12 08:00:00,6.1,86,47,0.0,19.2,0.3
2017-11-12 09:00:00,5.5,88,32,14.0,17.5,0.1
2017-11-12 10:00:00,6.1,86,17,94.0,19.7,0.0
2017-11-12 11:00:00,6.6,80,26,183.0,27.2,0.0
2017-11-12 12:00:00,7.1,73,24,246.0,31.4,0.0
2017-11-12 13:00:00,7.7,74,39,262.0,27.8,0.0
2017-11-12 14:00:00,8.1,66,32,287.0,28.0,0.1
2017-11-12 15:00:00,7.6,63,42,205.0,29.2,0.1
2017-11-12 16:00:00,7.3,64,17,119.0,23.8,0.0
2017-11-12 17:00:00,6.5,65,4,53.0,20.0,0.0
2017-11-12 18:00:00,5.9,65,6,1.0,20.4,0.0
2017-11-12 19:00:00,5.6,66,2,0.0,21.7,0.0
2017-11-12 20:00:00,5.6,64,14,0.0,21.4,0.0
2017-11-12 21:00:00,5.6,63,29,0.0,21.4,0.0
2017-11-12 22:00:00,5.4,63,11,0.0,20.7,0.0
2017-11-12 23:00:00,5.0,64,3,0.0,20.6,0.0
2017-11-13 00:00:00,4.6,65,0,0.0,20.8,0.0
2017-11-13 01:00:00,4.3,69,0,0.0,17.2,0.0
2017-11-13 02:00:00,3.9,70,0,0.0,17.6,0.0
2017-11-13 03:00:00,3.4,71,0,0.0,17.1,0.0
2017-11-13 04:00:00,3.0,72,0,0.0,16.0,0.0
2017-11-13 05:00:00,2.6,74,1,0.0,14.9,0.0
2017-11-13 06:00:00,2.3,76,0,0.0,14.6,0.0
2017-11-13 07:00:00,2.2,77,0,0.0,14.2,0.0
2017-11-13 08:00:00,2.1,78,0,0.0,14.8,0.0
2017-11-13 09:00:00,2.7,77,0,16.0,17.0,0.0
2017-11-13 10:00:00,4.0,74,29,109.0,16.1,0.0
2017-11-13 11:00:00,5.3,71,32,211.0,17.2,0.0
2017-11-13 12:00:00,6.3,69,16,264.0,16.6,0.0
2017-11-13 13:00:00,6.7,71,57,310.0,13.4,0.0
2017-11-13 14:00:00,7.2,69,94,273.0,13.0,0.0
2017-11-13 15:00:00,6.8,71,96,110.0,11.8,0.0
2017-11-13 16:00:00,6.5,73,25,59.0,10.3,0.0
2017-11-13 17:00:00,4.4,85,67,49.0,7.0,0.0
2017-11-13 18:00:00,3.6,88,38,0.0,7.8,0.0
2017-11-13 19:00:00,2.4,90,70,0.0,7.5,0.0
2017-11-13 20:00:00,3.2,87,84,0.0,6.1,0.0
2017-11-13 21:00:00,3.6,86,23,0.0,6.0,0.0
2017-11-13 22:00:00,2.6,91,79,0.0,7.1,0.0
2017-11-13 23:00:00,3.9,87,87,0.0,8.4,0.0
2017-11-14 00:00:00,4.5,85,100,0.0,8.7,0.0
2017-11-14 01:00:00,4.6,85,53,0.0,11.0,0.0
2017-11-14 02:00:00,5.1,83,72,0.0,13.1,0.0
2017-11-14 03:00:00,4.9,84,47,0.0,11.8,0.0
2017-11-14 04:00:00,5.1,83,42,0.0,12.5,0.0
2017-11-14 05:00:00,5.3,82,82,0.0,14.3,0.0
2017-11-14 06:00:00,6.1,80,93,0.0,15.9,0.0
2017-11-14 07:00:00,6.0,82,84,0.0,14.2,0.0
2017-11-14 08:00:00,6.1,85,69,0.0,13.6,0.3
2017-11-14 09:00:00,6.8,85,86,7.0,15.2,0.0
2017-11-14 10:00:00,7.9,83,91,40.0,16.8,0.0
2017-11-14 11:00:00,8.8,83,99,69.0,16.4,0.0
2017-11-14 12:00:00,9.6,82,100,76.0,14.3,0.0
2017-11-14 13:00:00,10.1,84,100,62.0,12.4,0.0
2017-11-14 14:00:00,10.3,84,100,48.0,12.7,0.0
2017-11-14 15:00:00,10.4,86,92,48.0,11.9,0.0
2017-11-14 16:00:00,10.4,87,94,36.0,12.0,0.0
2017-11-14 17:00:00,10.0,90,100,11.0,10.7,0.0
2017-11-14 18:00:00,10.0,90,100,0.0,11.2,0.0
2017-11-14 19:00:00,10.1,90,100,0.0,11.2,0.0
2017-11-14 20:00:00,10.2,91,100,0.0,12.2,0.0
2017-11-14 21:00:00,10.2,91,100,0.0,12.6,0.0
2017-11-14 22:00:00,10.3,90,100,0.0,12.1,0.0
2017-11-14 23:00:00,10.2,90,100,0.0,11.6,0.0
2017-11-15 00:00:00,10.1,90,100,0.0,11.4,0.0
2017-11-15 01:00:00,9.9,91,100,0.0,11.0,0.0
2017-11-15 02:00:00,9.6,93,100,0.0,10.3,0.0
2017-11-15 03:00:00,9.3,93,100,0.0,9.3,0.0
2017-11-15 04:00:00,9.6,92,100,0.0,10.2,0.0
2017-11-15 05:00:00,9.6,93,100,0.0,9.7,0.0
2017-11-15 06:00:00,9.6,94,95,0.0,8.3,0.0
2017-11-15 07:00:00,9.4,95,100,0.0,7.6,0.0
2017-11-15 08:00:00,9.4,96,97,0.0,6.3,0.0
2017-11-15 09:00:00,9.6,96,97,4.0,7.0,0.0
2017-11-15 10:00:00,10.1,94,88,53.0,7.4,0.0
2017-11-15 11:00:00,11.3,86,100,125.0,7.6,0.0
2017-11-15 12:00:00,12.0,81,100,160.0,6.2,0.0
2017-11-15 13:00:00,12.0,85,100,144.0,4.9,0.0
2017-11-15 14:00:00,12.4,83,100,86.0,6.1,0.0
2017-11-15 15:00:00,12.2,86,100,45.0,4.0,0.0
2017-11-15 16:00:00,12.0,88,100,37.0,3.8,0.0
2017-11-15 17:00:00,11.1,92,97,17.0,4.3,0.0
2017-11-15 18:00:00,10.0,95,99,0.0,5.7,0.0
2017-11-15 19:00:00,9.6,95,75,0.0,6.8,0.0
2017-11-15 20:00:00,9.4,95,100,0.0,5.8,0.0
2017-11-15 21:00:00,9.2,96,100,0.0,6.1,0.0
2017-11-15 22:00:00,9.4,96,100,0.0,5.5,0.0
2017-11-15 23:00:00,9.4,96,100,0.0,7.4,0.0
2017-11-16 00:00:00,9.5,96,100,0.0,5.6,0.0
2017-11-16 01:00:00,9.2,96,99,0.0,6.4,0.0
2017-11-16 02:00:00,9.4,96,100,0.0,7.7,0.0
2017-11-16 03:00:00,9.6,95,100,0.0,8.4,0.0
2017-11-16 04:00:00,9.8,95,97,0.0,9.0,0.0
2017-11-16 05:00:00,9.8,95,62,0.0,10.2,0.0
2017-11-16 06:00:00,9.5,95,100,0.0,9.5,0.0
2017-11-16 07:00:00,9.7,95,99,0.0,8.8,0.0
2017-11-16 08:00:00,9.7,96,98,0.0,9.8,0.0
2017-11-16 09:00:00,9.9,95,100,3.0,11.7,0.1
2017-11-16 10:00:00,10.2,93,99,11.0,12.8,0.0
2017-11-16 11:00:00,10.7,90,100,35.0,14.2,0.0
2017-11-16 12:00:00,11.0,89,90,33.0,14.1,0.0
2017-11-16 13:00:00,11.7,89,58,123.0,11.5,0.0
2017-11-16 14:00:00,12.6,82,25,163.0,14.7,0.0
2017-11-16 15:00:00,12.8,76,85,232.0,16.5,0.0
2017-11-16 16:00:00,12.2,79,99,115.0,11.8,0.0
2017-11-16 17:00:00,11.4,82,100,12.0,7.6,0.0
2017-11-16 18:00:00,11.5,81,100,0.0,9.5,0.1
2017-11-16 19:00:00,10.7,77,100,0.0,16.3,0.0
2017-11-16 20:00:00,10.1,75,100,0.0,12.4,0.0
2017-11-16 21:00:00,9.4,75,100,0.0,12.7,0.0
2017-11-16 22:00:00,8.4,71,100,0.0,13.8,0.0
2017-11-16 23:00:00,6.8,78,40,0.0,11.6,0.0
2017-11-17 00:00:00,4.9,87,1,0.0,9.0,0.0
2017-11-17 01:00:00,3.7,93,1,0.0,7.9,0.0
2017-11-17 02:00:00,2.7,94,0,0.0,7.9,0.0
2017-11-17 03:00:00,2.0,94,29,0.0,8.5,0.0
2017-11-17 04:00:00,1.3,94,0,0.0,10.1,0.0
2017-11-17 05:00:00,2.4,92,66,0.0,7.4,0.0
2017-11-17 06:00:00,2.4,92,94,0.0,4.4,0.0
2017-11-17 07:00:00,1.6,95,93,0.0,4.0,0.0
2017-11-17 08:00:00,1.3,95,56,0.0,3.6,0.0
2017-11-17 09:00:00,1.0,98,0,9.0,4.3,0.0
2017-11-17 10:00:00,3.1,91,0,97.0,3.7,0.0
2017-11-17 11:00:00,4.9,84,0,201.0,3.1,0.0
2017-11-17 12:00:00,6.7,77,0,278.0,4.8,0.0
2017-11-17 13:00:00,7.7,73,0,312.0,4.0,0.0
2017-11-17 14:00:00,8.5,69,19,300.0,7.2,0.0
2017-11-17 15:00:00,8.5,65,85,240.0,7.6,0.0
2017-11-17 16:00:00,7.7,72,60,136.0,5.0,0.0
2017-11-17 17:00:00,4.6,85,33,43.0,8.4,0.0
2017-11-17 18:00:00,3.2,89,90,0.0,9.4,0.0
2017-11-17 19:00:00,4.0,86,2,0.0,7.3,0.0
2017-11-17 20:00:00,2.4,90,10,0.0,8.6,0.0
2017-11-17 21:00:00,2.0,92,3,0.0,8.0,0.0
2017-11-17 22:00:00,1.7,94,9,0.0,7.4,0.0
2017-11-17 23:00:00,1.8,94,13,0.0,8.9,0.0
2017-11-18 00:00:00,2.0,94,50,0.0,9.6,0.0
2017-11-18 01:00:00,2.4,93,46,0.0,10.4,0.0
2017-11-18 02:00:00,3.0,92,44,0.0,10.5,0.0
2017-11-18 03:00:00,2.8,92,5,0.0,10.4,0.0
2017-11-18 04:00:00,2.3,92,4,0.0,10.7,0.0
2017-11-18 05:00:00,2.2,93,9,0.0,11.4,0.0
2017-11-18 06:00:00,2.3,92,9,0.0,12.3,0.0
2017-11-18 07:00:00,2.5,92,18,0.0,12.4,0.0
2017-11-18 08:00:00,2.8,91,91,0.0,12.4,0.0
2017-11-18 09:00:00,4.0,89,77,7.0,14.5,0.0
2017-11-18 10:00:00,5.6,86,99,71.0,17.2,0.0
2017-11-18 11:00:00,6.8,83,99,64.0,18.2,0.0
2017-11-18 12:00:00,7.3,83,100,42.0,18.7,0.1
2017-11-18 13:00:00,6.9,89,100,26.0,15.6,0.0
2017-11-18 14:00:00,7.2,92,100,15.0,14.8,0.3
2017-11-18 15:00:00,7.7,94,100,11.0,11.8,0.8
2017-11-18 16:00:00,8.0,95,100,8.0,7.9,0.5
2017-11-18 17:00:00,7.8,96,100,3.0,5.6,0.6
2017-11-18 18:00:00,7.8,94,100,0.0,6.0,0.3
2017-11-18 19:00:00,7.8,93,100,0.0,7.6,0.5
2017-11-18 20:00:00,7.8,91,99,0.0,9.5,0.0
2017-11-18 21:00:00,7.5,91,95,0.0,10.6,0.0
2017-11-18 22:00:00,7.0,90,96,0.0,11.1,0.0
2017-11-18 23:00:00,6.8,89,11,0.0,12.4,0.0
2017-11-19 00:00:00,5.2,93,8,0.0,11.3,0.0
2017-11-19 01:00:00,5.4,92,11,0.0,10.9,0.0
2017-11-19 02:00:00,4.5,93,7,0.0,11.0,0.0
2017-11-19 03:00:00,3.9,94,48,0.0,10.3,0.0
2017-11-19 04:00:00,4.1,94,28,0.0,10.5,0.0
2017-11-19 05:00:00,3.5,94,1,0.0,10.0,0.0
2017-11-19 06:00:00,2.6,95,26,0.0,9.6,0.0
2017-11-19 07:00:00,1.7,94,19,0.0,8.0,0.0
2017-11-19 08:00:00,0.7,93,71,0.0,8.2,0.0
2017-11-19 09:00:00,1.0,92,82,8.0,7.3,0.0
2017-11-19 10:00:00,2.9,86,88,84.0,9.5,0.0
2017-11-19 11:00:00,4.2,80,45,183.0,8.7,0.0
2017-11-19 12:00:00,5.5,74,32,265.0,9.2,0.0
2017-11-19 13:00:00,6.1,72,50,299.0,9.0,0.0
2017-11-19 14:00:00,6.7,69,59,280.0,9.3,0.0
2017-11-19 15:00:00,6.7,69,66,205.0,9.4,0.0
2017-11-19 16:00:00,6.3,74,92,110.0,6.5,0.0
2017-11-19 17:00:00,5.5,79,81,18.0,5.9,0.0
2017-11-19 18:00:00,4.9,84,69,0.0,5.2,0.0
2017-11-19 19:00:00,3.8,90,0,0.0,6.3,0.0
2017-11-19 20:00:00,2.1,94,0,0.0,7.9,0.0
2017-11-19 21:00:00,1.4,96,13,0.0,8.4,0.0
2017-11-19 22:00:00,1.4,96,87,0.0,6.9,0.0
2017-11-19 23:00:00,1.5,95,92,0.0,7.2,0.0
2017-11-20 00:00:00,2.5,93,100,0.0,6.8,0.0
2017-11-20 01:00:00,5.3,82,100,0.0,10.4,0.0
2017-11-20 02:00:00,5.9,83,100,0.0,11.6,0.0
2017-11-20 03:00:00,6.4,83,100,0.0,12.1,0.0
2017-11-20 04:00:00,7.2,84,99,0.0,12.1,0.0
2017-11-20 05:00:00,8.2,88,100,0.0,15.2,0.0
2017-11-20 06:00:00,9.4,89,100,0.0,17.6,0.0
2017-11-20 07:00:00,9.6,85,99,0.0,20.1,0.1
2017-11-20 08:00:00,9.8,85,99,0.0,21.6,0.2
2017-11-20 09:00:00,10.0,85,90,2.0,22.5,0.0
2017-11-20 10:00:00,10.3,84,99,38.0,23.5,0.0
2017-11-20 11:00:00,10.6,82,99,36.0,24.0,0.0
2017-11-20 12:00:00,11.4,81,99,117.0,23.7,0.0
2017-11-20 13:00:00,12.1,84,99,191.0,21.9,0.0
2017-11-20 14:00:00,11.7,84,100,50.0,22.2,0.0
2017-11-20 15:00:00,11.7,86,100,28.0,24.2,0.1
2017-11-20 16:00:00,11.7,86,100,18.0,22.1,0.0
2017-11-20 17:00:00,11.9,86,100,13.0,22.6,0.0
2017-11-20 18:00:00,12.0,87,100,0.0,22.8,0.0
2017-11-20 19:00:00,12.1,88,100,0.0,23.6,0.0
2017-11-20 20:00:00,12.1,89,100,0.0,20.6,0.0
2017-11-20 21:00:00,12.0,90,100,0.0,18.0,0.1
2017-11-20 22:00:00,11.9,91,100,0.0,17.8,0.3
2017-11-20 23:00:00,12.0,90,100,0.0,18.5,0.0
2017-11-21 00:00:00,11.9,91,100,0.0,18.7,0.0
2017-11-21 01:00:00,11.7,93,100,0.0,20.6,0.0
2017-11-21 02:00:00,11.8,92,100,0.0,21.8,0.0
2017-11-21 03:00:00,11.9,92,99,0.0,20.3,0.2
2017-11-21 04:00:00,11.7,92,100,0.0,18.8,0.1
2017-11-21 05:00:00,11.7,93,100,0.0,19.2,0.6
2017-11-21 06:00:00,11.6,93,100,0.0,18.8,0.7
2017-11-21 07:00:00,11.6,93,100,0.0,19.8,0.2
2017-11-21 08:00:00,11.5,93,100,0.0,19.9,0.0
2017-11-21 09:00:00,11.3,93,99,3.0,19.0,0.0
2017-11-21 10:00:00,11.3,91,100,41.0,20.0,0.0
2017-11-21 11:00:00,11.8,88,100,100.0,21.0,0.0
2017-11-21 12:00:00,12.5,85,100,149.0,20.6,0.0
2017-11-21 13:00:00,13.0,82,100,167.0,21.3,0.0
2017-11-21 14:00:00,13.1,79,100,133.0,22.6,0.0
2017-11-21 15:00:00,12.9,77,100,93.0,21.3,0.0
2017-11-21 16:00:00,12.6,78,98,53.0,21.9,0.0
2017-11-21 17:00:00,12.0,82,100,19.0,20.9,0.0
2017-11-21 18:00:00,12.5,84,99,0.0,24.7,0.0
2017-11-21 19:00:00,12.7,84,99,0.0,24.7,0.0
2017-11-21 20:00:00,12.3,88,100,0.0,24.4,0.0
2017-11-21 21:00:00,13.0,84,100,0.0,27.7,0.0
2017-11-21 22:00:00,13.0,83,100,0.0,29.0,0.1
2017-11-21 23:00:00,13.2,83,100,0.0,28.8,0.0
2017-11-22 00:00:00,13.4,87,100,0.0,30.3,0.0
2017-11-22 01:00:00,13.6,83,100,0.0,28.1,0.0
2017-11-22 02:00:00,13.3,85,100,0.0,28.3,0.0
2017-11-22 03:00:00,13.5,87,100,0.0,31.1,0.0
2017-11-22 04:00:00,13.0,88,99,0.0,29.1,0.0
2017-11-22 05:00:00,13.0,84,99,0.0,29.0,0.0
2017-11-22 06:00:00,12.5,86,99,0.0,29.0,0.0
2017-11-22 07:00:00,12.5,84,99,0.0,30.2,0.0
2017-11-22 08:00:00,12.5,82,99,0.0,30.5,0.0
2017-11-22 09:00:00,12.6,81,99,4.0,31.9,0.0
2017-11-22 10:00:00,13.5,75,84,49.0,32.2,0.0
2017-11-22 11:00:00,14.3,69,33,138.0,33.2,0.0
2017-11-22 12:00:00,14.3,68,63,192.0,30.6,0.0
2017-11-22 13:00:00,14.1,72,12,208.0,28.5,0.0
2017-11-22 14:00:00,14.3,70,30,208.0,29.4,0.0
2017-11-22 15:00:00,13.9,70,36,178.0,31.2,0.0
2017-11-22 16:00:00,13.7,71,99,102.0,36.7,0.0
2017-11-22 17:00:00,14.2,66,86,11.0,35.9,0.0
2017-11-22 18:00:00,14.1,62,29,0.0,36.0,0.0
2017-11-22 19:00:00,14.4,59,4,0.0,36.6,0.0
2017-11-22 20:00:00,14.8,58,99,0.0,40.4,0.0
2017-11-22 21:00:00,15.1,61,100,0.0,39.6,0.0
2017-11-22 22:00:00,14.5,69,99,0.0,38.6,0.0
2017-11-22 23:00:00,14.5,71,100,0.0,34.6,0.1
2017-11-23 00:00:00,15.2,65,100,0.0,40.3,0.1
2017-11-23 01:00:00,14.9,64,99,0.0,44.1,0.1
2017-11-23 02:00:00,14.7,63,86,0.0,38.3,0.0
2017-11-23 03:00:00,14.4,69,100,0.0,38.2,0.2
2017-11-23 04:00:00,13.9,78,100,0.0,38.2,0.5
2017-11-23 05:00:00,12.9,88,99,0.0,29.8,0.6
2017-11-23 06:00:00,12.9,90,50,0.0,25.0,0.2
2017-11-23 07:00:00,12.1,89,96,0.0,29.6,0.1
2017-11-23 08:00:00,11.6,85,100,0.0,28.4,0.4
2017-11-23 09:00:00,10.1,73,31,1.0,29.7,0.0
2017-11-23 10:00:00,8.4,67,1,58.0,26.3,0.0
2017-11-23 11:00:00,8.8,69,0,177.0,19.4,0.0
2017-11-23 12:00:00,9.9,68,0,249.0,23.9,0.0
2017-11-23 13:00:00,10.4,65,0,278.0,29.0,0.0
2017-11-23 14:00:00,11.1,57,44,270.0,33.2,0.0
2017-11-23 15:00:00,11.0,54,16,186.0,31.9,0.0
2017-11-23 16:00:00,10.4,58,6,128.0,27.5,0.0
2017-11-23 17:00:00,9.5,60,21,32.0,25.1,0.0
2017-11-23 18:00:00,8.9,62,19,0.0,22.3,0.0
2017-11-23 19:00:00,8.6,63,74,0.0,20.1,0.0
2017-11-23 20:00:00,8.2,67,64,0.0,17.9,0.0
2017-11-23 21:00:00,7.5,71,100,0.0,14.2,0.0
2017-11-23 22:00:00,7.5,73,100,0.0,10.9,0.0
2017-11-23 23:00:00,7.3,77,100,0.0,9.0,0.1
2017-11-24 00:00:00,7.0,82,100,0.0,7.6,0.3
2017-11-24 01:00:00,6.5,86,100,0.0,6.4,0.4
2017-11-24 02:00:00,6.4,86,98,0.0,6.8,0.1
2017-11-24 03:00:00,6.2,88,100,0.0,6.2,0.1
2017-11-24 04:00:00,6.4,88,100,0.0,7.2,0.0
2017-11-24 05:00:00,6.3,90,94,0.0,7.3,0.0
2017-11-24 06:00:00,5.2,95,88,0.0,6.1,0.0
2017-11-24 07:00:00,4.6,96,100,0.0,5.7,0.0
2017-11-24 08:00:00,5.0,96,85,0.0,5.8,0.0
2017-11-24 09:00:00,4.8,96,77,2.0,4.6,0.0
2017-11-24 10:00:00,5.6,91,27,59.0,7.1,0.0
2017-11-24 11:00:00,6.5,81,90,164.0,5.9,0.0
2017-11-24 12:00:00,7.2,74,100,206.0,4.8,0.0
2017-11-24 13:00:00,7.6,70,99,232.0,1.1,0.0
2017-11-24 14:00:00,7.8,69,99,182.0,1.6,0.0
2017-11-24 15:00:00,7.7,69,92,150.0,3.9,0.0
2017-11-24 16:00:00,7.2,79,59,93.0,2.6,0.0
2017-11-24 17:00:00,4.5,87,27,26.0,8.4,0.0
2017-11-24 18:00:00,3.0,91,28,0.0,9.7,0.0
2017-11-24 19:00:00,2.8,91,65,0.0,7.5,0.0
2017-11-24 20:00:00,2.4,93,80,0.0,5.9,0.0
2017-11-24 21:00:00,1.1,96,92,0.0,6.6,0.0
2017-11-24 22:00:00,0.1,98,99,0.0,7.4,0.0
2017-11-24 23:00:00,0.0,97,93,0.0,7.8,0.0
2017-11-25 00:00:00,-0.5,97,97,0.0,7.4,0.0
2017-11-25 01:00:00,-0.4,99,88,0.0,5.4,0.0
2017-11-25 02:00:00,-1.0,100,59,0.0,6.0,0.0
2017-11-25 03:00:00,-1.3,99,63,0.0,6.8,0.0
2017-11-25 04:00:00,-1.3,99,68,0.0,7.4,0.0
2017-11-25 05:00:00,-0.9,96,87,0.0,6.8,0.0
2017-11-25 06:00:00,-0.3,93,86,0.0,7.6,0.0
2017-11-25 07:00:00,0.4,91,97,0.0,7.2,0.0
2017-11-25 08:00:00,0.7,91,5,0.0,8.6,0.0
2017-11-25 09:00:00,0.5,92,0,3.0,10.6,0.0
2017-11-25 10:00:00,1.9,88,0,68.0,13.7,0.0
2017-11-25 11:00:00,3.2,83,0,167.0,14.5,0.0
2017-11-25 12:00:00,4.5,77,0,240.0,18.0,0.0
2017-11-25 13:00:00,5.6,74,0,274.0,19.4,0.0
2017-11-25 14:00:00,6.2,69,35,261.0,22.2,0.0
2017-11-25 15:00:00,6.2,68,42,175.0,23.3,0.0
2017-11-25 16:00:00,5.8,70,25,102.0,19.2,0.0
2017-11-25 17:00:00,4.6,76,12,26.0,14.8,0.0
2017-11-25 18:00:00,3.7,80,7,0.0,14.4,0.0
2017-11-25 19:00:00,3.0,82,14,0.0,14.8,0.0
2017-11-25 20:00:00,2.7,82,19,0.0,15.2,0.0
2017-11-25 21:00:00,2.6,83,0,0.0,15.5,0.0
2017-11-25 22:00:00,2.4,84,21,0.0,16.0,0.0
2017-11-25 23:00:00,2.2,85,21,0.0,15.9,0.0
2017-11-26 00:00:00,2.1,85,0,0.0,15.2,0.0
2017-11-26 01:00:00,2.1,84,0,0.0,15.3,0.0
2017-11-26 02:00:00,1.9,84,0,0.0,14.9,0.0
2017-11-26 03:00:00,2.0,84,0,0.0,16.6,0.0
2017-11-26 04:00:00,2.0,84,1,0.0,16.6,0.0
2017-11-26 05:00:00,1.8,87,1,0.0,14.8,0.0
2017-11-26 06:00:00,1.6,88,0,0.0,14.9,0.0
2017-11-26 07:00:00,1.6,88,0,0.0,15.5,0.0
2017-11-26 08:00:00,1.6,88,0,0.0,16.2,0.0
2017-11-26 09:00:00,1.8,87,0,2.0,15.8,0.0
2017-11-26 10:00:00,3.3,81,1,64.0,17.3,0.0
2017-11-26 11:00:00,4.7,77,0,160.0,17.3,0.0
2017-11-26 12:00:00,5.8,73,0,234.0,19.5,0.0
2017-11-26 13:00:00,6.6,72,0,270.0,19.4,0.0
2017-11-26 14:00:00,7.2,68,18,252.0,21.2,0.0
2017-11-26 15:00:00,7.0,71,21,174.0,20.5,0.0
2017-11-26 16:00:00,6.4,75,33,104.0,15.9,0.0
2017-11-26 17:00:00,5.5,80,36,22.0,13.8,0.0
2017-11-26 18:00:00,4.9,83,18,0.0,13.2,0.0
2017-11-26 19:00:00,4.1,87,15,0.0,11.7,0.0
2017-11-26 20:00:00,3.8,89,23,0.0,12.2,0.0
2017-11-26 21:00:00,3.5,91,40,0.0,12.5,0.0
2017-11-26 22:00:00,3.5,92,52,0.0,13.8,0.0
2017-11-26 23:00:00,4.0,91,100,0.0,14.3,0.0
2017-11-27 00:00:00,5.4,86,100,0.0,17.6,0.0
2017-11-27 01:00:00,6.1,87,100,0.0,19.6,0.1
2017-11-27 02:00:00,7.0,84,98,0.0,22.1,0.0
2017-11-27 03:00:00,7.4,82,100,0.0,25.6,0.0
2017-11-27 04:00:00,8.0,81,100,0.0,28.1,0.3
2017-11-27 05:00:00,8.3,81,100,0.0,29.1,0.1
2017-11-27 06:00:00,8.6,81,100,0.0,29.8,0.2
2017-11-27 07:00:00,9.1,80,100,0.0,32.0,0.1
2017-11-27 08:00:00,9.6,81,100,0.0,30.9,0.2
2017-11-27 09:00:00,9.7,86,100,0.0,28.3,0.7
2017-11-27 10:00:00,9.7,91,99,3.0,24.9,1.0
2017-11-27 11:00:00,9.5,87,97,22.0,24.8,0.5
2017-11-27 12:00:00,9.6,82,96,125.0,27.4,0.6
2017-11-27 13:00:00,9.1,83,97,127.0,21.6,0.1
2017-11-27 14:00:00,9.4,79,97,104.0,21.8,0.0
2017-11-27 15:00:00,9.6,75,90,124.0,22.0,0.0
2017-11-27 16:00:00,9.0,75,95,70.0,20.6,0.0
2017-11-27 17:00:00,8.2,77,99,13.0,20.2,0.0
2017-11-27 18:00:00,7.7,79,99,0.0,18.1,0.2
2017-11-27 19:00:00,7.6,80,100,0.0,17.4,0.0
2017-11-27 20:00:00,7.2,81,100,0.0,16.7,0.0
2017-11-27 21:00:00,6.7,82,99,0.0,16.3,0.0
2017-11-27 22:00:00,6.4,82,99,0.0,16.2,0.0
2017-11-27 23:00:00,5.9,84,99,0.0,14.8,0.0
2017-11-28 00:00:00,5.4,86,31,0.0,13.7,0.0
2017-11-28 01:00:00,4.0,91,7,0.0,12.6,0.0
2017-11-28 02:00:00,3.2,92,0,0.0,11.2,0.0
2017-11-28 03:00:00,2.8,93,0,0.0,12.1,0.0
2017-11-28 04:00:00,2.3,94,1,0.0,10.0,0.0
2017-11-28 05:00:00,2.1,94,13,0.0,9.8,0.0
2017-11-28 06:00:00,2.2,94,71,0.0,10.8,0.0
2017-11-28 07:00:00,3.2,93,100,0.0,11.1,0.0
2017-11-28 08:00:00,3.9,91,77,0.0,11.5,0.1
2017-11-28 09:00:00,3.9,91,86,1.0,10.2,0.0
2017-11-28 10:00:00,4.7,90,36,35.0,12.0,0.0
2017-11-28 11:00:00,5.2,86,5,127.0,13.4,0.0
2017-11-28 12:00:00,5.8,76,1,197.0,14.8,0.0
2017-11-28 13:00:00,6.2,76,10,262.0,12.9,0.0
2017-11-28 14:00:00,6.5,69,18,220.0,14.4,0.0
2017-11-28 15:00:00,6.4,64,15,175.0,15.9,0.0
2017-11-28 16:00:00,5.5,70,4,109.0,12.6,0.0
2017-11-28 17:00:00,3.4,77,5,27.0,10.1,0.0
2017-11-28 18:00:00,2.4,83,22,0.0,9.5,0.0
2017-11-28 19:00:00,1.9,86,57,0.0,9.1,0.0
2017-11-28 20:00:00,2.9,83,83,0.0,10.5,0.0
2017-11-28 21:00:00,3.8,80,93,0.0,12.0,0.0
2017-11-28 22:00:00,3.8,80,22,0.0,13.0,0.0
2017-11-28 23:00:00,2.8,84,89,0.0,13.2,0.0
2017-11-29 00:00:00,2.9,82,87,0.0,13.5,0.0
2017-11-29 01:00:00,2.7,81,46,0.0,12.8,0.0
2017-11-29 02:00:00,1.8,85,27,0.0,13.8,0.0
2017-11-29 03:00:00,1.8,84,72,0.0,15.3,0.0
2017-11-29 04:00:00,2.2,84,44,0.0,16.6,0.0
2017-11-29 05:00:00,2.4,83,66,0.0,17.4,0.0
2017-11-29 06:00:00,2.2,83,15,0.0,16.6,0.0
2017-11-29 07:00:00,1.8,83,5,0.0,14.8,0.0
2017-11-29 08:00:00,1.5,84,20,0.0,14.5,0.0
2017-11-29 09:00:00,1.7,83,9,1.0,16.4,0.0
2017-11-29 10:00:00,3.2,77,90,41.0,19.8,0.0
2017-11-29 11:00:00,4.2,75,81,104.0,18.9,0.0
2017-11-29 12:00:00,4.7,74,63,126.0,18.7,0.0
2017-11-29 13:00:00,5.1,75,100,168.0,23.1,0.0
2017-11-29 14:00:00,5.5,76,97,93.0,23.6,0.0
2017-11-29 15:00:00,6.1,72,99,72.0,19.1,0.0
2017-11-29 16:00:00,5.8,75,60,39.0,18.8,0.0
2017-11-29 17:00:00,5.1,79,64,15.0,18.2,0.0
2017-11-29 18:00:00,4.4,82,45,0.0,19.0,0.0
2017-11-29 19:00:00,4.1,84,16,0.0,20.1,0.0
2017-11-29 20:00:00,3.7,85,49,0.0,18.3,0.0
2017-11-29 21:00:00,3.6,85,31,0.0,18.1,0.0
2017-11-29 22:00:00,3.2,84,5,0.0,18.7,0.0
2017-11-29 23:00:00,2.4,85,4,0.0,18.2,0.0
2017-11-30 00:00:00,1.8,84,0,0.0,16.8,0.0
2017-11-30 01:00:00,1.2,84,0,0.0,13.9,0.0
2017-11-30 02:00:00,0.5,86,0,0.0,12.0,0.0
2017-11-30 03:00:00,-0.2,88,0,0.0,11.6,0.0
2017-11-30 04:00:00,-0.9,89,0,0.0,10.9,0.0
2017-11-30 05:00:00,-1.2,87,0,0.0,11.8,0.0
2017-11-30 06:00:00,-1.2,81,0,0.0,13.5,0.0
2017-11-30 07:00:00,-1.3,80,4,0.0,13.8,0.0
2017-11-30 08:00:00,-1.3,80,6,0.0,13.1,0.0
2017-11-30 09:00:00,-1.5,81,1,1.0,11.8,0.0
2017-11-30 10:00:00,-0.3,78,0,54.0,14.2,0.0
2017-11-30 11:00:00,1.0,72,0,150.0,16.1,0.0
2017-11-30 12:00:00,2.0,67,23,223.0,19.6,0.0
2017-11-30 13:00:00,3.0,64,39,230.0,21.1,0.0
2017-11-30 14:00:00,3.4,62,32,230.0,22.5,0.0
2017-11-30 15:00:00,3.2,64,46,177.0,21.6,0.0
2017-11-30 16:00:00,2.7,67,50,103.0,19.2,0.0
2017-11-30 17:00:00,2.0,68,68,20.0,17.1,0.0
2017-11-30 18:00:00,1.8,68,76,0.0,18.1,0.0
2017-11-30 19:00:00,1.7,68,49,0.0,19.5,0.0
2017-11-30 20:00:00,1.8,69,47,0.0,19.7,0.0
2017-11-30 21:00:00,1.7,71,56,0.0,20.9,0.0
2017-11-30 22:00:00,1.5,75,76,0.0,20.8,0.0
2017-11-30 23:00:00,1.5,76,69,0.0,21.5,0.0
2017-12-01 00:00:00,1.7,76,84,0.0,22.4,0.0
2017-12-01 01:00:00,1.5,82,77,0.0,20.8,0.0
2017-12-01 02:00:00,1.5,85,30,0.0,21.0,0.0
2017-12-01 03:00:00,1.5,84,12,0.0,20.7,0.0
2017-12-01 04:00:00,1.3,86,41,0.0,20.7,0.0
2017-12-01 05:00:00,1.6,83,6,0.0,21.1,0.0
2017-12-01 06:00:00,1.6,83,16,0.0,22.2,0.0
2017-12-01 07:00:00,2.3,78,42,0.0,22.9,0.0
2017-12-01 08:00:00,2.9,75,70,0.0,24.7,0.0
2017-12-01 09:00:00,3.4,74,49,0.0,25.6,0.0
2017-12-01 10:00:00,4.0,74,52,31.0,24.5,0.0
2017-12-01 11:00:00,5.0,74,26,103.0,21.6,0.0
2017-12-01 12:00:00,5.5,72,31,187.0,22.7,0.0
2017-12-01 13:00:00,5.3,75,32,207.0,23.4,0.0
2017-12-01 14:00:00,5.7,72,1,210.0,21.3,0.0
2017-12-01 15:00:00,5.5,72,1,198.0,18.8,0.0
2017-12-01 16:00:00,4.9,76,36,113.0,15.5,0.0
2017-12-01 17:00:00,3.6,83,96,23.0,15.7,0.0
2017-12-01 18:00:00,3.4,86,99,0.0,14.3,0.0
2017-12-01 19:00:00,3.2,88,100,0.0,14.2,0.0
2017-12-01 20:00:00,3.4,87,83,0.0,15.4,0.0
2017-12-01 21:00:00,2.7,90,94,0.0,14.2,0.0
2017-12-01 22:00:00,2.4,92,76,0.0,15.0,0.0
2017-12-01 23:00:00,2.3,92,75,0.0,15.3,0.0
2017-12-02 00:00:00,1.9,93,93,0.0,13.2,0.0
2017-12-02 01:00:00,2.1,93,100,0.0,11.9,0.0
2017-12-02 02:00:00,2.6,90,100,0.0,12.0,0.0
2017-12-02 03:00:00,2.6,88,99,0.0,10.0,0.0
2017-12-02 04:00:00,2.5,87,100,0.0,10.1,0.0
2017-12-02 05:00:00,2.6,87,100,0.0,8.4,0.1
2017-12-02 06:00:00,2.4,87,100,0.0,7.1,0.2
2017-12-02 07:00:00,2.1,89,99,0.0,5.6,0.2
2017-12-02 08:00:00,2.0,91,98,0.0,5.3,0.2
2017-12-02 09:00:00,1.6,93,97,0.0,4.7,0.1
2017-12-02 10:00:00,2.4,92,98,21.0,6.5,0.0
2017-12-02 11:00:00,2.9,89,96,40.0,8.3,0.1
2017-12-02 12:00:00,3.3,87,94,66.0,8.3,0.0
2017-12-02 13:00:00,3.9,83,99,92.0,8.1,0.0
2017-12-02 14:00:00,4.3,82,96,86.0,9.9,0.0
2017-12-02 15:00:00,4.6,82,91,125.0,10.9,0.0
2017-12-02 16:00:00,4.4,86,93,72.0,9.2,0.0
2017-12-02 17:00:00,3.9,91,96,10.0,8.7,0.0
2017-12-02 18:00:00,4.2,92,100,0.0,9.3,0.0
2017-12-02 19:00:00,4.7,92,100,0.0,9.8,0.0
2017-12-02 20:00:00,4.8,94,100,0.0,8.7,0.0
2017-12-02 21:00:00,5.1,94,100,0.0,8.2,0.0
2017-12-02 22:00:00,5.3,95,100,0.0,7.9,0.0
2017-12-02 23:00:00,5.7,96,100,0.0,7.6,0.0
2017-12-03 00:00:00,6.2,95,100,0.0,8.7,0.0
2017-12-03 01:00:00,6.2,95,100,0.0,11.2,0.0
2017-12-03 02:00:00,6.2,94,99,0.0,10.9,0.0
2017-12-03 03:00:00,6.0,95,100,0.0,9.7,0.0
2017-12-03 04:00:00,6.2,94,100,0.0,11.2,0.0
2017-12-03 05:00:00,6.5,92,100,0.0,12.1,0.0
2017-12-03 06:00:00,6.5,93,100,0.0,9.8,0.0
2017-12-03 07:00:00,6.6,94,100,0.0,10.0,0.0
2017-12-03 08:00:00,6.9,95,100,0.0,8.4,0.0
2017-12-03 09:00:00,7.3,95,100,0.0,7.7,0.0
2017-12-03 10:00:00,8.0,93,100,21.0,9.0,0.0
2017-12-03 11:00:00,8.8,91,100,48.0,10.5,0.0
2017-12-03 12:00:00,9.4,89,86,63.0,10.6,0.0
2017-12-03 13:00:00,9.0,89,66,119.0,12.0,0.0
2017-12-03 14:00:00,9.5,88,98,55.0,9.7,0.0
2017-12-03 15:00:00,9.4,89,96,42.0,8.3,0.0
2017-12-03 16:00:00,8.8,92,76,50.0,5.6,0.0
2017-12-03 17:00:00,6.5,96,62,13.0,8.7,0.1
2017-12-03 18:00:00,6.2,98,87,0.0,7.8,0.1
2017-12-03 19:00:00,6.3,97,88,0.0,6.7,0.0
2017-12-03 20:00:00,6.8,97,100,0.0,6.4,0.0
2017-12-03 21:00:00,7.3,96,100,0.0,6.4,0.1
2017-12-03 22:00:00,7.3,94,100,0.0,8.3,0.2
2017-12-03 23:00:00,7.1,93,100,0.0,8.4,0.1
2017-12-04 00:00:00,6.9,92,100,0.0,7.8,0.1
2017-12-04 01:00:00,6.1,95,100,0.0,5.6,0.0
2017-12-04 02:00:00,5.8,95,64,0.0,6.1,0.0
2017-12-04 03:00:00,4.9,95,98,0.0,7.6,0.0
2017-12-04 04:00:00,4.5,95,49,0.0,7.1,0.0
2017-12-04 05:00:00,4.0,96,84,0.0,8.4,0.0
2017-12-04 06:00:00,3.7,96,68,0.0,9.1,0.0
2017-12-04 07:00:00,4.0,96,47,0.0,9.4,0.0
2017-12-04 08:00:00,3.8,96,23,0.0,8.3,0.0
2017-12-04 09:00:00,4.0,96,92,0.0,7.9,0.0
2017-12-04 10:00:00,5.7,93,100,22.0,9.4,0.0
2017-12-04 11:00:00,7.2,92,99,37.0,10.2,0.0
2017-12-04 12:00:00,8.5,90,91,80.0,8.7,0.0
2017-12-04 13:00:00,9.1,86,100,141.0,10.2,0.0
2017-12-04 14:00:00,9.4,84,100,63.0,12.2,0.0
2017-12-04 15:00:00,9.5,84,94,76.0,12.4,0.0
2017-12-04 16:00:00,8.9,86,32,60.0,9.8,0.0
2017-12-04 17:00:00,6.7,93,19,17.0,7.6,0.0
2017-12-04 18:00:00,5.6,96,32,0.0,7.2,0.0
2017-12-04 19:00:00,4.9,97,28,0.0,7.3,0.0
2017-12-04 20:00:00,4.6,97,29,0.0,7.6,0.0
2017-12-04 21:00:00,4.4,97,44,0.0,7.3,0.0
2017-12-04 22:00:00,4.5,96,51,0.0,6.9,0.0
2017-12-04 23:00:00,4.9,95,65,0.0,6.2,0.0
2017-12-05 00:00:00,5.1,95,52,0.0,6.3,0.0
2017-12-05 01:00:00,5.5,93,42,0.0,8.4,0.0
2017-12-05 02:00:00,5.7,93,72,0.0,8.9,0.0
2017-12-05 03:00:00,5.6,93,76,0.0,9.3,0.0
2017-12-05 04:00:00,5.8,93,81,0.0,9.7,0.0
2017-12-05 05:00:00,5.5,94,63,0.0,9.3,0.0
2017-12-05 06:00:00,5.1,95,35,0.0,9.1,0.0
2017-12-05 07:00:00,4.5,96,16,0.0,8.7,0.0
2017-12-05 08:00:00,3.6,97,16,0.0,8.0,0.0
2017-12-05 09:00:00,3.1,97,15,0.0,7.6,0.0
2017-12-05 10:00:00,4.1,96,16,37.0,9.5,0.0
2017-12-05 11:00:00,5.4,92,15,116.0,10.5,0.0
2017-12-05 12:00:00,6.4,89,9,188.0,11.0,0.0
2017-12-05 13:00:00,8.0,79,4,227.0,12.6,0.0
2017-12-05 14:00:00,8.3,76,88,169.0,13.7,0.0
2017-12-05 15:00:00,8.3,76,79,132.0,12.9,0.0
2017-12-05 16:00:00,8.0,78,100,61.0,11.1,0.0
2017-12-05 17:00:00,7.5,82,100,9.0,11.8,0.0
2017-12-05 18:00:00,7.6,84,100,0.0,13.4,0.0
2017-12-05 19:00:00,7.6,84,100,0.0,13.8,0.0
2017-12-05 20:00:00,7.5,85,90,0.0,13.9,0.0
2017-12-05 21:00:00,7.1,88,100,0.0,13.2,0.0
2017-12-05 22:00:00,7.2,86,89,0.0,14.1,0.0
2017-12-05 23:00:00,7.1,84,73,0.0,14.5,0.0
2017-12-06 00:00:00,6.8,83,67,0.0,14.6,0.0
2017-12-06 01:00:00,6.9,81,74,0.0,13.9,0.0
2017-12-06 02:00:00,7.2,78,88,0.0,13.6,0.0
2017-12-06 03:00:00,7.6,74,100,0.0,14.6,0.0
2017-12-06 04:00:00,7.9,74,91,0.0,16.2,0.0
2017-12-06 05:00:00,7.7,76,100,0.0,13.9,0.0
2017-12-06 06:00:00,8.0,76,97,0.0,15.8,0.0
2017-12-06 07:00:00,8.1,75,51,0.0,15.8,0.0
2017-12-06 08:00:00,7.6,77,42,0.0,15.0,0.0
2017-12-06 09:00:00,7.5,84,61,0.0,16.1,0.0
2017-12-06 10:00:00,8.6,85,100,28.0,18.1,0.0
2017-12-06 11:00:00,9.8,81,86,61.0,19.4,0.0
2017-12-06 12:00:00,10.4,76,88,104.0,19.3,0.0
2017-12-06 13:00:00,10.4,69,99,129.0,19.8,0.0
2017-12-06 14:00:00,10.8,72,77,136.0,21.7,0.0
2017-12-06 15:00:00,10.5,74,59,115.0,21.7,0.0
2017-12-06 16:00:00,10.0,72,93,69.0,19.5,0.0
2017-12-06 17:00:00,9.4,77,100,11.0,21.6,0.0
2017-12-06 18:00:00,9.4,80,75,0.0,26.1,0.0
2017-12-06 19:00:00,8.8,76,92,0.0,26.4,0.0
2017-12-06 20:00:00,8.4,75,80,0.0,27.3,0.0
2017-12-06 21:00:00,8.2,73,98,0.0,26.9,0.0
2017-12-06 22:00:00,8.7,75,100,0.0,28.4,0.0
2017-12-06 23:00:00,9.1,77,100,0.0,29.5,0.0
2017-12-07 00:00:00,9.4,80,100,0.0,29.0,0.0
2017-12-07 01:00:00,9.4,82,100,0.0,28.7,0.0
2017-12-07 02:00:00,9.2,86,73,0.0,29.5,0.0
2017-12-07 03:00:00,9.2,85,100,0.0,30.9,0.0
2017-12-07 04:00:00,9.5,84,100,0.0,32.4,0.0
2017-12-07 05:00:00,9.8,84,100,0.0,33.5,0.0
2017-12-07 06:00:00,10.1,83,100,0.0,33.8,0.0
2017-12-07 07:00:00,10.6,83,100,0.0,35.1,0.0
2017-12-07 08:00:00,11.1,84,100,0.0,35.9,0.0
2017-12-07 09:00:00,11.4,87,100,0.0,34.0,0.0
2017-12-07 10:00:00,12.1,87,100,3.0,33.0,0.0
2017-12-07 11:00:00,11.8,92,99,18.0,29.5,1.6
2017-12-07 12:00:00,11.4,96,100,22.0,26.5,2.1
2017-12-07 13:00:00,11.6,98,100,20.0,23.0,0.3
2017-12-07 14:00:00,11.6,98,100,12.0,23.7,1.5
2017-12-07 15:00:00,8.3,80,100,24.0,19.4,0.0
2017-12-07 16:00:00,8.0,77,94,23.0,17.1,0.0
2017-12-07 17:00:00,6.4,77,95,18.0,16.7,0.0
2017-12-07 18:00:00,6.1,78,67,0.0,17.3,0.0
2017-12-07 19:00:00,5.8,77,0,0.0,18.0,0.0
2017-12-07 20:00:00,5.3,77,0,0.0,21.3,0.0
2017-12-07 21:00:00,5.1,75,12,0.0,24.9,0.0
2017-12-07 22:00:00,4.7,77,4,0.0,23.8,0.0
2017-12-07 23:00:00,4.2,76,2,0.0,22.0,0.0
2017-12-08 00:00:00,3.8,72,1,0.0,22.0,0.0
2017-12-08 01:00:00,3.3,68,0,0.0,20.1,0.0
2017-12-08 02:00:00,3.0,68,4,0.0,20.9,0.0
2017-12-08 03:00:00,2.9,67,6,0.0,22.9,0.0
2017-12-08 04:00:00,2.6,65,0,0.0,21.6,0.0
2017-12-08 05:00:00,2.2,64,2,0.0,21.3,0.0
2017-12-08 06:00:00,2.0,64,1,0.0,22.4,0.0
2017-12-08 07:00:00,1.8,68,8,0.0,20.9,0.0
2017-12-08 08:00:00,1.7,72,82,0.0,17.8,0.0
2017-12-08 09:00:00,1.8,76,88,0.0,17.2,0.1
2017-12-08 10:00:00,2.4,75,83,26.0,20.6,0.0
2017-12-08 11:00:00,3.2,68,65,104.0,19.8,0.0
2017-12-08 12:00:00,3.6,65,26,187.0,28.7,0.0
2017-12-08 13:00:00,3.9,69,42,204.0,27.8,0.0
2017-12-08 14:00:00,4.0,65,43,184.0,26.8,0.0
2017-12-08 15:00:00,3.8,67,44,141.0,25.6,0.0
2017-12-08 16:00:00,3.2,68,15,83.0,23.1,0.0
2017-12-08 17:00:00,2.1,71,0,19.0,20.1,0.0
2017-12-08 18:00:00,1.6,71,0,0.0,19.7,0.0
2017-12-08 19:00:00,1.3,71,15,0.0,20.9,0.0
2017-12-08 20:00:00,1.1,72,1,0.0,21.6,0.0
2017-12-08 21:00:00,0.9,74,0,0.0,20.6,0.0
2017-12-08 22:00:00,0.7,76,0,0.0,19.7,0.0
2017-12-08 23:00:00,0.6,77,0,0.0,19.4,0.0
2017-12-09 00:00:00,0.4,77,0,0.0,19.4,0.0
2017-12-09 01:00:00,0.2,79,0,0.0,18.6,0.0
2017-12-09 02:00:00,-0.1,80,0,0.0,18.4,0.0
2017-12-09 03:00:00,-0.3,80,0,0.0,17.6,0.0
2017-12-09 04:00:00,-0.5,81,0,0.0,17.0,0.0
2017-12-09 05:00:00,-0.8,82,0,0.0,15.9,0.0
2017-12-09 06:00:00,-1.0,83,0,0.0,15.1,0.0
2017-12-09 07:00:00,-1.3,85,0,0.0,15.5,0.0
2017-12-09 08:00:00,-1.5,86,0,0.0,13.7,0.0
2017-12-09 09:00:00,-1.7,88,0,0.0,13.8,0.0
2017-12-09 10:00:00,-0.9,86,0,36.0,14.5,0.0
2017-12-09 11:00:00,0.6,81,41,126.0,15.7,0.0
2017-12-09 12:00:00,1.9,76,5,197.0,15.3,0.0
2017-12-09 13:00:00,2.7,76,1,237.0,15.4,0.0
2017-12-09 14:00:00,3.4,74,70,231.0,14.9,0.0
2017-12-09 15:00:00,3.4,75,95,160.0,13.7,0.0
2017-12-09 16:00:00,2.8,79,98,74.0,11.8,0.0
2017-12-09 17:00:00,1.5,86,96,14.0,10.3,0.0
2017-12-09 18:00:00,1.1,90,67,0.0,10.0,0.0
2017-12-09 19:00:00,0.3,92,86,0.0,9.3,0.0
2017-12-09 20:00:00,-0.1,93,70,0.0,8.3,0.0
2017-12-09 21:00:00,-0.7,93,24,0.0,7.1,0.0
2017-12-09 22:00:00,-2.5,94,1,0.0,9.7,0.0
2017-12-09 23:00:00,-2.4,92,34,0.0,7.4,0.0
2017-12-10 00:00:00,-3.1,92,84,0.0,10.2,0.0
2017-12-10 01:00:00,-0.8,86,99,0.0,7.7,0.0
2017-12-10 02:00:00,0.9,77,100,0.0,4.8,0.0
2017-12-10 03:00:00,1.8,72,100,0.0,8.3,0.0
2017-12-10 04:00:00,2.2,71,100,0.0,14.0,0.0
2017-12-10 05:00:00,2.0,81,100,0.0,16.8,0.3
2017-12-10 06:00:00,2.2,89,100,0.0,18.2,0.9
2017-12-10 07:00:00,3.4,95,100,0.0,20.0,1.6
2017-12-10 08:00:00,2.2,100,100,0.0,19.1,2.4
2017-12-10 09:00:00,1.7,100,100,0.0,21.1,3.4
2017-12-10 10:00:00,1.5,99,100,1.0,21.4,4.2
2017-12-10 11:00:00,1.3,100,100,7.0,12.5,2.8
2017-12-10 12:00:00,1.0,99,100,18.0,3.2,1.7
2017-12-10 13:00:00,1.0,100,100,32.0,6.4,1.3
2017-12-10 14:00:00,1.2,100,100,28.0,10.4,1.0
2017-12-10 15:00:00,1.2,99,100,19.0,15.9,1.1
2017-12-10 16:00:00,1.1,97,100,17.0,12.3,0.7
2017-12-10 17:00:00,0.6,98,100,6.0,7.6,0.3
2017-12-10 18:00:00,0.2,99,100,0.0,7.2,0.3
2017-12-10 19:00:00,0.1,99,99,0.0,5.8,0.1
2017-12-10 20:00:00,-0.3,99,100,0.0,5.4,0.2
2017-12-10 21:00:00,0.4,99,100,0.0,2.2,0.1
2017-12-10 22:00:00,-0.8,100,100,0.0,3.6,0.0
2017-12-10 23:00:00,0.0,100,100,0.0,3.3,0.0
2017-12-11 00:00:00,0.4,99,99,0.0,5.2,0.0
2017-12-11 01:00:00,0.5,98,100,0.0,9.0,0.0
2017-12-11 02:00:00,0.3,99,100,0.0,11.4,0.2
2017-12-11 03:00:00,0.3,99,100,0.0,11.8,0.1
2017-12-11 04:00:00,0.4,99,100,0.0,14.8,0.1
2017-12-11 05:00:00,0.9,98,100,0.0,18.6,0.1
2017-12-11 06:00:00,1.6,94,100,0.0,23.4,0.2
2017-12-11 07:00:00,2.2,91,100,0.0,26.7,0.3
2017-12-11 08:00:00,2.5,89,100,0.0,31.4,0.4
2017-12-11 09:00:00,2.4,90,100,0.0,31.8,0.5
2017-12-11 10:00:00,2.3,91,100,7.0,32.7,0.7
2017-12-11 11:00:00,1.7,96,100,20.0,31.1,1.2
2017-12-11 12:00:00,1.6,96,100,28.0,29.8,2.2
2017-12-11 13:00:00,1.7,98,100,42.0,27.3,1.7
2017-12-11 14:00:00,2.3,95,100,41.0,28.1,1.2
2017-12-11 15:00:00,3.2,87,100,49.0,29.6,0.6
2017-12-11 16:00:00,3.3,80,100,37.0,29.5,0.1
2017-12-11 17:00:00,2.7,81,100,13.0,26.8,0.0
2017-12-11 18:00:00,2.2,82,100,0.0,25.9,0.0
2017-12-11 19:00:00,1.7,83,99,0.0,23.5,0.0
2017-12-11 20:00:00,0.9,85,34,0.0,21.4,0.0
2017-12-11 21:00:00,0.1,85,1,0.0,16.8,0.0
2017-12-11 22:00:00,-0.9,83,0,0.0,13.8,0.0
2017-12-11 23:00:00,-1.8,85,0,0.0,12.6,0.0
2017-12-12 00:00:00,-2.7,85,0,0.0,12.8,0.0
2017-12-12 01:00:00,-3.1,85,0,0.0,11.6,0.0
2017-12-12 02:00:00,-3.0,87,0,0.0,11.4,0.0
2017-12-12 03:00:00,-3.2,88,0,0.0,11.0,0.0
2017-12-12 04:00:00,-3.4,89,0,0.0,10.2,0.0
2017-12-12 05:00:00,-3.4,89,0,0.0,10.3,0.0
2017-12-12 06:00:00,-3.5,90,0,0.0,8.9,0.0
2017-12-12 07:00:00,-4.2,91,0,0.0,7.2,0.0
2017-12-12 08:00:00,-4.5,93,0,0.0,5.5,0.0
2017-12-12 09:00:00,-4.3,94,0,0.0,11.0,0.0
2017-12-12 10:00:00,-3.4,92,0,34.0,12.6,0.0
2017-12-12 11:00:00,-1.6,90,0,125.0,8.9,0.0
2017-12-12 12:00:00,-3.7,93,35,202.0,9.0,0.0
2017-12-12 13:00:00,1.0,87,88,241.0,9.0,0.0
2017-12-12 14:00:00,0.1,89,100,233.0,7.4,0.0
2017-12-12 15:00:00,-0.5,91,100,171.0,10.8,0.0
2017-12-12 16:00:00,0.7,89,96,89.0,9.5,0.0
2017-12-12 17:00:00,0.2,88,100,18.0,10.8,0.0
2017-12-12 18:00:00,0.2,90,100,0.0,9.8,0.0
2017-12-12 19:00:00,0.8,89,100,0.0,10.3,0.0
2017-12-12 20:00:00,2.0,87,97,0.0,11.6,0.0
2017-12-12 21:00:00,2.6,85,75,0.0,13.1,0.0
2017-12-12 22:00:00,3.3,85,100,0.0,15.6,0.0
2017-12-12 23:00:00,4.6,87,97,0.0,18.6,0.8
2017-12-13 00:00:00,5.2,90,98,0.0,15.5,1.1
2017-12-13 01:00:00,5.9,92,99,0.0,19.5,0.1
2017-12-13 02:00:00,7.1,90,93,0.0,23.3,0.7
2017-12-13 03:00:00,7.3,92,100,0.0,26.9,0.7
2017-12-13 04:00:00,7.8,92,100,0.0,21.3,0.4
2017-12-13 05:00:00,8.1,93,100,0.0,17.4,0.5
2017-12-13 06:00:00,7.6,93,100,0.0,18.5,0.0
2017-12-13 07:00:00,6.0,92,100,0.0,18.0,0.0
2017-12-13 08:00:00,4.7,92,100,0.0,15.3,0.0
2017-12-13 09:00:00,4.9,91,100,0.0,15.8,0.5
2017-12-13 10:00:00,6.0,89,100,6.0,19.0,0.8
2017-12-13 11:00:00,6.4,90,100,22.0,19.4,0.6
2017-12-13 12:00:00,6.5,90,97,25.0,18.6,0.3
2017-12-13 13:00:00,7.1,89,100,78.0,21.0,0.2
2017-12-13 14:00:00,7.8,87,99,102.0,22.5,0.5
2017-12-13 15:00:00,8.5,86,94,60.0,25.3,0.2
2017-12-13 16:00:00,8.2,87,91,66.0,25.8,0.6
2017-12-13 17:00:00,7.1,83,99,7.0,34.0,1.9
2017-12-13 18:00:00,5.7,81,21,0.0,24.5,0.2
2017-12-13 19:00:00,4.3,85,0,0.0,22.0,0.0
2017-12-13 20:00:00,3.5,86,4,0.0,18.1,0.0
2017-12-13 21:00:00,3.0,86,100,0.0,16.2,0.0
2017-12-13 22:00:00,3.8,86,100,0.0,19.6,0.6
2017-12-13 23:00:00,4.0,88,82,0.0,31.6,0.5
2017-12-14 00:00:00,3.8,82,92,0.0,32.2,0.2
2017-12-14 01:00:00,3.3,75,1,0.0,31.0,0.0
2017-12-14 02:00:00,2.8,73,14,0.0,29.4,0.0
2017-12-14 03:00:00,2.7,73,79,0.0,24.9,0.0
2017-12-14 04:00:00,3.9,68,95,0.0,30.4,0.0
2017-12-14 05:00:00,4.4,70,97,0.0,32.9,0.0
2017-12-14 06:00:00,4.1,74,69,0.0,32.4,0.0
2017-12-14 07:00:00,3.7,78,7,0.0,30.3,0.0
2017-12-14 08:00:00,3.2,79,17,0.0,25.7,0.0
2017-12-14 09:00:00,2.8,81,8,0.0,21.7,0.0
2017-12-14 10:00:00,3.1,80,4,28.0,21.1,0.0
2017-12-14 11:00:00,4.2,78,3,115.0,20.5,0.0
2017-12-14 12:00:00,5.1,76,2,190.0,22.1,0.0
2017-12-14 13:00:00,5.7,74,1,229.0,24.5,0.0
2017-12-14 14:00:00,5.9,73,44,169.0,22.4,0.0
2017-12-14 15:00:00,5.7,75,43,155.0,19.2,0.0
2017-12-14 16:00:00,4.9,78,27,92.0,16.3,0.0
2017-12-14 17:00:00,3.4,84,6,18.0,14.6,0.0
2017-12-14 18:00:00,2.6,87,2,0.0,14.9,0.0
2017-12-14 19:00:00,2.1,90,5,0.0,15.1,0.0
2017-12-14 20:00:00,2.0,90,2,0.0,15.2,0.0
2017-12-14 21:00:00,1.7,89,1,0.0,13.7,0.0
2017-12-14 22:00:00,1.1,90,32,0.0,11.3,0.0
2017-12-14 23:00:00,1.0,91,98,0.0,13.0,0.0
2017-12-15 00:00:00,1.3,92,49,0.0,12.4,0.0
2017-12-15 01:00:00,2.2,92,0,0.0,15.2,0.0
2017-12-15 02:00:00,1.7,92,98,0.0,16.3,0.0
2017-12-15 03:00:00,2.2,89,99,0.0,18.4,0.0
2017-12-15 04:00:00,2.7,88,96,0.0,17.9,0.0
2017-12-15 05:00:00,2.5,88,100,0.0,16.5,0.5
2017-12-15 06:00:00,2.9,88,99,0.0,13.4,0.1
2017-12-15 07:00:00,2.4,89,89,0.0,10.7,0.1
2017-12-15 08:00:00,2.6,91,99,0.0,12.1,0.0
2017-12-15 09:00:00,2.5,92,93,0.0,13.8,0.0
2017-12-15 10:00:00,2.5,90,37,25.0,18.4,0.0
2017-12-15 11:00:00,3.8,85,72,87.0,23.5,0.0
2017-12-15 12:00:00,4.7,80,58,159.0,22.7,0.0
2017-12-15 13:00:00,4.7,80,18,218.0,21.8,0.0
2017-12-15 14:00:00,5.2,79,4,217.0,21.4,0.0
2017-12-15 15:00:00,5.1,79,33,174.0,22.6,0.0
2017-12-15 16:00:00,4.6,79,31,76.0,20.7,0.0
2017-12-15 17:00:00,3.9,82,16,15.0,17.1,0.0
2017-12-15 18:00:00,3.5,86,6,0.0,17.0,0.0
2017-12-15 19:00:00,3.1,90,76,0.0,16.7,0.0
2017-12-15 20:00:00,4.2,87,97,0.0,18.0,0.0
2017-12-15 21:00:00,4.6,82,73,0.0,22.3,0.0
2017-12-15 22:00:00,3.8,83,41,0.0,20.2,0.0
2017-12-15 23:00:00,2.9,87,4,0.0,17.4,0.0
2017-12-16 00:00:00,2.2,87,3,0.0,15.1,0.0
2017-12-16 01:00:00,1.8,88,60,0.0,14.3,0.0
2017-12-16 02:00:00,1.3,88,30,0.0,10.8,0.0
2017-12-16 03:00:00,0.3,89,56,0.0,8.8,0.0
2017-12-16 04:00:00,-0.4,90,0,0.0,8.8,0.0
2017-12-16 05:00:00,-0.8,90,0,0.0,8.8,0.0
2017-12-16 06:00:00,-0.9,91,0,0.0,8.9,0.0
2017-12-16 07:00:00,-0.8,92,0,0.0,9.5,0.0
2017-12-16 08:00:00,-0.8,91,0,0.0,9.8,0.0
2017-12-16 09:00:00,-0.9,91,0,0.0,10.5,0.0
2017-12-16 10:00:00,0.1,89,3,27.0,12.3,0.0
2017-12-16 11:00:00,1.8,83,37,113.0,13.8,0.0
2017-12-16 12:00:00,3.2,75,95,185.0,14.0,0.0
2017-12-16 13:00:00,3.9,74,90,179.0,14.0,0.0
2017-12-16 14:00:00,4.2,79,76,154.0,14.6,0.0
2017-12-16 15:00:00,4.0,79,65,120.0,11.9,0.1
2017-12-16 16:00:00,3.8,83,89,40.0,11.9,0.0
2017-12-16 17:00:00,3.9,85,97,9.0,12.1,0.5
2017-12-16 18:00:00,4.1,87,100,0.0,13.8,0.3
2017-12-16 19:00:00,3.9,88,95,0.0,13.6,0.1
2017-12-16 20:00:00,3.1,91,9,0.0,10.1,0.0
2017-12-16 21:00:00,2.0,94,16,0.0,8.7,0.0
2017-12-16 22:00:00,1.8,94,7,0.0,9.2,0.0
2017-12-16 23:00:00,1.2,95,5,0.0,8.7,0.0
2017-12-17 00:00:00,0.7,96,1,0.0,8.2,0.0
2017-12-17 01:00:00,-1.0,96,0,0.0,10.4,0.0
2017-12-17 02:00:00,-1.0,96,31,0.0,7.8,0.0
2017-12-17 03:00:00,-2.2,97,45,0.0,10.5,0.0
2017-12-17 04:00:00,-2.0,98,82,0.0,8.8,0.0
2017-12-17 05:00:00,-2.5,99,96,0.0,11.2,0.0
2017-12-17 06:00:00,-2.2,99,100,0.0,8.4,0.0
2017-12-17 07:00:00,-1.3,99,99,0.0,6.0,0.0
2017-12-17 08:00:00,-0.7,99,98,0.0,5.9,0.0
2017-12-17 09:00:00,0.3,99,99,0.0,4.6,0.0
2017-12-17 10:00:00,1.1,97,96,8.0,6.6,0.0
2017-12-17 11:00:00,2.2,94,99,53.0,8.9,0.0
2017-12-17 12:00:00,4.0,90,98,132.0,12.2,0.0
2017-12-17 13:00:00,4.8,91,100,147.0,15.1,0.0
2017-12-17 14:00:00,5.0,93,100,74.0,16.4,0.4
2017-12-17 15:00:00,5.8,93,100,16.0,19.2,0.8
2017-12-17 16:00:00,6.9,92,100,10.0,21.0,0.4
2017-12-17 17:00:00,7.3,91,100,3.0,20.7,1.9
2017-12-17 18:00:00,7.8,90,100,0.0,21.7,0.0
2017-12-17 19:00:00,8.1,92,100,0.0,21.1,0.0
2017-12-17 20:00:00,8.4,93,100,0.0,19.7,0.0
2017-12-17 21:00:00,8.7,94,100,0.0,17.7,0.0
2017-12-17 22:00:00,9.1,94,100,0.0,16.2,0.2
2017-12-17 23:00:00,9.5,94,100,0.0,16.2,0.1
2017-12-18 00:00:00,9.6,90,62,0.0,17.8,0.0
2017-12-18 01:00:00,7.7,87,94,0.0,16.2,0.0
2017-12-18 02:00:00,6.0,89,92,0.0,13.3,0.0
2017-12-18 03:00:00,4.6,91,88,0.0,10.5,0.0
2017-12-18 04:00:00,3.3,92,94,0.0,9.6,0.0
2017-12-18 05:00:00,2.3,91,93,0.0,9.0,0.0
2017-12-18 06:00:00,1.8,90,93,0.0,9.2,0.0
2017-12-18 07:00:00,1.6,90,87,0.0,9.1,0.0
2017-12-18 08:00:00,1.3,90,61,0.0,9.4,0.0
2017-12-18 09:00:00,0.6,91,18,0.0,8.5,0.0
2017-12-18 10:00:00,1.8,90,4,25.0,8.0,0.0
2017-12-18 11:00:00,3.6,88,5,109.0,10.1,0.0
2017-12-18 12:00:00,4.8,85,68,183.0,9.0,0.0
2017-12-18 13:00:00,5.5,81,0,217.0,4.9,0.0
2017-12-18 14:00:00,6.1,80,6,209.0,5.8,0.0
2017-12-18 15:00:00,6.2,81,57,175.0,5.3,0.0
2017-12-18 16:00:00,4.7,89,52,91.0,6.1,0.0
2017-12-18 17:00:00,2.1,93,0,18.0,9.4,0.0
2017-12-18 18:00:00,0.6,97,0,0.0,10.6,0.0
2017-12-18 19:00:00,2.1,96,0,0.0,5.8,0.0
2017-12-18 20:00:00,0.4,100,3,0.0,3.8,0.0
2017-12-18 21:00:00,-1.3,100,100,0.0,7.6,0.0
2017-12-18 22:00:00,-1.2,100,100,0.0,8.0,0.0
2017-12-18 23:00:00,-1.7,100,100,0.0,9.3,0.0
2017-12-19 00:00:00,-1.4,99,100,0.0,6.2,0.0
2017-12-19 01:00:00,-0.9,100,100,0.0,5.8,0.0
2017-12-19 02:00:00,-0.5,99,100,0.0,6.6,0.0
2017-12-19 03:00:00,-0.7,99,100,0.0,8.1,0.0
2017-12-19 04:00:00,-0.5,99,100,0.0,8.2,0.0
2017-12-19 05:00:00,-0.1,99,100,0.0,8.9,0.0
2017-12-19 06:00:00,-0.1,99,100,0.0,9.0,0.0
2017-12-19 07:00:00,-0.1,99,100,0.0,8.3,0.0
2017-12-19 08:00:00,0.2,99,100,0.0,9.5,0.0
2017-12-19 09:00:00,0.3,99,100,0.0,9.2,0.0
2017-12-19 10:00:00,0.5,99,100,13.0,9.7,0.0
2017-12-19 11:00:00,1.3,98,100,64.0,11.4,0.0
2017-12-19 12:00:00,2.8,93,100,124.0,11.2,0.0
2017-12-19 13:00:00,4.8,90,98,163.0,10.9,0.0
2017-12-19 14:00:00,5.7,89,99,155.0,10.8,0.0
2017-12-19 15:00:00,6.2,89,99,119.0,11.8,0.0
2017-12-19 16:00:00,5.8,92,99,51.0,10.5,0.0
2017-12-19 17:00:00,5.0,94,94,12.0,9.3,0.0
2017-12-19 18:00:00,4.5,94,62,0.0,9.5,0.0
2017-12-19 19:00:00,4.1,95,66,0.0,9.4,0.0
2017-12-19 20:00:00,4.2,95,90,0.0,10.2,0.0
2017-12-19 21:00:00,4.8,94,100,0.0,10.2,0.0
2017-12-19 22:00:00,5.2,94,100,0.0,9.0,0.0
2017-12-19 23:00:00,5.7,94,93,0.0,9.4,0.0
2017-12-20 00:00:00,5.9,95,86,0.0,10.2,0.0
2017-12-20 01:00:00,6.5,95,90,0.0,9.6,0.0
2017-12-20 02:00:00,6.6,96,91,0.0,9.7,0.0
2017-12-20 03:00:00,6.8,96,96,0.0,9.5,0.0
2017-12-20 04:00:00,7.0,96,87,0.0,8.2,0.0
2017-12-20 05:00:00,6.6,97,82,0.0,8.0,0.0
2017-12-20 06:00:00,6.5,98,100,0.0,8.0,0.0
2017-12-20 07:00:00,7.1,97,95,0.0,9.6,0.0
2017-12-20 08:00:00,7.7,97,93,0.0,10.1,0.0
2017-12-20 09:00:00,7.8,98,100,0.0,9.0,0.0
2017-12-20 10:00:00,8.2,98,100,7.0,10.2,0.0
2017-12-20 11:00:00,8.7,97,99,27.0,10.5,0.0
2017-12-20 12:00:00,9.3,96,100,51.0,11.0,0.0
2017-12-20 13:00:00,9.0,96,100,64.0,10.4,0.0
2017-12-20 14:00:00,9.5,96,99,54.0,10.6,0.0
2017-12-20 15:00:00,10.0,95,99,59.0,9.6,0.0
2017-12-20 16:00:00,9.8,97,100,34.0,7.8,0.0
2017-12-20 17:00:00,9.3,97,100,7.0,7.1,0.0
2017-12-20 18:00:00,9.4,97,100,0.0,7.8,0.0
2017-12-20 19:00:00,9.5,97,100,0.0,8.4,0.0
2017-12-20 20:00:00,9.5,97,100,0.0,8.2,0.0
2017-12-20 21:00:00,9.5,97,100,0.0,9.3,0.0
2017-12-20 22:00:00,9.5,97,100,0.0,9.4,0.0
2017-12-20 23:00:00,9.5,98,100,0.0,9.0,0.0
2017-12-21 00:00:00,9.4,98,100,0.0,8.9,0.0
2017-12-21 01:00:00,9.2,98,100,0.0,6.7,0.0
2017-12-21 02:00:00,9.3,98,100,0.0,7.3,0.2
2017-12-21 03:00:00,9.3,98,100,0.0,7.6,0.1
2017-12-21 04:00:00,9.3,99,100,0.0,7.3,0.1
2017-12-21 05:00:00,9.3,99,100,0.0,7.9,0.0
2017-12-21 06:00:00,9.3,99,100,0.0,7.4,0.0
2017-12-21 07:00:00,9.4,99,100,0.0,7.7,0.0
2017-12-21 08:00:00,9.6,99,100,0.0,9.4,0.0
2017-12-21 09:00:00,9.8,98,100,0.0,11.2,0.0
2017-12-21 10:00:00,10.1,98,100,4.0,12.6,0.0
2017-12-21 11:00:00,10.5,97,100,22.0,13.8,0.0
2017-12-21 12:00:00,11.0,95,100,45.0,14.0,0.0
2017-12-21 13:00:00,11.3,95,98,79.0,15.5,0.0
2017-12-21 14:00:00,11.4,95,100,52.0,16.9,0.0
2017-12-21 15:00:00,11.1,94,100,38.0,16.6,0.0
2017-12-21 16:00:00,10.8,94,100,27.0,16.1,0.0
2017-12-21 17:00:00,10.2,94,100,6.0,15.1,0.0
2017-12-21 18:00:00,9.8,94,100,0.0,15.2,0.0
2017-12-21 19:00:00,9.7,93,100,0.0,14.5,0.0
2017-12-21 20:00:00,9.7,92,100,0.0,14.2,0.0
2017-12-21 21:00:00,9.6,91,100,0.0,12.8,0.0
2017-12-21 22:00:00,9.5,92,100,0.0,11.0,0.0
2017-12-21 23:00:00,9.1,93,99,0.0,10.8,0.0
2017-12-22 00:00:00,8.3,94,99,0.0,10.0,0.0
2017-12-22 01:00:00,9.0,92,100,0.0,11.5,0.0
2017-12-22 02:00:00,8.5,93,100,0.0,12.7,0.0
2017-12-22 03:00:00,8.5,95,99,0.0,9.4,0.0
2017-12-22 04:00:00,8.4,95,100,0.0,9.9,0.1
2017-12-22 05:00:00,8.2,97,100,0.0,9.2,0.2
2017-12-22 06:00:00,8.8,98,100,0.0,9.0,0.2
2017-12-22 07:00:00,8.7,99,100,0.0,6.9,0.1
2017-12-22 08:00:00,8.9,99,100,0.0,6.4,0.1
2017-12-22 09:00:00,9.0,98,100,0.0,6.3,0.0
2017-12-22 10:00:00,9.2,98,100,6.0,5.2,0.0
2017-12-22 11:00:00,9.7,96,100,31.0,4.0,0.0
2017-12-22 12:00:00,10.4,91,100,61.0,5.4,0.0
2017-12-22 13:00:00,10.6,92,100,75.0,1.9,0.0
2017-12-22 14:00:00,11.0,90,100,59.0,1.9,0.0
2017-12-22 15:00:00,11.0,88,100,65.0,4.3,0.0
2017-12-22 16:00:00,10.7,91,100,48.0,4.0,0.0
2017-12-22 17:00:00,9.5,96,100,8.0,5.8,0.0
2017-12-22 18:00:00,9.4,97,100,0.0,5.8,0.0
2017-12-22 19:00:00,9.4,96,100,0.0,4.4,0.0
2017-12-22 20:00:00,9.3,96,100,0.0,3.7,0.0
2017-12-22 21:00:00,9.2,95,100,0.0,4.7,0.0
2017-12-22 22:00:00,8.8,96,100,0.0,7.2,0.0
2017-12-22 23:00:00,8.2,97,100,0.0,5.4,0.0
2017-12-23 00:00:00,8.6,96,100,0.0,5.8,0.0
2017-12-23 01:00:00,9.0,97,100,0.0,7.7,0.0
2017-12-23 02:00:00,9.3,97,100,0.0,10.7,0.2
2017-12-23 03:00:00,9.3,97,100,0.0,12.0,0.0
2017-12-23 04:00:00,9.1,97,100,0.0,11.9,0.0
2017-12-23 05:00:00,9.0,97,100,0.0,12.2,0.0
2017-12-23 06:00:00,9.1,97,100,0.0,13.5,0.0
2017-12-23 07:00:00,9.3,97,94,0.0,14.5,0.0
2017-12-23 08:00:00,9.1,97,97,0.0,15.4,0.0
2017-12-23 09:00:00,8.9,95,100,0.0,17.3,0.0
2017-12-23 10:00:00,9.0,94,100,8.0,17.1,0.0
2017-12-23 11:00:00,9.5,93,100,41.0,17.6,0.0
2017-12-23 12:00:00,10.2,89,100,72.0,23.0,0.0
2017-12-23 13:00:00,9.4,93,100,99.0,19.3,0.0
2017-12-23 14:00:00,9.6,91,100,60.0,19.6,0.0
2017-12-23 15:00:00,9.8,89,100,67.0,21.3,0.0
2017-12-23 16:00:00,9.7,90,100,38.0,19.2,0.0
2017-12-23 17:00:00,9.4,91,100,9.0,18.5,0.0
2017-12-23 18:00:00,9.1,92,100,0.0,18.4,0.0
2017-12-23 19:00:00,9.0,93,100,0.0,18.8,0.0
2017-12-23 20:00:00,8.8,94,100,0.0,18.6,0.0
2017-12-23 21:00:00,8.8,93,100,0.0,19.1,0.0
2017-12-23 22:00:00,8.7,92,100,0.0,20.3,0.0
2017-12-23 23:00:00,8.5,92,100,0.0,20.2,0.0
2017-12-24 00:00:00,8.4,92,100,0.0,19.2,0.0
2017-12-24 01:00:00,8.2,93,100,0.0,18.5,0.0
2017-12-24 02:00:00,8.2,93,100,0.0,18.5,0.0
2017-12-24 03:00:00,8.3,93,100,0.0,19.2,0.0
2017-12-24 04:00:00,8.3,93,100,0.0,19.5,0.0
2017-12-24 05:00:00,8.3,93,100,0.0,20.0,0.0
2017-12-24 06:00:00,8.5,92,100,0.0,19.8,0.0
2017-12-24 07:00:00,8.6,92,100,0.0,19.5,0.0
2017-12-24 08:00:00,8.7,91,100,0.0,19.7,0.0
2017-12-24 09:00:00,8.6,91,100,0.0,20.1,0.0
2017-12-24 10:00:00,8.7,90,100,8.0,20.7,0.0
2017-12-24 11:00:00,8.8,90,100,39.0,21.4,0.0
2017-12-24 12:00:00,9.2,86,99,66.0,23.4,0.0
2017-12-24 13:00:00,9.8,85,100,87.0,24.8,0.0
2017-12-24 14:00:00,9.9,83,100,55.0,24.9,0.0
2017-12-24 15:00:00,10.0,82,100,52.0,26.6,0.0
2017-12-24 16:00:00,9.9,83,100,34.0,25.0,0.0
2017-12-24 17:00:00,9.6,84,100,7.0,21.6,0.0
2017-12-24 18:00:00,9.6,84,100,0.0,20.9,0.0
2017-12-24 19:00:00,9.7,84,100,0.0,21.3,0.0
2017-12-24 20:00:00,9.5,83,99,0.0,22.3,0.0
2017-12-24 21:00:00,9.4,83,96,0.0,21.9,0.0
2017-12-24 22:00:00,9.3,84,96,0.0,22.4,0.0
2017-12-24 23:00:00,9.2,82,84,0.0,22.7,0.0
2017-12-25 00:00:00,8.7,84,67,0.0,22.2,0.0
2017-12-25 01:00:00,9.4,82,30,0.0,25.2,0.0
2017-12-25 02:00:00,9.3,84,100,0.0,23.7,0.0
2017-12-25 03:00:00,9.7,89,100,0.0,20.1,0.0
2017-12-25 04:00:00,10.0,91,100,0.0,27.8,0.2
2017-12-25 05:00:00,10.1,87,99,0.0,28.7,0.0
2017-12-25 06:00:00,9.9,86,98,0.0,27.2,0.0
2017-12-25 07:00:00,9.6,87,100,0.0,24.0,0.0
2017-12-25 08:00:00,9.6,89,100,0.0,24.6,0.0
2017-12-25 09:00:00,9.6,88,98,0.0,24.7,0.0
2017-12-25 10:00:00,9.8,86,98,7.0,25.7,0.0
2017-12-25 11:00:00,10.0,86,100,38.0,28.2,0.0
2017-12-25 12:00:00,10.3,85,99,29.0,28.9,0.0
2017-12-25 13:00:00,10.2,87,39,60.0,27.5,0.0
2017-12-25 14:00:00,10.5,85,100,101.0,28.2,0.0
2017-12-25 15:00:00,10.1,85,100,19.0,30.2,0.0
2017-12-25 16:00:00,10.1,84,100,21.0,31.9,0.0
2017-12-25 17:00:00,10.0,83,100,3.0,34.4,0.0
2017-12-25 18:00:00,9.8,84,100,0.0,34.4,0.0
2017-12-25 19:00:00,9.6,84,100,0.0,35.2,0.0
2017-12-25 20:00:00,9.5,83,100,0.0,36.9,0.0
2017-12-25 21:00:00,9.4,82,100,0.0,38.0,0.0
2017-12-25 22:00:00,9.2,81,100,0.0,39.4,0.1
2017-12-25 23:00:00,8.9,81,100,0.0,38.8,0.1
2017-12-26 00:00:00,8.5,85,100,0.0,37.5,1.3
2017-12-26 01:00:00,4.9,92,100,0.0,23.8,3.0
2017-12-26 02:00:00,5.1,91,100,0.0,24.1,0.3
2017-12-26 03:00:00,5.2,88,100,0.0,24.1,0.1
2017-12-26 04:00:00,4.8,86,34,0.0,24.0,0.0
2017-12-26 05:00:00,4.2,89,66,0.0,22.2,0.0
2017-12-26 06:00:00,4.1,88,35,0.0,22.1,0.0
2017-12-26 07:00:00,3.8,87,5,0.0,21.9,0.0
2017-12-26 08:00:00,3.3,88,0,0.0,20.5,0.0
2017-12-26 09:00:00,3.0,87,0,0.0,19.5,0.0
2017-12-26 10:00:00,3.3,85,30,21.0,18.9,0.0
2017-12-26 11:00:00,4.3,82,94,104.0,18.3,0.0
2017-12-26 12:00:00,5.1,80,92,162.0,18.1,0.0
2017-12-26 13:00:00,6.3,77,99,185.0,20.2,0.0
2017-12-26 14:00:00,6.8,76,59,165.0,18.9,0.0
2017-12-26 15:00:00,7.1,75,100,164.0,15.8,0.0
2017-12-26 16:00:00,6.7,77,100,61.0,15.0,0.0
2017-12-26 17:00:00,6.4,82,100,5.0,12.6,0.3
2017-12-26 18:00:00,6.5,89,100,0.0,14.4,0.9
2017-12-26 19:00:00,6.4,88,100,0.0,16.6,0.7
2017-12-26 20:00:00,6.6,89,100,0.0,16.8,2.1
2017-12-26 21:00:00,6.5,90,100,0.0,19.9,3.7
2017-12-26 22:00:00,6.1,92,100,0.0,22.0,2.2
2017-12-26 23:00:00,6.3,91,100,0.0,21.0,1.1
2017-12-27 00:00:00,6.7,92,100,0.0,18.4,0.3
2017-12-27 01:00:00,7.6,90,100,0.0,21.1,0.2
2017-12-27 02:00:00,7.6,88,100,0.0,20.8,0.1
2017-12-27 03:00:00,7.1,90,100,0.0,15.5,0.0
2017-12-27 04:00:00,6.3,91,100,0.0,17.8,0.1
2017-12-27 05:00:00,5.8,92,96,0.0,14.9,0.1
2017-12-27 06:00:00,4.8,94,98,0.0,16.3,0.0
2017-12-27 07:00:00,2.5,97,100,0.0,20.8,0.0
2017-12-27 08:00:00,2.4,93,100,0.0,33.6,0.1
2017-12-27 09:00:00,2.4,92,99,0.0,37.9,0.6
2017-12-27 10:00:00,2.3,92,100,4.0,39.0,1.0
2017-12-27 11:00:00,2.5,90,100,17.0,34.0,0.9
2017-12-27 12:00:00,2.8,89,100,39.0,30.7,0.4
2017-12-27 13:00:00,3.0,89,100,50.0,31.8,0.3
2017-12-27 14:00:00,3.0,89,100,74.0,34.4,0.3
2017-12-27 15:00:00,3.3,85,100,77.0,31.3,0.3
2017-12-27 16:00:00,3.1,80,100,51.0,27.5,0.0
2017-12-27 17:00:00,2.2,75,100,16.0,23.8,0.0
2017-12-27 18:00:00,2.0,72,99,0.0,22.3,0.0
2017-12-27 19:00:00,1.8,73,32,0.0,21.3,0.0
2017-12-27 20:00:00,1.2,76,0,0.0,18.7,0.0
2017-12-27 21:00:00,0.8,77,0,0.0,16.9,0.0
2017-12-27 22:00:00,0.4,79,0,0.0,16.0,0.0
2017-12-27 23:00:00,0.2,80,0,0.0,15.9,0.0
2017-12-28 00:00:00,0.1,83,0,0.0,16.2,0.0
2017-12-28 01:00:00,0.1,88,0,0.0,15.9,0.0
2017-12-28 02:00:00,0.1,89,1,0.0,15.5,0.0
2017-12-28 03:00:00,-0.1,90,1,0.0,15.1,0.0
2017-12-28 04:00:00,-0.4,91,0,0.0,14.4,0.0
2017-12-28 05:00:00,-0.5,91,0,0.0,14.8,0.0
2017-12-28 06:00:00,-0.7,91,0,0.0,14.4,0.0
2017-12-28 07:00:00,-1.0,91,0,0.0,13.4,0.0
2017-12-28 08:00:00,-1.1,91,0,0.0,13.7,0.0
2017-12-28 09:00:00,-1.1,91,0,0.0,13.7,0.0
2017-12-28 10:00:00,-0.4,91,1,21.0,14.0,0.0
2017-12-28 11:00:00,1.3,87,0,105.0,16.4,0.0
2017-12-28 12:00:00,2.7,83,0,184.0,16.7,0.0
2017-12-28 13:00:00,3.9,78,0,230.0,14.5,0.0
2017-12-28 14:00:00,4.6,75,2,231.0,15.3,0.0
2017-12-28 15:00:00,4.7,75,0,190.0,13.9,0.0
2017-12-28 16:00:00,3.8,81,0,114.0,11.4,0.0
2017-12-28 17:00:00,1.7,88,0,27.0,9.7,0.0
2017-12-28 18:00:00,0.9,91,0,0.0,10.0,0.0
2017-12-28 19:00:00,0.2,93,0,0.0,9.9,0.0
2017-12-28 20:00:00,-0.5,94,0,0.0,8.9,0.0
2017-12-28 21:00:00,-1.0,95,0,0.0,9.0,0.0
2017-12-28 22:00:00,-1.4,95,0,0.0,8.9,0.0
2017-12-28 23:00:00,-2.1,96,0,0.0,7.8,0.0
2017-12-29 00:00:00,-2.4,96,0,0.0,7.6,0.0
2017-12-29 01:00:00,-2.3,94,0,0.0,7.7,0.0
2017-12-29 02:00:00,-2.5,93,3,0.0,8.3,0.0
2017-12-29 03:00:00,-1.3,91,91,0.0,8.7,0.0
2017-12-29 04:00:00,0.6,86,100,0.0,10.7,0.0
2017-12-29 05:00:00,2.5,82,100,0.0,14.3,0.0
2017-12-29 06:00:00,4.2,88,100,0.0,16.6,0.2
2017-12-29 07:00:00,5.6,88,100,0.0,21.7,0.2
2017-12-29 08:00:00,6.1,91,100,0.0,20.0,0.3
2017-12-29 09:00:00,6.2,89,100,0.0,20.5,0.6
2017-12-29 10:00:00,6.7,91,100,3.0,23.3,1.7
2017-12-29 11:00:00,7.4,91,100,16.0,33.7,0.9
2017-12-29 12:00:00,8.4,88,91,29.0,26.5,0.4
2017-12-29 13:00:00,7.9,80,98,133.0,30.4,0.5
2017-12-29 14:00:00,7.2,84,92,113.0,26.8,0.0
2017-12-29 15:00:00,6.7,84,68,115.0,30.6,0.1
2017-12-29 16:00:00,6.6,78,9,66.0,26.3,0.0
2017-12-29 17:00:00,5.7,74,4,25.0,24.9,0.0
2017-12-29 18:00:00,5.1,72,4,0.0,22.7,0.0
2017-12-29 19:00:00,4.9,72,34,0.0,23.4,0.0
2017-12-29 20:00:00,4.6,73,100,0.0,22.3,0.0
2017-12-29 21:00:00,4.8,70,98,0.0,23.5,0.0
2017-12-29 22:00:00,4.6,69,100,0.0,20.3,0.0
2017-12-29 23:00:00,4.7,71,100,0.0,17.8,0.0
2017-12-30 00:00:00,5.1,72,100,0.0,19.4,0.0
2017-12-30 01:00:00,5.0,79,100,0.0,13.5,0.2
2017-12-30 02:00:00,5.7,87,100,0.0,17.3,1.8
2017-12-30 03:00:00,7.4,90,100,0.0,20.7,0.7
2017-12-30 04:00:00,8.8,92,100,0.0,25.2,0.2
2017-12-30 05:00:00,9.6,91,100,0.0,30.9,0.0
2017-12-30 06:00:00,11.8,89,100,0.0,34.1,0.0
2017-12-30 07:00:00,12.6,82,56,0.0,35.9,0.0
2017-12-30 08:00:00,12.1,83,95,0.0,36.2,0.0
2017-12-30 09:00:00,11.8,75,100,0.0,36.6,0.0
2017-12-30 10:00:00,11.8,74,100,12.0,34.7,0.0
2017-12-30 11:00:00,12.1,74,99,41.0,33.8,0.0
2017-12-30 12:00:00,12.5,73,99,99.0,35.7,0.0
2017-12-30 13:00:00,12.5,73,85,153.0,29.7,0.0
2017-12-30 14:00:00,13.2,74,93,206.0,32.1,0.0
2017-12-30 15:00:00,13.2,75,99,131.0,30.6,0.0
2017-12-30 16:00:00,12.8,78,99,62.0,31.0,0.0
2017-12-30 17:00:00,12.4,79,97,15.0,27.7,0.0
2017-12-30 18:00:00,11.7,79,92,0.0,26.8,0.0
2017-12-30 19:00:00,10.8,80,100,0.0,23.9,0.0
2017-12-30 20:00:00,11.0,82,100,0.0,21.4,0.0
2017-12-30 21:00:00,10.8,81,100,0.0,18.4,0.0
2017-12-30 22:00:00,10.5,81,100,0.0,17.9,0.2
2017-12-30 23:00:00,9.9,79,100,0.0,16.3,0.2
2017-12-31 00:00:00,9.7,86,100,0.0,12.9,0.4
2017-12-31 01:00:00,11.2,92,100,0.0,24.0,0.1
2017-12-31 02:00:00,12.4,91,100,0.0,31.2,0.1
2017-12-31 03:00:00,12.4,91,99,0.0,33.7,0.3
2017-12-31 04:00:00,12.5,89,100,0.0,33.7,0.0
2017-12-31 05:00:00,12.7,88,100,0.0,33.6,0.0
2017-12-31 06:00:00,12.7,88,100,0.0,35.4,0.3
2017-12-31 07:00:00,12.2,90,100,0.0,34.2,0.3
2017-12-31 08:00:00,11.5,93,100,0.0,30.3,0.8
2017-12-31 09:00:00,11.7,83,100,0.0,30.3,0.2
2017-12-31 10:00:00,10.9,82,100,8.0,31.3,0.3
2017-12-31 11:00:00,10.7,87,100,27.0,26.4,0.6
2017-12-31 12:00:00,10.8,85,100,49.0,25.2,0.2
2017-12-31 13:00:00,10.9,87,100,60.0,20.9,0.0
2017-12-31 14:00:00,10.8,81,100,91.0,25.2,0.5
2017-12-31 15:00:00,10.4,87,100,61.0,23.2,0.1
2017-12-31 16:00:00,10.1,82,100,51.0,25.0,0.0
2017-12-31 17:00:00,9.2,83,98,14.0,24.2,0.2
2017-12-31 18:00:00,8.8,85,69,0.0,26.3,0.0
2017-12-31 19:00:00,8.2,84,64,0.0,28.3,0.0
2017-12-31 20:00:00,7.8,82,41,0.0,26.2,0.0
2017-12-31 21:00:00,7.4,76,18,0.0,25.9,0.0
2017-12-31 22:00:00,6.9,76,77,0.0,28.6,0.0
2017-12-31 23:00:00,6.7,77,94,0.0,32.4,0.0
